date,narrow,top2,lev,vix_abs,topshare,b_top2,b_ma20,b_leverage,b_erp,vix,qqq
2005-02-25,,,,92.55,,,,,,11.49,31.97374
2005-02-28,,,,89.6,,,,,,12.08,31.63858
2005-03-01,,,,89.80000000000001,,,,,,12.04,31.98367
2005-03-02,,,,87.5,,,,,,12.5,31.97374
2005-03-03,,,,85.35,,,,,,12.93,31.71035
2005-03-04,,,,90.3,,,,,,11.94,31.8969
2005-03-07,,,,88.7,,,,,,12.26,32.35963
2005-03-08,,,,88.0,,,,,,12.4,32.02914
2005-03-09,,,,86.5,,,,,,12.7,31.93978
2005-03-10,,,,87.55,,,,,,12.49,31.8969
2005-03-11,,,,86.0,,,,,,12.8,31.59559
2005-03-14,,,,88.05,,,,,,12.39,31.74629
2005-03-15,,,,84.25,,,,,,13.15,31.48787
2005-03-16,,,,82.55,,,,,,13.49,31.13495
2005-03-17,,,,83.55000000000001,,,,,,13.29,31.20792
2005-03-18,,,,84.3,,,,,,13.14,31.03597
2005-03-21,,,,81.95,,,,,,13.61,31.09811
2005-03-22,,,,78.65,,,,,,14.27,30.7153
2005-03-23,,,,79.7,,,,,,14.06,30.82501
2005-03-24,,,,82.9,,,,,,13.42,30.83086
2005-03-28,,,,81.25,,,,,,13.75,30.8931
2005-03-29,,,,77.55,,,,,,14.49,30.64422
2005-03-30,,,,81.8,,,,,,13.64,31.22748
2005-03-31,,,,79.9,,,,,,14.02,31.08829
2005-04-01,,,,79.55,,,,,,14.09,30.77249
2005-04-04,,,,79.45,,,,,,14.11,30.99229
2005-04-05,,,,81.6,,,,,,13.68,31.07955
2005-04-06,,,,84.25,,,,,,13.15,31.02634
2005-04-07,,,,88.35,,,,,,12.33,31.39923
2005-04-08,,,,86.9,,,,,,12.62,31.15242
2005-04-11,,,,90.1,,,,,,11.98,31.01065
2005-04-12,,,,93.5,,,,,,11.3,31.16135
2005-04-13,,,,83.44999999999999,,,,,,13.31,30.65305
2005-04-14,,,,77.35,,,,,,14.53,30.21962
2005-04-15,,,,61.30000000000001,,,,,,17.74,29.52875
2005-04-18,,,,67.2,,,,,,16.56,29.53828
2005-04-19,,,,75.19999999999999,,,,,,14.96,29.74139
2005-04-20,,,,65.39999999999999,,,,,,16.92,29.50125
2005-04-21,,,,77.95,,,,,,14.41,30.28077
2005-04-22,,,,73.1,,,,,,15.38,29.82985
2005-04-25,,,,76.9,,,,,,14.62,30.08271
2005-04-26,,,,75.45,,,,,,14.91,29.79292
2005-04-27,,,,75.65,,,,,,14.87,29.83948
2005-04-28,,,,65.7,,,,,,16.86,29.53828
2005-04-29,,,,73.45,,,,,,15.31,29.73375
2005-05-02,,,,74.4,,,,,,15.12,29.85725
2005-05-03,,,,77.35,,,,,,14.53,30.00686
2005-05-04,,,,80.75,,,,,,13.85,30.37211
2005-05-05,,,,80.1,,,,,,13.98,30.39831
2005-05-06,,,,79.75,,,,,,14.05,30.48866
2005-05-09,,,,81.25,,,,,,13.75,30.62774
2005-05-10,,,,75.45,,,,,,14.91,30.40705
2005-05-11,,,,77.75,,,,,,14.45,30.55765
2005-05-12,,,,69.39999999999999,,,,,,16.12,30.47981
2005-05-13,,,,68.4,,,,,,16.32,30.80842
2005-05-16,,,,71.6,,,,,,15.68,31.01065
2005-05-17,,,,77.15,,,,,,14.57,31.19829
2005-05-18,,,,81.85,,,,,,13.63,31.622
2005-05-19,,,,83.4,,,,,,13.32,31.88896
2005-05-20,,,,84.3,,,,,,13.14,32.01166
2005-05-23,,,,85.25,,,,,,12.95,32.18093
2005-05-24,,,,86.55,,,,,,12.69,32.27981
2005-05-25,,,,87.1,,,,,,12.58,32.14469
2005-05-26,,,,88.8,,,,,,12.24,32.46367
2005-05-27,,,,89.25,,,,,,12.15,32.48283
2005-05-31,,,,83.55000000000001,,,,,,13.29,32.37233
2005-06-01,,,,88.2,,,,,,12.36,32.63174
2005-06-02,,,,90.8,,,,,,11.84,32.86306
2005-06-03,,,,89.25,,,,,,12.15,32.38206
2005-06-06,,,,88.60000000000001,,,,,,12.28,32.3907
2005-06-07,,,,88.05,,,,,,12.39,32.12842
2005-06-08,,,,86.5,,,,,,12.7,32.05743
2005-06-09,,,,89.6,,,,,,12.08,32.26045
2005-06-10,,,,90.19999999999999,,,,,,11.96,31.9234
2005-06-13,,,,91.75,,,,,,11.65,32.0748
2005-06-14,,,,91.05000000000001,,,,,,11.79,31.94931
2005-06-15,,,,92.7,,,,,,11.46,32.04849
2005-06-16,,,,94.25,,,,,,11.15,32.21369
2005-06-17,,,,92.6,,,,,,11.48,32.22362
2005-06-20,,,,92.64999999999999,,,,,,11.47,32.22362
2005-06-21,,,,94.6,,,,,,11.08,32.20486
2005-06-22,,,,94.75,,,,,,11.05,32.17219
2005-06-23,,,,89.35,,,,,,12.13,31.81837
2005-06-24,,,,89.1,,,,,,12.18,31.45283
2005-06-27,,,,87.4,,,,,,12.52,31.31017
2005-06-28,,,,92.1,,,,,,11.58,31.61316
2005-06-29,,,,91.15,,,,,,11.77,31.5402
2005-06-30,,,,89.80000000000001,,,,,,12.04,31.29527
2005-07-01,,,,93.0,,,,,,11.4,31.25259
2005-07-05,,,,91.6,,,,,,11.68,31.57643
2005-07-06,,,,88.65,,,,,,12.27,31.42573
2005-07-07,,,,87.55,,,,,,12.49,31.53166
2005-07-08,,,,92.75,,,,,,11.45,32.13596
2005-07-11,,,,93.60000000000001,,,,,,11.28,32.43548
2005-07-12,,,,95.25,,,,,,10.95,32.58697
2005-07-13,,,,95.8,,,,,,10.84,32.66867
2005-07-14,,,,95.95,,,,,,10.81,32.98755
2005-07-15,,,,98.35,,,,,,10.33,33.09418
2005-07-18,,,,96.15,,,,,,10.77,32.95231
2005-07-19,,,,97.75,,,,,,10.45,33.33155
2005-07-20,,,,98.85,,,,,,10.23,33.57329
2005-07-21,,,,95.14999999999999,,,,,,10.97,33.58212
2005-07-22,,,,97.4,,,,,,10.52,33.54728
2005-07-25,,,,94.5,,,,,,11.1,33.41117
2005-07-26,,,,95.05,,,,,,10.99,33.54728
2005-07-27,,,,98.2,,,,,,10.36,33.79309
2005-07-28,,,,97.4,,,,,,10.52,33.96334
2005-07-29,,,,92.15,,,,,,11.57,33.67932
2005-08-01,,,,89.6,,,,,,12.08,33.73968
2005-08-02,,,,91.25,,,,,,11.75,34.10224
2005-08-03,,,,90.85,,,,,,11.83,34.08467
2005-08-04,,,,87.4,,,,,,12.52,33.75626
2005-08-05,,,,87.6,,,,,,12.48,33.59096
2005-08-08,,,,83.94999999999999,,,,,,13.21,33.34118
2005-08-09,,,,88.0,,,,,,12.4,33.56356
2005-08-10,,,,88.1,,,,,,12.38,33.27993
2005-08-11,,,,87.9,,,,,,12.42,33.54728
2005-08-12,,,,86.3,,,,,,12.74,33.35756
2005-08-15,,,,88.7,,,,,,12.26,33.56356
2005-08-16,,,,82.4,,,,,,13.52,33.0221
2005-08-17,,,,83.5,,,,,,13.3,33.21847
2005-08-18,,,,82.9,,,,,,13.42,33.04871
2005-08-19,,,,82.9,,,,,,13.42,33.03203
2005-08-22,,,,82.9,,,,,,13.42,33.04871
2005-08-23,,,,83.3,,,,,,13.34,32.95231
2005-08-24,,,,79.15,,,,,,14.17,32.75902
2005-08-25,,,,81.35,,,,,,13.73,32.83576
2005-08-26,,,,81.4,,,,,,13.72,32.72308
2005-08-29,,,,82.4,,,,,,13.52,32.97763
2005-08-30,,,,81.75,,,,,,13.65,32.86306
2005-08-31,,,,87.0,,,,,,12.6,33.16228
2005-09-01,,,,84.25,,,,,,13.15,33.12058
2005-09-02,,,,82.15,,,,,,13.57,32.98755
2005-09-06,,,,85.35,,,,,,12.93,33.47619
2005-09-07,,,,87.4,,,,,,12.52,33.53845
2005-09-08,,,,85.35,,,,,,12.93,33.52971
2005-09-09,,,,90.1,,,,,,11.98,33.71327
2005-09-12,,,,91.75,,,,,,11.65,33.80282
2005-09-13,,,,88.05,,,,,,12.39,33.72112
2005-09-14,,,,85.45,,,,,,12.91,33.33155
2005-09-15,,,,87.55,,,,,,12.49,33.32371
2005-09-16,,,,93.89999999999999,,,,,,11.22,33.52971
2005-09-19,,,,89.3,,,,,,12.14,33.26245
2005-09-20,,,,86.8,,,,,,12.64,33.12852
2005-09-21,,,,81.05000000000001,,,,,,13.79,32.75902
2005-09-22,,,,83.35,,,,,,13.33,32.88143
2005-09-23,,,,85.19999999999999,,,,,,12.96,32.9679
2005-09-26,,,,84.8,,,,,,13.04,32.97763
2005-09-27,,,,86.2,,,,,,12.76,32.90873
2005-09-28,,,,86.85,,,,,,12.63,32.91855
2005-09-29,,,,88.8,,,,,,12.24,33.34991
2005-09-30,,,,90.4,,,,,,11.92,33.57329
2005-10-03,,,,87.69999999999999,,,,,,12.46,33.66383
2005-10-04,,,,84.0,,,,,,13.2,33.43936
2005-10-05,,,,77.25,,,,,,14.55,32.97763
2005-10-06,,,,75.19999999999999,,,,,,14.96,32.54418
2005-10-07,,,,77.05,,,,,,14.59,32.62301
2005-10-10,,,,72.25,,,,,,15.55,32.44511
2005-10-11,,,,71.85,,,,,,15.63,32.28964
2005-10-12,,,,68.9,,,,,,16.22,31.8969
2005-10-13,,,,67.65,,,,,,16.47,32.14469
2005-10-14,,,,75.65,,,,,,14.87,32.38206
2005-10-17,,,,76.65,,,,,,14.67,32.49177
2005-10-18,,,,73.35,,,,,,15.33,32.26045
2005-10-19,,,,82.5,,,,,,13.5,32.90873
2005-10-20,,,,69.45,,,,,,16.11,32.5968
2005-10-21,,,,69.35000000000001,,,,,,16.13,32.8018
2005-10-24,,,,76.3,,,,,,14.74,33.32371
2005-10-25,,,,77.35,,,,,,14.53,33.19058
2005-10-26,,,,77.05,,,,,,14.59,33.0221
2005-10-27,,,,69.9,,,,,,16.02,32.35963
2005-10-28,,,,78.75,,,,,,14.25,32.60534
2005-10-31,,,,73.4,,,,,,15.32,33.07661
2005-11-01,,,,75.75,,,,,,14.85,33.04871
2005-11-02,,,,82.6,,,,,,13.48,33.48414
2005-11-03,,,,85.0,,,,,,13.0,33.98151
2005-11-04,,,,84.15,,,,,,13.17,34.10224
2005-11-07,,,,84.5,,,,,,13.1,34.1479
2005-11-08,,,,84.6,,,,,,13.08,34.15664
2005-11-09,,,,86.0,,,,,,12.8,34.175
2005-11-10,,,,90.5,,,,,,11.9,34.54729
2005-11-11,,,,91.85,,,,,,11.63,34.63475
2005-11-14,,,,89.1,,,,,,12.18,34.63475
2005-11-15,,,,88.85,,,,,,12.23,34.4791
2005-11-16,,,,88.7,,,,,,12.26,34.68827
2005-11-17,,,,93.75,,,,,,11.25,35.15258
2005-11-18,,,,94.4,,,,,,11.12,35.26626
2005-11-21,,,,95.9,,,,,,10.82,35.35372
2005-11-22,,,,97.0,,,,,,10.6,35.47921
2005-11-23,,,,95.19999999999999,,,,,,10.96,35.56468
2005-11-25,,,,95.6,,,,,,10.88,35.64828
2005-11-28,,,,90.8,,,,,,11.84,35.34498
2005-11-29,,,,90.55,,,,,,11.89,35.1791
2005-11-30,,,,89.7,,,,,,12.06,35.08945
2005-12-01,,,,93.8,,,,,,11.24,35.74735
2005-12-02,,,,94.95,,,,,,11.01,35.83184
2005-12-05,,,,92.0,,,,,,11.6,35.56468
2005-12-06,,,,92.4,,,,,,11.52,35.687
2005-12-07,,,,89.1,,,,,,12.18,35.62118
2005-12-08,,,,88.94999999999999,,,,,,12.21,35.36265
2005-12-09,,,,91.55,,,,,,11.69,35.49569
2005-12-12,,,,92.64999999999999,,,,,,11.47,35.63071
2005-12-13,,,,94.45,,,,,,11.11,35.77267
2005-12-14,,,,97.6,,,,,,10.48,35.64828
2005-12-15,,,,96.35,,,,,,10.73,35.71241
2005-12-16,,,,96.6,,,,,,10.68,35.46064
2005-12-19,,,,93.1,,,,,,11.38,34.90201
2005-12-20,,,,94.05,,,,,,11.19,34.93011
2005-12-21,,,,95.95,,,,,,10.81,35.08071
2005-12-22,,,,98.55000000000001,,,,,,10.29,35.30815
2005-12-23,,,,98.65,,,,,,10.27,35.30815
2005-12-27,,,,92.15,,,,,,11.57,35.0
2005-12-28,,,,93.25,,,,,,11.35,34.96426
2005-12-29,,,,91.95,,,,,,11.61,34.73364
2005-12-30,,,,89.65,,,,,,12.07,34.46967
2006-01-03,,,,94.3,,,,,,11.14,35.2334
2006-01-04,,,,93.15,,,,,,11.37,35.6027
2006-01-05,,,,93.45,,,,,,11.31,35.7551
2006-01-06,,,,95.0,,,,,,11.0,36.4004
2006-01-09,,,,94.35,,,,,,11.13,36.55408
2006-01-10,,,,95.7,,,,,,10.86,36.57145
2006-01-11,,,,95.3,,,,,,10.94,36.85251
2006-01-12,,,,94.0,,,,,,11.2,36.6756
2006-01-13,,,,93.85,,,,,,11.23,36.65901
2006-01-17,,,,90.45,,,,,,11.91,36.42005
2006-01-18,,,,88.75,,,,,,12.25,36.00389
2006-01-19,,,,90.1,,,,,,11.98,36.26548
2006-01-20,,,,77.19999999999999,,,,,,14.56,35.18763
2006-01-23,,,,80.35,,,,,,13.93,35.19726
2006-01-24,,,,83.44999999999999,,,,,,13.31,35.34498
2006-01-25,,,,85.65,,,,,,12.87,35.19726
2006-01-26,,,,87.9,,,,,,12.42,35.44327
2006-01-27,,,,90.14999999999999,,,,,,11.97,35.91255
2006-01-30,,,,88.05,,,,,,12.39,35.98661
2006-01-31,,,,85.25,,,,,,12.95,35.82429
2006-02-01,,,,88.2,,,,,,12.36,35.94849
2006-02-02,,,,83.85,,,,,,13.23,35.33525
2006-02-03,,,,85.19999999999999,,,,,,12.96,34.90201
2006-02-06,,,,84.8,,,,,,13.04,34.80562
2006-02-07,,,,82.05,,,,,,13.59,34.65312
2006-02-08,,,,85.85,,,,,,12.83,35.05242
2006-02-09,,,,84.4,,,,,,13.12,34.72411
2006-02-10,,,,85.65,,,,,,12.87,34.93765
2006-02-13,,,,83.25,,,,,,13.35,34.53945
2006-02-14,,,,88.75,,,,,,12.25,34.88444
2006-02-15,,,,88.45,,,,,,12.31,35.10712
2006-02-16,,,,92.6,,,,,,11.48,35.43364
2006-02-17,,,,89.95,,,,,,12.01,35.15258
2006-02-21,,,,87.95,,,,,,12.41,34.76213
2006-02-22,,,,90.6,,,,,,11.88,35.19726
2006-02-23,,,,90.65,,,,,,11.87,35.09719
2006-02-24,,52.976190476190474,,92.7,20.833333333333336,52.976190476190474,,,62.10317460317461,11.46,35.19726
2006-02-27,,67.65873015873017,,92.05,58.92857142857143,67.65873015873017,,,64.88095238095238,11.59,35.58325
2006-02-28,,99.40476190476191,,88.3,99.40476190476191,99.40476190476191,,,16.865079365079367,12.34,35.05242
2006-03-01,,93.84920634920636,,92.30000000000001,75.59523809523809,93.84920634920636,,,39.087301587301596,11.54,35.52894
2006-03-02,,88.29365079365078,,91.39999999999999,76.78571428571429,88.29365079365078,,,49.404761904761905,11.72,35.55684
2006-03-03,,95.43650793650794,,90.19999999999999,88.29365079365078,95.43650793650794,,,45.833333333333336,11.96,35.35372
2006-03-06,,77.97619047619048,,86.3,56.547619047619044,77.97619047619048,,,46.230158730158735,12.74,35.04398
2006-03-07,,79.16666666666666,,86.7,47.817460317460316,79.16666666666666,,,42.658730158730165,12.66,34.84175
2006-03-08,,50.99206349206349,,88.4,39.48412698412698,50.99206349206349,,,45.03968253968254,12.32,34.86012
2006-03-09,,55.75396825396825,,86.6,56.547619047619044,55.75396825396825,,,33.13492063492063,12.68,34.55594
2006-03-10,,83.53174603174604,,90.75,80.75396825396825,83.53174603174604,,,61.30952380952381,11.85,34.59008
2006-03-13,,62.10317460317461,,93.15,76.38888888888889,62.10317460317461,,,65.67460317460318,11.37,34.6978
2006-03-14,,57.738095238095234,,96.3,76.78571428571429,57.738095238095234,,,77.57936507936508,10.74,35.28483
2006-03-15,,62.89682539682539,,93.25,47.817460317460316,62.89682539682539,,,83.53174603174602,11.35,35.58325
2006-03-16,,75.1984126984127,,90.1,32.73809523809524,75.1984126984127,,,78.76984126984127,11.98,35.28483
2006-03-17,,88.29365079365078,,89.4,36.30952380952381,88.29365079365078,,,77.97619047619048,12.12,35.38023
2006-03-20,,45.83333333333333,,91.05000000000001,56.15079365079365,45.83333333333333,,,72.02380952380952,11.79,35.46064
2006-03-21,,92.26190476190477,,91.9,71.23015873015873,92.26190476190477,,,68.05555555555556,11.62,35.08945
2006-03-22,,95.43650793650794,,93.94999999999999,72.02380952380952,95.43650793650794,,,78.76984126984127,11.21,35.1791
2006-03-23,,84.32539682539682,,94.15,37.5,84.32539682539682,53.37301587301587,,79.96031746031746,11.17,35.07108
2006-03-24,,90.27777777777779,,94.05,85.51587301587301,90.27777777777779,58.13492063492064,,72.02380952380952,11.19,35.25087
2006-03-27,,55.75396825396825,,92.7,35.11904761904761,55.75396825396825,56.15079365079365,,75.9920634920635,11.46,35.25752
2006-03-28,,58.13492063492064,,92.1,33.53174603174603,58.13492063492064,42.65873015873016,,77.18253968253968,11.58,35.11685
2006-03-29,,97.02380952380952,,95.25,89.48412698412699,97.02380952380952,64.0873015873016,,87.89682539682539,10.95,35.78161
2006-03-30,,85.9126984126984,,92.15,72.42063492063492,85.9126984126984,49.404761904761905,,91.07142857142857,11.57,35.88545
2006-03-31,,98.21428571428571,,93.05,98.61111111111111,98.21428571428571,48.214285714285715,,83.13492063492063,11.39,35.79014
2006-04-03,,29.96031746031746,,92.15,9.722222222222223,29.96031746031746,41.46825396825397,,84.32539682539682,11.57,35.83184
2006-04-04,,72.81746031746032,,94.3,64.88095238095238,72.81746031746032,48.214285714285715,,90.27777777777777,11.14,36.03139
2006-04-05,,86.30952380952381,,94.35,75.9920634920635,86.30952380952381,51.388888888888886,,92.26190476190476,11.13,36.36367
2006-04-06,,86.70634920634922,,92.75,74.8015873015873,86.70634920634922,37.10317460317461,,95.03968253968254,11.45,36.47545
2006-04-07,,63.29365079365079,,88.7,29.166666666666668,63.29365079365079,25.396825396825395,,91.46825396825398,12.26,36.11975
2006-04-10,,25.992063492063494,,89.05,36.7063492063492,25.992063492063494,22.023809523809522,,94.24603174603175,12.19,36.07477
2006-04-11,,32.73809523809524,,85.0,31.150793650793652,32.73809523809524,10.515873015873016,,77.18253968253968,13.0,35.78161
2006-04-12,,25.992063492063494,,86.2,4.166666666666666,25.992063492063494,13.690476190476192,,85.91269841269842,12.76,35.79014
2006-04-13,,97.02380952380952,,88.1,92.26190476190477,97.02380952380952,14.880952380952381,,92.26190476190476,12.38,35.93022
2006-04-17,,36.7063492063492,,87.1,35.91269841269841,36.7063492063492,11.706349206349206,,86.30952380952381,12.58,35.55684
2006-04-18,,29.166666666666668,,93.0,5.357142857142857,29.166666666666668,43.452380952380956,,99.8015873015873,11.4,36.23937
2006-04-19,,76.78571428571429,,93.4,28.373015873015873,76.78571428571429,44.642857142857146,,99.8015873015873,11.32,36.4004
2006-04-20,,47.023809523809526,,91.8,68.05555555555556,47.023809523809526,54.166666666666664,,99.8015873015873,11.64,36.27521
2006-04-21,,75.1984126984127,,92.05,87.10317460317461,75.1984126984127,50.198412698412696,,99.0079365079365,11.59,35.85041
2006-04-24,,6.15079365079365,,91.25,20.436507936507937,6.15079365079365,47.023809523809526,,98.61111111111111,11.75,35.81556
2006-04-25,,0.992063492063492,,91.25,23.214285714285715,0.992063492063492,31.150793650793652,,98.61111111111111,11.75,35.73782
2006-04-26,,2.976190476190476,,91.2,1.7857142857142856,2.976190476190476,30.357142857142854,,99.8015873015873,11.76,35.72928
2006-04-27,,45.43650793650794,,90.8,34.72222222222222,45.43650793650794,37.5,,99.8015873015873,11.84,36.07477
2006-04-28,,99.40476190476191,,92.05,94.24603174603175,99.40476190476191,36.7063492063492,,99.8015873015873,11.59,35.72234
2006-05-01,,73.61111111111111,,87.30000000000001,56.15079365079365,73.61111111111111,27.976190476190478,,99.0079365079365,12.54,35.3705
2006-05-02,,33.92857142857143,,90.05,74.8015873015873,33.92857142857143,41.07142857142857,,99.8015873015873,11.99,35.46064
2006-05-03,,68.05555555555556,,90.05,46.230158730158735,68.05555555555556,37.10317460317461,,99.4047619047619,11.99,35.41607
2006-05-04,,54.166666666666664,,90.7,14.484126984126986,54.166666666666664,52.182539682539684,,99.8015873015873,11.86,35.70258
2006-05-05,,33.92857142857143,,91.9,20.436507936507937,33.92857142857143,78.37301587301587,,99.8015873015873,11.62,35.98661
2006-05-08,,22.023809523809522,,90.0,27.18253968253968,22.023809523809522,75.1984126984127,,99.4047619047619,12.0,36.02156
2006-05-09,,9.722222222222223,,90.05,49.801587301587304,9.722222222222223,65.67460317460318,,99.8015873015873,11.99,35.87771
2006-05-10,,20.833333333333336,,91.10000000000001,8.928571428571429,20.833333333333336,56.15079365079365,,99.4047619047619,11.78,35.56468
2006-05-11,,58.13492063492064,,87.55,29.166666666666668,58.13492063492064,23.214285714285715,,97.02380952380952,12.49,34.76977
2006-05-12,,31.944444444444443,,79.05000000000001,6.15079365079365,31.944444444444443,5.357142857142857,,94.24603174603175,14.19,34.2995
2006-05-15,,0.5952380952380952,,82.15,1.3888888888888888,0.5952380952380952,7.738095238095238,,93.45238095238095,13.57,34.28183
2006-05-16,,16.071428571428573,,83.25,7.738095238095238,16.071428571428573,7.341269841269842,,91.86507936507937,13.35,34.02351
2006-05-17,,39.48412698412698,,68.69999999999999,6.944444444444445,39.48412698412698,0.5952380952380952,,75.5952380952381,16.26,33.56356
2006-05-18,,44.24603174603175,,65.05000000000001,0.992063492063492,44.24603174603175,0.1984126984126984,,52.57936507936508,16.99,33.33155
2006-05-19,,56.94444444444444,,64.1,29.563492063492063,56.94444444444444,0.5952380952380952,,62.89682539682539,17.18,33.59096
2006-05-22,,37.89682539682539,,61.400000000000006,1.7857142857142856,37.89682539682539,0.992063492063492,,44.24603174603175,17.72,33.26245
2006-05-23,,36.7063492063492,,58.69999999999999,6.547619047619048,36.7063492063492,0.1984126984126984,,33.92857142857143,18.26,32.93474
2006-05-24,,28.76984126984127,,63.2,5.357142857142857,28.76984126984127,0.5952380952380952,,41.46825396825397,17.36,33.15534
2006-05-25,,26.38888888888889,,72.5,26.38888888888889,26.38888888888889,3.373015873015873,,74.8015873015873,15.5,33.59969
2006-05-26,,22.42063492063492,,78.7,0.1984126984126984,22.42063492063492,7.738095238095238,,80.35714285714286,14.26,33.70463
2006-05-30,,22.42063492063492,,56.7,0.1984126984126984,22.42063492063492,2.579365079365079,,53.769841269841265,18.66,32.97763
2006-05-31,,37.89682539682539,,67.8,16.071428571428573,37.89682539682539,8.333333333333332,,74.0079365079365,16.44,33.13706
2006-06-01,,30.357142857142854,,77.4,5.753968253968254,30.357142857142854,28.57142857142857,,86.7063492063492,14.52,33.91917
2006-06-02,,29.96031746031746,,78.4,2.579365079365079,29.96031746031746,37.5,,75.9920634920635,14.32,33.82902
2006-06-05,,16.071428571428573,,66.75,1.3888888888888888,16.071428571428573,8.134920634920634,,52.182539682539684,16.65,33.10401
2006-06-06,,16.071428571428573,,63.3,26.785714285714285,16.071428571428573,11.706349206349206,,44.24603174603175,17.34,33.07661
2006-06-07,,12.103174603174603,,61.0,16.071428571428573,12.103174603174603,10.515873015873016,,28.373015873015873,17.8,32.82703
2006-06-08,,24.801587301587304,,58.24999999999999,10.912698412698413,24.801587301587304,16.46825396825397,,23.611111111111114,18.35,32.77639
2006-06-09,,33.13492063492063,,59.4,7.341269841269842,33.13492063492063,10.714285714285714,,17.658730158730165,18.12,32.56077
2006-06-12,,34.32539682539682,,47.599999999999994,2.976190476190476,34.32539682539682,4.166666666666666,,4.563492063492063,20.96,31.9234
2006-06-13,,76.78571428571429,,40.475,18.849206349206348,76.78571428571429,1.3888888888888888,,0.19841269841269593,23.81,31.79097
2006-06-14,,66.86507936507937,,46.35,20.436507936507937,66.86507936507937,3.1746031746031744,,6.547619047619051,21.46,32.11859
2006-06-15,,61.70634920634921,,70.5,10.515873015873016,61.70634920634921,28.373015873015873,,47.817460317460316,15.9,32.98755
2006-06-16,,77.57936507936508,,63.75,12.5,77.57936507936508,25.595238095238095,,29.166666666666657,17.25,32.74929
2006-06-19,,44.24603174603175,,60.85000000000001,39.08730158730159,44.24603174603175,6.944444444444445,,17.658730158730165,17.83,32.48283
2006-06-20,,25.595238095238095,,66.54999999999998,2.976190476190476,25.595238095238095,7.738095238095238,,24.007936507936506,16.69,32.5277
2006-06-21,,50.99206349206349,,72.4,33.53174603174603,50.99206349206349,28.373015873015873,,38.69047619047619,15.52,33.03898
2006-06-22,50.0,66.07142857142857,,70.6,35.11904761904761,66.07142857142857,19.642857142857142,,36.70634920634921,15.88,32.61417
2006-06-23,50.0,76.38888888888889,,70.55,39.08730158730159,76.38888888888889,24.00793650793651,,41.07142857142857,15.89,32.58697
2006-06-26,50.0,28.373015873015873,,71.9,2.1825396825396823,28.373015873015873,38.2936507936508,,57.34126984126984,15.62,32.66867
2006-06-27,50.0,56.547619047619044,,68.0,12.103174603174603,56.547619047619044,20.03968253968254,,28.769841269841265,16.4,32.05743
2006-06-28,50.0,60.11904761904761,,71.05,13.293650793650794,60.11904761904761,30.753968253968257,,52.57936507936508,15.79,32.29837
2006-06-29,50.0,40.27777777777778,,84.85000000000001,12.896825396825399,40.27777777777778,85.51587301587301,,82.34126984126985,13.03,33.27993
2006-06-30,50.0,0.5952380952380952,,84.6,2.579365079365079,0.5952380952380952,83.92857142857143,,62.89682539682539,13.08,33.11195
2006-07-03,50.0,14.484126984126986,,84.75,1.7857142857142856,14.484126984126986,96.23015873015873,,69.64285714285714,13.05,33.30703
2006-07-05,50.0,3.7698412698412698,,79.25,0.992063492063492,3.7698412698412698,72.02380952380952,,70.43650793650794,14.15,32.58697
2006-07-06,50.0,15.674603174603174,,81.75,51.388888888888886,15.674603174603174,76.78571428571429,,69.64285714285714,13.65,32.55292
2006-07-07,50.0,19.642857142857142,,80.14999999999999,33.13492063492063,19.642857142857142,62.89682539682539,,48.21428571428571,13.97,32.18956
2006-07-10,50.0,22.42063492063492,,79.9,4.563492063492063,22.42063492063492,65.67460317460318,,52.976190476190474,14.02,31.90355
2006-07-11,50.0,58.92857142857143,,84.3,21.626984126984127,58.92857142857143,62.10317460317461,,55.357142857142854,13.14,32.14469
2006-07-12,50.0,33.53174603174603,,77.55,5.753968253968254,33.53174603174603,39.88095238095239,,29.166666666666657,14.49,31.5402
2006-07-13,50.0,24.00793650793651,,61.050000000000004,14.087301587301587,24.00793650793651,16.666666666666664,,6.150793650793645,17.79,31.01065
2006-07-14,50.0,7.341269841269842,,59.75,24.801587301587304,7.341269841269842,7.142857142857142,,3.3730158730158735,18.05,30.69873
2006-07-17,50.0,4.9603174603174605,,56.8,17.658730158730158,4.9603174603174605,6.547619047619048,,3.3730158730158735,18.64,30.77249
2006-07-18,50.0,10.119047619047619,,61.30000000000001,10.515873015873016,10.119047619047619,10.119047619047619,,10.515873015873012,17.74,30.87365
2006-07-19,50.0,68.84920634920636,,72.25,18.055555555555554,68.84920634920636,43.452380952380956,,21.626984126984127,15.55,31.27701
2006-07-20,50.0,84.72222222222221,,68.94999999999999,83.13492063492063,84.72222222222221,26.785714285714285,,10.515873015873012,16.21,30.81835
2006-07-21,50.0,59.32539682539682,,63.00000000000001,60.51587301587301,59.32539682539682,17.063492063492063,,4.960317460317469,17.4,30.49461
2006-07-24,50.0,12.103174603174603,,75.1,14.484126984126986,12.103174603174603,39.08730158730159,,27.579365079365076,14.98,31.09811
2006-07-25,50.0,35.91269841269841,,75.75,11.30952380952381,35.91269841269841,52.976190476190474,,38.29365079365079,14.85,31.27701
2006-07-26,50.0,10.515873015873016,,76.9,6.944444444444445,10.515873015873016,48.61111111111111,,37.10317460317461,14.62,31.25259
2006-07-27,50.0,18.849206349206348,,75.30000000000001,1.3888888888888888,18.849206349206348,44.642857142857146,,40.27777777777778,14.94,31.0456
2006-07-28,50.0,15.674603174603174,,78.35,0.1984126984126984,15.674603174603174,69.84126984126983,,52.182539682539684,14.33,31.69278
2006-07-31,50.0,19.246031746031747,,75.25,2.1825396825396823,19.246031746031747,64.48412698412699,,18.849206349206355,14.95,31.68425
2006-08-01,50.0,6.15079365079365,,74.75,0.5952380952380952,6.15079365079365,54.166666666666664,,12.896825396825392,15.05,31.16135
2006-08-02,50.0,0.1984126984126984,,78.3,9.722222222222223,0.1984126984126984,72.22222222222221,,17.658730158730165,14.34,31.50436
2006-08-03,50.0,0.992063492063492,,77.69999999999999,18.055555555555554,0.992063492063492,77.57936507936508,,21.230158730158735,14.46,31.70063
2006-08-04,50.0,58.13492063492064,,78.3,22.023809523809522,58.13492063492064,75.1984126984127,,14.484126984126988,14.34,31.55876
2006-08-07,50.0,5.753968253968254,,73.85,32.34126984126984,5.753968253968254,65.27777777777779,,13.69047619047619,15.23,31.35464
2006-08-08,50.0,32.34126984126984,,73.85,26.785714285714285,32.34126984126984,57.341269841269835,,8.92857142857143,15.23,31.16135
2006-08-09,50.0,77.57936507936508,,74.0,43.452380952380956,77.57936507936508,44.642857142857146,,4.563492063492063,15.2,31.20792
2006-08-10,50.0,57.738095238095234,,77.69999999999999,29.563492063492063,57.738095238095234,56.15079365079365,,9.325396825396822,14.46,31.42573
2006-08-11,50.0,55.35714285714286,,78.5,7.738095238095238,55.35714285714286,38.2936507936508,,9.325396825396822,14.3,31.20792
2006-08-14,50.0,22.42063492063492,,78.7,18.452380952380953,22.42063492063492,44.642857142857146,,13.69047619047619,14.26,31.40806
2006-08-15,50.0,63.69047619047619,,82.9,29.96031746031746,63.69047619047619,81.54761904761905,,23.611111111111114,13.42,32.19711
2006-08-16,91.86507936507937,78.76984126984127,,87.95,16.865079365079367,78.76984126984127,93.45238095238095,,31.54761904761905,12.41,32.95916
2006-08-17,90.67460317460318,80.75396825396825,,88.8,18.452380952380953,80.75396825396825,93.45238095238095,,35.912698412698404,12.24,33.07661
2006-08-18,91.86507936507937,77.57936507936508,,91.8,55.75396825396825,77.57936507936508,95.83333333333334,,40.67460317460318,11.64,33.12852
2006-08-21,92.26190476190477,39.48412698412698,,88.89999999999999,45.43650793650794,39.48412698412698,85.11904761904762,,29.96031746031747,12.22,32.81829
2006-08-22,92.26190476190477,73.61111111111111,,89.05,42.65873015873016,73.61111111111111,86.70634920634922,,29.96031746031747,12.19,32.82703
2006-08-23,91.07142857142857,62.89682539682539,,88.0,6.15079365079365,62.89682539682539,61.50793650793651,,24.007936507936506,12.4,32.57824
2006-08-24,90.67460317460318,20.833333333333336,,88.0,5.753968253968254,20.833333333333336,58.13492063492064,,21.626984126984127,12.4,32.66867
2006-08-25,91.46825396825396,45.43650793650794,,88.45,8.531746031746032,45.43650793650794,51.78571428571429,,21.230158730158735,12.31,32.72983
2006-08-28,90.27777777777779,35.51587301587302,,89.1,19.642857142857142,35.51587301587302,79.56349206349206,,31.944444444444443,12.18,32.97763
2006-08-29,88.29365079365078,61.70634920634921,,88.60000000000001,19.246031746031747,61.70634920634921,81.94444444444444,,32.73809523809523,12.28,33.07661
2006-08-30,88.69047619047619,15.674603174603174,,88.89999999999999,18.849206349206348,15.674603174603174,77.97619047619048,,28.373015873015873,12.22,33.23525
2006-08-31,87.10317460317461,33.53174603174603,,88.45,9.722222222222223,33.53174603174603,91.07142857142857,,3.7698412698412653,12.31,33.19941
2006-09-01,85.9126984126984,41.07142857142857,,90.19999999999999,12.896825396825399,41.07142857142857,94.24603174603175,,8.92857142857143,11.96,33.37504
2006-09-05,84.32539682539682,77.97619047619048,,86.85,54.166666666666664,77.97619047619048,92.26190476190477,,17.261904761904773,12.63,33.70463
2006-09-06,87.89682539682539,74.8015873015873,,81.3,33.53174603174603,74.8015873015873,59.72222222222222,,6.547619047619051,13.74,33.03203
2006-09-07,86.70634920634922,73.21428571428571,,80.6,36.7063492063492,73.21428571428571,37.89682539682539,,3.7698412698412653,13.88,32.87259
2006-09-08,85.11904761904762,54.563492063492056,,84.2,6.15079365079365,54.563492063492056,51.388888888888886,,4.563492063492063,13.16,33.06728
2006-09-11,81.54761904761905,46.230158730158735,,85.05,22.42063492063492,46.230158730158735,56.94444444444444,,6.944444444444443,12.99,33.27993
2006-09-12,78.37301587301587,56.547619047619044,,90.4,26.785714285714285,56.547619047619044,82.73809523809523,,19.246031746031747,11.92,33.89426
2006-09-13,70.43650793650794,16.071428571428573,,94.1,39.08730158730159,16.071428571428573,88.29365079365078,,25.992063492063494,11.18,34.1204
2006-09-14,81.54761904761905,21.626984126984127,,92.25,16.46825396825397,21.626984126984127,79.16666666666666,,29.96031746031747,11.55,34.15664
2006-09-15,77.57936507936508,45.03968253968254,,91.2,12.5,45.03968253968254,80.55555555555556,,26.388888888888886,11.76,34.28183
2006-09-18,80.35714285714286,79.16666666666666,,91.10000000000001,52.976190476190474,79.16666666666666,77.18253968253968,,31.150793650793645,11.78,34.29056
2006-09-19,72.42063492063492,38.69047619047619,,90.1,65.27777777777779,38.69047619047619,74.8015873015873,,14.88095238095238,11.98,34.04952
2006-09-20,80.35714285714286,79.56349206349206,,93.05,64.88095238095238,79.56349206349206,82.14285714285714,,24.007936507936506,11.39,34.54729
2006-09-21,80.35714285714286,35.11904761904761,,88.75,35.51587301587302,35.11904761904761,62.89682539682539,,6.944444444444443,12.25,34.33534
2006-09-22,82.73809523809523,37.89682539682539,,87.05,2.976190476190476,37.89682539682539,47.42063492063492,,0.5952380952380878,12.59,34.0669
2006-09-25,79.56349206349206,18.452380952380953,,89.4,30.357142857142854,18.452380952380953,76.98412698412699,,4.960317460317469,12.12,34.66961
2006-09-26,79.56349206349206,35.91269841269841,,92.35000000000001,37.89682539682539,35.91269841269841,89.48412698412699,,18.055555555555557,11.53,34.84175
2006-09-27,75.1984126984127,26.785714285714285,,92.1,31.944444444444443,26.785714285714285,90.67460317460318,,21.230158730158735,11.58,34.79687
2006-09-28,79.16666666666666,24.00793650793651,,91.39999999999999,29.563492063492063,24.00793650793651,89.48412698412699,,27.182539682539684,11.72,34.89327
2006-09-29,82.73809523809523,35.91269841269841,,90.1,0.1984126984126984,35.91269841269841,72.81746031746032,,26.388888888888886,11.98,34.74257
2006-10-02,82.73809523809523,39.08730158730159,,87.15,6.547619047619048,39.08730158730159,66.46825396825396,,0.19841269841269593,12.57,34.2995
2006-10-03,82.73809523809523,20.436507936507937,,88.8,2.976190476190476,20.436507936507937,67.26190476190477,,0.5952380952380878,12.24,34.45099
2006-10-04,75.9920634920635,22.023809523809522,,90.7,14.087301587301587,22.023809523809522,92.26190476190477,,2.5793650793650755,11.86,35.29168
2006-10-05,71.62698412698413,11.706349206349206,,90.1,29.96031746031746,11.706349206349206,97.42063492063492,,8.134920634920633,11.98,35.46938
2006-10-06,65.67460317460318,21.626984126984127,,92.2,13.690476190476192,21.626984126984127,90.27777777777779,,14.88095238095238,11.56,35.38986
2006-10-09,62.89682539682539,30.753968253968257,,91.6,26.38888888888889,30.753968253968257,93.05555555555556,,15.277777777777786,11.68,35.50343
2006-10-10,67.65873015873017,46.230158730158735,,92.4,34.72222222222222,46.230158730158735,91.07142857142857,,24.801587301587304,11.52,35.56468
2006-10-11,64.48412698412699,76.78571428571429,,91.9,14.880952380952381,76.78571428571429,86.30952380952381,,29.166666666666657,11.62,35.49569
2006-10-12,48.214285714285715,68.84920634920636,,94.55,25.992063492063494,68.84920634920636,97.42063492063492,,45.03968253968254,11.09,36.06613
2006-10-13,52.182539682539684,74.8015873015873,,96.25,43.452380952380956,74.8015873015873,95.03968253968253,,52.976190476190474,10.75,36.25565
2006-10-16,33.13492063492063,35.11904761904761,,94.55,29.166666666666668,35.11904761904761,96.62698412698413,,52.182539682539684,11.09,36.29268
2006-10-17,39.88095238095239,85.11904761904762,,91.35,17.658730158730158,85.11904761904762,88.09523809523809,,44.24603174603175,11.73,35.89508
2006-10-18,36.7063492063492,88.29365079365078,,93.3,37.10317460317461,88.29365079365078,89.0873015873016,,45.436507936507944,11.34,35.72234
2006-10-19,32.34126984126984,56.547619047619044,,95.5,70.03968253968253,56.547619047619044,78.76984126984127,,51.785714285714285,10.9,35.80672
2006-10-20,39.08730158730159,12.896825396825399,,96.85,63.69047619047619,12.896825396825399,67.85714285714286,,51.98412698412698,10.63,35.89508
2006-10-23,35.51587301587302,40.27777777777778,,94.6,79.56349206349206,40.27777777777778,78.96825396825396,,67.26190476190476,11.08,36.25565
2006-10-24,41.46825396825397,2.1825396825396823,,96.10000000000001,31.944444444444443,2.1825396825396823,71.82539682539682,,73.21428571428572,10.78,36.01163
2006-10-25,33.53174603174603,0.5952380952380952,,96.7,38.2936507936508,0.5952380952380952,70.03968253968253,,72.42063492063491,10.66,36.25565
2006-10-26,32.73809523809524,8.531746031746032,,97.2,8.928571428571429,8.531746031746032,88.88888888888889,,69.64285714285714,10.56,36.59677
2006-10-27,36.30952380952381,68.84920634920636,,96.0,40.67460317460318,68.84920634920636,58.13492063492064,,47.817460317460316,10.8,36.07477
2006-10-30,28.76984126984127,16.071428571428573,,94.0,27.976190476190478,16.071428571428573,60.912698412698404,,46.230158730158735,11.2,36.30152
2006-10-31,27.976190476190478,5.753968253968254,,94.5,9.325396825396826,5.753968253968254,56.15079365079365,,7.341269841269835,11.1,36.39176
2006-11-01,33.92857142857143,35.11904761904761,,92.45,9.325396825396826,35.11904761904761,25.595238095238095,,1.3888888888888857,11.51,35.89508
2006-11-02,33.13492063492063,15.277777777777779,,92.9,4.563492063492063,15.277777777777779,22.023809523809522,,1.7857142857142918,11.42,35.93022
2006-11-03,31.944444444444443,6.547619047619048,,94.2,8.134920634920634,6.547619047619048,18.055555555555554,,7.738095238095227,11.16,35.83184
2006-11-06,34.72222222222222,29.563492063492063,,94.2,6.547619047619048,29.563492063492063,37.5,,21.626984126984127,11.16,36.35483
2006-11-07,28.76984126984127,24.00793650793651,,94.55,6.15079365079365,24.00793650793651,45.03968253968254,,21.626984126984127,11.09,36.6065
2006-11-08,31.944444444444443,42.65873015873016,,96.25,59.32539682539682,42.65873015873016,52.57936507936508,,22.420634920634924,10.75,36.77358
2006-11-09,27.579365079365083,91.86507936507937,,94.95,61.30952380952381,91.86507936507937,31.944444444444443,,13.293650793650784,11.01,36.6065
2006-11-10,24.801587301587304,20.833333333333336,,96.05000000000001,0.5952380952380952,20.833333333333336,50.198412698412696,,9.722222222222214,10.79,36.77358
2006-11-13,30.753968253968257,31.547619047619047,,95.7,2.1825396825396823,31.547619047619047,58.92857142857143,,15.277777777777786,10.86,37.14686
2006-11-14,37.89682539682539,22.42063492063492,,97.5,20.03968253968254,22.42063492063492,74.0079365079365,,23.214285714285708,10.5,37.54735
2006-11-15,37.10317460317461,24.00793650793651,,98.45,37.10317460317461,24.00793650793651,83.13492063492063,,38.29365079365079,10.31,37.69407
2006-11-16,29.563492063492063,70.83333333333334,,99.2,30.357142857142854,70.83333333333334,91.07142857142857,,48.21428571428571,10.16,37.85531
2006-11-17,31.150793650793652,33.13492063492063,,99.75,8.928571428571429,33.13492063492063,87.5,,43.05555555555556,10.05,37.85531
2006-11-20,36.7063492063492,41.86507936507937,,100.0,32.34126984126984,41.86507936507937,85.9126984126984,,42.261904761904766,9.97,37.93591
2006-11-21,22.817460317460316,16.865079365079367,,100.0,60.11904761904761,16.865079365079367,86.70634920634922,,41.07142857142857,9.9,37.98854
2006-11-22,21.626984126984127,18.452380952380953,,99.3,16.46825396825397,18.452380952380953,89.88095238095238,,44.24603174603175,10.14,38.22749
2006-11-24,16.071428571428573,86.70634920634922,,96.35,61.30952380952381,86.70634920634922,81.54761904761905,,33.92857142857143,10.73,38.15671
2006-11-27,25.198412698412696,73.61111111111111,,88.5,49.801587301587304,73.61111111111111,30.753968253968257,,6.944444444444443,12.3,37.29777
2006-11-28,35.11904761904761,74.0079365079365,,91.9,62.10317460317461,74.0079365079365,33.92857142857143,,9.325396825396822,11.62,37.4026
2006-11-29,40.67460317460318,48.214285714285715,,95.85,62.5,48.214285714285715,63.29365079365079,,31.944444444444443,10.83,37.66201
2006-11-30,37.89682539682539,16.865079365079367,,95.45,17.658730158730158,16.865079365079367,63.49206349206349,,2.9761904761904816,10.91,37.63659
2006-12-01,38.2936507936508,46.62698412698413,,91.7,39.48412698412698,46.62698412698413,40.67460317460318,,1.3888888888888857,11.66,37.31494
2006-12-04,27.976190476190478,87.10317460317461,,93.85,79.16666666666666,87.10317460317461,84.32539682539682,,4.960317460317469,11.23,37.81748
2006-12-05,26.38888888888889,18.849206349206348,,93.65,16.071428571428573,18.849206349206348,88.09523809523809,,14.087301587301596,11.27,37.96232
2006-12-06,23.61111111111111,20.436507936507937,,93.35,18.055555555555554,20.436507936507937,83.33333333333334,,16.46825396825396,11.33,37.81748
2006-12-07,29.563492063492063,65.27777777777779,,86.65,51.78571428571429,65.27777777777779,65.67460317460318,,10.515873015873012,12.67,37.35008
2006-12-08,31.944444444444443,91.86507936507937,,89.65,69.24603174603175,91.86507936507937,61.30952380952381,,23.611111111111114,12.07,37.51995
2006-12-11,49.404761904761905,88.29365079365078,,96.44999999999999,37.10317460317461,88.29365079365078,63.29365079365079,,23.611111111111114,10.71,37.65328
2006-12-12,51.388888888888886,75.59523809523809,,96.75,17.658730158730158,75.59523809523809,46.230158730158735,,17.261904761904773,10.65,37.4296
2006-12-13,44.642857142857146,27.18253968253968,,99.1,16.46825396825397,27.18253968253968,39.48412698412698,,37.5,10.18,37.50267
2006-12-14,63.69047619047619,66.46825396825396,,100.0,15.277777777777779,66.46825396825396,69.24603174603175,,56.15079365079365,9.97,37.91646
2006-12-15,47.42063492063492,51.78571428571429,,99.75,37.10317460317461,51.78571428571429,59.32539682539682,,46.62698412698413,10.05,38.01673
2006-12-18,59.32539682539682,47.42063492063492,,97.0,68.05555555555556,47.42063492063492,35.51587301587302,,41.86507936507936,10.6,37.64444
2006-12-19,59.32539682539682,38.69047619047619,,98.5,37.10317460317461,38.69047619047619,35.317460317460316,,46.62698412698413,10.3,37.51995
2006-12-20,47.42063492063492,6.15079365079365,,98.7,1.7857142857142856,6.15079365079365,37.10317460317461,,45.436507936507944,10.26,37.38603
2006-12-21,54.563492063492056,36.7063492063492,,97.35000000000001,39.88095238095239,36.7063492063492,25.992063492063494,,25.992063492063494,10.53,37.11966
2006-12-22,56.547619047619044,62.5,,93.2,34.72222222222222,62.5,18.055555555555554,,26.388888888888886,11.36,36.7299
2006-12-26,55.75396825396825,67.65873015873017,,93.7,24.801587301587304,67.65873015873017,24.00793650793651,,38.69047619047619,11.26,36.88735
2006-12-27,52.976190476190474,90.27777777777779,,96.8,88.69047619047619,90.27777777777779,44.24603174603175,,60.11904761904761,10.64,37.07489
2006-12-28,59.72222222222222,80.35714285714286,,95.05,68.84920634920636,80.35714285714286,34.32539682539682,,61.7063492063492,10.99,36.89609
2006-12-29,48.61111111111111,73.21428571428571,,92.2,66.07142857142857,73.21428571428571,17.658730158730158,,54.16666666666667,11.56,36.93302
2007-01-03,49.404761904761905,40.67460317460318,,89.80000000000001,40.67460317460318,40.67460317460318,23.015873015873016,,19.246031746031747,12.04,36.99626
2007-01-04,40.27777777777778,27.18253968253968,,92.45,56.15079365079365,27.18253968253968,26.190476190476193,,16.46825396825396,11.51,37.69407
2007-01-05,41.07142857142857,53.769841269841265,,89.3,46.230158730158735,53.769841269841265,12.103174603174603,,7.341269841269835,12.14,37.51995
2007-01-08,59.32539682539682,44.642857142857146,,90.0,21.626984126984127,44.642857142857146,15.674603174603174,,16.865079365079367,12.0,37.54735
2007-01-09,45.83333333333333,92.65873015873017,,90.45,83.13492063492063,92.65873015873017,17.857142857142858,,16.07142857142857,11.91,37.72813
2007-01-10,49.801587301587304,94.64285714285714,,92.64999999999999,90.67460317460318,94.64285714285714,26.38888888888889,,26.388888888888886,11.47,38.17408
2007-01-11,46.62698412698413,83.13492063492063,,95.65,81.54761904761905,83.13492063492063,49.007936507936506,,47.817460317460316,10.87,38.56871
2007-01-12,58.13492063492064,94.64285714285714,,99.25,73.61111111111111,94.64285714285714,64.0873015873016,,67.65873015873015,10.15,38.76914
2007-01-16,52.182539682539684,91.07142857142857,,96.3,85.51587301587301,91.07142857142857,67.26190476190477,,58.13492063492063,10.74,38.73956
2007-01-17,52.57936507936508,94.64285714285714,,97.05,86.70634920634922,94.64285714285714,68.45238095238095,,68.05555555555556,10.59,38.42585
2007-01-18,65.27777777777779,97.02380952380952,,95.75,76.78571428571429,97.02380952380952,43.84920634920635,,52.57936507936508,10.85,37.71046
2007-01-19,52.57936507936508,86.70634920634922,,98.0,65.67460317460318,86.70634920634922,56.15079365079365,,62.10317460317461,10.4,37.78938
2007-01-22,56.547619047619044,80.75396825396825,,96.15,51.78571428571429,80.75396825396825,39.285714285714285,,51.785714285714285,10.77,37.38603
2007-01-23,43.84920634920635,56.94444444444444,,98.3,34.32539682539682,56.94444444444444,49.60317460317461,,68.45238095238095,10.34,37.28794
2007-01-24,31.547619047619047,77.18253968253968,,100.0,25.992063492063494,77.18253968253968,70.03968253968253,,77.57936507936508,9.89,37.90802
2007-01-25,36.30952380952381,63.29365079365079,,93.89999999999999,62.10317460317461,63.29365079365079,39.08730158730159,,68.45238095238095,11.22,37.42097
2007-01-26,29.96031746031746,76.78571428571429,,94.35,66.86507936507937,76.78571428571429,37.10317460317461,,68.05555555555556,11.13,37.2791
2007-01-29,24.801587301587304,63.69047619047619,,92.75,16.865079365079367,63.69047619047619,39.88095238095239,,70.43650793650794,11.45,37.31494
2007-01-30,26.785714285714285,26.38888888888889,,95.19999999999999,2.579365079365079,26.38888888888889,54.166666666666664,,74.4047619047619,10.96,37.3345
2007-01-31,25.595238095238095,2.976190476190476,,97.9,67.26190476190477,2.976190476190476,72.42063492063492,,72.81746031746032,10.42,37.70192
2007-02-01,30.357142857142854,2.1825396825396823,,98.45,58.92857142857143,2.1825396825396823,87.5,,80.35714285714286,10.31,37.65328
2007-02-02,28.76984126984127,11.30952380952381,,99.6,14.484126984126986,11.30952380952381,94.64285714285714,,81.15079365079364,10.08,37.77955
2007-02-05,24.404761904761905,64.88095238095238,,97.25,59.32539682539682,64.88095238095238,91.86507936507937,,79.16666666666666,10.55,37.7456
2007-02-06,20.833333333333336,83.13492063492063,,96.75,40.27777777777778,83.13492063492063,91.86507936507937,,75.5952380952381,10.65,37.69407
2007-02-07,18.055555555555554,88.69047619047619,,98.4,58.53174603174603,88.69047619047619,93.05555555555556,,74.4047619047619,10.32,38.04403
2007-02-08,5.357142857142857,50.595238095238095,,97.8,0.5952380952380952,50.595238095238095,91.26984126984127,,71.23015873015873,10.44,38.0344
2007-02-09,8.531746031746032,92.26190476190477,,94.5,49.801587301587304,92.26190476190477,66.86507936507937,,69.24603174603175,11.1,37.54735
2007-02-12,13.293650793650794,50.198412698412696,,91.95,10.515873015873016,50.198412698412696,52.182539682539684,,64.0873015873016,11.61,37.4026
2007-02-13,16.071428571428573,35.51587301587302,,98.3,0.1984126984126984,35.51587301587302,68.45238095238095,,78.76984126984127,10.34,37.52878
2007-02-14,16.46825396825397,39.08730158730159,,98.85,0.992063492063492,39.08730158730159,80.75396825396825,,78.37301587301587,10.23,38.16445
2007-02-15,16.46825396825397,40.27777777777778,,98.89999999999999,0.992063492063492,40.27777777777778,85.9126984126984,,75.5952380952381,10.22,38.39289
2007-02-16,12.896825396825399,25.595238095238095,,99.9,72.81746031746032,25.595238095238095,83.53174603174604,,72.02380952380952,10.02,38.25479
2007-02-20,15.277777777777779,27.18253968253968,,98.8,5.753968253968254,27.18253968253968,92.85714285714286,,75.1984126984127,10.24,38.54349
2007-02-21,7.341269841269842,59.32539682539682,,99.0,46.62698412698413,59.32539682539682,85.9126984126984,,75.9920634920635,10.2,38.66084
2007-02-22,4.9603174603174605,62.10317460317461,,99.1,12.896825396825399,62.10317460317461,79.96031746031747,,79.56349206349206,10.18,38.86892
2007-02-23,2.1825396825396823,75.9920634920635,,97.1,5.753968253968254,75.9920634920635,62.5,,66.86507936507937,10.58,38.72427
2007-02-26,6.944444444444445,56.94444444444444,,94.25,4.563492063492063,56.94444444444444,48.61111111111111,,57.73809523809524,11.15,38.53456
2007-02-27,50.0,66.46825396825396,,58.45000000000001,22.023809523809522,66.46825396825396,3.7698412698412698,,0.19841269841269593,18.31,36.9495
2007-02-28,16.46825396825397,52.57936507936508,,72.9,30.753968253968257,52.57936507936508,4.166666666666666,,1.7857142857142918,15.42,37.07489
2007-03-01,8.531746031746032,59.72222222222222,,70.89999999999999,47.817460317460316,59.72222222222222,2.1825396825396823,,1.3888888888888857,15.82,36.90592
2007-03-02,50.0,74.8015873015873,,56.95,15.277777777777779,74.8015873015873,0.5952380952380952,,0.19841269841269593,18.61,36.346
2007-03-05,50.0,66.46825396825396,,51.85000000000001,16.071428571428573,66.46825396825396,0.1984126984126984,,0.19841269841269593,19.63,36.06613
2007-03-06,50.0,30.753968253968257,,70.19999999999999,6.944444444444445,30.753968253968257,1.3888888888888888,,1.3888888888888857,15.96,36.66775
2007-03-07,50.0,15.674603174603174,,73.8,10.515873015873016,15.674603174603174,1.5873015873015872,,0.9920634920634939,15.24,36.51824
2007-03-08,50.0,42.26190476190476,,78.55000000000001,16.071428571428573,42.26190476190476,6.15079365079365,,2.5793650793650755,14.29,36.76395
2007-03-09,50.0,25.595238095238095,,79.55,33.53174603174603,25.595238095238095,7.738095238095238,,5.357142857142861,14.09,36.7299
2007-03-12,50.0,9.722222222222223,,80.05,47.817460317460316,9.722222222222223,11.706349206349206,,4.960317460317469,13.99,36.96906
2007-03-13,50.0,91.86507936507937,,59.35,69.24603174603175,91.86507936507937,2.579365079365079,,0.5952380952380878,18.13,36.24592
2007-03-14,50.0,62.5,,63.65,43.452380952380956,62.5,6.746031746031746,,1.7857142857142918,17.27,36.78251
2007-03-15,50.0,70.43650793650794,,67.85,4.563492063492063,70.43650793650794,8.928571428571429,,2.5793650793650755,16.43,36.7027
2007-03-16,50.0,18.055555555555554,,66.05000000000001,8.134920634920634,18.055555555555554,8.928571428571429,,1.3888888888888857,16.79,36.66775
2007-03-19,50.0,23.61111111111111,,77.05,25.595238095238095,23.61111111111111,19.642857142857142,,4.960317460317469,14.59,37.04799
2007-03-20,50.0,12.896825396825399,,83.65,8.134920634920634,12.896825396825399,41.07142857142857,,6.944444444444443,13.27,37.31494
2007-03-21,13.293650793650794,60.912698412698404,,89.05,5.753968253968254,60.912698412698404,97.02380952380952,,21.626984126984127,12.19,38.0344
2007-03-22,2.579365079365079,29.563492063492063,,85.35,3.373015873015873,29.563492063492063,96.62698412698413,,29.563492063492063,12.93,37.89154
2007-03-23,1.7857142857142856,1.7857142857142856,,85.25,35.51587301587302,1.7857142857142856,98.61111111111111,,37.5,12.95,37.7736
2007-03-26,1.7857142857142856,4.166666666666666,,84.2,15.674603174603174,4.166666666666666,97.81746031746032,,30.753968253968253,13.16,37.92618
2007-03-27,4.9603174603174605,8.928571428571429,,82.6,13.293650793650794,8.928571428571429,76.78571428571429,,28.769841269841265,13.48,37.66201
2007-03-28,8.928571428571429,16.865079365079367,,75.1,2.976190476190476,16.865079365079367,55.35714285714286,,16.46825396825396,14.98,37.26064
2007-03-29,4.166666666666666,16.46825396825397,,74.3,1.3888888888888888,16.46825396825397,63.888888888888886,,20.436507936507937,15.14,37.3072
2007-03-30,50.0,7.738095238095238,,76.8,0.1984126984126984,7.738095238095238,60.912698412698404,,23.611111111111114,14.64,37.26918
2007-04-02,50.0,35.91269841269841,,77.35,1.7857142857142856,35.91269841269841,60.71428571428571,,29.96031746031747,14.53,37.32477
2007-04-03,1.7857142857142856,2.1825396825396823,,82.69999999999999,13.690476190476192,2.1825396825396823,85.51587301587301,,54.96031746031746,13.46,37.80864
2007-04-04,4.9603174603174605,4.563492063492063,,83.8,10.912698412698413,4.563492063492063,78.17460317460318,,55.357142857142854,13.24,37.96232
2007-04-05,3.373015873015873,6.944444444444445,,83.85,2.1825396825396823,6.944444444444445,87.10317460317461,,63.2936507936508,13.23,38.14896
2007-04-09,4.166666666666666,25.992063492063494,,84.3,5.753968253968254,25.992063492063494,77.57936507936508,,75.5952380952381,13.14,38.06041
2007-04-10,1.7857142857142856,46.62698412698413,,86.6,1.3888888888888888,46.62698412698413,91.86507936507937,,75.5952380952381,12.68,38.25479
2007-04-11,8.928571428571429,19.642857142857142,,82.55,1.3888888888888888,19.642857142857142,55.35714285714286,,70.43650793650794,13.49,37.85531
2007-04-12,4.563492063492063,14.484126984126986,,86.44999999999999,1.3888888888888888,14.484126984126986,62.698412698412696,,77.18253968253968,12.71,38.14896
2007-04-13,12.103174603174603,75.1984126984127,,89.0,25.595238095238095,75.1984126984127,69.24603174603175,,85.11904761904762,12.2,38.22749
2007-04-16,4.9603174603174605,42.65873015873016,,90.1,13.293650793650794,42.65873015873016,96.62698412698413,,90.27777777777777,11.98,38.57853
2007-04-17,14.087301587301587,53.37301587301587,,89.3,8.531746031746032,53.37301587301587,99.40476190476191,,89.88095238095238,12.14,38.66084
2007-04-18,9.722222222222223,66.07142857142857,,87.9,7.341269841269842,66.07142857142857,92.65873015873017,,89.48412698412699,12.42,38.53456
2007-04-19,5.357142857142857,7.341269841269842,,87.30000000000001,75.59523809523809,7.341269841269842,71.62698412698413,,90.27777777777777,12.54,38.65151
2007-04-20,21.23015873015873,3.7698412698412698,,89.65,51.388888888888886,3.7698412698412698,96.23015873015873,,92.26190476190476,12.07,38.86892
2007-04-23,4.9603174603174605,6.547619047619048,,84.8,18.849206349206348,6.547619047619048,98.61111111111111,,91.86507936507937,13.04,38.93008
2007-04-24,12.5,82.34126984126983,,84.4,24.404761904761905,82.34126984126983,79.16666666666666,,91.46825396825398,13.12,39.12585
2007-04-25,8.531746031746032,26.785714285714285,,83.94999999999999,57.341269841269835,26.785714285714285,93.45238095238095,,93.84920634920636,13.21,39.64835
2007-04-26,14.087301587301587,45.03968253968254,,86.05000000000001,70.83333333333334,45.03968253968254,81.54761904761905,,94.24603174603175,12.79,39.85058
2007-04-27,20.03968253968254,83.92857142857143,,87.75,81.15079365079364,83.92857142857143,77.18253968253968,,95.03968253968254,12.45,39.86805
2007-04-30,26.785714285714285,24.404761904761905,,78.9,0.992063492063492,24.404761904761905,37.5,,91.86507936507937,14.22,39.35279
2007-05-01,29.563492063492063,12.103174603174603,,82.45,0.1984126984126984,12.103174603174603,38.2936507936508,,93.45238095238095,13.51,39.4766
2007-05-02,24.00793650793651,25.992063492063494,,84.6,4.166666666666666,25.992063492063494,55.35714285714286,,94.64285714285714,13.08,39.74752
2007-05-03,31.150793650793652,24.00793650793651,,84.55,2.579365079365079,24.00793650793651,63.69047619047619,,97.02380952380952,13.09,39.88552
2007-05-04,42.26190476190476,46.62698412698413,,85.45,12.103174603174603,46.62698412698413,62.10317460317461,,97.42063492063492,12.91,39.92344
2007-05-07,37.89682539682539,39.88095238095239,,84.25,30.753968253968257,39.88095238095239,66.46825396825396,,97.42063492063492,13.15,39.92344
2007-05-08,40.67460317460318,63.29365079365079,,83.94999999999999,34.72222222222222,63.29365079365079,54.166666666666664,,96.62698412698413,13.21,40.0118
2007-05-09,39.08730158730159,81.94444444444444,,85.6,58.13492063492064,81.94444444444444,65.27777777777779,,98.61111111111111,12.88,40.09748
2007-05-10,64.88095238095238,77.57936507936508,,82.0,54.563492063492056,77.57936507936508,25.595238095238095,,95.03968253968254,13.6,39.55026
2007-05-11,58.92857142857143,85.9126984126984,,85.25,73.21428571428571,85.9126984126984,41.86507936507937,,99.0079365079365,12.95,40.05568
2007-05-14,56.547619047619044,61.70634920634921,,80.19999999999999,8.531746031746032,61.70634920634921,32.34126984126984,,99.0079365079365,13.96,39.77869
2007-05-15,60.51587301587301,48.214285714285715,,79.95,38.2936507936508,48.214285714285715,27.579365079365083,,99.4047619047619,14.01,39.46687
2007-05-16,66.07142857142857,60.51587301587301,,82.5,56.547619047619044,60.51587301587301,41.07142857142857,,99.8015873015873,13.5,39.85058
2007-05-17,62.89682539682539,49.007936507936506,,82.45,5.357142857142857,49.007936507936506,30.753968253968257,,99.8015873015873,13.51,39.66602
2007-05-18,67.65873015873017,51.78571428571429,,86.2,2.579365079365079,51.78571428571429,52.182539682539684,,99.8015873015873,12.76,39.99433
2007-05-21,66.46825396825396,4.563492063492063,,83.5,18.452380952380953,4.563492063492063,60.912698412698404,,99.4047619047619,13.3,40.24897
2007-05-22,68.45238095238095,14.484126984126986,,84.7,5.357142857142857,14.484126984126986,61.30952380952381,,99.8015873015873,13.06,40.285
2007-05-23,71.23015873015873,23.61111111111111,,83.8,37.5,23.61111111111111,44.24603174603175,,99.8015873015873,13.24,40.09748
2007-05-24,78.37301587301587,76.78571428571429,,79.6,9.325396825396826,76.78571428571429,19.642857142857142,,98.21428571428571,14.08,39.52127
2007-05-25,75.9920634920635,40.27777777777778,,83.3,25.992063492063494,40.27777777777778,27.976190476190478,,98.61111111111111,13.34,39.77195
2007-05-29,79.16666666666666,49.007936507936506,,82.35000000000001,13.690476190476192,49.007936507936506,34.72222222222222,,99.8015873015873,13.53,40.07981
2007-05-30,74.8015873015873,59.32539682539682,,85.85,77.97619047619048,59.32539682539682,51.19047619047619,,99.8015873015873,12.83,40.40056
2007-05-31,65.67460317460318,54.166666666666664,,84.75,74.40476190476191,54.166666666666664,59.72222222222222,,99.4047619047619,13.05,40.59714
2007-06-01,65.27777777777779,24.801587301587304,,86.10000000000001,27.976190476190478,24.801587301587304,75.59523809523809,,99.8015873015873,12.78,40.6154
2007-06-04,60.51587301587301,11.30952380952381,,83.55000000000001,83.13492063492063,11.30952380952381,79.16666666666666,,99.4047619047619,13.29,40.73791
2007-06-05,58.92857142857143,6.944444444444445,,81.85,88.29365079365078,6.944444444444445,46.230158730158735,,99.4047619047619,13.63,40.73791
2007-06-06,58.92857142857143,62.5,,75.65,79.56349206349206,62.5,20.436507936507937,,97.81746031746032,14.87,40.30337
2007-06-07,62.89682539682539,60.51587301587301,,64.70000000000002,87.5,60.51587301587301,6.15079365079365,,96.62698412698413,17.06,39.67376
2007-06-08,64.0873015873016,87.5,,75.8,62.5,87.5,12.5,,98.61111111111111,14.84,40.15972
2007-06-11,69.24603174603175,91.86507936507937,,76.44999999999999,85.11904761904762,91.86507936507937,12.3015873015873,,98.61111111111111,14.71,40.08864
2007-06-12,68.05555555555556,77.97619047619048,,66.64999999999999,62.5,77.97619047619048,7.341269841269842,,98.21428571428571,16.67,39.85058
2007-06-13,61.30952380952381,72.81746031746032,,76.35,81.94444444444444,72.81746031746032,17.261904761904763,,99.8015873015873,14.73,40.285
2007-06-14,75.1984126984127,90.67460317460318,,81.8,71.23015873015873,90.67460317460318,18.055555555555554,,99.8015873015873,13.64,40.55038
2007-06-15,75.9920634920635,87.5,,80.3,50.198412698412696,87.5,26.38888888888889,,99.4047619047619,13.94,40.92356
2007-06-18,70.03968253968253,75.59523809523809,,82.9,43.84920634920635,75.59523809523809,26.190476190476193,,99.0079365079365,13.42,40.93319
2007-06-19,70.43650793650794,43.84920634920635,,85.75,45.43650793650794,43.84920634920635,26.38888888888889,,98.21428571428571,12.85,40.92356
2007-06-20,63.29365079365079,29.96031746031746,,76.65,29.166666666666668,29.96031746031746,10.119047619047619,,95.83333333333333,14.67,40.5328
2007-06-21,67.26190476190477,75.9920634920635,,78.94999999999999,24.00793650793651,75.9920634920635,15.674603174603174,,97.81746031746032,14.21,40.905
2007-06-22,63.29365079365079,59.32539682539682,,71.25,59.72222222222222,59.32539682539682,7.738095238095238,,94.64285714285714,15.75,40.52317
2007-06-25,75.9920634920635,61.70634920634921,,66.75,66.46825396825396,61.70634920634921,7.341269841269842,,93.05555555555556,16.65,40.34636
2007-06-26,54.166666666666664,62.10317460317461,,55.55,41.46825396825397,62.10317460317461,6.944444444444445,,89.88095238095238,18.89,40.11505
2007-06-27,62.10317460317461,40.27777777777778,,72.35,22.817460317460316,40.27777777777778,10.912698412698413,,93.45238095238095,15.53,40.73791
2007-06-28,61.70634920634921,77.97619047619048,,72.30000000000001,25.992063492063494,77.97619047619048,10.515873015873016,,93.45238095238095,15.54,40.72044
2007-06-29,65.27777777777779,90.67460317460318,,68.85,35.51587301587302,90.67460317460318,12.5,,91.07142857142857,16.23,40.7816
2007-07-02,70.43650793650794,59.32539682539682,,73.0,32.73809523809524,59.32539682539682,35.51587301587302,,92.26190476190476,15.4,41.15388
2007-07-03,71.62698412698413,99.40476190476191,,75.4,96.23015873015873,99.40476190476191,49.007936507936506,,94.24603174603175,14.92,41.39483
2007-07-05,61.70634920634921,80.75396825396825,,72.6,85.11904761904762,80.75396825396825,48.214285714285715,,97.42063492063492,15.48,41.69514
2007-07-06,64.88095238095238,77.57936507936508,,76.39999999999999,61.70634920634921,77.57936507936508,65.67460317460318,,98.61111111111111,14.72,41.86322
2007-07-09,66.86507936507937,61.30952380952381,,74.2,24.404761904761905,61.30952380952381,59.32539682539682,,97.42063492063492,15.16,41.88753
2007-07-10,68.05555555555556,91.46825396825396,,62.15,33.92857142857143,91.46825396825396,16.071428571428573,,88.69047619047619,17.57,41.53471
2007-07-11,73.21428571428571,98.21428571428571,,66.8,20.03968253968254,98.21428571428571,24.404761904761905,,93.45238095238095,16.64,41.82052
2007-07-12,75.1984126984127,95.03968253968253,,72.30000000000001,27.579365079365083,95.03968253968253,79.56349206349206,,99.4047619047619,15.54,42.46573
2007-07-13,73.61111111111111,70.03968253968253,50.595238095238095,74.25,77.57936507936508,70.03968253968253,93.45238095238095,6.944444444444445,99.4047619047619,15.15,42.76147
2007-07-16,81.15079365079364,41.07142857142857,51.38888888888889,72.05000000000001,82.73809523809523,41.07142857142857,80.35714285714286,7.738095238095238,97.42063492063492,15.59,42.71561
2007-07-17,75.1984126984127,93.84920634920636,50.79365079365079,71.85,61.30952380952381,93.84920634920636,70.83333333333334,3.373015873015873,98.21428571428571,15.63,43.04114
2007-07-18,77.57936507936508,77.57936507936508,50.0,70.0,60.11904761904761,77.57936507936508,60.912698412698404,2.579365079365079,95.03968253968254,16.0,42.98951
2007-07-19,74.0079365079365,86.70634920634922,50.1984126984127,73.85,86.70634920634922,86.70634920634922,68.05555555555556,6.547619047619048,97.42063492063492,15.23,43.1141
2007-07-20,75.1984126984127,53.769841269841265,48.80952380952381,65.25,96.62698412698413,53.769841269841265,24.801587301587304,3.7698412698412698,90.27777777777777,16.95,42.88368
2007-07-23,86.30952380952381,56.547619047619044,46.62698412698413,65.95000000000002,64.0873015873016,56.547619047619044,27.579365079365083,4.166666666666666,91.46825396825398,16.81,42.90204
2007-07-24,86.70634920634922,92.26190476190477,49.20634920634921,57.24999999999999,56.15079365079365,92.26190476190477,7.738095238095238,16.46825396825397,82.73809523809524,18.55,42.27154
2007-07-25,90.27777777777779,64.0873015873016,50.198412698412696,59.49999999999999,67.26190476190477,64.0873015873016,7.936507936507936,3.7698412698412698,82.73809523809524,18.1,42.32595
2007-07-26,50.0,89.48412698412699,50.3968253968254,48.150000000000006,45.43650793650794,89.48412698412699,4.166666666666666,6.944444444444445,74.8015873015873,20.74,41.96825
2007-07-27,50.0,75.59523809523809,51.388888888888886,39.574999999999996,20.833333333333336,75.59523809523809,2.1825396825396823,3.373015873015873,64.48412698412699,24.17,41.12082
2007-07-30,50.0,82.34126984126983,53.37301587301587,47.824999999999996,16.071428571428573,82.34126984126983,2.976190476190476,7.341269841269842,74.4047619047619,20.87,41.59784
2007-07-31,50.0,91.07142857142857,50.7936507936508,41.2,29.166666666666668,91.07142857142857,1.7857142857142856,2.976190476190476,76.38888888888889,23.52,40.72907
2007-08-01,50.0,96.23015873015873,50.7936507936508,40.824999999999996,20.436507936507937,96.23015873015873,3.373015873015873,4.166666666666666,77.57936507936508,23.67,41.04011
2007-08-02,50.0,70.83333333333334,50.595238095238095,46.95,4.166666666666666,70.83333333333334,7.738095238095238,0.1984126984126984,80.35714285714286,21.22,41.42094
2007-08-03,50.0,87.5,50.1984126984127,37.1,0.992063492063492,87.5,1.984126984126984,0.1984126984126984,69.64285714285714,25.16,40.63188
2007-08-06,50.0,91.46825396825396,50.0,42.65,12.5,91.46825396825396,9.325396825396826,0.992063492063492,75.1984126984127,22.94,41.10245
2007-08-07,50.0,81.94444444444444,50.0,46.1,17.658730158730158,81.94444444444444,11.706349206349206,2.1825396825396823,80.35714285714286,21.56,41.39483
2007-08-08,50.0,87.89682539682539,50.0,46.375,25.198412698412696,87.89682539682539,20.436507936507937,0.5952380952380952,85.11904761904762,21.45,41.84594
2007-08-09,50.0,84.72222222222221,50.0,33.8,10.515873015873016,84.72222222222221,10.912698412698413,0.992063492063492,74.4047619047619,26.48,40.8767
2007-08-10,50.0,74.0079365079365,50.3968253968254,29.25,37.89682539682539,74.0079365079365,10.912698412698413,4.563492063492063,72.42063492063491,28.3,40.51543
2007-08-13,50.0,89.88095238095238,50.7936507936508,33.575,16.865079365079367,89.88095238095238,9.722222222222223,3.373015873015873,73.21428571428572,26.57,40.7816
2007-08-14,50.0,91.86507936507937,50.3968253968254,30.799999999999997,63.69047619047619,91.86507936507937,4.9603174603174605,0.992063492063492,65.27777777777777,27.68,40.08864
2007-08-15,50.0,95.03968253968253,50.595238095238095,23.32499999999999,37.5,95.03968253968253,2.579365079365079,0.992063492063492,45.436507936507944,30.67,39.32698
2007-08-16,50.0,96.23015873015873,50.595238095238095,22.92500000000001,69.24603174603175,96.23015873015873,4.563492063492063,1.3888888888888888,45.03968253968254,30.83,38.94566
2007-08-17,50.0,98.61111111111111,50.0,25.025000000000006,45.43650793650794,98.61111111111111,14.285714285714285,0.992063492063492,68.45238095238095,29.99,39.68249
2007-08-20,50.0,94.24603174603175,50.595238095238095,34.17500000000001,14.087301587301587,94.24603174603175,16.865079365079367,6.547619047619048,66.46825396825398,26.33,39.86805
2007-08-21,50.0,99.0079365079365,51.19047619047619,36.875,60.912698412698404,99.0079365079365,21.23015873015873,5.753968253968254,66.07142857142857,25.25,40.285
2007-08-22,50.0,95.83333333333334,52.182539682539684,42.775,34.72222222222222,95.83333333333334,54.166666666666664,5.357142857142857,71.62698412698413,22.89,40.835
2007-08-23,50.0,83.92857142857143,51.98412698412699,43.449999999999996,32.34126984126984,83.92857142857143,40.67460317460318,3.7698412698412698,70.83333333333333,22.62,40.72907
2007-08-24,50.0,93.45238095238095,52.38095238095238,48.2,54.166666666666664,93.45238095238095,71.23015873015873,5.753968253968254,77.18253968253968,20.72,41.29485
2007-08-27,50.0,85.11904761904762,51.785714285714285,43.2,35.51587301587302,85.11904761904762,42.26190476190476,7.341269841269842,70.83333333333333,22.72,41.03157
2007-08-28,50.0,81.54761904761905,51.98412698412698,34.25,56.547619047619044,81.54761904761905,10.119047619047619,12.896825396825399,49.801587301587304,26.3,40.04595
2007-08-29,50.0,92.65873015873017,50.992063492063494,40.475,79.16666666666666,92.65873015873017,44.24603174603175,0.1984126984126984,68.45238095238095,23.81,41.19567
2007-08-30,50.0,99.40476190476191,51.98412698412699,37.35,92.65873015873017,99.40476190476191,32.73809523809524,12.103174603174603,64.0873015873016,25.06,41.4124
2007-08-31,50.0,76.38888888888889,51.98412698412698,41.550000000000004,63.29365079365079,76.38888888888889,58.13492063492064,3.373015873015873,80.35714285714286,23.38,41.87295
2007-09-04,50.0,88.69047619047619,53.57142857142857,43.05,93.05555555555556,88.69047619047619,97.42063492063492,14.087301587301587,82.73809523809524,22.78,42.56113
2007-09-05,50.0,96.23015873015873,54.36507936507937,38.550000000000004,93.05555555555556,96.23015873015873,52.57936507936508,16.865079365079367,78.76984126984127,24.58,42.1402
2007-09-06,50.0,97.02380952380952,54.96031746031746,40.025000000000006,95.03968253968253,97.02380952380952,74.40476190476191,16.865079365079367,79.96031746031746,23.99,42.10426
2007-09-07,50.0,93.45238095238095,54.96031746031746,34.425,82.73809523809523,93.45238095238095,22.42063492063492,5.753968253968254,68.45238095238095,26.23,41.32285
2007-09-10,50.0,95.83333333333334,54.166666666666664,31.55000000000001,96.23015873015873,95.83333333333334,20.833333333333336,6.547619047619048,65.67460317460318,27.38,41.29485
2007-09-11,50.0,52.57936507936508,53.57142857142858,36.825,46.62698412698413,52.57936507936508,44.24603174603175,10.515873015873016,73.21428571428572,25.27,41.92337
2007-09-12,50.0,47.023809523809526,52.777777777777786,37.599999999999994,48.214285714285715,47.023809523809526,39.08730158730159,7.738095238095238,76.78571428571428,24.96,41.93222
2007-09-13,50.0,58.13492063492064,51.388888888888886,38.099999999999994,17.658730158730158,58.13492063492064,47.817460317460316,10.119047619047619,80.35714285714286,24.76,42.1402
2007-09-14,50.0,58.92857142857143,50.0,37.699999999999996,35.51587301587302,58.92857142857143,41.07142857142857,0.1984126984126984,79.96031746031746,24.92,42.17325
2007-09-17,50.0,65.67460317460318,49.007936507936506,33.8,24.404761904761905,65.67460317460318,28.373015873015873,3.7698412698412698,77.97619047619048,26.48,41.82052
2007-09-18,50.0,91.46825396825396,47.61904761904762,49.125,58.92857142857143,91.46825396825396,99.8015873015873,9.722222222222223,90.67460317460318,20.35,42.87594
2007-09-19,98.61111111111111,82.34126984126983,47.817460317460316,49.925,73.61111111111111,82.34126984126983,99.8015873015873,8.928571428571429,94.24603174603175,20.03,42.98951
2007-09-20,99.0079365079365,90.27777777777779,46.03174603174604,48.875,84.32539682539682,90.27777777777779,93.05555555555556,5.753968253968254,97.02380952380952,20.45,42.8681
2007-09-21,97.42063492063492,75.9920634920635,48.01587301587301,55.0,88.29365079365078,75.9920634920635,94.24603174603175,12.103174603174603,93.84920634920636,19.0,43.17337
2007-09-24,96.23015873015873,80.75396825396825,48.01587301587301,53.15,90.67460317460318,80.75396825396825,80.35714285714286,5.357142857142857,92.65873015873015,19.37,43.37252
2007-09-25,99.8015873015873,89.88095238095238,47.61904761904762,56.99999999999999,77.97619047619048,89.88095238095238,70.03968253968253,6.547619047619048,91.46825396825398,18.6,43.78274
2007-09-26,96.23015873015873,87.5,47.023809523809526,61.85000000000001,66.86507936507937,87.5,74.40476190476191,7.341269841269842,93.84920634920636,17.63,43.99161
2007-09-27,99.40476190476191,58.92857142857143,48.611111111111114,65.0,8.531746031746032,58.92857142857143,87.5,9.325396825396826,94.64285714285714,17.0,44.22293
2007-09-28,97.81746031746032,39.48412698412698,51.1904761904762,60.0,2.976190476190476,39.48412698412698,74.60317460317461,25.992063492063494,92.65873015873015,18.0,44.07024
2007-10-01,96.62698412698413,45.83333333333333,50.5952380952381,60.8,74.8015873015873,45.83333333333333,98.21428571428571,12.103174603174603,99.8015873015873,17.84,44.57655
2007-10-02,93.05555555555556,47.42063492063492,51.58730158730158,57.550000000000004,83.53174603174604,47.42063492063492,98.61111111111111,24.404761904761905,99.4047619047619,18.49,44.58539
2007-10-03,93.45238095238095,74.0079365079365,52.38095238095238,55.99999999999999,43.84920634920635,74.0079365079365,91.46825396825396,30.357142857142854,99.0079365079365,18.8,44.27534
2007-10-04,94.64285714285714,65.67460317460318,54.36507936507936,57.8,73.21428571428571,65.67460317460318,87.89682539682539,38.2936507936508,99.0079365079365,18.44,44.38137
2007-10-05,92.65873015873017,73.21428571428571,55.55555555555556,65.44999999999999,81.54761904761905,73.21428571428571,99.40476190476191,33.92857142857143,99.8015873015873,16.91,45.2842
2007-10-08,91.86507936507937,62.89682539682539,57.34126984126984,62.699999999999996,90.67460317460318,62.89682539682539,95.63492063492063,47.42063492063492,99.4047619047619,17.46,45.56406
2007-10-09,90.27777777777779,67.65873015873017,58.53174603174604,69.39999999999999,99.40476190476191,67.65873015873017,99.8015873015873,31.944444444444443,99.8015873015873,16.12,45.7651
2007-10-10,90.67460317460318,28.373015873015873,62.10317460317461,66.64999999999999,74.8015873015873,28.373015873015873,95.43650793650794,49.007936507936506,99.4047619047619,16.67,45.87013
2007-10-11,91.86507936507937,75.1984126984127,59.920634920634924,55.60000000000001,98.61111111111111,75.1984126984127,70.43650793650794,24.801587301587304,98.61111111111111,18.88,45.14621
2007-10-12,89.88095238095238,46.230158730158735,58.53174603174604,61.35,94.24603174603175,46.230158730158735,77.97619047619048,29.166666666666668,99.8015873015873,17.73,45.8887
2007-10-15,92.26190476190477,39.48412698412698,56.54761904761904,53.75,99.0079365079365,39.48412698412698,41.269841269841265,26.38888888888889,97.81746031746032,19.25,45.5456
2007-10-16,50.0,82.73809523809523,55.35714285714286,49.95,88.69047619047619,82.73809523809523,27.976190476190478,20.03968253968254,97.02380952380952,20.02,45.32003
2007-10-17,50.0,99.40476190476191,53.57142857142857,57.300000000000004,96.23015873015873,99.40476190476191,28.76984126984127,18.849206349206348,96.62698412698413,18.54,45.90815
2007-10-18,89.48412698412699,42.65873015873016,54.56349206349206,57.5,97.42063492063492,42.65873015873016,30.753968253968257,27.976190476190478,94.64285714285714,18.5,46.10353
2007-10-19,50.0,20.436507936507937,55.75396825396825,42.599999999999994,97.42063492063492,20.436507936507937,9.325396825396826,29.563492063492063,82.73809523809524,22.96,44.95658
2007-10-22,50.0,76.78571428571429,56.34920634920635,45.9,95.43650793650794,76.78571428571429,12.5,25.198412698412696,87.10317460317461,21.64,45.50191
2007-10-23,82.34126984126983,74.40476190476191,56.74603174603175,48.975,99.8015873015873,74.40476190476191,19.642857142857142,22.023809523809522,92.26190476190476,20.41,46.44763
2007-10-24,82.34126984126983,89.0873015873016,59.32539682539682,48.0,91.46825396825396,89.0873015873016,19.246031746031747,27.976190476190478,87.5,20.8,46.09371
2007-10-25,84.32539682539682,90.67460317460318,60.51587301587302,47.074999999999996,85.11904761904762,90.67460317460318,20.436507936507937,35.11904761904761,89.08730158730158,21.17,45.48434
2007-10-26,81.94444444444444,99.8015873015873,60.91269841269841,52.20000000000001,95.03968253968253,99.8015873015873,25.992063492063494,35.51587301587302,94.24603174603175,19.56,46.23478
2007-10-29,84.72222222222221,63.29365079365079,64.88095238095238,50.64999999999999,55.35714285714286,63.29365079365079,31.150793650793652,53.769841269841265,94.24603174603175,19.87,46.42023
2007-10-30,81.15079365079364,52.182539682539684,66.86507936507937,47.325,95.83333333333334,52.182539682539684,27.579365079365083,54.96031746031746,93.45238095238095,21.07,46.51752
2007-10-31,78.76984126984127,88.29365079365078,68.45238095238095,57.349999999999994,97.81746031746032,88.29365079365078,50.0,35.51587301587302,99.8015873015873,18.53,47.17632
2007-11-01,81.54761904761905,97.81746031746032,70.43650793650794,41.974999999999994,95.03968253968253,97.81746031746032,14.484126984126986,45.43650793650794,97.02380952380952,23.21,46.2997
2007-11-02,80.75396825396825,99.40476190476191,67.85714285714286,42.474999999999994,92.26190476190477,99.40476190476191,19.642857142857142,15.674603174603174,96.23015873015873,23.01,46.65155
2007-11-05,71.23015873015873,98.61111111111111,62.89682539682539,39.225,99.8015873015873,98.61111111111111,14.880952380952381,28.76984126984127,95.83333333333333,24.31,46.35212
2007-11-06,72.81746031746032,99.40476190476191,65.67460317460318,46.525,99.40476190476191,99.40476190476191,24.404761904761905,32.73809523809524,99.0079365079365,21.39,46.87322
2007-11-07,75.59523809523809,96.23015873015873,63.88888888888889,33.775000000000006,92.65873015873017,96.23015873015873,11.706349206349206,17.261904761904763,92.65873015873015,26.49,45.7371
2007-11-08,78.37301587301587,99.0079365079365,62.5,34.599999999999994,99.8015873015873,99.0079365079365,13.293650793650794,35.11904761904761,91.46825396825398,26.16,44.34633
2007-11-09,50.0,98.61111111111111,64.68253968253968,28.75,96.23015873015873,98.61111111111111,8.928571428571429,30.357142857142854,84.32539682539682,28.5,42.8681
2007-11-12,68.45238095238095,89.88095238095238,64.0873015873016,22.275000000000006,96.23015873015873,89.88095238095238,7.738095238095238,24.404761904761905,75.9920634920635,31.09,41.77496
2007-11-13,68.45238095238095,94.24603174603175,64.88095238095238,39.75,93.45238095238095,94.24603174603175,22.817460317460316,43.05555555555556,91.86507936507937,24.1,43.49503
2007-11-14,68.45238095238095,95.03968253968253,66.66666666666666,35.150000000000006,90.67460317460318,95.03968253968253,16.071428571428573,41.07142857142857,91.46825396825398,25.94,42.94474
2007-11-15,69.24603174603175,92.26190476190477,66.07142857142857,29.85000000000001,82.73809523809523,92.26190476190477,11.30952380952381,29.563492063492063,80.35714285714286,28.06,42.70608
2007-11-16,70.43650793650794,53.37301587301587,64.28571428571429,36.275000000000006,80.35714285714286,53.37301587301587,13.293650793650794,25.198412698412696,79.96031746031746,25.49,43.10517
2007-11-19,50.0,77.97619047619048,64.48412698412699,34.974999999999994,57.738095238095234,77.97619047619048,7.341269841269842,40.67460317460318,67.26190476190476,26.01,42.60769
2007-11-20,50.0,87.89682539682539,61.7063492063492,37.800000000000004,88.29365079365078,87.89682539682539,8.531746031746032,31.547619047619047,70.03968253968254,24.88,42.77964
2007-11-21,50.0,86.70634920634922,64.68253968253968,32.900000000000006,87.10317460317461,86.70634920634922,3.7698412698412698,29.166666666666668,58.92857142857143,26.84,42.27154
2007-11-23,50.0,68.45238095238095,63.88888888888889,35.974999999999994,87.89682539682539,68.45238095238095,9.722222222222223,17.261904761904763,65.27777777777777,25.61,42.72424
2007-11-26,50.0,82.34126984126983,63.69047619047619,27.724999999999994,91.46825396825396,82.34126984126983,3.7698412698412698,24.404761904761905,48.611111111111114,28.91,41.98781
2007-11-27,50.0,79.16666666666666,59.32539682539682,34.3,91.86507936507937,79.16666666666666,11.706349206349206,10.912698412698413,59.72222222222222,26.28,42.83236
2007-11-28,73.61111111111111,81.54761904761905,59.32539682539682,39.725,80.75396825396825,81.54761904761905,49.404761904761905,31.944444444444443,78.37301587301587,24.11,44.13338
2007-11-29,75.1984126984127,66.07142857142857,59.12698412698413,40.075,78.76984126984127,66.07142857142857,47.42063492063492,25.595238095238095,72.42063492063491,23.97,44.32012
2007-11-30,74.0079365079365,80.75396825396825,61.111111111111114,42.824999999999996,73.21428571428571,80.75396825396825,64.28571428571429,48.214285714285715,98.21428571428571,22.87,43.99161
2007-12-03,50.0,79.96031746031747,60.317460317460316,40.975,69.24603174603175,79.96031746031747,56.15079365079365,21.626984126984127,95.03968253968254,23.61,43.61963
2007-12-04,50.0,75.59523809523809,66.66666666666666,40.525000000000006,61.70634920634921,75.59523809523809,44.642857142857146,47.42063492063492,93.84920634920636,23.79,43.44142
2007-12-05,66.86507936507937,84.72222222222221,69.64285714285714,43.675,72.02380952380952,84.72222222222221,85.51587301587301,57.738095238095234,97.42063492063492,22.53,44.22293
2007-12-06,64.88095238095238,65.67460317460318,71.23015873015873,47.599999999999994,73.21428571428571,65.67460317460318,99.40476190476191,56.94444444444444,99.4047619047619,20.96,44.85095
2007-12-07,58.53174603174603,87.5,73.61111111111111,47.875,71.62698412698413,87.5,98.21428571428571,69.24603174603175,99.8015873015873,20.85,44.85841
2007-12-10,57.738095238095234,87.5,78.57142857142858,48.150000000000006,62.89682539682539,87.5,99.8015873015873,65.67460317460318,99.8015873015873,20.74,45.04246
2007-12-11,56.547619047619044,89.48412698412699,79.56349206349206,41.025,75.1984126984127,89.48412698412699,57.341269841269835,60.912698412698404,95.83333333333333,23.59,43.99161
2007-12-12,60.912698412698404,90.27777777777779,77.57936507936508,43.825,83.53174603174604,90.27777777777779,64.88095238095238,36.30952380952381,98.21428571428571,22.47,44.3911
2007-12-13,62.10317460317461,94.64285714285714,77.97619047619048,43.6,77.57936507936508,94.64285714285714,66.07142857142857,61.30952380952381,98.61111111111111,22.56,44.15095
2007-12-14,50.0,83.53174603174604,78.17460317460318,41.825,66.07142857142857,83.53174603174604,37.10317460317461,71.23015873015873,97.81746031746032,23.27,43.70202
2007-12-17,50.0,71.62698412698413,79.36507936507937,38.7,78.37301587301587,71.62698412698413,18.055555555555554,73.61111111111111,95.43650793650794,24.52,42.6341
2007-12-18,50.0,85.11904761904762,80.15873015873015,43.4,90.67460317460318,85.11904761904762,28.373015873015873,70.83333333333334,95.03968253968254,22.64,42.77031
2007-12-19,50.0,77.97619047619048,83.13492063492063,45.8,67.26190476190477,77.97619047619048,23.61111111111111,72.02380952380952,91.86507936507937,21.68,42.76147
2007-12-20,50.0,85.11904761904762,83.92857142857143,48.550000000000004,68.05555555555556,85.11904761904762,30.357142857142854,75.1984126984127,93.45238095238095,20.58,43.637
2007-12-21,50.0,54.166666666666664,83.73015873015873,57.650000000000006,50.99206349206349,54.166666666666664,52.182539682539684,74.0079365079365,97.81746031746032,18.47,44.49802
2007-12-24,50.0,98.61111111111111,82.14285714285714,56.99999999999999,87.5,98.61111111111111,68.05555555555556,60.51587301587301,99.0079365079365,18.6,44.83428
2007-12-26,50.0,64.88095238095238,82.14285714285714,56.7,82.73809523809523,64.88095238095238,56.94444444444444,80.35714285714286,99.4047619047619,18.66,45.05954
2007-12-27,50.0,79.56349206349206,79.96031746031747,49.349999999999994,82.73809523809523,79.56349206349206,30.357142857142854,63.29365079365079,97.02380952380952,20.26,44.51639
2007-12-28,50.0,78.76984126984127,80.35714285714286,48.150000000000006,82.73809523809523,78.76984126984127,30.555555555555557,60.912698412698404,95.43650793650794,20.74,44.47371
2007-12-31,50.0,79.96031746031747,79.16666666666666,43.75,74.0079365079365,79.96031746031747,23.214285714285715,69.24603174603175,99.8015873015873,22.5,43.95488
2008-01-02,50.0,80.75396825396825,83.33333333333334,42.074999999999996,71.23015873015873,80.75396825396825,8.928571428571429,85.11904761904762,97.81746031746032,23.17,43.26491
2008-01-03,50.0,56.94444444444444,85.3174603174603,43.775000000000006,56.94444444444444,56.94444444444444,6.15079365079365,77.18253968253968,97.42063492063492,22.49,43.44142
2008-01-04,50.0,95.83333333333334,86.30952380952382,40.15,81.15079365079364,95.83333333333334,0.5952380952380952,70.03968253968253,92.26190476190476,23.94,41.53471
2008-01-07,50.0,91.46825396825396,89.88095238095238,40.525000000000006,87.10317460317461,91.46825396825396,4.563492063492063,78.76984126984127,91.07142857142857,23.79,41.34161
2008-01-08,50.0,59.32539682539682,89.88095238095238,36.425000000000004,53.769841269841265,59.32539682539682,3.7698412698412698,66.07142857142857,85.51587301587301,25.43,40.26654
2008-01-09,50.0,56.15079365079365,87.5,39.699999999999996,59.72222222222222,56.15079365079365,10.714285714285714,74.40476190476191,86.7063492063492,24.12,41.12846
2008-01-10,50.0,75.1984126984127,89.68253968253968,41.375,58.92857142857143,75.1984126984127,15.674603174603174,87.10317460317461,93.84920634920636,23.45,41.1791
2008-01-11,50.0,80.35714285714286,90.47619047619048,40.8,55.35714285714286,80.35714285714286,11.706349206349206,79.56349206349206,85.51587301587301,23.68,40.37346
2008-01-14,50.0,77.57936507936508,90.87301587301587,42.75,59.72222222222222,77.57936507936508,15.277777777777779,87.10317460317461,88.2936507936508,22.9,41.08588
2008-01-15,50.0,95.43650793650794,91.66666666666666,41.65,94.64285714285714,95.43650793650794,6.15079365079365,73.21428571428571,79.96031746031746,23.34,39.95064
2008-01-16,50.0,95.03968253968253,89.88095238095238,39.050000000000004,95.03968253968253,95.03968253968253,8.928571428571429,57.341269841269835,77.97619047619048,24.38,39.52127
2008-01-17,50.0,81.15079365079364,85.9126984126984,28.849999999999994,82.34126984126983,81.15079365079364,1.3888888888888888,57.738095238095234,58.13492063492063,28.46,38.97028
2008-01-18,50.0,73.61111111111111,83.33333333333334,32.05,75.1984126984127,73.61111111111111,0.7936507936507936,50.198412698412696,52.976190476190474,27.18,38.92153
2008-01-22,50.0,77.18253968253968,77.18253968253968,22.474999999999994,75.9920634920635,77.18253968253968,1.7857142857142856,32.34126984126984,42.658730158730165,31.01,37.91646
2008-01-23,50.0,78.37301587301587,77.97619047619048,27.450000000000003,85.11904761904762,78.37301587301587,18.849206349206348,78.76984126984127,52.182539682539684,29.02,37.76407
2008-01-24,50.0,89.48412698412699,80.55555555555556,30.549999999999997,73.61111111111111,89.48412698412699,23.214285714285715,79.96031746031747,69.64285714285714,27.78,38.53456
2008-01-25,50.0,83.13492063492063,82.73809523809524,27.30000000000001,78.37301587301587,83.13492063492063,20.833333333333336,76.38888888888889,54.96031746031746,29.08,37.7456
2008-01-28,50.0,62.10317460317461,84.32539682539684,30.549999999999997,60.51587301587301,62.10317460317461,29.96031746031746,69.64285714285714,64.0873015873016,27.78,38.04403
2008-01-29,50.0,51.78571428571429,86.90476190476191,31.700000000000003,41.07142857142857,51.78571428571429,39.08730158730159,60.912698412698404,74.8015873015873,27.32,38.11194
2008-01-30,50.0,88.69047619047619,84.92063492063492,30.94999999999999,73.61111111111111,88.69047619047619,35.91269841269841,59.32539682539682,75.5952380952381,27.62,38.07679
2008-01-31,50.0,41.46825396825397,83.53174603174602,34.5,72.02380952380952,41.46825396825397,47.817460317460316,77.97619047619048,84.32539682539682,26.2,38.73271
2008-02-01,50.0,67.26190476190477,85.11904761904762,39.95,98.21428571428571,67.26190476190477,70.83333333333334,83.13492063492063,89.08730158730158,24.02,39.12585
2008-02-04,50.0,57.341269841269835,86.5079365079365,35.025000000000006,92.26190476190477,57.341269841269835,70.43650793650794,79.16666666666666,85.91269841269842,25.99,38.56871
2008-02-05,50.0,53.37301587301587,87.30158730158729,29.400000000000006,78.37301587301587,53.37301587301587,39.88095238095239,81.15079365079364,76.78571428571428,28.24,37.47437
2008-02-06,50.0,95.03968253968253,86.3095238095238,27.575000000000003,86.30952380952381,95.03968253968253,30.357142857142854,50.198412698412696,74.8015873015873,28.97,36.73874
2008-02-07,50.0,99.8015873015873,85.11904761904762,30.849999999999994,84.72222222222221,99.8015873015873,41.86507936507937,66.07142857142857,79.56349206349206,27.66,36.99626
2008-02-08,50.0,89.0873015873016,81.94444444444446,29.974999999999994,71.62698412698413,89.0873015873016,36.7063492063492,64.88095238095238,75.1984126984127,28.01,37.42097
2008-02-11,50.0,98.21428571428571,79.96031746031746,31.0,83.53174603174604,98.21428571428571,42.65873015873016,58.13492063492064,75.1984126984127,27.6,37.81748
2008-02-12,50.0,85.9126984126984,77.77777777777777,34.17500000000001,61.30952380952381,85.9126984126984,54.563492063492056,62.5,79.56349206349206,26.33,37.61158
2008-02-13,50.0,68.84920634920636,78.37301587301587,37.800000000000004,58.92857142857143,68.84920634920636,74.8015873015873,57.738095238095234,82.73809523809524,24.88,38.43468
2008-02-14,50.0,62.5,78.37301587301587,36.150000000000006,35.91269841269841,62.5,50.0,68.05555555555556,84.72222222222223,25.54,37.72813
2008-02-15,50.0,25.992063492063494,77.77777777777779,37.45,33.53174603174603,25.992063492063494,49.007936507936506,64.88095238095238,81.15079365079364,25.02,37.61158
2008-02-19,50.0,43.05555555555556,82.73809523809524,36.025000000000006,36.7063492063492,43.05555555555556,42.65873015873016,78.76984126984127,88.2936507936508,25.59,37.53772
2008-02-20,50.0,37.5,84.12698412698413,39.0,62.10317460317461,37.5,48.214285714285715,75.59523809523809,93.05555555555556,24.4,37.70192
2008-02-21,50.0,34.32539682539682,85.51587301587301,37.199999999999996,37.10317460317461,34.32539682539682,35.91269841269841,68.84920634920636,79.96031746031746,25.12,37.35008
2008-02-22,50.0,93.45238095238095,87.10317460317461,39.85,74.0079365079365,93.45238095238095,42.65873015873016,77.18253968253968,81.94444444444444,24.06,37.4842
2008-02-25,50.0,73.61111111111111,88.4920634920635,42.425,67.26190476190477,73.61111111111111,64.88095238095238,75.59523809523809,94.24603174603175,23.03,37.67939
2008-02-26,50.0,31.547619047619047,85.9126984126984,45.25,98.21428571428571,31.547619047619047,76.38888888888889,65.27777777777779,94.64285714285714,21.9,37.81748
2008-02-27,50.0,76.78571428571429,85.11904761904762,43.275,79.96031746031747,76.78571428571429,68.84920634920636,61.70634920634921,93.84920634920636,22.69,38.0068
2008-02-28,50.0,58.53174603174603,85.9126984126984,41.175,65.27777777777779,58.53174603174603,47.42063492063492,78.37301587301587,81.54761904761905,23.53,37.86295
2008-02-29,50.0,59.32539682539682,85.31746031746033,33.650000000000006,54.96031746031746,59.32539682539682,18.055555555555554,85.11904761904762,77.97619047619048,26.54,36.86233
2008-03-03,50.0,66.46825396825396,84.52380952380952,34.3,57.341269841269835,66.46825396825396,24.801587301587304,56.15079365079365,77.18253968253968,26.28,36.62586
2008-03-04,50.0,81.15079365079364,85.51587301587301,36.2,84.72222222222221,81.15079365079364,22.817460317460316,70.03968253968253,79.56349206349206,25.52,36.82699
2008-03-05,50.0,57.341269841269835,88.0952380952381,38.5,54.166666666666664,57.341269841269835,27.976190476190478,85.51587301587301,87.10317460317461,24.6,37.00599
2008-03-06,50.0,72.42063492063492,86.30952380952381,31.125,60.51587301587301,72.42063492063492,8.928571428571429,66.07142857142857,72.42063492063491,27.55,36.18676
2008-03-07,50.0,55.75396825396825,80.75396825396825,31.275000000000006,34.32539682539682,55.75396825396825,4.166666666666666,40.67460317460318,67.65873015873015,27.49,36.10137
2008-03-10,50.0,37.89682539682539,79.56349206349206,26.549999999999997,34.72222222222222,37.89682539682539,0.1984126984126984,44.642857142857146,50.992063492063494,29.38,35.40912
2008-03-11,50.0,67.26190476190477,76.38888888888889,34.10000000000001,35.91269841269841,67.26190476190477,20.436507936507937,43.84920634920635,76.38888888888889,26.36,36.75422
2008-03-12,50.0,37.89682539682539,73.21428571428572,31.950000000000003,36.30952380952381,37.89682539682539,17.658730158730158,54.563492063492056,70.03968253968254,27.22,36.65018
2008-03-13,50.0,44.642857142857146,74.2063492063492,31.775000000000006,28.76984126984127,44.642857142857146,25.595238095238095,77.97619047619048,71.23015873015873,27.29,36.93302
2008-03-14,50.0,77.97619047619048,76.78571428571428,22.099999999999994,44.24603174603175,77.97619047619048,9.722222222222223,59.32539682539682,59.32539682539682,31.16,36.25565
2008-03-17,50.0,90.27777777777779,77.57936507936508,19.39999999999999,60.912698412698404,90.27777777777779,6.547619047619048,53.37301587301587,42.658730158730165,32.24,35.59298
2008-03-18,50.0,91.07142857142857,78.96825396825398,35.525000000000006,66.46825396825396,91.07142857142857,40.07936507936508,55.75396825396825,74.4047619047619,25.79,37.17982
2008-03-19,50.0,99.0079365079365,78.96825396825398,25.400000000000006,72.42063492063492,99.0079365079365,22.023809523809522,64.48412698412699,58.13492063492063,29.84,36.26548
2008-03-20,50.0,52.976190476190474,78.76984126984127,33.44999999999999,37.10317460317461,52.976190476190474,46.230158730158735,76.78571428571429,64.48412698412699,26.62,37.00599
2008-03-24,50.0,96.62698412698413,82.34126984126985,35.675,49.801587301587304,96.62698412698413,72.42063492063492,87.5,82.73809523809524,25.73,38.29262
2008-03-25,50.0,64.0873015873016,85.11904761904762,35.7,33.92857142857143,64.0873015873016,81.15079365079364,77.57936507936508,79.16666666666666,25.72,38.49961
2008-03-26,50.0,83.92857142857143,89.48412698412699,34.8,40.67460317460318,83.92857142857143,74.0079365079365,90.67460317460318,73.61111111111111,26.08,38.39289
2008-03-27,50.0,76.78571428571429,90.47619047619048,35.30000000000001,33.13492063492063,76.78571428571429,58.53174603174603,78.37301587301587,73.61111111111111,25.88,37.53772
2008-03-28,50.0,60.11904761904761,92.85714285714286,35.724999999999994,19.642857142857142,60.11904761904761,46.230158730158735,96.62698412698413,66.07142857142857,25.71,37.35008
2008-03-31,50.0,10.515873015873016,91.46825396825398,35.974999999999994,16.46825396825397,10.515873015873016,59.72222222222222,88.69047619047619,87.10317460317461,25.61,37.54735
2008-04-01,50.0,60.51587301587301,88.88888888888889,43.3,21.626984126984127,60.51587301587301,98.61111111111111,82.73809523809523,99.0079365079365,22.68,39.16159
2008-04-02,50.0,61.70634920634921,88.69047619047619,41.425,29.166666666666668,61.70634920634921,99.40476190476191,94.64285714285714,99.4047619047619,23.43,39.07214
2008-04-03,50.0,35.91269841269841,89.28571428571428,41.974999999999994,32.34126984126984,35.91269841269841,99.0079365079365,95.83333333333334,99.4047619047619,23.21,39.16159
2008-04-04,50.0,54.166666666666664,88.2936507936508,43.875,33.92857142857143,54.166666666666664,98.61111111111111,95.43650793650794,97.42063492063492,22.45,39.38705
2008-04-07,50.0,62.10317460317461,92.46031746031747,43.949999999999996,57.341269841269835,62.10317460317461,97.02380952380952,96.23015873015873,98.61111111111111,22.42,39.30048
2008-04-08,50.0,80.35714285714286,94.44444444444446,44.1,24.404761904761905,80.35714285714286,92.26190476190477,89.0873015873016,98.61111111111111,22.36,38.99808
2008-04-09,50.0,33.53174603174603,95.83333333333334,42.975,27.579365079365083,33.53174603174603,76.78571428571429,97.42063492063492,94.24603174603175,22.81,38.55997
2008-04-10,50.0,60.912698412698404,96.82539682539682,45.05,31.150793650793652,60.912698412698404,83.13492063492063,95.03968253968253,96.23015873015873,21.98,39.11691
2008-04-11,50.0,65.27777777777779,97.81746031746033,41.349999999999994,97.81746031746032,65.27777777777779,45.83333333333333,98.61111111111111,90.27777777777777,23.46,38.0344
2008-04-14,50.0,60.912698412698404,98.61111111111111,40.45,47.023809523809526,60.912698412698404,38.2936507936508,96.62698412698413,90.67460317460318,23.82,37.85531
2008-04-15,50.0,57.341269841269835,99.4047619047619,43.05,17.261904761904763,57.341269841269835,43.84920634920635,97.42063492063492,92.65873015873015,22.78,37.90802
2008-04-16,50.0,27.976190476190478,99.60317460317461,48.675,24.404761904761905,27.976190476190478,78.76984126984127,97.42063492063492,99.8015873015873,20.53,38.96234
2008-04-17,6.547619047619048,11.30952380952381,99.20634920634922,49.074999999999996,66.07142857142857,11.30952380952381,73.61111111111111,99.40476190476191,99.8015873015873,20.37,38.88649
2008-04-18,2.579365079365079,21.23015873015873,99.0079365079365,49.675000000000004,87.10317460317461,21.23015873015873,89.0873015873016,99.40476190476191,99.8015873015873,20.13,40.11505
2008-04-21,4.166666666666666,24.801587301587304,98.61111111111111,48.75,52.57936507936508,24.801587301587304,82.73809523809523,99.0079365079365,99.4047619047619,20.5,40.40056
2008-04-22,24.00793650793651,31.150793650793652,98.21428571428572,47.824999999999996,64.88095238095238,31.150793650793652,62.10317460317461,98.61111111111111,99.0079365079365,20.87,39.79587
2008-04-23,27.18253968253968,36.7063492063492,95.63492063492063,49.349999999999994,65.67460317460318,36.7063492063492,72.81746031746032,99.40476190476191,99.0079365079365,20.26,40.23934
2008-04-24,17.658730158730158,86.30952380952381,95.23809523809524,49.85,78.37301587301587,86.30952380952381,83.73015873015873,99.40476190476191,99.8015873015873,20.06,40.59714
2008-04-25,20.03968253968254,74.0079365079365,93.45238095238095,52.050000000000004,80.75396825396825,74.0079365079365,87.5,94.24603174603175,99.8015873015873,19.59,40.49865
2008-04-28,24.404761904761905,41.46825396825397,91.86507936507937,51.8,50.595238095238095,41.46825396825397,89.48412698412699,95.83333333333334,99.4047619047619,19.64,40.56864
2008-04-29,25.198412698412696,53.37301587301587,93.05555555555554,49.400000000000006,88.69047619047619,53.37301587301587,84.72222222222221,98.21428571428571,99.0079365079365,20.24,40.8767
2008-04-30,24.00793650793651,60.51587301587301,95.23809523809524,48.025000000000006,85.11904761904762,60.51587301587301,72.02380952380952,96.23015873015873,99.8015873015873,20.79,40.54253
2008-05-01,32.73809523809524,44.24603174603175,98.41269841269842,55.60000000000001,52.976190476190474,44.24603174603175,90.67460317460318,99.8015873015873,99.8015873015873,18.88,41.82936
2008-05-02,40.67460317460318,71.23015873015873,99.4047619047619,59.1,75.9920634920635,71.23015873015873,89.48412698412699,99.8015873015873,99.8015873015873,18.18,41.88753
2008-05-05,41.86507936507937,71.23015873015873,99.8015873015873,55.50000000000001,87.89682539682539,71.23015873015873,89.0873015873016,99.8015873015873,99.4047619047619,18.9,41.76801
2008-05-06,37.89682539682539,82.34126984126983,99.60317460317461,58.949999999999996,72.81746031746032,82.34126984126983,89.88095238095238,98.61111111111111,99.8015873015873,18.21,42.02255
2008-05-07,34.32539682539682,77.97619047619048,99.8015873015873,51.349999999999994,87.5,77.97619047619048,71.42857142857143,98.61111111111111,98.21428571428571,19.73,41.25872
2008-05-08,33.53174603174603,60.51587301587301,99.60317460317461,53.00000000000001,60.11904761904761,60.51587301587301,64.48412698412699,99.40476190476191,97.81746031746032,19.4,41.57164
2008-05-09,36.30952380952381,74.8015873015873,98.61111111111111,52.949999999999996,74.40476190476191,74.8015873015873,54.166666666666664,95.43650793650794,97.42063492063492,19.41,41.40476
2008-05-12,39.48412698412698,93.84920634920636,98.01587301587301,61.050000000000004,87.89682539682539,93.84920634920636,78.37301587301587,99.0079365079365,97.81746031746032,17.79,42.16452
2008-05-13,27.579365079365083,91.07142857142857,98.80952380952381,60.099999999999994,85.9126984126984,91.07142857142857,66.46825396825396,99.8015873015873,99.0079365079365,17.98,42.27154
2008-05-14,26.38888888888889,85.51587301587301,98.21428571428572,61.7,60.912698412698404,85.51587301587301,77.18253968253968,99.40476190476191,99.0079365079365,17.66,42.182
2008-05-15,18.055555555555554,62.10317460317461,98.01587301587301,68.5,42.65873015873016,62.10317460317461,88.4920634920635,99.40476190476191,99.4047619047619,16.3,42.91982
2008-05-16,20.03968253968254,22.817460317460316,94.44444444444446,67.65,35.11904761904761,22.817460317460316,81.54761904761905,93.05555555555556,99.4047619047619,16.47,42.95367
2008-05-19,22.42063492063492,31.547619047619047,96.82539682539684,64.94999999999999,48.61111111111111,31.547619047619047,78.76984126984127,97.81746031746032,99.4047619047619,17.01,42.64283
2008-05-20,30.753968253968257,51.388888888888886,95.43650793650794,62.10000000000001,47.42063492063492,51.388888888888886,58.53174603174603,98.21428571428571,96.62698412698413,17.58,42.3172
2008-05-21,23.61111111111111,36.7063492063492,93.84920634920636,57.05,66.07142857142857,36.7063492063492,35.11904761904761,91.07142857142857,95.03968253968254,18.59,41.37636
2008-05-22,23.214285714285715,60.51587301587301,93.84920634920636,59.75,70.83333333333334,60.51587301587301,40.27777777777778,99.40476190476191,96.23015873015873,18.05,41.52597
2008-05-23,30.357142857142854,26.785714285714285,95.03968253968254,52.25,50.198412698412696,26.785714285714285,23.61111111111111,89.48412698412699,93.84920634920636,19.55,41.39483
2008-05-27,28.76984126984127,27.976190476190478,92.26190476190476,51.8,27.579365079365083,27.976190476190478,36.7063492063492,95.83333333333334,95.83333333333333,19.64,42.13047
2008-05-28,18.055555555555554,47.817460317460316,90.47619047619048,54.65,14.087301587301587,47.817460317460316,43.84920634920635,92.26190476190477,98.61111111111111,19.07,42.29864
2008-05-29,20.03968253968254,60.912698412698404,92.06349206349206,59.3,45.83333333333333,60.912698412698404,56.15079365079365,89.48412698412699,99.8015873015873,18.14,42.67758
2008-05-30,12.5,47.023809523809526,93.65079365079364,60.85000000000001,17.261904761904763,47.023809523809526,60.912698412698404,99.40476190476191,99.8015873015873,17.83,42.95367
2008-06-02,14.484126984126986,66.07142857142857,95.03968253968254,50.85000000000001,16.865079365079367,66.07142857142857,39.08730158730159,97.81746031746032,99.8015873015873,19.83,42.43485
2008-06-03,11.706349206349206,66.07142857142857,90.67460317460316,49.400000000000006,19.246031746031747,66.07142857142857,36.30952380952381,88.69047619047619,99.4047619047619,20.24,42.19083
2008-06-04,11.706349206349206,90.27777777777779,87.89682539682539,48.0,14.880952380952381,90.27777777777779,47.42063492063492,87.89682539682539,99.4047619047619,20.8,42.73397
2008-06-05,6.547619047619048,58.13492063492064,86.5079365079365,56.85000000000001,16.46825396825397,58.13492063492064,68.45238095238095,84.72222222222221,99.8015873015873,18.63,43.4164
2008-06-06,14.880952380952381,41.86507936507937,81.74603174603175,41.1,24.801587301587304,41.86507936507937,24.801587301587304,77.18253968253968,98.21428571428571,23.56,42.1131
2008-06-09,12.5,98.61111111111111,80.35714285714286,42.199999999999996,89.0873015873016,98.61111111111111,22.817460317460316,77.57936507936508,98.61111111111111,23.12,41.88753
2008-06-10,13.293650793650794,77.18253968253968,81.15079365079364,42.050000000000004,49.801587301587304,77.18253968253968,18.452380952380953,80.35714285714286,99.0079365079365,23.18,41.6865
2008-06-11,19.642857142857142,74.8015873015873,79.76190476190476,39.699999999999996,27.18253968253968,74.8015873015873,4.563492063492063,73.21428571428571,97.42063492063492,24.12,40.6853
2008-06-12,25.992063492063494,90.27777777777779,77.38095238095238,41.675000000000004,77.97619047619048,90.27777777777779,9.325396825396826,75.59523809523809,99.0079365079365,23.33,40.72907
2008-06-13,11.30952380952381,89.88095238095238,77.77777777777777,46.95,87.10317460317461,89.88095238095238,31.150793650793652,75.1984126984127,99.4047619047619,21.22,41.54453
2008-06-16,5.357142857142857,78.76984126984127,76.38888888888889,47.625,61.70634920634921,78.76984126984127,33.92857142857143,78.37301587301587,99.0079365079365,20.95,41.9052
2008-06-17,8.928571428571429,95.03968253968253,76.78571428571428,47.175000000000004,54.563492063492056,95.03968253968253,27.18253968253968,82.34126984126983,98.61111111111111,21.13,41.6865
2008-06-18,12.103174603174603,67.26190476190477,76.38888888888889,44.400000000000006,17.261904761904763,67.26190476190477,20.03968253968254,79.16666666666666,96.23015873015873,22.24,41.24135
2008-06-19,18.849206349206348,83.92857142857143,76.38888888888889,46.050000000000004,37.89682539682539,83.92857142857143,32.34126984126984,83.13492063492063,97.42063492063492,21.58,41.88753
2008-06-20,50.0,55.75396825396825,78.96825396825396,42.824999999999996,29.166666666666668,55.75396825396825,14.087301587301587,91.07142857142857,94.24603174603175,22.87,40.75429
2008-06-23,50.0,13.293650793650794,82.73809523809524,43.4,12.103174603174603,13.293650793650794,11.30952380952381,87.5,94.24603174603175,22.64,40.43571
2008-06-24,50.0,17.658730158730158,82.93650793650792,43.949999999999996,4.166666666666666,17.658730158730158,5.753968253968254,70.83333333333334,92.65873015873015,22.42,40.22951
2008-06-25,50.0,9.325396825396826,81.15079365079364,47.15,4.9603174603174605,9.325396825396826,14.484126984126986,82.73809523809523,93.45238095238095,21.14,40.88663
2008-06-26,50.0,31.944444444444443,85.71428571428572,40.175,24.00793650793651,31.944444444444443,0.1984126984126984,77.57936507936508,87.5,23.93,39.23148
2008-06-27,50.0,8.531746031746032,83.53174603174602,41.4,10.515873015873016,8.531746031746032,2.579365079365079,63.29365079365079,84.72222222222223,23.44,39.23148
2008-06-30,50.0,7.341269841269842,76.38888888888889,40.125,2.579365079365079,7.341269841269842,5.555555555555555,54.166666666666664,95.03968253968254,23.95,38.82435
2008-07-01,50.0,56.547619047619044,75.1984126984127,40.875,18.849206349206348,56.547619047619044,8.134920634920634,68.45238095238095,96.23015873015873,23.65,39.36948
2008-07-02,50.0,8.134920634920634,77.77777777777777,35.19999999999999,13.293650793650794,8.134920634920634,2.579365079365079,70.43650793650794,93.45238095238095,25.92,38.42585
2008-07-03,50.0,7.341269841269842,72.02380952380952,38.025000000000006,4.166666666666666,7.341269841269842,2.7777777777777777,52.976190476190474,93.45238095238095,24.79,38.36548
2008-07-07,50.0,35.91269841269841,71.42857142857143,35.55,14.880952380952381,35.91269841269841,1.7857142857142856,65.27777777777779,91.46825396825398,25.78,38.58826
2008-07-08,50.0,21.23015873015873,74.60317460317461,42.12500000000001,7.738095238095238,21.23015873015873,18.849206349206348,77.97619047619048,92.65873015873015,23.15,39.50261
2008-07-09,50.0,60.51587301587301,76.78571428571428,36.925,13.293650793650794,60.51587301587301,10.515873015873016,58.53174603174603,87.10317460317461,25.23,38.45792
2008-07-10,50.0,58.13492063492064,71.42857142857143,36.025000000000006,11.30952380952381,58.13492063492064,16.46825396825397,43.84920634920635,87.89682539682539,25.59,38.92153
2008-07-11,50.0,86.30952380952381,72.22222222222223,31.275000000000006,36.7063492063492,86.30952380952381,7.738095238095238,57.738095238095234,89.08730158730158,27.49,38.30036
2008-07-14,50.0,90.67460317460318,74.0079365079365,28.799999999999997,31.944444444444443,90.67460317460318,6.547619047619048,47.42063492063492,83.92857142857143,28.48,38.01673
2008-07-15,50.0,85.51587301587301,68.05555555555556,28.650000000000006,28.76984126984127,85.51587301587301,8.333333333333332,54.563492063492056,80.35714285714286,28.54,38.02547
2008-07-16,50.0,91.86507936507937,68.05555555555556,37.25,41.07142857142857,91.86507936507937,36.30952380952381,68.45238095238095,89.08730158730158,25.1,38.96234
2008-07-17,50.0,99.40476190476191,72.8174603174603,37.474999999999994,74.0079365079365,99.40476190476191,57.341269841269835,68.45238095238095,93.45238095238095,25.01,39.23148
2008-07-18,50.0,72.42063492063492,70.63492063492063,39.875,82.34126984126983,72.42063492063492,57.53968253968254,77.18253968253968,94.24603174603175,24.05,38.32766
2008-07-21,50.0,95.43650793650794,67.46031746031747,42.375,83.13492063492063,95.43650793650794,53.769841269841265,43.452380952380956,93.84920634920636,23.05,38.48333
2008-07-22,50.0,98.61111111111111,68.25396825396825,47.05,60.912698412698404,98.61111111111111,75.59523809523809,81.54761904761905,98.21428571428571,21.18,38.48333
2008-07-23,50.0,70.83333333333334,71.62698412698413,46.725,39.88095238095239,70.83333333333334,80.75396825396825,78.76984126984127,98.61111111111111,21.31,38.98845
2008-07-24,50.0,61.30952380952381,73.01587301587301,41.4,45.43650793650794,61.30952380952381,59.32539682539682,72.42063492063492,90.67460317460318,23.44,38.40828
2008-07-25,50.0,56.15079365079365,75.0,42.725,15.277777777777779,56.15079365079365,61.70634920634921,78.37301587301587,93.05555555555556,22.91,38.9119
2008-07-28,50.0,24.801587301587304,78.76984126984127,39.425,42.26190476190476,24.801587301587304,42.65873015873016,83.13492063492063,88.2936507936508,24.23,38.17408
2008-07-29,50.0,69.24603174603175,78.37301587301587,44.925,11.706349206349206,69.24603174603175,71.62698412698413,65.27777777777779,93.45238095238095,22.03,38.96234
2008-07-30,50.0,43.84920634920635,68.25396825396825,46.974999999999994,5.753968253968254,43.84920634920635,81.54761904761905,71.23015873015873,97.42063492063492,21.21,39.17032
2008-07-31,50.0,40.67460317460318,65.47619047619048,42.65,6.15079365079365,40.67460317460318,69.24603174603175,68.45238095238095,99.4047619047619,22.94,39.07214
2008-08-01,50.0,7.738095238095238,65.67460317460318,43.575,8.928571428571429,7.738095238095238,64.88095238095238,82.34126984126983,98.21428571428571,22.57,38.56871
2008-08-04,50.0,2.1825396825396823,63.69047619047619,41.275000000000006,5.357142857142857,2.1825396825396823,59.32539682539682,82.34126984126983,97.02380952380952,23.49,38.18183
2008-08-05,50.0,0.992063492063492,63.492063492063494,47.15,2.1825396825396823,0.992063492063492,80.75396825396825,73.21428571428571,99.8015873015873,21.14,39.4766
2008-08-06,50.0,15.277777777777779,67.06349206349206,49.425,20.833333333333336,15.277777777777779,83.53174603174604,83.13492063492063,99.8015873015873,20.23,40.07117
2008-08-07,50.0,78.37301587301587,65.47619047619048,47.125,12.896825396825399,78.37301587301587,68.84920634920636,63.69047619047619,97.42063492063492,21.15,39.77195
2008-08-08,50.0,22.817460317460316,66.46825396825398,48.35,1.7857142857142856,22.817460317460316,87.5,83.53174603174604,99.0079365079365,20.66,40.66881
2008-08-11,50.0,4.9603174603174605,67.46031746031746,49.699999999999996,2.976190476190476,4.9603174603174605,92.26190476190477,83.92857142857143,99.8015873015873,20.12,41.04011
2008-08-12,50.0,44.24603174603175,70.23809523809524,47.074999999999996,10.912698412698413,44.24603174603175,84.32539682539682,77.18253968253968,98.21428571428571,21.17,41.08588
2008-08-13,50.0,39.08730158730159,69.24603174603175,46.125,26.785714285714285,39.08730158730159,77.57936507936508,67.65873015873017,97.81746031746032,21.55,40.99533
2008-08-14,50.0,15.277777777777779,76.5873015873016,49.15,5.753968253968254,15.277777777777779,84.12698412698413,79.16666666666666,97.81746031746032,20.34,41.46581
2008-08-15,50.0,14.484126984126986,81.15079365079364,52.10000000000001,1.7857142857142856,14.484126984126986,88.69047619047619,89.88095238095238,97.02380952380952,19.58,41.39483
2008-08-18,50.0,23.214285714285715,85.71428571428572,47.55,0.992063492063492,23.214285714285715,67.46031746031747,87.89682539682539,93.84920634920636,20.98,40.905
2008-08-19,50.0,37.89682539682539,88.0952380952381,46.8,4.9603174603174605,37.89682539682539,47.42063492063492,60.912698412698404,91.46825396825398,21.28,40.40056
2008-08-20,50.0,55.75396825396825,90.47619047619048,48.949999999999996,3.7698412698412698,55.75396825396825,48.61111111111111,82.73809523809523,91.07142857142857,20.42,40.47056
2008-08-21,50.0,20.03968253968254,88.4920634920635,50.9,17.261904761904763,20.03968253968254,47.023809523809526,59.32539682539682,93.05555555555556,19.82,40.285
2008-08-22,50.0,82.73809523809523,86.30952380952381,55.95,12.103174603174603,82.73809523809523,74.8015873015873,76.38888888888889,96.62698412698413,18.81,40.81753
2008-08-25,50.0,30.357142857142854,85.31746031746032,47.575,2.976190476190476,30.357142857142854,29.563492063492063,79.96031746031747,89.08730158730158,20.97,39.95938
2008-08-26,50.0,11.30952380952381,87.89682539682539,48.775000000000006,4.9603174603174605,11.30952380952381,34.72222222222222,81.15079365079364,89.48412698412699,20.49,39.90508
2008-08-27,50.0,11.30952380952381,88.0952380952381,51.19999999999999,9.325396825396826,11.30952380952381,52.57936507936508,85.51587301587301,92.26190476190476,19.76,40.15972
2008-08-28,50.0,25.992063492063494,87.3015873015873,52.85,9.722222222222223,25.992063492063494,78.37301587301587,60.912698412698404,95.83333333333333,19.43,40.49021
2008-08-29,50.0,49.007936507936506,87.69841269841271,48.375,31.547619047619047,49.007936507936506,54.166666666666664,85.51587301587301,94.24603174603175,20.65,39.63941
2008-09-02,50.0,7.738095238095238,88.0952380952381,45.025000000000006,14.484126984126986,7.738095238095238,52.77777777777778,93.05555555555556,98.21428571428571,21.99,39.15365
2008-09-03,50.0,52.182539682539684,83.13492063492063,46.425000000000004,4.563492063492063,52.182539682539684,47.023809523809526,91.86507936507937,95.43650793650794,21.43,38.77768
2008-09-04,50.0,23.61111111111111,84.52380952380952,39.925,0.992063492063492,23.61111111111111,16.666666666666664,88.29365079365078,83.13492063492063,24.03,37.52878
2008-09-05,50.0,37.89682539682539,89.48412698412699,42.35,8.928571428571429,37.89682539682539,20.833333333333336,66.86507936507937,85.11904761904762,23.06,37.34423
2008-09-08,50.0,94.24603174603175,89.48412698412699,43.4,55.75396825396825,94.24603174603175,48.41269841269841,69.24603174603175,92.65873015873015,22.64,37.26918
2008-09-09,50.0,41.46825396825397,83.92857142857143,36.325,11.706349206349206,41.46825396825397,27.579365079365083,42.26190476190476,80.35714285714286,25.47,36.48409
2008-09-10,50.0,34.72222222222222,75.9920634920635,38.7,8.134920634920634,34.72222222222222,27.579365079365083,38.2936507936508,81.54761904761905,24.52,36.78251
2008-09-11,50.0,75.1984126984127,68.05555555555556,39.025,34.32539682539682,75.1984126984127,38.88888888888889,40.67460317460318,86.30952380952381,24.39,37.47437
2008-09-12,50.0,37.5,58.33333333333333,35.849999999999994,44.24603174603175,37.5,44.24603174603175,71.62698412698413,93.05555555555556,25.66,37.32477
2008-09-15,50.0,96.62698412698413,51.58730158730158,20.75,83.53174603174604,96.62698412698413,16.865079365079367,28.76984126984127,66.86507936507937,31.7,36.16253
2008-09-16,50.0,91.07142857142857,55.55555555555556,24.25,43.05555555555556,91.07142857142857,32.34126984126984,58.13492063492064,72.42063492063491,30.3,36.44616
2008-09-17,50.0,97.02380952380952,62.10317460317461,9.450000000000003,92.26190476190477,97.02380952380952,5.753968253968254,61.30952380952381,61.30952380952381,36.22,34.55594
2008-09-18,50.0,99.8015873015873,61.111111111111114,17.25,80.75396825396825,99.8015873015873,33.33333333333333,70.83333333333334,68.45238095238095,33.1,35.72928
2008-09-19,50.0,87.10317460317461,52.38095238095238,19.825000000000003,54.563492063492056,87.10317460317461,57.341269841269835,50.99206349206349,89.48412698412699,32.07,36.89609
2008-09-22,50.0,54.166666666666664,64.68253968253968,15.375,32.73809523809524,54.166666666666664,22.42063492063492,58.92857142857143,82.34126984126985,33.85,35.16142
2008-09-23,50.0,16.865079365079367,79.36507936507937,10.700000000000003,37.10317460317461,16.865079365079367,15.277777777777779,69.64285714285714,74.8015873015873,35.72,34.89327
2008-09-24,50.0,69.24603174603175,78.17460317460318,12.025000000000006,75.1984126984127,69.24603174603175,13.095238095238097,39.08730158730159,74.0079365079365,35.19,35.13501
2008-09-25,50.0,10.119047619047619,76.19047619047619,17.950000000000003,55.35714285714286,10.119047619047619,27.976190476190478,43.84920634920635,83.13492063492063,32.82,35.69375
2008-09-26,50.0,95.83333333333334,77.97619047619048,13.149999999999991,93.84920634920636,95.83333333333334,32.93650793650794,68.05555555555556,80.75396825396825,34.74,35.32771
2008-09-29,50.0,50.198412698412696,76.19047619047619,0.0,77.57936507936508,50.198412698412696,0.1984126984126984,42.26190476190476,58.13492063492063,46.72,32.5277
2008-09-30,50.0,41.46825396825397,72.61904761904762,1.5250000000000057,34.32539682539682,41.46825396825397,12.5,34.72222222222222,77.97619047619048,39.39,33.46835
2008-10-01,50.0,23.61111111111111,71.82539682539682,0.4749999999999943,78.37301587301587,23.61111111111111,14.087301587301587,34.32539682539682,75.5952380952381,39.81,33.11195
2008-10-02,50.0,2.1825396825396823,72.61904761904762,0.0,91.07142857142857,2.1825396825396823,4.563492063492063,52.57936507936508,60.51587301587302,45.26,31.60343
2008-10-03,50.0,45.43650793650794,70.03968253968253,0.0,92.26190476190477,45.43650793650794,0.5952380952380952,46.62698412698413,57.34126984126984,45.14,31.11668
2008-10-06,50.0,0.5952380952380952,70.03968253968254,0.0,48.61111111111111,0.5952380952380952,0.1984126984126984,37.10317460317461,52.57936507936508,52.05,29.97857
2008-10-07,50.0,3.7698412698412698,67.85714285714286,0.0,60.51587301587301,3.7698412698412698,0.1984126984126984,19.246031746031747,44.64285714285714,53.68,28.08347
2008-10-08,50.0,5.357142857142857,66.46825396825398,0.0,66.07142857142857,5.357142857142857,0.1984126984126984,21.626984126984127,43.84920634920635,57.53,27.85107
2008-10-09,50.0,43.84920634920635,62.5,0.0,50.198412698412696,43.84920634920635,0.1984126984126984,17.261904761904763,17.261904761904773,63.92,27.10559
2008-10-10,50.0,13.293650793650794,59.920634920634924,0.0,64.88095238095238,13.293650793650794,0.7936507936507936,18.849206349206348,10.912698412698404,69.95,26.93971
2008-10-13,50.0,42.26190476190476,59.72222222222223,0.0,79.16666666666666,42.26190476190476,1.7857142857142856,42.26190476190476,54.16666666666667,54.99,30.20979
2008-10-14,50.0,91.07142857142857,62.10317460317461,0.0,80.75396825396825,91.07142857142857,2.1825396825396823,35.91269841269841,54.56349206349206,55.13,28.90846
2008-10-15,50.0,50.198412698412696,60.11904761904762,0.0,60.912698412698404,50.198412698412696,0.3968253968253968,14.880952380952381,21.626984126984127,69.25,26.31733
2008-10-16,50.0,2.976190476190476,61.904761904761905,0.0,74.0079365079365,2.976190476190476,2.1825396825396823,25.595238095238095,39.087301587301596,67.61,27.74612
2008-10-17,50.0,4.9603174603174605,62.8968253968254,0.0,78.76984126984127,4.9603174603174605,2.1825396825396823,30.357142857142854,36.30952380952381,70.33,27.78207
2008-10-20,50.0,8.134920634920634,61.904761904761905,0.0,63.69047619047619,8.134920634920634,9.126984126984127,30.357142857142854,50.992063492063494,52.97,28.55474
2008-10-21,50.0,64.48412698412699,59.920634920634924,0.0,74.40476190476191,64.48412698412699,4.166666666666666,24.00793650793651,38.29365079365079,53.11,27.07184
2008-10-22,50.0,15.674603174603174,59.12698412698413,0.0,71.62698412698413,15.674603174603174,3.373015873015873,11.30952380952381,10.515873015873012,69.65,26.32528
2008-10-23,50.0,1.3888888888888888,56.15079365079365,0.0,43.05555555555556,1.3888888888888888,4.563492063492063,2.1825396825396823,12.103174603174608,67.8,26.22044
2008-10-24,50.0,26.38888888888889,54.761904761904766,0.0,71.62698412698413,26.38888888888889,4.563492063492063,2.1825396825396823,2.1825396825396837,79.13,25.37688
2008-10-27,50.0,7.738095238095238,53.57142857142857,0.0,59.32539682539682,7.738095238095238,3.571428571428571,7.738095238095238,0.5952380952380878,80.06,24.67707
2008-10-28,50.0,14.484126984126986,53.968253968253975,0.0,73.21428571428571,14.484126984126986,29.166666666666668,31.547619047619047,33.92857142857143,66.96,27.39826
2008-10-29,50.0,4.9603174603174605,54.36507936507937,0.0,72.81746031746032,4.9603174603174605,26.58730158730159,29.166666666666668,30.753968253968253,69.96,27.33314
2008-10-30,50.0,28.76984126984127,55.15873015873016,0.0,67.65873015873017,28.76984126984127,56.547619047619044,33.13492063492063,47.023809523809526,62.9,28.24291
2008-10-31,50.0,25.992063492063494,56.349206349206355,0.0,80.35714285714286,25.992063492063494,77.57936507936508,13.690476190476192,99.8015873015873,59.89,28.28748
2008-11-03,50.0,11.30952380952381,56.547619047619044,0.0,71.23015873015873,11.30952380952381,81.94444444444444,9.722222222222223,99.4047619047619,53.68,28.22335
2008-11-04,50.0,20.833333333333336,55.35714285714286,0.0,62.89682539682539,20.833333333333336,96.23015873015873,10.515873015873016,99.8015873015873,47.73,29.02233
2008-11-05,50.0,4.563492063492063,55.35714285714286,0.0,73.61111111111111,4.563492063492063,71.03174603174604,19.642857142857142,94.24603174603175,54.56,27.51492
2008-11-06,50.0,22.817460317460316,54.96031746031746,0.0,72.02380952380952,22.817460317460316,24.801587301587304,13.293650793650794,72.42063492063491,63.68,26.28169
2008-11-07,50.0,92.26190476190477,54.96031746031746,0.0,99.8015873015873,92.26190476190477,46.62698412698413,14.880952380952381,91.07142857142857,56.1,26.82285
2008-11-10,50.0,18.055555555555554,54.36507936507937,0.0,97.81746031746032,18.055555555555554,37.5,5.753968253968254,84.32539682539682,59.98,26.4596
2008-11-11,50.0,39.88095238095239,53.96825396825397,0.0,95.43650793650794,39.88095238095239,30.952380952380953,3.373015873015873,70.43650793650794,61.44,25.88409
2008-11-12,50.0,1.3888888888888888,52.77777777777778,0.0,78.76984126984127,1.3888888888888888,8.531746031746032,3.373015873015873,55.357142857142854,66.46,24.6868
2008-11-13,50.0,4.166666666666666,52.38095238095239,0.0,83.92857142857143,4.166666666666666,44.642857142857146,12.103174603174603,77.97619047619048,59.83,26.19413
2008-11-14,50.0,2.976190476190476,52.182539682539684,0.0,82.73809523809523,2.976190476190476,24.206349206349206,12.103174603174603,56.15079365079365,66.31,24.92795
2008-11-17,50.0,1.3888888888888888,51.98412698412699,0.0,72.81746031746032,1.3888888888888888,17.46031746031746,4.166666666666666,52.57936507936508,69.15,24.40616
2008-11-18,50.0,5.753968253968254,52.182539682539684,0.0,54.563492063492056,5.753968253968254,23.214285714285715,4.563492063492063,52.57936507936508,67.64,24.37895
2008-11-19,50.0,6.547619047619048,51.785714285714285,0.0,63.29365079365079,6.547619047619048,5.555555555555555,0.5952380952380952,44.64285714285714,74.26,23.10176
2008-11-20,50.0,13.690476190476192,50.595238095238095,0.0,74.0079365079365,13.690476190476192,0.992063492063492,0.1984126984126984,8.92857142857143,80.86,21.9832
2008-11-21,50.0,8.531746031746032,50.1984126984127,0.0,71.23015873015873,8.531746031746032,7.738095238095238,4.166666666666666,31.944444444444443,72.67,22.93656
2008-11-24,50.0,32.73809523809524,50.7936507936508,0.0,90.27777777777779,32.73809523809524,28.373015873015873,9.722222222222223,49.404761904761905,64.7,24.34182
2008-11-25,50.0,9.325396825396826,50.3968253968254,0.0,73.61111111111111,9.325396825396826,31.547619047619047,6.15079365079365,46.230158730158735,60.9,24.22428
2008-11-26,50.0,2.579365079365079,51.19047619047619,0.0,60.51587301587301,2.579365079365079,56.74603174603175,20.03968253968254,49.404761904761905,54.92,25.24564
2008-11-28,50.0,6.944444444444445,52.579365079365076,0.0,83.13492063492063,6.944444444444445,68.45238095238095,10.119047619047619,50.198412698412696,55.84,25.04172
2008-12-01,50.0,0.1984126984126984,52.57936507936508,0.0,48.61111111111111,0.1984126984126984,11.30952380952381,4.9603174603174605,97.81746031746032,68.51,23.16469
2008-12-02,50.0,2.1825396825396823,51.98412698412698,0.0,86.30952380952381,2.1825396825396823,35.51587301587302,6.15079365079365,99.4047619047619,62.98,23.93558
2008-12-03,50.0,4.166666666666666,52.976190476190474,0.0,62.10317460317461,4.166666666666666,64.0873015873016,14.484126984126986,99.8015873015873,60.72,24.61692
2008-12-04,50.0,0.1984126984126984,51.58730158730159,0.0,49.801587301587304,0.1984126984126984,43.452380952380956,5.753968253968254,97.81746031746032,63.64,23.91811
2008-12-05,50.0,6.15079365079365,52.77777777777778,0.0,43.05555555555556,6.15079365079365,76.98412698412699,15.674603174603174,99.8015873015873,59.93,24.89092
2008-12-08,50.0,11.706349206349206,54.36507936507936,0.0,59.72222222222222,11.706349206349206,96.82539682539682,34.32539682539682,99.8015873015873,58.49,25.8677
2008-12-09,50.0,4.563492063492063,55.952380952380956,0.0,41.46825396825397,4.563492063492063,91.46825396825396,12.5,99.4047619047619,58.91,25.81311
2008-12-10,50.0,0.1984126984126984,55.75396825396825,0.0,31.944444444444443,0.1984126984126984,96.23015873015873,32.73809523809524,99.4047619047619,55.73,25.72693
2008-12-11,50.0,0.5952380952380952,56.349206349206355,0.0,51.78571428571429,0.5952380952380952,74.20634920634922,11.30952380952381,98.21428571428571,55.78,25.01531
2008-12-12,50.0,0.992063492063492,56.54761904761905,0.0,40.27777777777778,0.992063492063492,87.89682539682539,23.214285714285715,98.61111111111111,54.28,25.52858
2008-12-15,50.0,0.1984126984126984,54.96031746031746,0.0,50.99206349206349,0.1984126984126984,75.0,21.626984126984127,96.62698412698413,56.76,25.07747
2008-12-16,50.0,18.055555555555554,58.531746031746025,0.0,63.69047619047619,18.055555555555554,97.81746031746032,50.99206349206349,97.02380952380952,52.37,26.28169
2008-12-17,50.0,8.531746031746032,59.72222222222222,0.0,51.78571428571429,8.531746031746032,96.03174603174604,58.13492063492064,94.64285714285714,49.84,25.9639
2008-12-18,50.0,0.1984126984126984,62.89682539682539,0.0,35.51587301587302,0.1984126984126984,89.48412698412699,35.11904761904761,90.27777777777777,47.34,25.51002
2008-12-19,50.0,0.1984126984126984,62.698412698412696,0.0,28.373015873015873,0.1984126984126984,82.34126984126983,23.61111111111111,87.89682539682539,44.93,25.7181
2008-12-22,50.0,1.3888888888888888,61.90476190476191,0.0,24.404761904761905,1.3888888888888888,68.84920634920636,15.674603174603174,86.30952380952381,44.56,25.16026
2008-12-23,50.0,0.1984126984126984,58.73015873015873,0.0,22.817460317460316,0.1984126984126984,60.51587301587301,11.706349206349206,83.92857142857143,45.02,25.03288
2008-12-24,50.0,2.579365079365079,53.37301587301587,0.0,59.72222222222222,2.579365079365079,60.71428571428571,13.690476190476192,86.7063492063492,44.21,25.09702
2008-12-26,50.0,2.1825396825396823,51.98412698412699,0.0,57.341269841269835,2.1825396825396823,67.65873015873017,6.944444444444445,86.30952380952381,43.38,25.08729
2008-12-29,50.0,2.1825396825396823,51.98412698412699,0.0,54.166666666666664,2.1825396825396823,58.333333333333336,15.277777777777779,83.53174603174602,43.9,24.88209
2008-12-30,50.0,4.9603174603174605,51.98412698412699,0.0,41.07142857142857,4.9603174603174605,78.17460317460318,24.00793650793651,91.07142857142857,41.63,25.39535
2008-12-31,50.0,4.563492063492063,54.56349206349207,0.0,29.96031746031746,4.563492063492063,96.23015873015873,64.48412698412699,99.8015873015873,40.0,25.61862
2009-01-02,50.0,6.944444444444445,57.93650793650794,2.0250000000000057,34.72222222222222,6.944444444444445,99.8015873015873,48.214285714285715,99.8015873015873,39.19,26.72775
2009-01-05,50.0,2.579365079365079,65.67460317460318,2.3000000000000114,31.944444444444443,2.579365079365079,98.61111111111111,52.57936507936508,99.8015873015873,39.08,26.71921
2009-01-06,50.0,6.15079365079365,69.44444444444444,3.5999999999999943,19.642857142857142,6.15079365079365,98.21428571428571,72.42063492063492,99.8015873015873,38.56,26.98527
2009-01-07,50.0,13.690476190476192,70.43650793650794,0.0,14.880952380952381,13.690476190476192,89.88095238095238,36.7063492063492,98.61111111111111,43.39,26.22044
2009-01-08,50.0,0.992063492063492,68.05555555555556,0.0,47.42063492063492,0.992063492063492,89.0873015873016,32.34126984126984,98.21428571428571,42.56,26.49653
2009-01-09,50.0,2.976190476190476,65.67460317460318,0.0,7.341269841269842,2.976190476190476,64.0873015873016,33.92857142857143,97.81746031746032,42.82,25.89968
2009-01-12,50.0,10.515873015873016,61.904761904761905,0.0,11.30952380952381,10.515873015873016,38.88888888888889,22.817460317460316,97.02380952380952,45.84,25.42345
2009-01-13,50.0,16.46825396825397,54.76190476190476,0.0,56.547619047619044,16.46825396825397,36.7063492063492,16.071428571428573,96.62698412698413,43.27,25.43119
2009-01-14,50.0,14.087301587301587,50.1984126984127,0.0,49.404761904761905,14.087301587301587,16.46825396825397,6.547619047619048,96.23015873015873,49.14,24.65871
2009-01-15,50.0,86.70634920634922,49.60317460317461,0.0,95.83333333333334,86.70634920634922,25.793650793650798,19.246031746031747,95.83333333333333,51.0,25.06098
2009-01-16,50.0,81.54761904761905,49.801587301587304,0.0,78.37301587301587,81.54761904761905,37.10317460317461,31.944444444444443,96.23015873015873,46.11,25.333
2009-01-20,50.0,56.15079365079365,49.404761904761905,0.0,40.27777777777778,56.15079365079365,11.507936507936508,7.341269841269842,95.03968253968254,56.65,24.08241
2009-01-21,50.0,86.70634920634922,52.77777777777778,0.0,60.51587301587301,86.70634920634922,27.18253968253968,14.087301587301587,97.42063492063492,46.42,25.10576
2009-01-22,50.0,50.99206349206349,53.96825396825397,0.0,83.92857142857143,50.99206349206349,22.023809523809522,8.134920634920634,97.42063492063492,47.29,24.76653
2009-01-23,50.0,8.928571428571429,55.15873015873016,0.0,86.70634920634922,8.928571428571429,22.61904761904762,21.23015873015873,97.42063492063492,47.27,24.89092
2009-01-26,50.0,2.1825396825396823,56.150793650793645,0.0,49.007936507936506,2.1825396825396823,34.32539682539682,36.30952380952381,97.81746031746032,45.69,25.06883
2009-01-27,50.0,2.579365079365079,58.730158730158735,0.0,19.642857142857142,2.579365079365079,42.26190476190476,30.753968253968257,97.02380952380952,42.25,25.25427
2009-01-28,0.1984126984126984,56.94444444444444,65.67460317460318,0.8500000000000085,72.81746031746032,56.94444444444444,67.65873015873017,66.46825396825396,99.4047619047619,39.66,26.14261
2009-01-29,50.0,6.944444444444445,68.65079365079364,0.0,40.27777777777778,6.944444444444445,39.48412698412698,33.92857142857143,99.8015873015873,42.63,25.47695
2009-01-30,50.0,2.1825396825396823,67.06349206349206,0.0,37.89682539682539,2.1825396825396823,25.595238095238095,20.833333333333336,98.21428571428571,44.84,25.03288
2009-02-02,50.0,7.738095238095238,64.48412698412699,0.0,23.214285714285715,7.738095238095238,31.150793650793652,6.547619047619048,99.8015873015873,45.52,25.333
2009-02-03,50.0,8.134920634920634,64.68253968253968,0.0,29.96031746031746,8.134920634920634,44.642857142857146,31.547619047619047,99.8015873015873,43.06,25.72693
2009-02-04,50.0,18.849206349206348,59.32539682539682,0.0,41.46825396825397,18.849206349206348,49.801587301587304,28.76984126984127,99.8015873015873,43.85,25.76158
2009-02-05,50.0,66.46825396825396,58.73015873015873,0.0,69.64285714285714,66.46825396825396,64.88095238095238,28.76984126984127,99.8015873015873,43.73,26.32528
2009-02-06,50.0,58.92857142857143,61.9047619047619,0.0,64.88095238095238,58.92857142857143,81.74603174603175,53.37301587301587,99.8015873015873,43.37,27.02131
2009-02-09,50.0,27.579365079365083,68.65079365079364,0.0,74.40476190476191,27.579365079365083,85.71428571428571,72.81746031746032,99.8015873015873,43.64,27.13398
2009-02-10,50.0,43.05555555555556,69.84126984126983,0.0,64.48412698412699,43.05555555555556,45.23809523809524,46.230158730158735,97.81746031746032,46.67,26.13407
2009-02-11,50.0,20.436507936507937,69.84126984126985,0.0,50.198412698412696,20.436507936507937,48.61111111111111,33.13492063492063,97.42063492063492,44.53,26.00957
2009-02-12,50.0,30.357142857142854,70.43650793650794,0.0,42.65873015873016,30.357142857142854,50.99206349206349,29.563492063492063,97.02380952380952,41.25,26.32528
2009-02-13,50.0,40.67460317460318,70.23809523809524,0.0,33.92857142857143,40.67460317460318,47.61904761904761,25.198412698412696,97.42063492063492,42.93,26.21081
2009-02-17,50.0,10.515873015873016,62.301587301587304,0.0,33.53174603174603,10.515873015873016,20.833333333333336,7.738095238095238,95.83333333333333,48.66,25.1679
2009-02-18,50.0,18.849206349206348,57.539682539682545,0.0,60.51587301587301,18.849206349206348,16.865079365079367,4.563492063492063,95.83333333333333,48.46,25.1825
2009-02-19,50.0,38.69047619047619,54.16666666666667,0.0,40.27777777777778,38.69047619047619,14.880952380952381,2.976190476190476,95.83333333333333,47.08,24.79472
2009-02-20,50.0,50.99206349206349,52.57936507936508,0.0,74.0079365079365,50.99206349206349,12.5,4.166666666666666,95.03968253968254,49.3,24.86571
2009-02-23,50.0,20.436507936507937,50.7936507936508,0.0,45.83333333333333,20.436507936507937,7.142857142857142,1.3888888888888888,94.24603174603175,52.62,23.99574
2009-02-24,0.5952380952380952,60.51587301587301,50.7936507936508,0.0,77.18253968253968,60.51587301587301,15.873015873015872,4.9603174603174605,95.03968253968254,45.49,24.78608
2009-02-25,50.0,49.007936507936506,50.992063492063494,0.0,68.05555555555556,49.007936507936506,12.5,7.341269841269842,95.83333333333333,44.67,24.62466
2009-02-26,50.0,58.53174603174603,51.19047619047619,0.0,42.65873015873016,58.53174603174603,12.103174603174603,3.7698412698412698,95.43650793650794,44.66,23.93558
2009-02-27,50.0,18.452380952380953,50.5952380952381,0.0,44.642857142857146,18.452380952380953,13.095238095238097,0.992063492063492,94.64285714285714,46.35,23.71101
2009-03-02,50.0,5.753968253968254,50.1984126984127,0.0,22.817460317460316,5.753968253968254,5.158730158730158,0.1984126984126984,99.0079365079365,52.65,22.93656
2009-03-03,50.0,3.7698412698412698,50.0,0.0,21.23015873015873,3.7698412698412698,4.9603174603174605,0.5952380952380952,98.61111111111111,50.93,22.92802
2009-03-04,50.0,7.738095238095238,50.0,0.0,75.59523809523809,7.738095238095238,9.523809523809524,2.1825396825396823,99.8015873015873,47.56,23.54492
2009-03-05,50.0,12.103174603174603,50.0,0.0,50.99206349206349,12.103174603174603,6.547619047619048,0.1984126984126984,97.81746031746032,50.17,22.83351
2009-03-06,50.0,19.246031746031747,50.0,0.0,50.99206349206349,19.246031746031747,9.126984126984127,0.5952380952380952,97.81746031746032,49.33,22.64895
2009-03-09,50.0,9.722222222222223,50.00000000000001,0.0,48.61111111111111,9.722222222222223,9.325396825396826,2.579365079365079,97.81746031746032,49.68,22.16895
2009-03-10,50.0,34.32539682539682,50.198412698412696,0.0,50.595238095238095,34.32539682539682,30.555555555555557,7.738095238095238,99.4047619047619,44.37,23.54492
2009-03-11,50.0,75.1984126984127,50.79365079365079,0.0,65.27777777777779,75.1984126984127,36.904761904761905,14.880952380952381,99.0079365079365,43.61,23.90053
2009-03-12,50.0,70.03968253968253,51.98412698412699,0.0,83.53174603174604,70.03968253968253,62.301587301587304,33.53174603174603,99.8015873015873,41.18,24.69544
2009-03-13,50.0,86.70634920634922,55.55555555555555,0.0,75.1984126984127,86.70634920634922,70.43650793650794,43.84920634920635,99.8015873015873,42.36,24.74896
2009-03-16,50.0,85.9126984126984,57.14285714285714,0.0,91.86507936507937,85.9126984126984,70.83333333333334,16.46825396825397,99.8015873015873,43.74,24.34182
2009-03-17,50.0,80.35714285714286,58.92857142857143,0.0,57.738095238095234,80.35714285714286,93.84920634920636,22.023809523809522,99.8015873015873,40.8,25.26311
2009-03-18,50.0,99.40476190476191,65.27777777777777,0.0,89.0873015873016,99.40476190476191,99.40476190476191,63.69047619047619,95.43650793650794,40.06,25.58099
2009-03-19,50.0,90.67460317460318,65.27777777777777,0.0,83.92857142857143,90.67460317460318,96.23015873015873,40.67460317460318,95.43650793650794,43.68,25.56332
2009-03-20,50.0,42.65873015873016,61.904761904761905,0.0,61.70634920634921,42.65873015873016,90.67460317460318,21.23015873015873,95.03968253968254,45.89,25.17564
2009-03-23,50.0,97.42063492063492,65.27777777777777,0.0,91.46825396825396,97.42063492063492,99.8015873015873,54.563492063492056,98.61111111111111,43.23,26.65795
2009-03-24,50.0,95.43650793650794,69.24603174603175,0.0,87.10317460317461,95.43650793650794,99.40476190476191,56.15079365079365,96.62698412698413,42.93,26.16802
2009-03-25,50.0,96.62698412698413,69.04761904761905,0.0,86.30952380952381,96.62698412698413,99.40476190476191,61.70634920634921,99.4047619047619,42.25,26.28169
2009-03-26,50.0,79.56349206349206,73.41269841269842,0.0,52.57936507936508,79.56349206349206,99.8015873015873,75.1984126984127,99.0079365079365,40.36,27.09616
2009-03-27,50.0,92.26190476190477,75.79365079365078,0.0,57.341269841269835,92.26190476190477,99.0079365079365,50.198412698412696,98.21428571428571,41.04,26.58697
2009-03-30,50.0,75.59523809523809,74.8015873015873,0.0,39.08730158730159,75.59523809523809,93.45238095238095,39.48412698412698,95.03968253968254,45.54,25.92787
2009-03-31,50.0,68.84920634920636,72.02380952380952,0.0,35.91269841269841,68.84920634920636,95.63492063492063,38.69047619047619,99.8015873015873,44.14,26.16038
2009-04-01,50.0,89.88095238095238,68.84920634920636,0.0,52.57936507936508,89.88095238095238,95.03968253968253,35.91269841269841,99.8015873015873,42.28,26.55272
2009-04-02,50.0,87.89682539682539,66.46825396825398,0.0,46.62698412698413,87.89682539682539,99.0079365079365,63.29365079365079,99.8015873015873,42.04,27.39826
2009-04-03,50.0,77.97619047619048,67.06349206349206,0.75,31.944444444444443,77.97619047619048,99.0079365079365,51.78571428571429,99.8015873015873,39.7,27.90646
2009-04-06,50.0,50.595238095238095,70.83333333333333,0.0,33.92857142857143,50.595238095238095,97.02380952380952,65.67460317460318,99.8015873015873,40.93,27.83369
2009-04-07,50.0,54.563492063492056,73.21428571428572,0.0,34.72222222222222,54.563492063492056,85.9126984126984,58.13492063492064,99.0079365079365,40.39,27.10559
2009-04-08,50.0,56.547619047619044,76.98412698412699,2.875,16.071428571428573,56.547619047619044,93.05555555555556,65.27777777777779,98.61111111111111,38.85,27.56058
2009-04-09,50.0,99.8015873015873,81.34920634920636,8.674999999999997,99.8015873015873,99.8015873015873,97.02380952380952,91.07142857142857,99.8015873015873,36.53,28.42171
2009-04-13,50.0,99.8015873015873,87.69841269841271,5.474999999999994,99.8015873015873,99.8015873015873,93.84920634920636,96.23015873015873,99.0079365079365,37.81,28.37911
2009-04-14,50.0,99.8015873015873,89.28571428571428,5.824999999999989,99.8015873015873,99.8015873015873,87.3015873015873,79.16666666666666,97.42063492063492,37.67,28.03016
2009-04-15,50.0,98.21428571428571,90.47619047619048,9.574999999999989,98.21428571428571,98.21428571428571,89.88095238095238,75.59523809523809,97.81746031746032,36.17,27.95034
2009-04-16,0.1984126984126984,90.27777777777779,91.66666666666666,10.525000000000006,95.43650793650794,90.27777777777779,93.65079365079364,86.70634920634922,98.21428571428571,35.79,28.67526
2009-04-17,0.1984126984126984,89.48412698412699,90.27777777777777,15.150000000000006,97.81746031746032,89.48412698412699,92.65873015873017,87.10317460317461,99.8015873015873,33.94,28.7385
2009-04-20,50.0,97.81746031746032,86.9047619047619,2.0500000000000114,89.0873015873016,97.81746031746032,67.06349206349206,62.10317460317461,97.02380952380952,39.18,27.81721
2009-04-21,0.5952380952380952,98.21428571428571,87.8968253968254,7.150000000000006,83.53174603174604,98.21428571428571,80.35714285714286,86.30952380952381,99.0079365079365,37.14,28.19724
2009-04-22,0.1984126984126984,95.03968253968253,86.7063492063492,4.75,77.57936507936508,95.03968253968253,73.80952380952381,71.62698412698413,99.0079365079365,38.1,28.28748
2009-04-23,0.1984126984126984,91.46825396825396,84.12698412698413,7.125,66.86507936507937,91.46825396825396,73.21428571428571,67.65873015873017,98.61111111111111,37.15,28.56268
2009-04-24,0.1984126984126984,96.23015873015873,83.53174603174604,7.950000000000003,86.30952380952381,96.23015873015873,78.57142857142857,77.57936507936508,99.8015873015873,36.82,29.068
2009-04-27,0.992063492063492,77.18253968253968,82.34126984126985,4.199999999999989,30.357142857142854,77.18253968253968,74.0079365079365,50.595238095238095,97.81746031746032,38.32,29.10195
2009-04-28,1.3888888888888888,72.81746031746032,78.17460317460319,5.125,38.69047619047619,72.81746031746032,72.81746031746032,56.94444444444444,99.4047619047619,37.95,28.88225
2009-04-29,50.0,82.34126984126983,76.58730158730158,9.800000000000011,54.563492063492056,82.34126984126983,87.5,61.30952380952381,99.8015873015873,36.08,29.28164
2009-04-30,0.1984126984126984,66.86507936507937,76.1904761904762,8.75,16.46825396825397,66.86507936507937,80.75396825396825,60.11904761904761,99.4047619047619,36.5,29.57322
2009-05-01,0.1984126984126984,82.73809523809523,72.81746031746033,11.75,23.61111111111111,82.73809523809523,81.15079365079364,60.912698412698404,99.8015873015873,35.3,29.65314
2009-05-04,0.1984126984126984,97.42063492063492,75.7936507936508,13.674999999999997,86.30952380952381,97.42063492063492,92.85714285714286,82.34126984126983,99.8015873015873,34.53,30.23609
2009-05-05,0.5952380952380952,86.30952380952381,78.76984126984127,16.599999999999994,48.214285714285715,86.30952380952381,91.86507936507937,86.70634920634922,99.8015873015873,33.36,30.20979
2009-05-06,0.1984126984126984,98.61111111111111,85.9126984126984,18.875,98.21428571428571,98.61111111111111,90.47619047619048,98.61111111111111,99.8015873015873,32.45,30.21962
2009-05-07,1.7857142857142856,98.21428571428571,88.0952380952381,16.400000000000006,93.84920634920636,98.21428571428571,72.42063492063492,93.45238095238095,99.8015873015873,33.44,29.51107
2009-05-08,0.1984126984126984,99.8015873015873,89.6825396825397,19.875000000000014,99.0079365079365,99.8015873015873,86.70634920634922,96.62698412698413,99.8015873015873,32.05,29.52875
2009-05-11,1.7857142857142856,97.42063492063492,89.0873015873016,17.825000000000017,87.10317460317461,97.42063492063492,71.42857142857143,90.27777777777779,97.81746031746032,32.87,29.63448
2009-05-12,2.579365079365079,95.43650793650794,90.67460317460318,20.5,81.15079365079364,95.43650793650794,67.65873015873017,92.26190476190477,97.42063492063492,31.8,29.27201
2009-05-13,4.9603174603174605,87.89682539682539,87.5,15.875,47.42063492063492,87.89682539682539,45.03968253968254,72.02380952380952,95.83333333333333,33.65,28.48574
2009-05-14,4.166666666666666,90.27777777777779,87.10317460317461,21.575000000000003,44.642857142857146,90.27777777777779,51.388888888888886,79.56349206349206,95.83333333333333,31.37,28.80442
2009-05-15,6.15079365079365,66.46825396825396,83.33333333333334,17.200000000000003,26.785714285714285,66.46825396825396,44.44444444444444,74.40476190476191,96.23015873015873,33.12,28.79499
2009-05-18,2.1825396825396823,93.84920634920636,83.53174603174602,24.400000000000006,68.45238095238095,93.84920634920636,68.05555555555556,84.32539682539682,99.0079365079365,30.24,29.53828
2009-05-19,1.7857142857142856,93.84920634920636,83.13492063492063,28.0,52.182539682539684,93.84920634920636,65.47619047619048,88.69047619047619,99.0079365079365,28.8,29.68104
2009-05-20,1.7857142857142856,97.42063492063492,85.9126984126984,27.424999999999997,96.62698412698413,97.42063492063492,57.341269841269835,87.5,97.02380952380952,29.03,29.57322
2009-05-21,2.579365079365079,94.24603174603175,85.51587301587301,21.625,73.61111111111111,94.24603174603175,39.08730158730159,75.1984126984127,99.4047619047619,31.35,29.03107
2009-05-22,2.579365079365079,90.27777777777779,85.11904761904762,18.424999999999983,54.166666666666664,90.27777777777779,39.08730158730159,62.89682539682539,99.8015873015873,32.63,28.93378
2009-05-26,2.976190476190476,86.70634920634922,84.72222222222223,23.450000000000003,60.912698412698404,86.70634920634922,69.44444444444444,77.18253968253968,99.8015873015873,30.62,30.01649
2009-05-27,2.1825396825396823,89.48412698412699,81.74603174603175,19.099999999999994,77.57936507936508,89.48412698412699,46.62698412698413,77.97619047619048,99.8015873015873,32.36,29.80175
2009-05-28,0.992063492063492,82.73809523809523,80.75396825396825,20.82499999999999,69.24603174603175,82.73809523809523,58.53174603174603,74.0079365079365,99.4047619047619,31.67,30.15161
2009-05-29,1.7857142857142856,67.65873015873017,80.15873015873015,27.69999999999999,37.10317460317461,67.65873015873017,69.24603174603175,92.65873015873017,98.61111111111111,28.92,30.52082
2009-06-01,0.1984126984126984,75.1984126984127,82.14285714285714,24.900000000000006,40.67460317460318,75.1984126984127,91.26984126984127,89.88095238095238,99.8015873015873,30.04,31.39069
2009-06-02,0.1984126984126984,83.13492063492063,82.14285714285714,25.92500000000001,54.96031746031746,83.13492063492063,92.65873015873017,93.05555555555556,99.0079365079365,29.63,31.43447
2009-06-03,0.992063492063492,43.05555555555556,80.15873015873015,22.450000000000003,20.03968253968254,43.05555555555556,85.11904761904762,68.84920634920636,98.21428571428571,31.02,31.33807
2009-06-04,0.5952380952380952,77.18253968253968,82.73809523809524,24.549999999999997,36.30952380952381,77.18253968253968,90.27777777777779,98.61111111111111,99.8015873015873,30.18,31.69278
2009-06-05,0.1984126984126984,78.76984126984127,84.32539682539682,25.950000000000003,49.801587301587304,78.76984126984127,85.71428571428571,94.64285714285714,99.8015873015873,29.62,31.72991
2009-06-08,1.7857142857142856,78.76984126984127,83.33333333333334,25.575000000000003,67.65873015873017,78.76984126984127,83.53174603174604,87.89682539682539,99.8015873015873,29.77,31.63858
2009-06-09,2.1825396825396823,87.5,83.53174603174604,29.325000000000003,34.32539682539682,87.5,84.92063492063492,96.62698412698413,99.4047619047619,28.27,31.88051
2009-06-10,0.5952380952380952,79.96031746031747,83.73015873015873,28.849999999999994,61.70634920634921,79.96031746031747,81.74603174603175,89.48412698412699,99.8015873015873,28.46,31.76476
2009-06-11,2.976190476190476,76.38888888888889,80.95238095238096,29.724999999999994,63.29365079365079,76.38888888888889,77.97619047619048,74.40476190476191,99.0079365079365,28.11,31.76476
2009-06-12,4.166666666666666,68.45238095238095,79.16666666666667,29.625,64.48412698412699,68.45238095238095,80.15873015873017,75.1984126984127,97.81746031746032,28.15,31.622
2009-06-15,4.9603174603174605,63.69047619047619,78.57142857142858,22.974999999999994,58.13492063492064,63.69047619047619,52.182539682539684,82.34126984126983,97.42063492063492,30.81,30.97362
2009-06-16,8.928571428571429,70.03968253968253,72.81746031746032,18.299999999999997,59.32539682539682,70.03968253968253,41.46825396825397,62.10317460317461,95.03968253968254,32.68,30.67162
2009-06-17,12.103174603174603,80.35714285714286,70.23809523809524,21.150000000000006,74.40476190476191,80.35714285714286,40.07936507936508,68.45238095238095,95.03968253968254,31.54,30.96399
2009-06-18,13.690476190476192,65.67460317460318,69.44444444444444,24.924999999999997,68.84920634920636,65.67460317460318,45.03968253968254,66.46825396825396,97.81746031746032,30.03,30.90184
2009-06-19,11.706349206349206,72.42063492063492,70.43650793650794,30.025000000000006,77.57936507936508,72.42063492063492,46.62698412698413,83.13492063492063,97.02380952380952,27.99,31.23522
2009-06-22,16.071428571428573,79.16666666666666,68.84920634920636,22.07499999999999,72.81746031746032,79.16666666666666,25.595238095238095,75.9920634920635,93.84920634920636,31.17,30.30032
2009-06-23,16.071428571428573,76.38888888888889,72.61904761904762,23.55000000000001,53.37301587301587,76.38888888888889,22.42063492063492,69.64285714285714,93.05555555555556,30.58,30.22726
2009-06-24,14.880952380952381,71.23015873015873,69.44444444444446,27.375,39.08730158730159,71.23015873015873,29.96031746031746,49.801587301587304,94.24603174603175,29.05,30.74449
2009-06-25,18.055555555555554,62.89682539682539,71.42857142857143,34.10000000000001,46.62698412698413,62.89682539682539,48.01587301587302,43.452380952380956,91.86507936507937,26.36,31.34482
2009-06-26,18.055555555555554,18.452380952380953,73.80952380952381,35.175,16.46825396825397,18.452380952380953,45.83333333333333,71.62698412698413,90.67460317460318,25.93,31.4168
2009-06-29,12.896825396825399,64.48412698412699,74.2063492063492,36.625,62.89682539682539,64.48412698412699,53.769841269841265,77.57936507936508,90.67460317460318,25.35,31.48787
2009-06-30,14.087301587301587,32.34126984126984,69.64285714285714,34.125,17.658730158730158,32.34126984126984,47.023809523809526,79.96031746031747,89.88095238095238,26.35,31.42573
2009-07-01,14.087301587301587,48.61111111111111,66.46825396825396,34.45,22.023809523809522,48.61111111111111,57.738095238095234,46.62698412698413,90.27777777777777,26.22,31.4442
2009-07-02,21.23015873015873,34.72222222222222,65.27777777777777,30.125,10.119047619047619,34.72222222222222,30.555555555555557,50.595238095238095,88.69047619047619,27.95,30.75303
2009-07-06,22.023809523809522,68.84920634920636,61.904761904761905,27.5,58.13492063492064,68.84920634920636,32.142857142857146,35.11904761904761,89.08730158730158,29.0,30.58406
2009-07-07,21.626984126984127,51.388888888888886,56.94444444444444,22.875,22.817460317460316,51.388888888888886,18.849206349206348,26.785714285714285,87.89682539682539,30.85,29.82111
2009-07-08,21.626984126984127,79.16666666666666,58.33333333333333,21.75,83.53174603174604,79.16666666666666,18.452380952380953,34.72222222222222,85.11904761904762,31.3,29.97857
2009-07-09,22.023809523809522,56.547619047619044,65.47619047619048,25.549999999999997,24.404761904761905,56.547619047619044,18.055555555555554,67.26190476190477,86.7063492063492,29.78,30.03605
2009-07-10,31.944444444444443,56.94444444444444,67.85714285714286,27.450000000000003,42.65873015873016,56.94444444444444,21.428571428571427,42.65873015873016,83.53174603174602,29.02,30.15945
2009-07-13,34.72222222222222,89.88095238095238,70.83333333333334,34.22500000000001,92.65873015873017,89.88095238095238,44.44444444444444,63.29365079365079,85.91269841269842,26.31,30.74449
2009-07-14,27.18253968253968,84.32539682539682,74.4047619047619,37.45,85.51587301587301,84.32539682539682,56.547619047619044,67.26190476190477,88.2936507936508,25.02,30.84734
2009-07-15,29.563492063492063,93.05555555555556,79.36507936507937,35.275000000000006,81.15079365079364,93.05555555555556,88.29365079365078,88.69047619047619,92.65873015873015,25.89,31.88896
2009-07-16,34.32539682539682,74.40476190476191,75.5952380952381,36.449999999999996,75.1984126984127,74.40476190476191,94.04761904761905,87.89682539682539,91.86507936507937,25.42,32.26998
2009-07-17,48.214285714285715,85.51587301587301,79.16666666666666,39.15,97.02380952380952,85.51587301587301,90.27777777777779,91.86507936507937,93.84920634920636,24.34,32.44511
2009-07-20,27.976190476190478,87.10317460317461,81.74603174603175,39.0,77.97619047619048,87.10317460317461,93.45238095238095,84.32539682539682,92.26190476190476,24.4,32.75902
2009-07-21,39.08730158730159,70.43650793650794,80.75396825396825,40.324999999999996,43.452380952380956,70.43650793650794,90.87301587301587,70.43650793650794,89.48412698412699,23.87,32.97763
2009-07-22,45.43650793650794,89.0873015873016,78.37301587301587,41.325,74.40476190476191,89.0873015873016,90.27777777777779,81.94444444444444,91.46825396825398,23.47,33.25282
2009-07-23,39.88095238095239,41.46825396825397,77.77777777777777,41.425,8.134920634920634,41.46825396825397,96.23015873015873,78.37301587301587,96.62698412698413,23.43,33.98926
2009-07-24,47.817460317460316,71.62698412698413,75.39682539682539,42.275,73.21428571428571,71.62698412698413,96.82539682539682,91.46825396825396,95.83333333333333,23.09,33.98926
2009-07-27,33.13492063492063,66.86507936507937,78.96825396825398,39.3,25.595238095238095,66.86507936507937,97.02380952380952,97.81746031746032,97.02380952380952,24.28,33.98926
2009-07-28,31.150793650793652,47.817460317460316,82.53968253968254,37.474999999999994,26.38888888888889,47.817460317460316,96.82539682539682,86.70634920634922,96.23015873015873,25.01,34.0936
2009-07-29,47.023809523809526,56.547619047619044,78.96825396825396,35.974999999999994,29.563492063492063,56.547619047619044,94.44444444444444,66.86507936507937,93.84920634920636,25.61,33.98151
2009-07-30,46.62698412698413,76.38888888888889,83.73015873015873,36.50000000000001,20.833333333333336,76.38888888888889,97.02380952380952,95.43650793650794,93.45238095238095,25.4,34.175
2009-07-31,48.214285714285715,73.61111111111111,84.32539682539682,35.19999999999999,56.15079365079365,73.61111111111111,93.84920634920636,96.62698412698413,79.96031746031746,25.92,34.07573
2009-08-03,60.11904761904761,62.10317460317461,83.33333333333333,36.10000000000001,56.15079365079365,62.10317460317461,97.42063492063492,98.61111111111111,82.73809523809524,25.56,34.58125
2009-08-04,58.13492063492064,63.29365079365079,87.5,37.775,31.150793650793652,63.29365079365079,94.24603174603175,99.40476190476191,84.32539682539682,24.89,34.58125
2009-08-05,59.72222222222222,91.86507936507937,91.86507936507937,37.75,65.67460317460318,91.86507936507937,84.72222222222221,99.8015873015873,87.5,24.9,34.31786
2009-08-06,45.43650793650794,96.23015873015873,92.06349206349206,35.82499999999999,92.26190476190477,96.23015873015873,77.18253968253968,99.40476190476191,86.7063492063492,25.67,34.01467
2009-08-07,58.13492063492064,95.83333333333334,94.04761904761904,38.099999999999994,95.03968253968253,95.83333333333334,82.73809523809523,98.61111111111111,90.27777777777777,24.76,34.45099
2009-08-10,46.62698412698413,78.76984126984127,95.83333333333334,37.525000000000006,58.13492063492064,78.76984126984127,77.57936507936508,99.0079365079365,87.10317460317461,24.99,34.2021
2009-08-11,33.53174603174603,91.07142857142857,97.42063492063491,35.025000000000006,81.15079365079364,91.07142857142857,69.24603174603175,98.61111111111111,82.34126984126985,25.99,33.91153
2009-08-12,22.023809523809522,85.9126984126984,95.03968253968253,36.375,65.27777777777779,85.9126984126984,76.38888888888889,98.21428571428571,82.73809523809524,25.45,34.44117
2009-08-13,24.801587301587304,68.84920634920636,96.23015873015873,38.224999999999994,67.65873015873017,68.84920634920636,74.8015873015873,98.61111111111111,79.56349206349206,24.71,34.62493
2009-08-14,24.404761904761905,88.69047619047619,93.05555555555556,39.325,78.37301587301587,88.69047619047619,64.48412698412699,97.81746031746032,77.57936507936508,24.27,34.22941
2009-08-17,37.10317460317461,68.05555555555556,86.70634920634922,30.275000000000006,66.07142857142857,68.05555555555556,41.86507936507937,95.83333333333334,72.81746031746032,27.89,33.23525
2009-08-18,35.91269841269841,60.912698412698404,77.77777777777777,34.55,25.992063492063494,60.912698412698404,51.78571428571429,94.64285714285714,75.1984126984127,26.18,33.71327
2009-08-19,38.69047619047619,58.13492063492064,78.17460317460318,34.349999999999994,25.992063492063494,58.13492063492064,56.94444444444444,83.92857142857143,72.42063492063491,26.26,33.94468
2009-08-20,31.547619047619047,93.84920634920636,75.39682539682539,37.275,96.62698412698413,93.84920634920636,68.45238095238095,98.61111111111111,70.83333333333333,25.09,34.34309
2009-08-21,30.753968253968257,89.88095238095238,75.0,37.474999999999994,75.59523809523809,89.88095238095238,92.26190476190477,97.42063492063492,79.16666666666666,25.01,34.80562
2009-08-24,39.88095238095239,95.03968253968253,81.34920634920636,37.15,94.24603174603175,95.03968253968253,83.53174603174604,99.8015873015873,75.9920634920635,25.14,34.76977
2009-08-25,33.13492063492063,72.81746031746032,86.30952380952381,37.699999999999996,48.214285714285715,72.81746031746032,87.10317460317461,98.61111111111111,75.1984126984127,24.92,34.86875
2009-08-26,31.150793650793652,70.43650793650794,86.70634920634922,37.625,22.817460317460316,70.43650793650794,81.54761904761905,95.43650793650794,74.8015873015873,24.95,34.81534
2009-08-27,35.91269841269841,95.83333333333334,85.51587301587301,38.3,98.21428571428571,95.83333333333334,81.34920634920636,94.24603174603175,75.5952380952381,24.68,34.89327
2009-08-28,45.43650793650794,99.40476190476191,90.87301587301587,38.099999999999994,99.0079365079365,99.40476190476191,75.1984126984127,99.0079365079365,74.8015873015873,24.76,34.93011
2009-08-31,51.388888888888886,90.67460317460318,88.0952380952381,34.974999999999994,79.16666666666666,90.67460317460318,60.51587301587301,95.43650793650794,62.10317460317461,26.01,34.57341
2009-09-01,44.642857142857146,92.26190476190477,83.92857142857142,27.125,77.18253968253968,92.26190476190477,33.13492063492063,94.24603174603175,59.72222222222222,29.15,33.9291
2009-09-02,64.0873015873016,86.70634920634922,85.31746031746032,27.75,75.1984126984127,86.70634920634922,28.76984126984127,87.89682539682539,58.13492063492063,28.9,33.902
2009-09-03,55.35714285714286,77.18253968253968,85.31746031746032,32.25,18.452380952380953,77.18253968253968,39.88095238095239,90.67460317460318,58.53174603174603,27.1,34.13013
2009-09-04,44.642857142857146,77.57936507936508,79.96031746031747,36.849999999999994,46.230158730158735,77.57936507936508,54.563492063492056,87.10317460317461,62.89682539682539,25.26,34.86012
2009-09-08,48.214285714285715,46.62698412698413,82.53968253968253,35.95,26.38888888888889,46.62698412698413,65.27777777777779,96.62698412698413,64.48412698412699,25.62,35.18763
2009-09-09,61.30952380952381,72.81746031746032,84.92063492063492,39.2,47.023809523809526,72.81746031746032,70.83333333333334,89.0873015873016,64.48412698412699,24.32,35.48784
2009-09-10,35.91269841269841,70.83333333333334,83.53174603174602,41.125,57.341269841269835,70.83333333333334,74.0079365079365,95.43650793650794,60.91269841269841,23.55,35.82429
2009-09-11,31.547619047619047,32.73809523809524,83.33333333333334,39.625,0.1984126984126984,32.73809523809524,70.23809523809523,97.02380952380952,59.32539682539682,24.15,35.86034
2009-09-14,24.404761904761905,54.166666666666664,80.95238095238096,40.35,24.801587301587304,54.166666666666664,80.75396825396825,94.24603174603175,63.69047619047619,23.86,36.00389
2009-09-15,21.626984126984127,43.84920634920635,81.15079365079364,41.449999999999996,29.96031746031746,43.84920634920635,83.53174603174604,96.62698412698413,64.88095238095238,23.42,36.11975
2009-09-16,21.23015873015873,63.69047619047619,79.16666666666666,40.775,51.388888888888886,63.69047619047619,91.07142857142857,97.81746031746032,65.67460317460318,23.69,36.64164
2009-09-17,21.626984126984127,51.78571428571429,83.33333333333334,40.875,81.94444444444444,51.78571428571429,81.94444444444444,99.0079365079365,64.0873015873016,23.65,36.63271
2009-09-18,22.42063492063492,37.5,83.92857142857143,40.199999999999996,27.18253968253968,37.5,81.94444444444444,95.03968253968253,65.27777777777777,23.92,36.69297
2009-09-21,21.23015873015873,69.24603174603175,79.76190476190476,39.85,63.69047619047619,69.24603174603175,78.76984126984127,89.0873015873016,64.88095238095238,24.06,36.80853
2009-09-22,20.833333333333336,78.76984126984127,79.76190476190476,42.300000000000004,79.96031746031747,78.76984126984127,73.61111111111111,99.0079365079365,63.69047619047619,23.08,36.86888
2009-09-23,22.817460317460316,65.67460317460318,73.01587301587301,41.275000000000006,43.05555555555556,65.67460317460318,62.89682539682539,93.45238095238095,62.89682539682539,23.49,36.7027
2009-09-24,25.198412698412696,66.86507936507937,67.65873015873015,37.625,42.65873015873016,66.86507936507937,55.75396825396825,81.15079365079364,58.92857142857143,24.95,36.3725
2009-09-25,25.595238095238095,56.547619047619044,64.88095238095238,35.974999999999994,4.9603174603174605,56.547619047619044,44.642857142857146,85.11904761904762,54.96031746031746,25.61,36.0565
2009-09-28,25.198412698412696,79.16666666666666,67.26190476190476,37.800000000000004,4.9603174603174605,79.16666666666666,68.45238095238095,88.29365079365078,56.15079365079365,24.88,36.66775
2009-09-29,24.00793650793651,49.801587301587304,69.04761904761905,37.025,0.5952380952380952,49.801587301587304,61.30952380952381,93.45238095238095,54.96031746031746,25.19,36.5103
2009-09-30,24.404761904761905,52.182539682539684,68.25396825396825,35.974999999999994,6.547619047619048,52.182539682539684,50.595238095238095,87.89682539682539,49.404761904761905,25.61,36.52678
2009-10-01,26.38888888888889,65.27777777777779,65.67460317460316,29.325000000000003,1.7857142857142856,65.27777777777779,22.42063492063492,79.56349206349206,49.00793650793651,28.27,35.4522
2009-10-02,24.801587301587304,72.02380952380952,68.65079365079364,28.299999999999997,15.674603174603174,72.02380952380952,15.674603174603174,77.57936507936508,49.00793650793651,28.68,35.34498
2009-10-05,22.817460317460316,67.26190476190477,66.46825396825398,32.900000000000006,3.7698412698412698,67.26190476190477,26.785714285714285,84.72222222222221,49.00793650793651,26.84,35.6307
2009-10-06,22.023809523809522,79.96031746031747,63.888888888888886,35.75,26.785714285714285,79.96031746031747,36.7063492063492,83.92857142857143,49.00793650793651,25.7,36.25565
2009-10-07,24.801587301587304,44.642857142857146,67.46031746031746,38.3,49.007936507936506,44.642857142857146,39.88095238095239,94.24603174603175,48.611111111111114,24.68,36.36367
2009-10-08,22.817460317460316,38.69047619047619,73.61111111111111,39.55,1.3888888888888888,38.69047619047619,48.01587301587302,92.65873015873017,49.00793650793651,24.18,36.51824
2009-10-09,23.214285714285715,50.595238095238095,72.81746031746032,42.199999999999996,0.992063492063492,50.595238095238095,55.35714285714286,91.86507936507937,50.198412698412696,23.12,36.7299
2009-10-12,25.595238095238095,44.642857142857146,71.23015873015873,42.474999999999994,11.706349206349206,44.642857142857146,55.35714285714286,96.23015873015873,50.198412698412696,23.01,36.80853
2009-10-13,26.785714285714285,68.45238095238095,68.65079365079364,42.525000000000006,28.76984126984127,68.45238095238095,54.166666666666664,89.48412698412699,49.404761904761905,22.99,36.81826
2009-10-14,27.18253968253968,89.0873015873016,70.83333333333333,42.85,71.23015873015873,89.0873015873016,68.84920634920636,99.0079365079365,50.992063492063494,22.86,37.31494
2009-10-15,26.38888888888889,62.5,70.23809523809524,45.7,75.1984126984127,62.5,73.4126984126984,99.8015873015873,52.57936507936508,21.72,37.22469
2009-10-16,31.944444444444443,62.5,68.45238095238096,46.425000000000004,90.67460317460318,62.5,61.30952380952381,93.05555555555556,50.198412698412696,21.43,36.98762
2009-10-19,25.992063492063494,49.801587301587304,67.46031746031747,46.275000000000006,37.89682539682539,49.801587301587304,74.40476190476191,91.86507936507937,49.801587301587304,21.49,37.35981
2009-10-20,31.150793650793652,50.99206349206349,67.06349206349206,47.75,59.72222222222222,50.99206349206349,59.523809523809526,88.29365079365078,47.817460317460316,20.9,37.36835
2009-10-21,36.7063492063492,58.53174603174603,63.2936507936508,44.45,62.5,58.53174603174603,43.05555555555556,81.15079365079364,48.611111111111114,22.22,37.29777
2009-10-22,36.7063492063492,47.42063492063492,60.71428571428571,48.275,13.690476190476192,47.42063492063492,61.70634920634921,84.72222222222221,50.198412698412696,20.69,37.44827
2009-10-23,41.86507936507937,48.61111111111111,59.72222222222222,44.325,95.83333333333334,48.61111111111111,41.46825396825397,84.72222222222221,51.785714285714285,22.27,37.28794
2009-10-26,45.43650793650794,66.46825396825396,59.12698412698413,39.225,91.07142857142857,66.46825396825396,30.753968253968257,77.18253968253968,53.769841269841265,24.31,37.17129
2009-10-27,45.43650793650794,41.07142857142857,57.341269841269835,37.925000000000004,56.15079365079365,41.07142857142857,24.404761904761905,76.38888888888889,49.00793650793651,24.83,36.6065
2009-10-28,61.30952380952381,62.5,61.111111111111114,30.224999999999994,20.436507936507937,62.5,10.119047619047619,75.9920634920635,45.436507936507944,27.91,35.79014
2009-10-29,56.15079365079365,49.404761904761905,73.21428571428572,38.099999999999994,4.166666666666666,49.404761904761905,22.42063492063492,79.56349206349206,50.595238095238095,24.76,36.39176
2009-10-30,64.48412698412699,33.92857142857143,77.57936507936509,23.27499999999999,14.484126984126986,33.92857142857143,8.134920634920634,71.62698412698413,44.24603174603175,30.69,35.41607
2009-11-02,70.83333333333334,56.547619047619044,81.94444444444443,25.549999999999997,48.61111111111111,56.547619047619044,10.714285714285714,80.75396825396825,16.07142857142857,29.78,35.55684
2009-11-03,65.27777777777779,31.547619047619047,84.12698412698413,27.974999999999994,3.373015873015873,31.547619047619047,13.690476190476192,87.10317460317461,17.261904761904773,28.81,35.67767
2009-11-04,70.83333333333334,34.72222222222222,84.52380952380952,30.700000000000003,1.7857142857142856,34.72222222222222,16.071428571428573,79.16666666666666,17.261904761904773,27.72,35.73782
2009-11-05,77.18253968253968,26.785714285714285,80.35714285714286,36.425000000000004,27.579365079365083,26.785714285714285,37.10317460317461,74.40476190476191,17.658730158730165,25.43,36.61633
2009-11-06,75.1984126984127,13.293650793650794,81.34920634920636,39.525,1.7857142857142856,13.293650793650794,38.69047619047619,81.15079365079364,17.261904761904773,24.19,36.83493
2009-11-09,70.43650793650794,26.785714285714285,76.5873015873016,42.12500000000001,6.944444444444445,26.785714285714285,63.69047619047619,90.27777777777779,18.849206349206355,23.15,37.62021
2009-11-10,78.37301587301587,24.404761904761905,73.01587301587301,42.9,18.055555555555554,24.404761904761905,58.13492063492064,94.24603174603175,18.055555555555557,22.84,37.71046
2009-11-11,79.16666666666666,37.89682539682539,84.12698412698413,42.4,6.15079365079365,37.89682539682539,75.59523809523809,99.40476190476191,18.849206349206355,23.04,37.95259
2009-11-12,77.18253968253968,31.547619047619047,91.07142857142857,39.400000000000006,3.373015873015873,31.547619047619047,55.35714285714286,87.89682539682539,15.674603174603178,24.24,37.73577
2009-11-13,70.83333333333334,27.18253968253968,90.47619047619048,41.6,0.5952380952380952,27.18253968253968,66.07142857142857,74.8015873015873,15.674603174603178,23.36,38.05267
2009-11-16,73.61111111111111,32.73809523809524,90.87301587301587,42.775,2.976190476190476,32.73809523809524,88.69047619047619,93.05555555555556,14.484126984126988,22.89,38.44332
2009-11-17,73.61111111111111,22.817460317460316,88.88888888888889,43.975,6.15079365079365,22.817460317460316,89.0873015873016,91.46825396825396,14.484126984126988,22.41,38.55997
2009-11-18,78.37301587301587,27.579365079365083,79.56349206349206,45.925000000000004,1.7857142857142856,27.579365079365083,88.09523809523809,96.23015873015873,15.277777777777786,21.63,38.34612
2009-11-19,82.34126984126983,51.388888888888886,60.91269841269842,43.425000000000004,14.087301587301587,51.388888888888886,61.50793650793651,85.9126984126984,12.896825396825392,22.63,37.7456
2009-11-20,81.54761904761905,10.515873015873016,59.32539682539682,44.525,0.992063492063492,10.515873015873016,52.57936507936508,79.16666666666666,12.5,22.19,37.55599
2009-11-23,83.92857142857143,14.087301587301587,58.13492063492063,47.1,10.912698412698413,14.087301587301587,75.1984126984127,85.11904761904762,14.484126984126988,21.16,38.16445
2009-11-24,84.72222222222221,11.706349206349206,59.12698412698413,48.825,0.1984126984126984,11.706349206349206,64.88095238095238,80.75396825396825,12.896825396825392,20.47,38.0344
2009-11-25,83.92857142857143,14.880952380952381,59.32539682539682,48.8,2.1825396825396823,14.880952380952381,68.05555555555556,93.45238095238095,11.706349206349216,20.48,38.20129
2009-11-27,86.30952380952381,51.388888888888886,64.68253968253968,37.875,70.83333333333334,51.388888888888886,35.91269841269841,80.35714285714286,8.92857142857143,24.85,37.62021
2009-11-30,85.11904761904762,24.801587301587304,69.64285714285714,38.724999999999994,2.976190476190476,24.801587301587304,38.69047619047619,88.69047619047619,0.9920634920634939,24.51,37.66201
2009-12-01,83.13492063492063,29.563492063492063,61.507936507936506,45.199999999999996,6.944444444444445,29.563492063492063,49.404761904761905,80.75396825396825,3.7698412698412653,21.92,38.05267
2009-12-02,75.1984126984127,27.976190476190478,59.126984126984134,47.199999999999996,12.896825396825399,27.976190476190478,57.341269841269835,86.70634920634922,4.166666666666657,21.12,38.10231
2009-12-03,84.32539682539682,86.30952380952381,66.46825396825398,43.849999999999994,89.88095238095238,86.30952380952381,37.10317460317461,94.64285714285714,4.563492063492063,22.46,37.94385
2009-12-04,79.16666666666666,95.43650793650794,61.3095238095238,46.875,99.0079365079365,95.43650793650794,48.61111111111111,81.94444444444444,5.357142857142861,21.25,38.14896
2009-12-07,81.54761904761905,43.84920634920635,55.35714285714286,44.75,55.35714285714286,43.84920634920635,42.65873015873016,77.57936507936508,4.960317460317469,22.1,37.96232
2009-12-08,84.32539682539682,37.89682539682539,53.17460317460318,40.775,54.166666666666664,37.89682539682539,35.11904761904761,69.24603174603175,4.166666666666657,23.69,37.72813
2009-12-09,87.5,29.166666666666668,52.182539682539684,43.35,45.03968253968254,29.166666666666668,35.91269841269841,86.30952380952381,5.357142857142861,22.66,38.11194
2009-12-10,87.10317460317461,35.51587301587302,47.420634920634924,44.2,38.2936507936508,35.51587301587302,43.05555555555556,73.61111111111111,6.547619047619051,22.32,38.30036
2009-12-11,88.69047619047619,25.595238095238095,46.62698412698413,46.025,14.880952380952381,25.595238095238095,48.214285714285715,76.78571428571429,7.341269841269835,21.59,38.15671
2009-12-14,88.29365079365078,18.055555555555554,46.82539682539682,47.125,90.67460317460318,18.055555555555554,62.5,90.27777777777779,8.134920634920633,21.15,38.51936
2009-12-15,90.27777777777779,57.738095238095234,47.42063492063492,46.275000000000006,93.45238095238095,57.738095238095234,52.976190476190474,86.30952380952381,8.134920634920633,21.49,38.30036
2009-12-16,85.9126984126984,30.753968253968257,47.61904761904762,48.650000000000006,66.07142857142857,30.753968253968257,56.15079365079365,94.64285714285714,8.531746031746039,20.54,38.35595
2009-12-17,89.88095238095238,18.849206349206348,48.41269841269842,43.724999999999994,55.35714285714286,18.849206349206348,40.67460317460318,83.53174603174604,6.150793650793645,22.51,37.89154
2009-12-18,87.10317460317461,28.76984126984127,49.801587301587304,45.8,83.92857142857143,28.76984126984127,44.24603174603175,97.42063492063492,6.944444444444443,21.68,38.50953
2009-12-21,85.9126984126984,35.51587301587302,46.82539682539683,48.775000000000006,76.78571428571429,35.51587301587302,59.72222222222222,75.59523809523809,8.531746031746039,20.49,38.94566
2009-12-22,81.94444444444444,29.563492063492063,44.84126984126984,52.300000000000004,18.849206349206348,29.563492063492063,67.26190476190477,70.03968253968253,8.531746031746039,19.54,39.17917
2009-12-23,68.05555555555556,11.706349206349206,40.27777777777778,51.449999999999996,28.76984126984127,11.706349206349206,71.62698412698413,76.78571428571429,8.531746031746039,19.71,39.45813
2009-12-24,62.10317460317461,82.34126984126983,42.26190476190476,52.650000000000006,97.81746031746032,82.34126984126983,78.37301587301587,89.48412698412699,8.531746031746039,19.47,39.82446
2009-12-28,71.62698412698413,55.75396825396825,41.46825396825396,50.35,92.65873015873017,55.75396825396825,78.37301587301587,96.23015873015873,8.531746031746039,19.93,40.0383
2009-12-29,79.56349206349206,21.23015873015873,43.05555555555555,49.974999999999994,63.29365079365079,21.23015873015873,78.17460317460318,83.13492063492063,8.134920634920633,20.01,39.86805
2009-12-30,79.56349206349206,37.10317460317461,44.642857142857146,50.199999999999996,81.94444444444444,37.10317460317461,75.1984126984127,79.96031746031747,7.341269841269835,19.96,39.99433
2009-12-31,70.03968253968253,51.78571428571429,45.63492063492064,45.8,52.57936507936508,51.78571428571429,42.26190476190476,77.57936507936508,0.19841269841269593,21.68,39.63087
2010-01-04,70.43650793650794,29.166666666666668,44.24603174603175,49.9,27.976190476190478,29.166666666666668,70.03968253968253,83.13492063492063,0.5952380952380878,20.04,40.20231
2010-01-05,68.84920634920636,46.230158730158735,48.41269841269841,53.24999999999999,49.801587301587304,46.230158730158735,57.936507936507944,99.8015873015873,0.5952380952380878,19.35,40.20231
2010-01-06,60.912698412698404,8.134920634920634,52.38095238095238,54.199999999999996,57.738095238095234,8.134920634920634,53.769841269841265,99.8015873015873,1.3888888888888857,19.16,39.96831
2010-01-07,59.72222222222222,24.00793650793651,53.76984126984127,54.7,89.0873015873016,24.00793650793651,53.769841269841265,99.40476190476191,1.7857142857142918,19.06,39.99433
2010-01-08,68.84920634920636,16.46825396825397,53.96825396825397,59.35,66.86507936507937,16.46825396825397,52.976190476190474,97.81746031746032,2.1825396825396837,18.13,40.31996
2010-01-11,68.05555555555556,4.9603174603174605,54.16666666666667,62.24999999999999,86.70634920634922,4.9603174603174605,53.37301587301587,99.8015873015873,2.5793650793650755,17.55,40.15098
2010-01-12,74.40476190476191,30.753968253968257,53.96825396825397,58.75,67.26190476190477,30.753968253968257,39.48412698412698,99.40476190476191,0.5952380952380878,18.25,39.65728
2010-01-13,69.24603174603175,20.03968253968254,53.769841269841265,60.74999999999999,83.13492063492063,20.03968253968254,57.738095238095234,92.26190476190477,2.1825396825396837,17.85,40.14314
2010-01-14,75.59523809523809,63.69047619047619,53.37301587301587,61.85000000000001,70.43650793650794,63.69047619047619,54.166666666666664,96.62698412698413,2.1825396825396837,17.63,40.177
2010-01-15,75.9920634920635,38.2936507936508,53.17460317460317,60.449999999999996,78.76984126984127,38.2936507936508,34.32539682539682,96.23015873015873,0.5952380952380878,17.91,39.7096
2010-01-19,70.03968253968253,35.11904761904761,51.785714285714285,62.10000000000001,70.43650793650794,35.11904761904761,50.39682539682539,87.5,2.1825396825396837,17.58,40.35589
2010-01-20,78.37301587301587,47.817460317460316,51.19047619047619,56.6,39.48412698412698,47.817460317460316,33.53174603174603,97.81746031746032,0.5952380952380878,18.68,39.77195
2010-01-21,66.07142857142857,92.26190476190477,51.19047619047619,44.325,96.62698412698413,92.26190476190477,17.658730158730158,95.83333333333334,0.19841269841269593,22.27,39.39678
2010-01-22,68.84920634920636,82.34126984126983,50.1984126984127,31.724999999999994,90.67460317460318,82.34126984126983,6.547619047619048,81.54761904761905,0.19841269841269593,27.31,38.24705
2010-01-25,76.38888888888889,81.15079365079364,50.79365079365079,36.475,91.86507936507937,81.15079365079364,8.928571428571429,80.75396825396825,0.5952380952380878,25.41,38.38316
2010-01-26,62.10317460317461,89.48412698412699,48.8095238095238,38.625,96.62698412698413,89.48412698412699,9.325396825396826,57.738095238095234,0.5952380952380878,24.55,38.41612
2010-01-27,62.5,79.56349206349206,44.24603174603175,42.15,90.67460317460318,79.56349206349206,11.706349206349206,72.81746031746032,1.3888888888888857,23.14,38.71653
2010-01-28,54.96031746031746,80.75396825396825,40.079365079365076,40.675,90.67460317460318,80.75396825396825,7.341269841269842,83.92857142857143,0.5952380952380878,23.73,37.7193
2010-01-29,46.62698412698413,86.70634920634922,36.3095238095238,38.449999999999996,94.24603174603175,86.70634920634922,5.357142857142857,56.94444444444444,0.19841269841269593,24.62,37.06615
2010-02-01,49.801587301587304,34.72222222222222,35.11904761904762,43.525,87.5,34.72222222222222,11.706349206349206,70.03968253968253,0.19841269841269593,22.59,37.46653
2010-02-02,43.84920634920635,16.071428571428573,34.920634920634924,46.3,46.62698412698413,16.071428571428573,16.865079365079367,56.15079365079365,0.5952380952380878,21.48,37.80864
2010-02-03,44.24603174603175,57.738095238095234,36.70634920634921,46.0,50.595238095238095,57.738095238095234,14.880952380952381,83.92857142857143,0.9920634920634939,21.6,38.01673
2010-02-04,55.75396825396825,75.59523809523809,34.72222222222222,34.8,21.23015873015873,75.59523809523809,2.976190476190476,58.53174603174603,0.19841269841269593,26.08,36.91476
2010-02-05,49.801587301587304,48.214285714285715,34.523809523809526,34.724999999999994,25.992063492063494,48.214285714285715,3.373015873015873,49.801587301587304,0.19841269841269593,26.11,37.22469
2010-02-08,50.0,47.023809523809526,34.920634920634924,33.724999999999994,27.976190476190478,47.023809523809526,2.579365079365079,61.70634920634921,0.19841269841269593,26.51,36.95923
2010-02-09,51.388888888888886,32.34126984126984,34.12698412698413,35.0,20.436507936507937,32.34126984126984,8.134920634920634,45.03968253968254,1.3888888888888857,26.0,37.34423
2010-02-10,50.0,35.91269841269841,32.142857142857146,36.50000000000001,7.341269841269842,35.91269841269841,7.341269841269842,57.738095238095234,1.7857142857142918,25.4,37.26064
2010-02-11,50.0,20.436507936507937,31.547619047619047,40.099999999999994,17.658730158730158,20.436507936507937,18.055555555555554,41.46825396825397,2.1825396825396837,23.96,37.82642
2010-02-12,50.0,98.61111111111111,31.150793650793652,43.175,99.8015873015873,98.61111111111111,20.03968253968254,48.214285714285715,2.1825396825396837,22.73,37.89928
2010-02-16,43.84920634920635,27.18253968253968,31.34920634920635,44.375,36.7063492063492,27.18253968253968,41.07142857142857,67.65873015873017,3.3730158730158735,22.25,38.39289
2010-02-17,43.452380952380956,45.03968253968254,32.73809523809524,45.7,16.071428571428573,45.03968253968254,55.55555555555556,66.07142857142857,4.563492063492063,21.72,38.59769
2010-02-18,50.0,18.055555555555554,31.54761904761905,48.425000000000004,15.674603174603174,18.055555555555554,70.03968253968253,57.341269841269835,4.960317460317469,20.63,38.85155
2010-02-19,50.0,27.976190476190478,32.539682539682545,49.95,8.531746031746032,27.976190476190478,77.97619047619048,64.48412698412699,5.357142857142861,20.02,38.83219
2010-02-22,50.0,8.531746031746032,44.04761904761905,50.3,44.642857142857146,8.531746031746032,77.77777777777779,99.40476190476191,5.753968253968253,19.94,38.74939
2010-02-23,50.0,16.46825396825397,47.023809523809526,46.574999999999996,37.89682539682539,16.46825396825397,50.595238095238095,81.94444444444444,3.7698412698412653,21.37,38.24705
2010-02-24,37.5,23.214285714285715,48.214285714285715,49.325,3.7698412698412698,23.214285714285715,70.83333333333334,70.83333333333334,5.357142857142861,20.27,38.63294
2010-02-25,50.0,24.404761904761905,51.785714285714285,49.75,33.92857142857143,24.404761904761905,62.89682539682539,74.0079365079365,4.166666666666657,20.1,38.62322
2010-02-26,50.0,35.11904761904761,55.55555555555556,52.5,47.817460317460316,35.11904761904761,62.698412698412696,93.45238095238095,4.166666666666657,19.5,38.76914
2010-03-01,33.92857142857143,22.817460317460316,50.1984126984127,53.69999999999999,28.76984126984127,22.817460317460316,85.11904761904762,80.75396825396825,0.19841269841269593,19.26,39.32698
2010-03-02,30.357142857142854,31.150793650793652,53.57142857142857,54.7,74.0079365079365,31.150793650793652,92.26190476190477,99.8015873015873,0.5952380952380878,19.06,39.44929
2010-03-03,28.76984126984127,5.357142857142857,54.36507936507937,55.85000000000001,19.246031746031747,5.357142857142857,91.46825396825396,96.23015873015873,1.3888888888888857,18.83,39.49367
2010-03-04,31.547619047619047,16.071428571428573,56.74603174603175,56.400000000000006,12.5,16.071428571428573,93.84920634920636,97.81746031746032,1.7857142857142918,18.72,39.63087
2010-03-05,35.11904761904761,54.96031746031746,58.33333333333333,62.89999999999999,67.26190476190477,54.96031746031746,99.0079365079365,95.43650793650794,3.7698412698412653,17.42,40.22187
2010-03-08,30.357142857142854,71.62698412698413,59.920634920634924,61.050000000000004,43.452380952380956,71.62698412698413,99.0079365079365,97.02380952380952,4.166666666666657,17.79,40.30337
2010-03-09,37.10317460317461,92.65873015873017,60.317460317460316,60.39999999999999,94.64285714285714,92.65873015873017,95.83333333333334,99.0079365079365,4.960317460317469,17.92,40.52317
2010-03-10,36.30952380952381,85.51587301587301,61.111111111111114,57.15,89.48412698412699,85.51587301587301,93.05555555555556,99.8015873015873,5.753968253968253,18.57,40.85168
2010-03-11,41.07142857142857,66.86507936507937,61.30952380952381,59.70000000000001,50.595238095238095,66.86507936507937,91.46825396825396,98.21428571428571,6.547619047619051,18.06,41.0128
2010-03-12,38.2936507936508,31.944444444444443,61.507936507936506,62.10000000000001,58.53174603174603,31.944444444444443,88.69047619047619,97.81746031746032,6.547619047619051,17.58,41.02164
2010-03-15,41.46825396825397,10.912698412698413,61.70634920634921,60.0,66.07142857142857,10.912698412698413,81.94444444444444,99.40476190476191,6.944444444444443,18.0,40.91373
2010-03-16,40.27777777777778,12.5,61.70634920634921,61.55,72.81746031746032,12.5,89.88095238095238,99.0079365079365,7.738095238095227,17.69,41.1791
2010-03-17,43.452380952380956,13.293650793650794,61.30952380952381,65.44999999999999,50.198412698412696,13.293650793650794,94.24603174603175,93.05555555555556,9.325396825396822,16.91,41.28592
2010-03-18,47.817460317460316,3.7698412698412698,56.547619047619044,66.89999999999999,16.46825396825397,3.7698412698412698,89.48412698412699,92.65873015873017,10.515873015873012,16.62,41.43067
2010-03-19,47.023809523809526,2.976190476190476,53.17460317460317,65.15,15.674603174603174,2.976190476190476,76.78571428571429,89.0873015873016,8.531746031746039,16.97,41.1791
2010-03-22,45.83333333333333,1.3888888888888888,49.6031746031746,65.65,21.23015873015873,1.3888888888888888,88.29365079365078,87.10317460317461,8.92857142857143,16.87,41.55426
2010-03-23,49.007936507936506,9.325396825396826,48.80952380952381,68.25,64.0873015873016,9.325396825396826,93.05555555555556,94.64285714285714,12.103174603174608,16.35,41.83909
2010-03-24,59.32539682539682,15.277777777777779,49.8015873015873,62.24999999999999,81.94444444444444,15.277777777777779,73.61111111111111,98.61111111111111,13.293650793650784,17.55,41.632
2010-03-25,63.69047619047619,60.11904761904761,54.166666666666664,58.00000000000001,81.54761904761905,60.11904761904761,55.75396825396825,97.81746031746032,14.484126984126988,18.4,41.57958
2010-03-26,65.27777777777779,63.29365079365079,59.92063492063492,61.150000000000006,66.07142857142857,63.29365079365079,50.99206349206349,99.0079365079365,13.293650793650784,17.77,41.61641
2010-03-29,64.0873015873016,12.5,61.90476190476191,62.05,86.30952380952381,12.5,61.30952380952381,99.8015873015873,15.674603174603178,17.59,41.82052
2010-03-30,60.912698412698404,18.055555555555554,63.69047619047619,64.35000000000001,41.86507936507937,18.055555555555554,58.53174603174603,98.61111111111111,16.07142857142857,17.13,41.95942
2010-03-31,59.72222222222222,6.944444444444445,63.88888888888889,62.05,79.16666666666666,6.944444444444445,39.08730158730159,96.23015873015873,2.9761904761904816,17.59,41.75927
2010-04-01,58.92857142857143,29.96031746031746,62.698412698412696,62.650000000000006,41.86507936507937,29.96031746031746,47.023809523809526,89.88095238095238,4.166666666666657,17.47,41.75927
2010-04-05,48.214285714285715,21.626984126984127,62.698412698412696,64.9,26.38888888888889,21.626984126984127,81.15079365079364,88.29365079365078,9.722222222222214,17.02,42.14605
2010-04-06,47.817460317460316,35.51587301587302,63.0952380952381,68.85,11.706349206349206,35.51587301587302,74.0079365079365,98.61111111111111,9.722222222222214,16.23,42.27154
2010-04-07,54.166666666666664,54.563492063492056,63.492063492063494,66.89999999999999,43.452380952380956,54.563492063492056,54.96031746031746,98.61111111111111,4.960317460317469,16.62,42.16452
2010-04-08,62.10317460317461,28.76984126984127,63.095238095238095,67.6,35.91269841269841,28.76984126984127,47.817460317460316,92.26190476190477,6.944444444444443,16.48,42.2627
2010-04-09,62.10317460317461,12.5,65.67460317460318,69.3,18.055555555555554,12.5,67.26190476190477,98.21428571428571,8.92857142857143,16.14,42.50871
2010-04-12,61.70634920634921,26.38888888888889,67.65873015873017,72.1,16.46825396825397,26.38888888888889,64.88095238095238,99.8015873015873,8.531746031746039,15.58,42.54237
2010-04-13,59.32539682539682,11.30952380952381,66.46825396825398,69.0,23.214285714285715,11.30952380952381,61.70634920634921,97.81746031746032,7.738095238095227,16.2,42.77031
2010-04-14,52.976190476190474,89.48412698412699,66.66666666666667,72.05000000000001,84.72222222222221,89.48412698412699,76.78571428571429,99.40476190476191,15.674603174603178,15.59,43.27364
2010-04-15,58.53174603174603,47.42063492063492,67.26190476190476,70.55,93.84920634920636,47.42063492063492,70.43650793650794,99.8015873015873,15.674603174603178,15.89,43.46981
2010-04-16,55.75396825396825,98.61111111111111,66.66666666666667,58.2,99.8015873015873,98.61111111111111,39.88095238095239,96.62698412698413,4.960317460317469,18.36,42.94474
2010-04-19,62.10317460317461,98.21428571428571,68.84920634920636,63.3,99.0079365079365,98.21428571428571,40.67460317460318,99.40476190476191,7.738095238095227,17.34,42.91982
2010-04-20,54.96031746031746,92.26190476190477,69.84126984126985,71.35,92.65873015873017,92.26190476190477,63.29365079365079,97.81746031746032,12.5,15.73,43.14141
2010-04-21,45.43650793650794,90.67460317460318,74.4047619047619,68.4,93.45238095238095,90.67460317460318,65.47619047619048,98.61111111111111,8.531746031746039,16.32,43.38135
2010-04-22,42.26190476190476,74.40476190476191,71.42857142857143,67.65,82.73809523809523,74.40476190476191,63.29365079365079,97.02380952380952,12.896825396825392,16.47,43.61963
2010-04-23,39.48412698412698,54.96031746031746,71.23015873015873,66.89999999999999,75.9920634920635,54.96031746031746,75.59523809523809,98.21428571428571,18.45238095238095,16.62,43.80785
2010-04-26,39.88095238095239,45.03968253968254,66.86507936507937,62.650000000000006,99.40476190476191,45.03968253968254,74.0079365079365,99.0079365079365,16.07142857142857,17.47,43.70986
2010-04-27,42.65873015873016,64.0873015873016,63.29365079365079,42.975,83.92857142857143,64.0873015873016,31.944444444444443,89.88095238095238,3.3730158730158735,22.81,42.77964
2010-04-28,43.452380952380956,69.24603174603175,58.13492063492063,47.300000000000004,74.40476190476191,69.24603174603175,32.142857142857146,77.97619047619048,6.150793650793645,21.08,42.80584
2010-04-29,41.86507936507937,27.579365079365083,54.16666666666667,57.8,41.86507936507937,27.579365079365083,47.42063492063492,77.57936507936508,10.11904761904762,18.44,43.55529
2010-04-30,43.452380952380956,77.57936507936508,47.420634920634924,44.875,85.51587301587301,77.57936507936508,29.96031746031746,80.75396825396825,0.19841269841269593,22.05,42.69615
2010-05-03,43.05555555555556,22.817460317460316,42.857142857142854,49.525,23.214285714285715,22.817460317460316,51.388888888888886,75.59523809523809,0.9920634920634939,20.19,43.29261
2010-05-04,54.166666666666664,38.69047619047619,40.87301587301587,40.4,58.92857142857143,38.69047619047619,17.658730158730158,66.86507936507937,0.19841269841269593,23.84,41.99734
2010-05-05,53.37301587301587,28.76984126984127,37.5,37.725,56.15079365079365,28.76984126984127,12.103174603174603,27.18253968253968,0.19841269841269593,24.91,41.77496
2010-05-06,56.94444444444444,72.81746031746032,25.0,18.0,62.89682539682539,72.81746031746032,1.3888888888888888,18.849206349206348,0.19841269841269593,32.8,40.38309
2010-05-07,59.72222222222222,69.64285714285714,15.873015873015873,0.0,74.40476190476191,69.64285714285714,0.1984126984126984,17.261904761904763,0.19841269841269593,40.95,39.36948
2010-05-10,43.84920634920635,66.46825396825396,11.706349206349207,27.900000000000006,64.88095238095238,66.46825396825396,11.30952380952381,26.38888888888889,0.9920634920634939,28.84,41.42094
2010-05-11,50.595238095238095,54.563492063492056,11.507936507936508,29.200000000000003,51.388888888888886,54.563492063492056,14.880952380952381,27.976190476190478,0.9920634920634939,28.32,41.37636
2010-05-12,40.67460317460318,60.11904761904761,11.904761904761905,36.2,41.86507936507937,60.11904761904761,29.166666666666668,30.753968253968257,2.1825396825396837,25.52,42.15588
2010-05-13,41.46825396825397,45.43650793650794,12.5,33.3,39.88095238095239,45.43650793650794,21.626984126984127,25.595238095238095,1.3888888888888857,26.68,41.49211
2010-05-14,48.214285714285715,88.69047619047619,12.698412698412698,21.900000000000006,52.57936507936508,88.69047619047619,11.30952380952381,23.214285714285715,0.9920634920634939,31.24,40.69513
2010-05-17,50.99206349206349,59.32539682539682,12.698412698412698,22.900000000000006,37.5,59.32539682539682,11.904761904761903,16.46825396825397,1.3888888888888857,30.84,40.82517
2010-05-18,54.96031746031746,82.73809523809523,12.103174603174603,16.125,37.89682539682539,82.73809523809523,2.579365079365079,16.071428571428573,0.5952380952380878,33.55,40.2587
2010-05-19,63.29365079365079,82.34126984126983,12.6984126984127,11.700000000000003,54.166666666666664,82.34126984126983,2.1825396825396823,18.452380952380953,0.19841269841269593,35.32,39.94201
2010-05-20,50.0,57.738095238095234,11.904761904761903,0.0,45.03968253968254,57.738095238095234,0.5952380952380952,14.087301587301587,0.19841269841269593,45.79,38.45792
2010-05-21,50.0,71.62698412698413,11.904761904761905,0.0,78.37301587301587,71.62698412698413,0.992063492063492,21.23015873015873,0.5952380952380878,40.1,38.87776
2010-05-24,50.0,66.46825396825396,12.896825396825395,4.199999999999989,73.21428571428571,66.46825396825396,0.5952380952380952,20.436507936507937,0.19841269841269593,38.32,38.72427
2010-05-25,50.0,48.61111111111111,13.095238095238095,13.474999999999994,53.769841269841265,48.61111111111111,0.5952380952380952,14.087301587301587,0.19841269841269593,34.61,38.75932
2010-05-26,50.0,70.03968253968253,11.30952380952381,12.449999999999989,59.32539682539682,70.03968253968253,1.7857142857142856,10.515873015873016,0.19841269841269593,35.02,38.32766
2010-05-27,46.230158730158735,67.26190476190477,10.912698412698413,25.799999999999997,42.65873015873016,67.26190476190477,15.277777777777779,12.896825396825399,2.1825396825396837,29.68,39.77195
2010-05-28,50.0,42.26190476190476,10.912698412698413,19.825000000000003,38.2936507936508,42.26190476190476,7.341269841269842,22.023809523809522,2.1825396825396837,32.07,39.54063
2010-06-01,50.0,38.69047619047619,10.119047619047619,11.150000000000006,44.24603174603175,38.69047619047619,3.373015873015873,19.642857142857142,0.19841269841269593,35.54,39.17917
2010-06-02,50.0,12.103174603174603,9.722222222222221,24.57499999999999,16.46825396825397,12.103174603174603,21.626984126984127,10.119047619047619,2.1825396825396837,30.17,40.09748
2010-06-03,50.0,26.785714285714285,13.88888888888889,26.349999999999994,33.13492063492063,26.785714285714285,25.992063492063494,45.43650793650794,2.5793650793650755,29.46,40.48039
2010-06-04,50.0,24.404761904761905,14.484126984126984,11.300000000000011,34.72222222222222,24.404761904761905,4.9603174603174605,24.00793650793651,0.19841269841269593,35.48,39.09736
2010-06-07,50.0,25.595238095238095,14.682539682539684,8.575000000000003,43.84920634920635,25.595238095238095,2.976190476190476,8.134920634920634,0.19841269841269593,36.57,38.39289
2010-06-08,50.0,49.404761904761905,15.476190476190476,15.75,39.48412698412698,49.404761904761905,5.357142857142857,20.03968253968254,0.5952380952380878,33.7,38.31803
2010-06-09,50.0,45.83333333333333,14.88095238095238,15.675000000000011,39.08730158730159,45.83333333333333,5.753968253968254,7.341269841269842,0.5952380952380878,33.73,37.99817
2010-06-10,50.0,63.29365079365079,10.515873015873016,23.575000000000003,57.738095238095234,63.29365079365079,30.753968253968257,4.166666666666666,2.1825396825396837,30.57,39.08098
2010-06-11,50.0,29.563492063492063,10.912698412698413,28.025000000000006,11.30952380952381,29.563492063492063,40.67460317460318,17.658730158730158,2.1825396825396837,28.79,39.44929
2010-06-14,50.0,42.65873015873016,13.492063492063494,28.55000000000001,12.896825396825399,42.65873015873016,47.023809523809526,32.73809523809524,2.5793650793650755,28.58,39.43936
2010-06-15,50.0,56.94444444444444,12.896825396825395,35.325,27.976190476190478,56.94444444444444,92.65873015873017,26.785714285714285,6.150793650793645,25.87,40.49865
2010-06-16,50.0,53.769841269841265,14.285714285714286,35.19999999999999,27.18253968253968,53.769841269841265,90.67460317460318,37.89682539682539,6.150793650793645,25.92,40.66881
2010-06-17,50.0,75.59523809523809,15.873015873015873,37.375,47.023809523809526,75.59523809523809,91.07142857142857,31.150793650793652,5.357142857142861,25.05,40.80016
2010-06-18,50.0,23.61111111111111,14.682539682539684,40.125,24.801587301587304,23.61111111111111,86.70634920634922,10.912698412698413,5.357142857142861,23.95,40.75429
2010-06-21,50.0,69.24603174603175,14.682539682539682,37.800000000000004,56.15079365079365,69.24603174603175,75.1984126984127,46.230158730158735,5.357142857142861,24.88,40.41039
2010-06-22,50.0,41.07142857142857,14.087301587301587,32.375,23.61111111111111,41.07142857142857,38.69047619047619,16.46825396825397,2.1825396825396837,27.05,40.08864
2010-06-23,50.0,38.69047619047619,12.5,32.724999999999994,59.32539682539682,38.69047619047619,29.166666666666668,6.547619047619048,2.1825396825396837,26.91,39.93208
2010-06-24,50.0,61.30952380952381,14.484126984126984,25.650000000000006,48.214285714285715,61.30952380952381,15.277777777777779,29.563492063492063,1.7857142857142918,29.74,39.31815
2010-06-25,50.0,39.08730158730159,17.857142857142858,28.674999999999997,64.88095238095238,39.08730158730159,23.214285714285715,15.674603174603174,2.1825396825396837,28.53,39.32698
2010-06-28,50.0,62.5,15.476190476190476,27.5,54.96031746031746,62.5,23.214285714285715,7.738095238095238,0.9920634920634939,29.0,39.19753
2010-06-29,50.0,55.35714285714286,14.087301587301589,14.674999999999997,54.563492063492056,55.35714285714286,3.7698412698412698,9.722222222222223,0.19841269841269593,34.13,37.67939
2010-06-30,50.0,7.341269841269842,12.103174603174603,13.650000000000006,19.246031746031747,7.341269841269842,2.579365079365079,6.15079365079365,0.19841269841269593,34.54,37.10219
2010-07-01,50.0,40.67460317460318,10.317460317460318,17.849999999999994,46.230158730158735,40.67460317460318,2.976190476190476,4.166666666666666,0.19841269841269593,32.86,37.00599
2010-07-02,50.0,33.53174603174603,8.928571428571429,24.700000000000003,38.69047619047619,33.53174603174603,3.373015873015873,4.166666666666666,0.19841269841269593,30.12,36.89609
2010-07-06,50.0,6.547619047619048,8.531746031746032,25.875,8.928571428571429,6.547619047619048,4.563492063492063,6.547619047619048,0.9920634920634939,29.65,37.01373
2010-07-07,50.0,26.785714285714285,9.722222222222221,32.900000000000006,21.23015873015873,26.785714285714285,19.246031746031747,7.738095238095238,1.7857142857142918,26.84,38.19176
2010-07-08,50.0,20.03968253968254,12.698412698412698,35.724999999999994,29.166666666666668,20.03968253968254,23.61111111111111,0.5952380952380952,2.5793650793650755,25.71,38.40063
2010-07-09,50.0,19.246031746031747,16.666666666666668,37.55,35.11904761904761,19.246031746031747,29.166666666666668,1.7857142857142856,2.9761904761904816,24.98,38.76914
2010-07-12,50.0,27.976190476190478,19.444444444444443,38.925,44.642857142857146,27.976190476190478,28.76984126984127,5.357142857142857,3.3730158730158735,24.43,38.87776
2010-07-13,50.0,88.69047619047619,21.230158730158735,38.6,88.69047619047619,88.69047619047619,60.11904761904761,6.547619047619048,4.166666666666657,24.56,39.37941
2010-07-14,50.0,98.21428571428571,20.238095238095237,37.775,95.83333333333334,98.21428571428571,59.72222222222222,5.753968253968254,3.7698412698412653,24.89,39.58331
2010-07-15,50.0,92.26190476190477,18.45238095238095,37.15,95.83333333333334,92.26190476190477,60.912698412698404,3.7698412698412698,3.7698412698412653,25.14,39.62144
2010-07-16,50.0,92.65873015873017,14.88095238095238,34.375,97.02380952380952,92.65873015873017,24.00793650793651,13.293650793650794,2.1825396825396837,26.25,38.51936
2010-07-19,50.0,90.27777777777779,12.103174603174603,35.075,96.23015873015873,90.27777777777779,28.76984126984127,0.1984126984126984,2.5793650793650755,25.97,38.85155
2010-07-20,50.0,88.29365079365078,9.325396825396826,40.175,85.9126984126984,88.29365079365078,47.42063492063492,0.5952380952380952,3.7698412698412653,23.93,39.31815
2010-07-21,50.0,81.94444444444444,10.11904761904762,35.900000000000006,68.05555555555556,81.94444444444444,33.13492063492063,3.7698412698412698,2.1825396825396837,25.64,38.77768
2010-07-22,50.0,31.944444444444443,7.142857142857143,38.425000000000004,11.706349206349206,31.944444444444443,75.9920634920635,6.944444444444445,5.357142857142861,24.63,39.76311
2010-07-23,50.0,2.976190476190476,9.722222222222223,41.325,69.64285714285714,2.976190476190476,86.70634920634922,1.3888888888888888,6.944444444444443,23.47,40.02063
2010-07-26,50.0,12.5,10.515873015873016,43.175,11.706349206349206,12.5,95.43650793650794,39.48412698412698,8.92857142857143,22.73,40.34636
2010-07-27,50.0,8.134920634920634,10.515873015873016,42.025,18.055555555555554,8.134920634920634,90.67460317460318,20.833333333333336,10.11904761904762,23.19,40.32859
2010-07-28,50.0,4.563492063492063,10.119047619047619,39.375,11.706349206349206,4.563492063492063,77.18253968253968,4.563492063492063,7.738095238095227,24.25,40.0118
2010-07-29,50.0,62.89682539682539,13.69047619047619,39.675000000000004,14.880952380952381,62.89682539682539,64.48412698412699,12.5,6.944444444444443,24.13,39.7096
2010-07-30,50.0,14.880952380952381,12.5,41.25,2.1825396825396823,14.880952380952381,62.89682539682539,9.722222222222223,6.150793650793645,23.5,39.79587
2010-08-02,50.0,9.722222222222223,10.317460317460316,44.974999999999994,0.1984126984126984,9.722222222222223,88.69047619047619,21.626984126984127,6.547619047619051,22.01,40.54253
2010-08-03,50.0,4.9603174603174605,12.6984126984127,43.425000000000004,25.595238095238095,4.9603174603174605,74.40476190476191,24.801587301587304,5.753968253968253,22.63,40.37346
2010-08-04,50.0,10.912698412698413,15.476190476190476,44.474999999999994,38.2936507936508,10.912698412698413,78.57142857142857,29.563492063492063,7.341269841269835,22.21,40.7816
2010-08-05,50.0,0.1984126984126984,15.277777777777779,44.75,0.5952380952380952,0.1984126984126984,70.43650793650794,20.436507936507937,6.944444444444443,22.1,40.6853
2010-08-06,78.37301587301587,15.277777777777779,15.277777777777777,45.650000000000006,6.944444444444445,15.277777777777779,64.48412698412699,14.880952380952381,4.960317460317469,21.74,40.62305
2010-08-09,50.0,95.03968253968253,14.88095238095238,44.65,92.65873015873017,95.03968253968253,75.0,28.76984126984127,6.547619047619051,22.14,40.905
2010-08-10,50.0,78.76984126984127,13.88888888888889,44.074999999999996,54.96031746031746,78.76984126984127,54.96031746031746,20.436507936507937,4.166666666666657,22.37,40.54253
2010-08-11,50.0,79.16666666666666,11.706349206349207,36.525,39.88095238095239,79.16666666666666,20.03968253968254,22.023809523809522,1.7857142857142918,25.39,39.43936
2010-08-12,50.0,89.48412698412699,9.523809523809524,35.675,73.21428571428571,89.48412698412699,15.674603174603174,5.753968253968254,1.7857142857142918,25.73,39.13528
2010-08-13,50.0,51.78571428571429,9.126984126984127,34.400000000000006,9.325396825396826,51.78571428571429,14.087301587301587,3.373015873015873,1.7857142857142918,26.24,38.85155
2010-08-16,50.0,28.76984126984127,7.738095238095238,34.75,5.753968253968254,28.76984126984127,14.087301587301587,8.134920634920634,0.5952380952380878,26.1,38.92153
2010-08-17,50.0,7.738095238095238,10.317460317460318,39.175000000000004,5.753968253968254,7.738095238095238,25.595238095238095,2.579365079365079,2.9761904761904816,24.33,39.41524
2010-08-18,50.0,3.373015873015873,11.11111111111111,38.525,7.738095238095238,3.373015873015873,26.38888888888889,2.579365079365079,3.3730158730158735,24.59,39.57468
2010-08-19,84.72222222222221,59.72222222222222,13.095238095238095,33.900000000000006,34.32539682539682,59.72222222222222,13.293650793650794,12.5,0.19841269841269593,26.44,38.97028
2010-08-20,50.0,74.0079365079365,10.912698412698411,36.275000000000006,22.817460317460316,74.0079365079365,14.087301587301587,2.976190476190476,0.19841269841269593,25.49,39.02558
2010-08-23,50.0,20.03968253968254,10.515873015873016,35.849999999999994,18.452380952380953,20.03968253968254,14.087301587301587,1.3888888888888888,0.19841269841269593,25.66,38.64276
2010-08-24,50.0,18.055555555555554,8.531746031746032,31.349999999999994,8.531746031746032,18.055555555555554,6.944444444444445,0.1984126984126984,0.19841269841269593,27.46,37.92618
2010-08-25,50.0,13.690476190476192,8.333333333333334,33.25,4.563492063492063,13.690476190476192,11.706349206349206,0.5952380952380952,0.5952380952380878,26.7,38.29262
2010-08-26,50.0,8.134920634920634,10.912698412698413,31.57499999999999,31.944444444444443,8.134920634920634,9.325396825396826,1.3888888888888888,0.19841269841269593,27.37,37.82642
2010-08-27,50.0,82.34126984126983,14.285714285714286,38.875,41.46825396825397,82.34126984126983,23.61111111111111,1.3888888888888888,1.7857142857142918,24.45,38.29262
2010-08-30,50.0,82.73809523809523,14.682539682539682,31.974999999999994,30.753968253968257,82.73809523809523,9.722222222222223,4.563492063492063,0.9920634920634939,27.21,37.89154
2010-08-31,50.0,54.166666666666664,15.873015873015873,34.875,18.055555555555554,54.166666666666664,13.690476190476192,0.992063492063492,0.19841269841269593,26.05,37.75444
2010-09-01,50.0,43.84920634920635,15.674603174603174,40.275,32.73809523809524,43.84920634920635,44.24603174603175,2.1825396825396823,2.1825396825396837,23.89,38.88649
2010-09-02,75.59523809523809,34.72222222222222,17.857142857142858,42.025,21.23015873015873,34.72222222222222,63.29365079365079,6.15079365079365,3.3730158730158735,23.19,39.31815
2010-09-03,67.26190476190477,68.45238095238095,19.444444444444443,46.725,52.182539682539684,68.45238095238095,95.43650793650794,12.5,6.944444444444443,21.31,39.97784
2010-09-07,66.86507936507937,64.0873015873016,20.833333333333332,40.5,26.785714285714285,64.0873015873016,70.43650793650794,29.563492063492063,3.7698412698412653,23.8,39.69987
2010-09-08,75.1984126984127,64.0873015873016,23.41269841269841,41.875,25.595238095238095,64.0873015873016,81.94444444444444,6.944444444444445,6.547619047619051,23.25,40.177
2010-09-09,89.48412698412699,75.9920634920635,26.38888888888889,42.975,35.51587301587302,75.9920634920635,88.29365079365078,20.833333333333336,8.92857142857143,22.81,40.33743
2010-09-10,91.07142857142857,52.57936507936508,26.98412698412698,45.025000000000006,12.896825396825399,52.57936507936508,89.0873015873016,0.1984126984126984,10.11904761904762,21.99,40.49021
2010-09-13,92.65873015873017,91.46825396825396,23.41269841269841,46.974999999999994,47.42063492063492,91.46825396825396,99.0079365079365,19.246031746031747,10.515873015873012,21.21,41.04994
2010-09-14,95.03968253968253,82.34126984126983,12.5,46.1,42.65873015873016,82.34126984126983,98.21428571428571,17.261904761904763,10.515873015873012,21.56,41.22278
2010-09-15,94.64285714285714,51.78571428571429,7.738095238095239,44.75,7.341269841269842,51.78571428571429,98.01587301587301,6.547619047619048,11.30952380952381,22.1,41.48328
2010-09-16,95.43650793650794,64.48412698412699,3.174603174603174,45.7,62.89682539682539,64.48412698412699,94.04761904761905,1.3888888888888888,12.103174603174608,21.72,41.64947
2010-09-17,89.48412698412699,62.10317460317461,5.158730158730159,44.974999999999994,45.03968253968254,62.10317460317461,93.84920634920636,13.690476190476192,10.912698412698404,22.01,41.79332
2010-09-20,78.37301587301587,50.198412698412696,3.3730158730158726,46.25,48.214285714285715,50.198412698412696,99.0079365079365,7.738095238095238,13.69047619047619,21.5,42.51656
2010-09-21,80.35714285714286,52.976190476190474,6.34920634920635,44.125,40.27777777777778,52.976190476190474,98.21428571428571,35.91269841269841,11.706349206349216,22.35,42.50871
2010-09-22,86.30952380952381,87.89682539682539,8.928571428571429,43.724999999999994,57.738095238095234,87.89682539682539,89.0873015873016,18.849206349206348,10.11904761904762,22.51,42.39762
2010-09-23,78.37301587301587,82.34126984126983,13.293650793650793,40.324999999999996,58.53174603174603,82.34126984126983,58.92857142857143,19.246031746031747,8.134920634920633,23.87,42.38045
2010-09-24,75.59523809523809,62.5,14.682539682539682,45.724999999999994,39.48412698412698,62.5,93.45238095238095,14.087301587301587,14.88095238095238,21.71,43.24625
2010-09-27,73.21428571428571,37.5,19.04761904761905,43.650000000000006,29.96031746031746,37.5,83.53174603174604,27.18253968253968,11.706349206349216,22.54,43.00421
2010-09-28,56.547619047619044,80.75396825396825,20.634920634920633,43.5,72.42063492063492,80.75396825396825,85.11904761904762,19.246031746031747,11.706349206349216,22.6,42.98951
2010-09-29,50.198412698412696,60.11904761904761,19.642857142857142,41.875,20.03968253968254,60.11904761904761,75.59523809523809,30.357142857142854,12.5,23.25,42.91982
2010-09-30,52.182539682539684,61.30952380952381,17.063492063492063,40.75,31.944444444444443,61.30952380952381,70.83333333333334,23.61111111111111,7.341269841269835,23.7,42.73397
2010-10-01,54.96031746031746,53.769841269841265,21.42857142857143,43.75,43.452380952380956,53.769841269841265,75.9920634920635,25.992063492063494,8.134920634920633,22.5,42.67758
2010-10-04,45.03968253968254,60.912698412698404,21.42857142857143,41.175,36.7063492063492,60.912698412698404,48.214285714285715,28.373015873015873,5.357142857142861,23.53,42.21803
2010-10-05,49.007936507936506,69.24603174603175,19.246031746031747,45.599999999999994,26.785714285714285,69.24603174603175,88.69047619047619,14.484126984126986,11.30952380952381,21.76,43.24625
2010-10-06,56.547619047619044,56.94444444444444,23.61111111111111,46.275000000000006,39.08730158730159,56.94444444444444,75.9920634920635,36.7063492063492,8.92857142857143,21.49,42.8681
2010-10-07,58.92857142857143,45.03968253968254,24.20634920634921,46.1,10.119047619047619,45.03968253968254,70.03968253968253,32.73809523809524,8.92857142857143,21.56,43.02366
2010-10-08,47.817460317460316,37.89682539682539,20.833333333333336,48.224999999999994,33.92857142857143,37.89682539682539,69.84126984126983,27.18253968253968,10.912698412698404,20.71,43.32983
2010-10-11,52.976190476190474,32.73809523809524,19.444444444444443,55.199999999999996,49.801587301587304,32.73809523809524,70.03968253968253,41.07142857142857,11.706349206349216,18.96,43.3474
2010-10-12,47.42063492063492,29.563492063492063,20.634920634920633,55.35,42.65873015873016,29.563492063492063,75.79365079365078,43.452380952380956,13.69047619047619,18.93,43.637
2010-10-13,49.801587301587304,87.10317460317461,18.253968253968253,54.65,84.32539682539682,87.10317460317461,85.11904761904762,13.690476190476192,17.658730158730165,19.07,43.99161
2010-10-14,41.07142857142857,93.05555555555556,19.444444444444443,50.60000000000001,96.62698412698413,93.05555555555556,79.16666666666666,38.69047619047619,18.055555555555557,19.88,43.90117
2010-10-15,49.801587301587304,89.88095238095238,21.82539682539683,54.849999999999994,99.40476190476191,89.88095238095238,71.23015873015873,50.595238095238095,20.833333333333343,19.03,44.83428
2010-10-18,64.88095238095238,97.02380952380952,21.230158730158728,54.55,97.81746031746032,97.02380952380952,81.94444444444444,27.18253968253968,21.230158730158735,19.09,44.67375
2010-10-19,60.51587301587301,96.62698412698413,22.420634920634924,48.425000000000004,95.43650793650794,96.62698412698413,43.05555555555556,45.83333333333333,14.484126984126988,20.63,44.25877
2010-10-20,64.0873015873016,87.10317460317461,25.793650793650794,51.050000000000004,90.67460317460318,87.10317460317461,64.0873015873016,40.27777777777778,19.246031746031747,19.79,44.57655
2010-10-21,75.59523809523809,5.357142857142857,25.396825396825395,53.650000000000006,43.84920634920635,5.357142857142857,60.11904761904761,32.34126984126984,22.420634920634924,19.27,44.66402
2010-10-22,80.75396825396825,2.1825396825396823,26.587301587301585,56.099999999999994,43.84920634920635,2.1825396825396823,58.92857142857143,47.817460317460316,23.214285714285708,18.78,44.96641
2010-10-25,64.48412698412699,30.753968253968257,28.571428571428573,50.74999999999999,49.801587301587304,30.753968253968257,65.67460317460318,38.69047619047619,24.404761904761912,19.85,45.18979
2010-10-26,61.30952380952381,5.753968253968254,27.57936507936508,49.45,39.48412698412698,5.753968253968254,56.547619047619044,27.18253968253968,25.595238095238088,20.22,45.30266
2010-10-27,60.51587301587301,11.30952380952381,26.58730158730159,48.224999999999994,6.15079365079365,11.30952380952381,44.642857142857146,38.2936507936508,26.388888888888886,20.71,45.44761
2010-10-28,66.86507936507937,39.48412698412698,30.158730158730158,47.800000000000004,68.05555555555556,39.48412698412698,40.67460317460318,54.563492063492056,25.595238095238088,20.88,45.5456
2010-10-29,59.32539682539682,31.547619047619047,27.579365079365083,47.0,18.452380952380953,31.547619047619047,40.67460317460318,44.24603174603175,25.198412698412696,21.2,45.43867
2010-11-01,54.96031746031746,8.928571428571429,27.77777777777778,45.425000000000004,28.373015873015873,8.928571428571429,40.27777777777778,47.42063492063492,16.865079365079367,21.83,45.47461
2010-11-02,56.547619047619044,2.579365079365079,25.3968253968254,46.075,31.944444444444443,2.579365079365079,54.563492063492056,19.246031746031747,19.64285714285714,21.57,45.96375
2010-11-03,58.92857142857143,12.896825396825399,22.023809523809522,52.20000000000001,68.84920634920636,12.896825396825399,54.96031746031746,17.658730158730158,23.214285714285708,19.56,46.17164
2010-11-04,54.166666666666664,31.150793650793652,20.03968253968254,57.4,72.02380952380952,31.150793650793652,82.73809523809523,39.08730158730159,26.388888888888886,18.52,46.74278
2010-11-05,56.547619047619044,79.16666666666666,28.174603174603174,58.69999999999999,88.29365079365078,79.16666666666666,81.34920634920636,79.16666666666666,28.769841269841265,18.26,46.74278
2010-11-08,47.42063492063492,8.134920634920634,28.968253968253965,58.550000000000004,64.0873015873016,8.134920634920634,76.38888888888889,69.64285714285714,28.769841269841265,18.29,46.7953
2010-11-09,44.642857142857146,15.674603174603174,33.13492063492064,54.60000000000001,43.84920634920635,15.674603174603174,53.37301587301587,73.21428571428571,30.753968253968253,19.08,46.54452
2010-11-10,43.452380952380956,28.373015873015873,35.11904761904762,57.650000000000006,44.24603174603175,28.373015873015873,58.92857142857143,53.37301587301587,29.563492063492063,18.47,46.77812
2010-11-11,35.51587301587302,87.89682539682539,35.714285714285715,56.8,94.24603174603175,87.89682539682539,44.24603174603175,49.007936507936506,27.579365079365076,18.64,46.48247
2010-11-12,37.10317460317461,81.54761904761905,30.357142857142854,48.475,90.67460317460318,81.54761904761905,31.150793650793652,45.43650793650794,27.182539682539684,20.61,45.72817
2010-11-15,50.99206349206349,5.753968253968254,30.753968253968253,49.5,78.37301587301587,5.753968253968254,32.73809523809524,34.72222222222222,32.73809523809523,20.2,45.55543
2010-11-16,54.563492063492056,18.055555555555554,31.34920634920635,43.550000000000004,79.16666666666666,18.055555555555554,20.03968253968254,53.37301587301587,22.817460317460316,22.58,44.79913
2010-11-17,52.182539682539684,52.182539682539684,31.54761904761905,45.599999999999994,64.0873015873016,52.182539682539684,20.03968253968254,57.341269841269835,24.801587301587304,21.76,44.93028
2010-11-18,54.563492063492056,94.64285714285714,27.976190476190478,56.25,97.02380952380952,94.64285714285714,28.76984126984127,35.51587301587302,33.53174603174604,18.75,45.65539
2010-11-19,45.43650793650794,45.03968253968254,27.976190476190474,59.800000000000004,54.166666666666664,45.03968253968254,34.72222222222222,39.48412698412698,33.92857142857143,18.04,45.69144
2010-11-22,37.89682539682539,9.325396825396826,32.14285714285714,58.15,20.436507936507937,9.325396825396826,31.150793650793652,64.0873015873016,29.166666666666657,18.37,46.07514
2010-11-23,36.30952380952381,46.230158730158735,31.944444444444446,48.425000000000004,41.46825396825397,46.230158730158735,22.817460317460316,66.46825396825396,21.626984126984127,20.63,45.33563
2010-11-24,33.92857142857143,15.277777777777779,34.72222222222222,52.20000000000001,29.96031746031746,15.277777777777779,35.91269841269841,44.24603174603175,36.70634920634921,19.56,46.25304
2010-11-26,32.34126984126984,12.103174603174603,41.269841269841265,44.45,67.65873015873017,12.103174603174603,27.579365079365083,65.67460317460318,26.785714285714292,22.22,45.95481
2010-11-29,37.10317460317461,4.166666666666666,39.682539682539684,46.175,22.023809523809522,4.166666666666666,26.785714285714285,70.43650793650794,27.579365079365076,21.53,45.91788
2010-11-30,35.91269841269841,0.5952380952380952,31.746031746031743,41.150000000000006,56.547619047619044,0.5952380952380952,24.00793650793651,54.96031746031746,11.706349206349216,23.54,45.35518
2010-12-01,36.7063492063492,6.15079365079365,30.158730158730158,46.6,22.023809523809522,6.15079365079365,41.86507936507937,52.976190476190474,29.563492063492063,21.36,46.31639
2010-12-02,40.67460317460318,13.293650793650794,32.539682539682545,53.05,56.94444444444444,13.293650793650794,65.67460317460318,76.38888888888889,38.69047619047619,19.39,46.78655
2010-12-03,39.88095238095239,6.547619047619048,34.920634920634924,59.94999999999999,7.341269841269842,6.547619047619048,73.61111111111111,75.59523809523809,40.27777777777778,18.01,46.91006
2010-12-06,37.10317460317461,7.738095238095238,41.07142857142857,59.900000000000006,33.53174603174603,7.738095238095238,72.81746031746032,89.88095238095238,37.10317460317461,18.02,46.89238
2010-12-07,37.10317460317461,42.65873015873016,46.62698412698413,60.05000000000001,74.8015873015873,42.65873015873016,69.24603174603175,74.40476190476191,43.452380952380956,17.99,46.9189
2010-12-08,36.7063492063492,33.53174603174603,52.57936507936508,61.30000000000001,55.35714285714286,33.53174603174603,68.05555555555556,74.0079365079365,47.42063492063492,17.74,47.09451
2010-12-09,37.10317460317461,81.94444444444444,55.95238095238095,63.75,38.2936507936508,81.94444444444444,73.4126984126984,70.83333333333334,47.817460317460316,17.25,47.14038
2010-12-10,37.89682539682539,57.341269841269835,55.75396825396825,61.95,21.23015873015873,57.341269841269835,87.10317460317461,61.30952380952381,49.404761904761905,17.61,47.44933
2010-12-13,46.230158730158735,29.96031746031746,52.182539682539684,62.24999999999999,12.896825396825399,29.96031746031746,83.92857142857143,76.38888888888889,49.00793650793651,17.55,47.28225
2010-12-14,48.214285714285715,10.515873015873016,48.611111111111114,61.95,16.865079365079367,10.515873015873016,83.73015873015873,70.03968253968253,51.38888888888889,17.61,47.36792
2010-12-15,39.48412698412698,18.055555555555554,41.86507936507937,60.29999999999999,16.071428571428573,18.055555555555554,56.15079365079365,64.88095238095238,50.992063492063494,17.94,47.16749
2010-12-16,58.13492063492064,83.53174603174604,35.51587301587302,63.05,65.67460317460318,83.53174603174604,72.81746031746032,68.05555555555556,51.785714285714285,17.39,47.53104
2010-12-17,39.88095238095239,38.2936507936508,36.7063492063492,69.45,6.15079365079365,38.2936507936508,72.61904761904762,74.0079365079365,49.404761904761905,16.11,47.57581
2010-12-20,31.944444444444443,27.579365079365083,37.5,67.95,12.103174603174603,27.579365079365083,77.97619047619048,84.72222222222221,50.595238095238095,16.41,47.61174
2010-12-21,25.992063492063494,21.626984126984127,38.492063492063494,67.55000000000001,3.7698412698412698,21.626984126984127,81.54761904761905,70.83333333333334,51.38888888888889,16.49,47.89071
2010-12-22,27.579365079365083,74.0079365079365,43.25396825396825,72.75,54.166666666666664,74.0079365079365,84.32539682539682,91.46825396825396,52.182539682539684,15.45,47.88287
2010-12-23,35.51587301587302,19.246031746031747,53.17460317460317,67.65,22.817460317460316,19.246031746031747,76.98412698412699,82.73809523809523,54.56349206349206,16.47,47.76047
2010-12-27,39.48412698412698,79.56349206349206,53.96825396825396,61.64999999999999,75.9920634920635,79.56349206349206,69.64285714285714,80.35714285714286,51.785714285714285,17.67,47.78568
2010-12-28,54.563492063492056,15.277777777777779,58.33333333333333,62.4,22.817460317460316,15.277777777777779,64.48412698412699,89.0873015873016,56.15079365079365,17.52,47.7011
2010-12-29,56.547619047619044,0.992063492063492,55.158730158730165,63.599999999999994,0.992063492063492,0.992063492063492,60.11904761904761,82.73809523809523,52.57936507936508,17.28,47.80326
2010-12-30,55.75396825396825,2.976190476190476,45.03968253968254,62.4,1.3888888888888888,2.976190476190476,54.96031746031746,76.78571428571429,53.769841269841265,17.52,47.69425
2010-12-31,54.563492063492056,0.5952380952380952,40.67460317460318,61.25,20.03968253968254,0.5952380952380952,46.230158730158735,72.02380952380952,47.817460317460316,17.75,47.5221
2011-01-03,55.35714285714286,61.30952380952381,40.476190476190474,61.95,70.03968253968253,61.30952380952381,74.40476190476191,82.34126984126983,50.992063492063494,17.61,48.25585
2011-01-04,70.43650793650794,2.976190476190476,39.08730158730159,63.10000000000001,8.928571428571429,2.976190476190476,43.05555555555556,76.78571428571429,50.992063492063494,17.38,48.222
2011-01-05,63.29365079365079,30.357142857142854,39.682539682539684,64.9,6.15079365079365,30.357142857142854,43.05555555555556,79.56349206349206,57.34126984126984,17.02,48.63916
2011-01-06,63.69047619047619,31.150793650793652,42.26190476190476,63.00000000000001,31.150793650793652,31.150793650793652,39.88095238095239,83.53174603174604,52.976190476190474,17.4,48.78957
2011-01-07,68.84920634920636,62.89682539682539,54.36507936507937,64.3,77.97619047619048,62.89682539682539,38.2936507936508,83.13492063492063,50.992063492063494,17.14,48.74579
2011-01-10,71.23015873015873,19.246031746031747,67.06349206349206,62.300000000000004,21.23015873015873,19.246031746031747,35.91269841269841,64.0873015873016,49.404761904761905,17.54,48.93253
2011-01-11,68.84920634920636,34.32539682539682,65.07936507936508,65.55,30.753968253968257,34.32539682539682,39.08730158730159,76.78571428571429,52.976190476190474,16.89,49.00233
2011-01-12,66.86507936507937,69.24603174603175,68.05555555555556,68.80000000000001,31.944444444444443,69.24603174603175,46.230158730158735,67.26190476190477,58.92857142857143,16.24,49.34652
2011-01-13,62.89682539682539,44.642857142857146,67.06349206349205,68.05,58.13492063492064,44.642857142857146,43.452380952380956,71.62698412698413,54.16666666666667,16.39,49.36488
2011-01-14,64.88095238095238,98.21428571428571,67.85714285714286,72.7,90.67460317460318,98.21428571428571,51.388888888888886,74.8015873015873,60.11904761904761,15.46,49.74005
2011-01-18,44.642857142857146,99.8015873015873,56.150793650793645,70.65,99.40476190476191,99.8015873015873,63.69047619047619,91.46825396825396,61.30952380952381,15.87,49.87109
2011-01-19,58.53174603174603,92.65873015873017,56.94444444444444,63.45,90.67460317460318,92.65873015873017,38.69047619047619,85.11904761904762,54.96031746031746,17.31,49.30074
2011-01-20,62.10317460317461,74.0079365079365,54.36507936507936,60.05000000000001,78.76984126984127,74.0079365079365,33.53174603174603,71.23015873015873,60.91269841269841,17.99,48.95864
2011-01-21,61.70634920634921,34.32539682539682,54.36507936507937,57.650000000000006,94.64285714285714,34.32539682539682,35.11904761904761,73.21428571428571,60.51587301587302,18.47,48.58347
2011-01-24,65.27777777777779,41.46825396825397,45.23809523809524,61.75000000000001,72.81746031746032,41.46825396825397,41.07142857142857,67.65873015873017,62.89682539682539,17.65,49.25111
2011-01-25,70.83333333333334,50.99206349206349,46.230158730158735,62.05,39.48412698412698,50.99206349206349,42.26190476190476,70.03968253968253,60.11904761904761,17.59,49.31822
2011-01-26,54.563492063492056,5.753968253968254,39.682539682539684,66.8,6.15079365079365,5.753968253968254,52.182539682539684,60.51587301587301,65.27777777777777,16.64,49.58657
2011-01-27,49.007936507936506,1.7857142857142856,37.5,69.25,53.37301587301587,1.7857142857142856,53.37301587301587,64.48412698412699,65.67460317460318,16.15,49.88787
2011-01-28,52.182539682539684,13.293650793650794,36.30952380952381,49.9,91.86507936507937,13.293650793650794,26.785714285714285,65.27777777777779,53.37301587301587,20.04,48.63023
2011-01-31,56.94444444444444,0.1984126984126984,35.11904761904762,52.349999999999994,37.89682539682539,0.1984126984126984,30.753968253968257,58.53174603174603,53.769841269841265,19.53,48.85856
2011-02-01,56.15079365079365,0.5952380952380952,35.714285714285715,61.85000000000001,35.11904761904761,0.5952380952380952,49.007936507936506,58.53174603174603,65.67460317460318,17.63,49.78383
2011-02-02,60.912698412698404,1.7857142857142856,36.7063492063492,63.49999999999999,1.3888888888888888,1.7857142857142856,40.87301587301587,72.81746031746032,66.46825396825398,17.3,49.70411
2011-02-03,43.452380952380956,3.373015873015873,37.6984126984127,66.54999999999998,6.944444444444445,3.373015873015873,45.03968253968254,68.84920634920636,70.03968253968254,16.69,49.79157
2011-02-04,41.86507936507937,11.706349206349206,39.682539682539684,70.35,2.579365079365079,11.706349206349206,46.62698412698413,68.84920634920636,71.23015873015873,15.93,50.06568
2011-02-07,44.642857142857146,32.34126984126984,47.817460317460316,68.6,19.642857142857142,32.34126984126984,64.0873015873016,65.27777777777779,71.62698412698413,16.28,50.30653
2011-02-08,48.61111111111111,48.61111111111111,53.76984126984127,70.94999999999999,13.293650793650794,48.61111111111111,73.61111111111111,78.76984126984127,72.42063492063491,15.81,50.63206
2011-02-09,39.48412698412698,72.02380952380952,53.37301587301587,70.65,45.83333333333333,72.02380952380952,61.30952380952381,72.42063492063492,71.62698412698413,15.87,50.5437
2011-02-10,32.34126984126984,98.21428571428571,50.992063492063494,69.55,97.02380952380952,98.21428571428571,62.698412698412696,70.43650793650794,72.42063492063491,16.09,50.6254
2011-02-11,36.7063492063492,30.753968253968257,57.142857142857146,71.55000000000001,65.67460317460318,30.753968253968257,75.9920634920635,78.37301587301587,72.81746031746032,15.69,50.98697
2011-02-14,32.73809523809524,17.261904761904763,49.2063492063492,70.25,58.92857142857143,17.261904761904763,72.81746031746032,84.32539682539682,73.21428571428572,15.95,51.11443
2011-02-15,36.30952380952381,20.833333333333336,43.45238095238095,68.14999999999999,11.30952380952381,20.833333333333336,66.07142857142857,88.29365079365078,72.42063492063491,16.37,51.04227
2011-02-16,26.38888888888889,54.563492063492056,45.43650793650794,66.4,47.023809523809526,54.563492063492056,81.15079365079364,84.32539682539682,74.4047619047619,16.72,51.37872
2011-02-18,28.373015873015873,45.83333333333333,47.420634920634924,67.85,62.10317460317461,45.83333333333333,81.94444444444444,85.11904761904762,75.1984126984127,16.43,51.2435
2011-02-22,37.10317460317461,54.166666666666664,44.047619047619044,48.0,77.97619047619048,54.166666666666664,29.96031746031746,71.62698412698413,68.84920634920636,20.8,49.76447
2011-02-23,56.15079365079365,15.277777777777779,42.06349206349207,44.675000000000004,62.89682539682539,15.277777777777779,20.833333333333336,52.976190476190474,68.05555555555556,22.13,49.34652
2011-02-24,60.912698412698404,10.515873015873016,38.095238095238095,46.7,37.10317460317461,10.515873015873016,21.23015873015873,53.37301587301587,65.67460317460318,21.32,49.61377
2011-02-25,50.595238095238095,32.34126984126984,36.7063492063492,53.900000000000006,3.373015873015873,32.34126984126984,31.547619047619047,54.96031746031746,70.03968253968254,19.22,50.30653
2011-02-28,64.0873015873016,16.071428571428573,38.095238095238095,58.24999999999999,2.579365079365079,16.071428571428573,34.32539682539682,77.57936507936508,67.26190476190476,18.35,50.4048
2011-03-01,76.78571428571429,9.325396825396826,38.888888888888886,47.474999999999994,9.722222222222223,9.325396825396826,20.833333333333336,60.912698412698404,56.15079365079365,21.01,49.59441
2011-03-02,60.912698412698404,33.53174603174603,39.48412698412699,48.25,8.531746031746032,33.53174603174603,22.817460317460316,54.563492063492056,62.5,20.7,49.85273
2011-03-03,61.30952380952381,56.547619047619044,44.44444444444444,56.99999999999999,42.65873015873016,56.547619047619044,43.84920634920635,60.912698412698404,73.61111111111111,18.6,50.8441
2011-03-04,63.29365079365079,28.373015873015873,35.91269841269842,54.7,20.436507936507937,28.373015873015873,29.166666666666668,66.86507936507937,69.64285714285714,19.06,50.57993
2011-03-07,71.62698412698413,30.357142857142854,31.15079365079365,48.35,12.5,30.357142857142854,22.817460317460316,59.32539682539682,65.27777777777777,20.66,49.8976
2011-03-08,74.40476190476191,34.72222222222222,30.952380952380953,50.9,24.404761904761905,34.72222222222222,34.72222222222222,59.72222222222222,74.0079365079365,19.82,50.10261
2011-03-09,76.38888888888889,45.83333333333333,32.93650793650794,49.45,21.626984126984127,45.83333333333333,31.547619047619047,68.05555555555556,68.05555555555556,20.22,49.76447
2011-03-10,76.78571428571429,12.5,33.13492063492063,45.300000000000004,10.912698412698413,12.5,18.452380952380953,66.07142857142857,52.182539682539684,21.88,48.98604
2011-03-11,65.27777777777779,14.880952380952381,32.738095238095234,49.800000000000004,13.293650793650794,14.880952380952381,24.00793650793651,60.51587301587301,55.75396825396825,20.08,49.28327
2011-03-14,70.03968253968253,7.341269841269842,31.944444444444443,47.175000000000004,31.547619047619047,7.341269841269842,16.865079365079367,58.13492063492064,52.57936507936508,21.13,49.1161
2011-03-15,62.10317460317461,43.84920634920635,29.96031746031746,39.2,43.05555555555556,43.84920634920635,12.103174603174603,54.166666666666664,48.21428571428571,24.32,48.41649
2011-03-16,43.84920634920635,67.65873015873017,28.57142857142857,26.5,71.62698412698413,67.65873015873017,6.15079365079365,57.341269841269835,39.087301587301596,29.4,47.24829
2011-03-17,53.769841269841265,43.84920634920635,27.976190476190474,34.075,31.547619047619047,43.84920634920635,11.30952380952381,54.96031746031746,45.03968253968254,26.37,47.68482
2011-03-18,43.05555555555556,71.62698412698413,27.579365079365076,38.9,40.27777777777778,71.62698412698413,14.484126984126986,42.26190476190476,46.62698412698413,24.44,47.64322
2011-03-21,54.96031746031746,50.595238095238095,27.38095238095238,48.475,83.53174603174604,50.595238095238095,31.547619047619047,49.404761904761905,54.56349206349206,20.61,48.5659
2011-03-22,79.96031746031747,4.166666666666666,27.57936507936508,49.474999999999994,0.5952380952380952,4.166666666666666,27.18253968253968,49.801587301587304,51.38888888888889,20.21,48.47615
2011-03-23,79.56349206349206,13.293650793650794,26.785714285714285,54.14999999999999,25.992063492063494,13.293650793650794,27.976190476190478,35.51587301587302,55.75396825396825,19.17,48.74192
2011-03-24,77.97619047619048,14.484126984126986,26.38888888888889,60.0,16.46825396825397,14.484126984126986,40.67460317460318,49.404761904761905,64.88095238095238,18.0,49.6081
2011-03-25,76.38888888888889,23.61111111111111,26.785714285714285,60.449999999999996,35.11904761904761,23.61111111111111,47.42063492063492,41.07142857142857,69.24603174603175,17.91,49.7327
2011-03-28,77.18253968253968,0.1984126984126984,28.76984126984127,52.79999999999999,9.325396825396826,0.1984126984126984,44.24603174603175,69.24603174603175,68.45238095238095,19.44,49.46019
2011-03-29,77.57936507936508,6.944444444444445,28.17460317460317,59.199999999999996,2.1825396825396823,6.944444444444445,66.07142857142857,44.642857142857146,76.38888888888889,18.16,49.94168
2011-03-30,66.07142857142857,12.5,29.960317460317455,61.449999999999996,0.1984126984126984,12.5,92.65873015873017,60.11904761904761,77.97619047619048,17.71,50.17657
2011-03-31,64.0873015873016,2.976190476190476,30.357142857142858,61.30000000000001,6.547619047619048,2.976190476190476,85.51587301587301,68.05555555555556,72.02380952380952,17.74,50.24845
2011-04-01,67.26190476190477,35.91269841269841,31.944444444444446,63.00000000000001,51.78571428571429,35.91269841269841,91.46825396825396,75.9920634920635,75.9920634920635,17.4,50.27088
2011-04-04,65.27777777777779,30.753968253968257,33.13492063492063,62.5,19.246031746031747,30.753968253968257,89.0873015873016,81.15079365079364,76.38888888888889,17.5,50.10936
2011-04-05,52.182539682539684,23.214285714285715,37.3015873015873,63.75,75.59523809523809,23.214285714285715,87.89682539682539,68.84920634920636,78.76984126984127,17.25,49.97613
2011-04-06,38.2936507936508,62.10317460317461,40.47619047619048,65.5,67.26190476190477,62.10317460317461,95.43650793650794,87.5,82.73809523809524,16.9,50.09953
2011-04-07,35.11904761904761,30.357142857142854,42.063492063492056,64.45,22.817460317460316,30.357142857142854,92.65873015873017,70.43650793650794,82.73809523809524,17.11,50.06449
2011-04-08,46.230158730158735,11.30952380952381,41.666666666666664,60.64999999999999,7.738095238095238,11.30952380952381,66.86507936507937,68.84920634920636,82.34126984126985,17.87,49.8292
2011-04-11,51.78571428571429,2.1825396825396823,40.873015873015866,67.05,1.7857142857142856,2.1825396825396823,50.198412698412696,67.65873015873017,81.15079365079364,16.59,49.65973
2011-04-12,54.166666666666664,0.1984126984126984,41.666666666666664,64.55000000000001,15.277777777777779,0.1984126984126984,37.10317460317461,68.05555555555556,69.24603174603175,17.09,49.321
2011-04-13,53.37301587301587,20.03968253968254,39.087301587301596,65.39999999999999,15.277777777777779,20.03968253968254,33.53174603174603,70.03968253968253,68.45238095238095,16.92,49.74123
2011-04-14,54.563492063492056,10.912698412698413,35.71428571428572,68.65,28.76984126984127,10.912698412698413,33.13492063492063,53.37301587301587,69.64285714285714,16.27,49.6509
2011-04-15,41.86507936507937,7.341269841269842,33.53174603174603,73.4,90.67460317460318,7.341269841269842,41.46825396825397,65.27777777777779,68.45238095238095,15.32,49.56612
2011-04-18,39.08730158730159,57.738095238095234,34.32539682539682,65.19999999999999,87.89682539682539,57.738095238095234,25.992063492063494,71.62698412698413,56.94444444444444,16.96,49.21497
2011-04-19,55.75396825396825,57.738095238095234,37.3015873015873,70.85,43.05555555555556,57.738095238095234,28.373015873015873,83.92857142857143,59.72222222222222,15.83,49.52144
2011-04-20,26.785714285714285,78.76984126984127,38.2936507936508,74.65,81.94444444444444,78.76984126984127,48.214285714285715,89.48412698412699,74.8015873015873,15.07,50.64079
2011-04-21,22.023809523809522,50.99206349206349,42.65873015873016,76.55,83.53174603174604,50.99206349206349,56.547619047619044,92.26190476190477,81.15079365079364,14.69,51.04356
2011-04-25,15.674603174603174,12.103174603174603,49.007936507936506,71.15,22.817460317460316,12.103174603174603,51.388888888888886,97.02380952380952,76.38888888888889,15.77,51.17609
2011-04-26,20.833333333333336,2.1825396825396823,47.023809523809526,71.9,50.595238095238095,2.1825396825396823,63.69047619047619,66.86507936507937,82.34126984126985,15.62,51.46389
2011-04-27,20.833333333333336,2.976190476190476,45.03968253968254,73.25,35.51587301587302,2.976190476190476,74.40476190476191,85.11904761904762,88.2936507936508,15.35,51.81057
2011-04-28,35.51587301587302,10.912698412698413,45.43650793650794,76.9,0.992063492063492,10.912698412698413,80.75396825396825,89.88095238095238,87.89682539682539,14.62,51.73552
2011-04-29,49.404761904761905,96.23015873015873,45.23809523809524,76.25,98.61111111111111,96.23015873015873,72.42063492063492,89.0873015873016,88.2936507936508,14.75,51.69471
2011-05-02,39.88095238095239,5.753968253968254,44.841269841269835,70.05,17.261904761904763,5.753968253968254,64.0873015873016,91.86507936507937,86.30952380952381,15.99,51.59841
2011-05-03,58.13492063492064,4.563492063492063,48.41269841269841,66.5,3.7698412698412698,4.563492063492063,53.769841269841265,77.97619047619048,79.96031746031746,16.7,51.34734
2011-05-04,54.96031746031746,1.7857142857142856,50.595238095238095,64.60000000000001,3.7698412698412698,1.7857142857142856,44.24603174603175,66.46825396825396,70.43650793650794,17.08,51.2702
2011-05-05,30.753968253968257,1.3888888888888888,48.412698412698404,59.0,0.1984126984126984,1.3888888888888888,38.69047619047619,63.29365079365079,57.34126984126984,18.2,50.99193
2011-05-06,51.388888888888886,6.547619047619048,47.023809523809526,58.00000000000001,10.912698412698413,6.547619047619048,41.07142857142857,61.30952380952381,61.7063492063492,18.4,51.15763
2011-05-09,52.57936507936508,3.7698412698412698,39.08730158730158,64.2,6.944444444444445,3.7698412698412698,45.43650793650794,60.51587301587301,63.69047619047619,17.16,51.34734
2011-05-10,38.69047619047619,17.658730158730158,37.698412698412696,70.45,25.992063492063494,17.658730158730158,62.5,78.76984126984127,76.78571428571428,15.91,51.78704
2011-05-11,35.91269841269841,14.880952380952381,38.49206349206349,65.25,34.32539682539682,14.880952380952381,43.05555555555556,87.5,63.69047619047619,16.95,51.40959
2011-05-12,24.801587301587304,57.738095238095234,36.507936507936506,69.85,58.53174603174603,57.738095238095234,46.62698412698413,58.13492063492064,71.62698412698413,16.03,51.71794
2011-05-13,41.86507936507937,23.61111111111111,38.492063492063494,64.65,11.706349206349206,23.61111111111111,32.73809523809524,66.46825396825396,59.72222222222222,17.07,51.1051
2011-05-16,48.214285714285715,19.246031746031747,39.48412698412698,58.80000000000001,40.27777777777778,19.246031746031747,27.18253968253968,55.35714285714286,53.769841269841265,18.24,50.21827
2011-05-17,55.75396825396825,39.08730158730159,33.531746031746025,62.24999999999999,40.27777777777778,39.08730158730159,24.00793650793651,57.341269841269835,51.785714285714285,17.55,50.36152
2011-05-18,43.84920634920635,11.706349206349206,34.12698412698413,68.85,3.7698412698412698,11.706349206349206,34.32539682539682,62.5,63.2936507936508,16.23,50.78275
2011-05-19,55.35714285714286,13.690476190476192,39.285714285714285,72.4,2.976190476190476,13.690476190476192,36.7063492063492,79.16666666666666,65.67460317460318,15.52,50.92869
2011-05-20,50.0,10.119047619047619,39.88095238095238,62.85,8.531746031746032,10.119047619047619,25.198412698412696,73.61111111111111,56.94444444444444,17.43,50.53466
2011-05-23,40.27777777777778,20.436507936507937,40.87301587301587,58.650000000000006,5.357142857142857,20.436507936507937,12.103174603174603,63.29365079365079,50.595238095238095,18.27,49.80468
2011-05-24,25.992063492063494,19.246031746031747,46.82539682539682,60.9,7.738095238095238,19.246031746031747,10.515873015873016,73.61111111111111,50.595238095238095,17.82,49.49612
2011-05-25,35.51587301587302,22.817460317460316,46.42857142857143,64.65,43.452380952380956,22.817460317460316,11.30952380952381,58.92857142857143,51.38888888888889,17.07,49.68783
2011-05-26,45.03968253968254,14.880952380952381,38.492063492063494,69.55,0.1984126984126984,14.880952380952381,16.865079365079367,51.388888888888886,51.38888888888889,16.09,49.9935
2011-05-27,31.944444444444443,37.5,36.7063492063492,70.1,1.3888888888888888,37.5,24.00793650793651,55.35714285714286,52.182539682539684,15.98,50.24457
2011-05-31,39.48412698412698,10.912698412698413,31.944444444444446,72.75,1.7857142857142856,10.912698412698413,44.642857142857146,61.70634920634921,54.96031746031746,15.45,51.05914
2011-06-01,52.976190476190474,43.05555555555556,32.53968253968254,58.5,17.261904761904763,43.05555555555556,11.706349206349206,87.10317460317461,43.84920634920635,18.3,49.95052
2011-06-02,50.0,33.53174603174603,31.15079365079365,59.550000000000004,10.912698412698413,33.53174603174603,9.325396825396826,55.35714285714286,45.833333333333336,18.09,50.05565
2011-06-03,50.0,2.976190476190476,29.761904761904763,60.25,0.1984126984126984,2.976190476190476,3.373015873015873,47.023809523809526,39.88095238095239,17.95,49.30343
2011-06-06,50.0,43.05555555555556,30.158730158730155,57.550000000000004,54.563492063492056,43.05555555555556,1.7857142857142856,50.198412698412696,35.51587301587301,18.49,48.90076
2011-06-07,50.0,48.61111111111111,28.76984126984127,59.65,36.30952380952381,48.61111111111111,2.1825396825396823,34.32539682539682,35.11904761904762,18.07,48.81677
2011-06-08,50.0,44.642857142857146,27.57936507936508,56.050000000000004,5.357142857142857,44.642857142857146,2.1825396825396823,43.452380952380956,30.35714285714286,18.79,48.46553
2011-06-09,69.24603174603175,11.30952380952381,23.80952380952381,61.150000000000006,0.5952380952380952,11.30952380952381,4.563492063492063,31.944444444444443,38.29365079365079,17.77,48.55518
2011-06-10,50.0,42.26190476190476,24.404761904761905,55.7,20.436507936507937,42.26190476190476,1.3888888888888888,37.10317460317461,26.785714285714292,18.86,47.80871
2011-06-13,50.0,19.246031746031747,22.023809523809526,51.95,13.293650793650794,19.246031746031747,1.7857142857142856,37.5,27.97619047619048,19.61,47.80673
2011-06-14,79.56349206349206,25.992063492063494,23.611111111111114,58.69999999999999,3.7698412698412698,25.992063492063494,6.944444444444445,23.61111111111111,43.84920634920635,18.26,48.42274
2011-06-15,86.70634920634922,31.547619047619047,16.46825396825397,46.7,4.9603174603174605,31.547619047619047,0.992063492063492,22.817460317460316,24.801587301587304,21.32,47.50026
2011-06-16,50.0,41.46825396825397,17.063492063492063,43.175,26.38888888888889,41.46825396825397,4.563492063492063,40.67460317460318,23.214285714285708,22.73,47.31719
2011-06-17,50.0,37.5,16.26984126984127,45.375,19.246031746031747,37.5,9.325396825396826,37.10317460317461,26.388888888888886,21.85,47.16719
2011-06-20,50.0,35.11904761904761,14.087301587301589,50.050000000000004,34.32539682539682,35.11904761904761,17.658730158730158,25.595238095238095,32.341269841269835,19.99,47.41349
2011-06-21,68.84920634920636,19.246031746031747,15.079365079365079,55.7,11.706349206349206,19.246031746031747,35.11904761904761,27.976190476190478,43.452380952380956,18.86,48.43138
2011-06-22,50.0,12.103174603174603,17.063492063492063,57.4,5.753968253968254,12.103174603174603,27.579365079365083,27.579365079365083,40.27777777777778,18.52,48.08004
2011-06-23,50.0,8.134920634920634,17.658730158730158,53.550000000000004,25.992063492063494,8.134920634920634,24.801587301587304,36.7063492063492,33.13492063492063,19.29,48.52877
2011-06-24,50.0,32.34126984126984,24.20634920634921,47.25,28.373015873015873,32.34126984126984,16.46825396825397,47.42063492063492,22.02380952380952,21.1,47.688
2011-06-27,50.0,35.91269841269841,26.19047619047619,48.6,54.563492063492056,35.91269841269841,26.38888888888889,30.357142857142854,33.13492063492063,20.56,48.44011
2011-06-28,50.0,12.5,26.38888888888889,54.14999999999999,11.706349206349206,12.5,54.166666666666664,29.166666666666668,48.21428571428571,19.17,49.16732
2011-06-29,50.0,69.64285714285714,25.595238095238095,63.65,39.08730158730159,69.64285714285714,75.59523809523809,48.214285714285715,53.37301587301587,17.27,49.36578
2011-06-30,77.18253968253968,39.48412698412698,22.61904761904762,67.4,8.531746031746032,39.48412698412698,95.43650793650794,44.24603174603175,53.37301587301587,16.52,50.02963
2011-07-01,79.56349206349206,23.61111111111111,20.23809523809524,70.65,26.38888888888889,23.61111111111111,99.40476190476191,37.10317460317461,60.11904761904761,15.87,50.78176
2011-07-05,82.34126984126983,32.34126984126984,22.817460317460316,69.7,88.29365079365078,32.34126984126984,99.0079365079365,57.341269841269835,56.547619047619044,16.06,51.03383
2011-07-06,92.26190476190477,40.67460317460318,25.0,68.3,29.96031746031746,40.67460317460318,98.80952380952381,66.07142857142857,55.357142857142854,16.34,51.20409
2011-07-07,83.92857142857143,8.928571428571429,26.19047619047619,70.25,10.912698412698413,8.928571428571429,99.8015873015873,56.94444444444444,66.07142857142857,15.95,51.902
2011-07-08,90.27777777777779,11.706349206349206,31.746031746031743,70.25,41.86507936507937,11.706349206349206,96.23015873015873,56.15079365079365,53.769841269841265,15.95,51.76282
2011-07-11,50.0,24.801587301587304,38.09523809523809,58.05,39.48412698412698,24.801587301587304,52.976190476190474,62.10317460317461,44.24603174603175,18.39,50.82743
2011-07-12,50.0,44.642857142857146,36.70634920634921,50.64999999999999,22.42063492063492,44.642857142857146,44.24603174603175,50.99206349206349,41.07142857142857,19.87,50.44312
2011-07-13,92.65873015873017,22.817460317460316,32.93650793650794,50.45,33.53174603174603,22.817460317460316,42.65873015873016,60.51587301587301,42.658730158730165,19.91,50.64943
2011-07-14,98.21428571428571,8.531746031746032,35.11904761904762,48.0,89.0873015873016,8.531746031746032,22.817460317460316,53.769841269841265,41.46825396825397,20.8,50.0625
2011-07-15,98.21428571428571,0.1984126984126984,29.960317460317462,52.349999999999994,95.03968253968253,0.1984126984126984,23.015873015873016,60.11904761904761,43.452380952380956,19.53,50.72736
2011-07-18,50.0,65.67460317460318,32.34126984126984,47.625,88.29365079365078,65.67460317460318,12.896825396825399,66.86507936507937,36.70634920634921,20.95,50.45872
2011-07-19,99.40476190476191,92.26190476190477,37.301587301587304,53.949999999999996,91.86507936507937,92.26190476190477,26.785714285714285,66.86507936507937,46.62698412698413,19.21,51.60814
2011-07-20,99.0079365079365,95.03968253968253,44.04761904761905,54.55,92.26190476190477,95.03968253968253,26.38888888888889,74.0079365079365,47.023809523809526,19.09,51.38407
2011-07-21,99.40476190476191,70.43650793650794,40.87301587301587,62.2,47.42063492063492,70.43650793650794,43.65079365079365,66.46825396825396,53.769841269841265,17.56,51.72876
2011-07-22,99.0079365079365,42.26190476190476,49.404761904761905,62.4,87.5,42.26190476190476,37.89682539682539,73.21428571428571,52.182539682539684,17.52,52.26198
2011-07-25,99.8015873015873,57.341269841269835,44.84126984126984,53.24999999999999,90.27777777777779,57.341269841269835,25.595238095238095,54.96031746031746,50.595238095238095,19.35,52.15814
2011-07-26,50.0,10.912698412698413,51.58730158730159,49.425,82.73809523809523,10.912698412698413,20.833333333333336,82.73809523809523,49.00793650793651,20.23,52.28849
2011-07-27,50.0,16.865079365079367,50.198412698412696,42.55,50.99206349206349,16.865079365079367,7.5396825396825395,68.05555555555556,39.88095238095239,22.98,50.93663
2011-07-28,50.0,8.531746031746032,49.801587301587304,40.650000000000006,41.46825396825397,8.531746031746032,6.547619047619048,49.007936507936506,35.912698412698404,23.74,51.0242
2011-07-29,50.0,18.849206349206348,37.8968253968254,36.875,48.61111111111111,18.849206349206348,5.357142857142857,23.214285714285715,21.626984126984127,25.25,50.86178
2011-08-01,50.0,2.976190476190476,40.476190476190474,40.85,26.38888888888889,2.976190476190476,4.563492063492063,73.21428571428571,12.5,23.66,50.62322
2011-08-02,50.0,6.547619047619048,30.555555555555554,38.025000000000006,19.246031746031747,6.547619047619048,0.1984126984126984,48.61111111111111,2.5793650793650755,24.79,49.34622
2011-08-03,50.0,8.134920634920634,33.13492063492063,41.550000000000004,19.246031746031747,8.134920634920634,0.992063492063492,43.05555555555556,3.3730158730158735,23.38,49.81729
2011-08-04,50.0,4.563492063492063,32.73809523809524,20.849999999999994,22.023809523809522,4.563492063492063,0.1984126984126984,14.880952380952381,0.19841269841269593,31.66,47.50026
2011-08-05,50.0,44.642857142857146,32.53968253968254,20.0,62.10317460317461,44.642857142857146,0.5952380952380952,10.515873015873016,0.5952380952380878,32.0,47.20412
2011-08-08,50.0,36.7063492063492,22.81746031746032,0.0,54.563492063492056,36.7063492063492,0.1984126984126984,1.7857142857142856,0.19841269841269593,48.0,44.36142
2011-08-09,50.0,17.261904761904763,18.452380952380953,12.349999999999994,29.96031746031746,17.261904761904763,0.5952380952380952,5.357142857142857,0.5952380952380878,35.06,46.50163
2011-08-10,50.0,41.86507936507937,7.341269841269842,0.0,24.404761904761905,41.86507936507937,0.3968253968253968,10.515873015873016,0.19841269841269593,42.99,44.60197
2011-08-11,50.0,28.76984126984127,7.936507936507937,2.5,44.642857142857146,28.76984126984127,2.380952380952381,22.42063492063492,1.3888888888888857,39.0,46.56209
2011-08-12,50.0,24.801587301587304,19.642857142857146,9.099999999999994,34.32539682539682,24.801587301587304,2.976190476190476,39.48412698412698,1.3888888888888857,36.36,46.97658
2011-08-15,50.0,2.976190476190476,28.769841269841272,20.325000000000003,74.0079365079365,2.976190476190476,10.119047619047619,18.055555555555554,2.1825396825396837,31.87,47.66932
2011-08-16,50.0,9.325396825396826,32.73809523809524,17.875,58.92857142857143,9.325396825396826,8.928571428571429,11.30952380952381,2.1825396825396837,32.85,47.26745
2011-08-17,50.0,10.515873015873016,36.507936507936506,21.049999999999997,12.103174603174603,10.515873015873016,14.484126984126986,10.912698412698413,2.1825396825396837,31.58,46.98531
2011-08-18,50.0,53.37301587301587,31.746031746031747,0.0,51.388888888888886,53.37301587301587,4.9603174603174605,0.1984126984126984,0.5952380952380878,42.67,44.67484
2011-08-19,50.0,55.75396825396825,24.8015873015873,0.0,62.10317460317461,55.75396825396825,5.158730158730158,0.1984126984126984,0.19841269841269593,43.05,43.87387
2011-08-22,50.0,31.944444444444443,25.198412698412696,0.0,49.801587301587304,31.944444444444443,6.15079365079365,4.166666666666666,0.5952380952380878,42.44,44.02854
2011-08-23,50.0,46.62698412698413,26.78571428571429,9.324999999999989,80.35714285714286,46.62698412698413,17.658730158730158,12.103174603174603,2.1825396825396837,36.27,45.84561
2011-08-24,50.0,57.341269841269835,33.73015873015873,10.25,71.23015873015873,57.341269841269835,23.61111111111111,40.67460317460318,3.7698412698412653,35.9,46.20171
2011-08-25,50.0,95.03968253968253,46.230158730158735,0.6000000000000085,95.03968253968253,95.03968253968253,18.055555555555554,27.18253968253968,2.5793650793650755,39.76,45.44671
2011-08-26,50.0,54.96031746031746,53.37301587301587,11.024999999999991,78.76984126984127,54.96031746031746,32.73809523809524,12.103174603174603,3.3730158730158735,35.59,46.58701
2011-08-29,50.0,31.944444444444443,56.34920634920635,19.299999999999997,30.357142857142854,31.944444444444443,92.65873015873017,16.865079365079367,6.150793650793645,32.28,47.88635
2011-08-30,50.0,1.7857142857142856,60.51587301587301,17.775000000000006,31.150793650793652,1.7857142857142856,95.83333333333334,41.86507936507937,6.150793650793645,32.89,48.20483
2011-08-31,50.0,0.992063492063492,58.33333333333333,20.94999999999999,45.43650793650794,0.992063492063492,99.40476190476191,27.579365079365083,5.753968253968253,31.62,48.28554
2011-09-01,50.0,17.261904761904763,54.56349206349206,20.450000000000003,7.341269841269842,17.261904761904763,92.65873015873017,2.579365079365079,4.960317460317469,31.82,47.84266
2011-09-02,50.0,38.69047619047619,54.166666666666664,15.199999999999989,47.42063492063492,38.69047619047619,37.89682539682539,2.579365079365079,2.1825396825396837,33.92,46.7254
2011-09-06,50.0,20.03968253968254,51.785714285714285,7.5,32.73809523809524,20.03968253968254,25.595238095238095,2.976190476190476,2.1825396825396837,37.0,46.72839
2011-09-07,50.0,14.484126984126986,49.007936507936506,16.549999999999983,3.373015873015873,14.484126984126986,88.69047619047619,10.119047619047619,4.166666666666657,33.38,47.91275
2011-09-08,50.0,16.865079365079367,48.21428571428571,14.200000000000003,19.246031746031747,16.865079365079367,49.007936507936506,29.166666666666668,3.3730158730158735,34.32,47.69673
2011-09-09,50.0,10.912698412698413,46.42857142857142,3.6999999999999886,17.658730158730158,10.912698412698413,14.484126984126986,4.9603174603174605,1.3888888888888857,38.52,46.6303
2011-09-12,50.0,14.484126984126986,41.666666666666664,3.5249999999999915,33.92857142857143,14.484126984126986,20.436507936507937,1.7857142857142856,1.7857142857142918,38.59,47.23052
2011-09-13,50.0,31.944444444444443,44.84126984126984,7.7250000000000085,14.880952380952381,31.944444444444443,34.32539682539682,17.261904761904763,3.3730158730158735,36.91,47.86034
2011-09-14,50.0,36.30952380952381,45.43650793650794,13.5,13.293650793650794,36.30952380952381,66.46825396825396,11.30952380952381,5.357142857142861,34.6,48.54833
2011-09-15,50.0,21.23015873015873,39.682539682539684,20.075000000000003,55.75396825396825,21.23015873015873,90.07936507936508,22.023809523809522,8.531746031746039,31.97,49.26352
2011-09-16,50.0,31.944444444444443,37.301587301587304,22.549999999999997,60.51587301587301,31.944444444444443,89.0873015873016,14.880952380952381,9.722222222222214,30.98,49.71622
2011-09-19,50.0,56.15079365079365,50.39682539682539,18.17500000000001,90.27777777777779,56.15079365079365,58.92857142857143,14.880952380952381,6.150793650793645,32.73,49.73469
2011-09-20,50.0,41.46825396825397,50.3968253968254,17.849999999999994,91.46825396825396,41.46825396825397,47.42063492063492,10.515873015873016,6.150793650793645,32.86,49.51369
2011-09-21,50.0,67.26190476190477,49.6031746031746,6.700000000000003,71.23015873015873,67.26190476190477,19.246031746031747,3.7698412698412698,2.1825396825396837,37.32,48.65147
2011-09-22,50.0,34.32539682539682,49.007936507936506,0.0,58.53174603174603,34.32539682539682,9.722222222222223,1.3888888888888888,0.19841269841269593,41.35,47.0691
2011-09-23,50.0,32.73809523809524,49.60317460317461,0.0,58.13492063492064,32.73809523809524,11.706349206349206,2.579365079365079,0.5952380952380878,41.25,47.57204
2011-09-26,50.0,52.976190476190474,47.61904761904762,2.4499999999999886,73.61111111111111,52.976190476190474,18.849206349206348,7.341269841269842,2.5793650793650755,39.02,48.12491
2011-09-27,50.0,60.11904761904761,45.63492063492064,5.724999999999994,57.341269841269835,60.11904761904761,31.547619047619047,4.563492063492063,5.753968253968253,37.71,48.62517
2011-09-28,50.0,28.76984126984127,47.420634920634924,0.0,57.738095238095234,28.76984126984127,14.484126984126986,2.579365079365079,2.5793650793650755,41.08,47.90312
2011-09-29,50.0,21.23015873015873,49.404761904761905,2.8999999999999915,65.67460317460318,21.23015873015873,22.817460317460316,3.373015873015873,4.960317460317469,38.84,47.33546
2011-09-30,50.0,4.166666666666666,50.198412698412696,0.0,12.103174603174603,4.166666666666666,10.515873015873016,1.3888888888888888,0.5952380952380878,42.96,46.11832
2011-10-03,50.0,30.357142857142854,50.1984126984127,0.0,37.10317460317461,30.357142857142854,2.1825396825396823,0.5952380952380952,0.19841269841269593,45.45,44.92492
2011-10-04,50.0,79.16666666666666,50.0,0.0,78.76984126984127,79.16666666666666,9.325396825396826,6.15079365079365,0.5952380952380878,40.82,45.85246
2011-10-05,50.0,57.341269841269835,51.785714285714285,5.474999999999994,72.81746031746032,57.341269841269835,20.436507936507937,29.166666666666668,2.1825396825396837,37.81,47.02602
2011-10-06,50.0,67.26190476190477,52.38095238095238,9.324999999999989,74.40476190476191,67.26190476190477,42.65873015873016,12.896825396825399,4.166666666666657,36.27,47.81824
2011-10-07,50.0,34.72222222222222,52.57936507936508,9.5,20.833333333333336,34.72222222222222,31.944444444444443,4.563492063492063,4.166666666666657,36.2,47.48259
2011-10-10,50.0,39.08730158730159,54.16666666666667,17.44999999999999,64.0873015873016,39.08730158730159,77.57936507936508,7.341269841269842,10.912698412698404,33.02,49.14588
2011-10-11,50.0,62.10317460317461,55.75396825396825,17.849999999999994,82.34126984126983,62.10317460317461,71.82539682539682,21.626984126984127,12.5,32.86,49.48064
2011-10-12,50.0,76.78571428571429,53.96825396825397,21.849999999999994,63.69047619047619,76.78571428571429,89.48412698412699,11.30952380952381,14.88095238095238,31.26,49.72486
2011-10-13,50.0,68.45238095238095,53.769841269841265,23.25,83.13492063492063,68.45238095238095,93.05555555555556,14.484126984126986,14.484126984126988,30.7,50.18044
2011-10-14,50.0,87.89682539682539,51.388888888888886,29.400000000000006,96.62698412698413,87.89682539682539,98.61111111111111,27.18253968253968,17.658730158730165,28.24,51.11284
2011-10-17,50.0,91.07142857142857,54.36507936507937,16.525000000000006,92.65873015873017,91.07142857142857,87.10317460317461,19.246031746031747,13.69047619047619,33.39,50.32042
2011-10-18,50.0,95.43650793650794,54.166666666666664,21.099999999999994,93.45238095238095,95.43650793650794,98.21428571428571,20.833333333333336,18.055555555555557,31.56,50.94348
2011-10-19,50.0,97.02380952380952,57.73809523809524,13.900000000000006,98.21428571428571,97.02380952380952,95.23809523809523,33.53174603174603,15.674603174603178,34.44,49.96144
2011-10-20,50.0,79.16666666666666,56.34920634920635,13.049999999999997,61.70634920634921,79.16666666666666,95.03968253968253,16.46825396825397,18.055555555555557,34.78,49.71622
2011-10-21,50.0,62.10317460317461,54.56349206349206,21.69999999999999,63.69047619047619,62.10317460317461,98.61111111111111,20.03968253968254,21.230158730158735,31.32,50.33888
2011-10-24,50.0,48.214285714285715,56.74603174603175,26.849999999999994,71.23015873015873,48.214285714285715,99.8015873015873,36.30952380952381,22.420634920634924,29.26,51.38318
2011-10-25,50.0,5.753968253968254,53.96825396825396,19.450000000000003,65.67460317460318,5.753968253968254,95.43650793650794,25.992063492063494,19.246031746031747,32.22,50.37591
2011-10-26,50.0,20.833333333333336,52.77777777777778,25.349999999999994,55.75396825396825,20.833333333333336,96.23015873015873,43.452380952380956,22.02380952380952,29.86,50.31268
2011-10-27,50.0,67.26190476190477,50.0,36.35,20.833333333333336,67.26190476190477,99.40476190476191,55.35714285714286,23.611111111111114,25.46,51.70156
2011-10-28,70.83333333333334,15.674603174603174,55.55555555555556,38.675,10.515873015873016,15.674603174603174,97.42063492063492,55.35714285714286,23.611111111111114,24.53,51.7794
2011-10-31,70.43650793650794,32.34126984126984,47.817460317460316,25.099999999999994,19.642857142857142,32.34126984126984,93.45238095238095,38.69047619047619,22.817460317460316,29.96,50.90635
2011-11-01,50.0,35.91269841269841,49.60317460317461,13.074999999999989,29.563492063492063,35.91269841269841,46.62698412698413,25.198412698412696,14.087301587301596,34.77,49.58379
2011-11-02,68.45238095238095,37.5,49.007936507936506,18.14999999999999,5.357142857142857,37.5,64.88095238095238,25.595238095238095,19.246031746031747,32.74,50.00611
2011-11-03,64.88095238095238,47.023809523809526,56.15079365079365,23.75,27.579365079365083,47.023809523809526,89.48412698412699,50.198412698412696,23.611111111111114,30.5,51.04157
2011-11-04,35.11904761904761,13.293650793650794,55.35714285714286,24.599999999999994,7.341269841269842,13.293650793650794,75.9920634920635,50.198412698412696,22.420634920634924,30.16,50.77987
2011-11-07,53.769841269841265,0.5952380952380952,59.920634920634924,25.375,48.214285714285715,0.5952380952380952,82.34126984126983,60.912698412698404,23.214285714285708,29.85,51.13886
2011-11-08,60.51587301587301,20.03968253968254,66.26984126984127,31.299999999999997,56.15079365079365,20.03968253968254,91.46825396825396,80.75396825396825,25.992063492063494,27.48,51.72876
2011-11-09,68.84920634920636,59.72222222222222,65.87301587301587,9.600000000000009,46.62698412698413,59.72222222222222,29.563492063492063,36.30952380952381,17.658730158730165,36.16,49.90882
2011-11-10,68.45238095238095,85.9126984126984,56.74603174603175,17.974999999999994,91.86507936507937,85.9126984126984,38.2936507936508,12.896825396825399,20.833333333333343,32.81,49.88261
2011-11-11,68.45238095238095,71.23015873015873,59.52380952380952,24.900000000000006,90.67460317460318,71.23015873015873,73.21428571428571,54.166666666666664,25.198412698412696,30.04,50.82465
2011-11-14,66.86507936507937,45.43650793650794,62.301587301587304,22.174999999999997,70.43650793650794,45.43650793650794,52.57936507936508,62.5,22.817460317460316,31.13,50.50637
2011-11-15,64.88095238095238,44.24603174603175,61.30952380952381,21.950000000000003,81.54761904761905,44.24603174603175,61.70634920634921,74.8015873015873,25.595238095238088,31.22,51.06698
2011-11-16,56.94444444444444,45.03968253968254,65.07936507936508,16.22500000000001,12.103174603174603,45.03968253968254,31.150793650793652,50.99206349206349,19.64285714285714,33.51,50.22313
2011-11-17,63.29365079365079,48.61111111111111,74.20634920634922,13.724999999999994,24.404761904761905,48.61111111111111,14.484126984126986,56.547619047619044,13.69047619047619,34.51,49.04958
2011-11-18,64.88095238095238,18.849206349206348,71.23015873015873,20.0,25.595238095238095,18.849206349206348,16.071428571428573,47.42063492063492,14.484126984126988,32.0,48.66984
2011-11-21,67.65873015873017,13.293650793650794,69.04761904761904,17.72500000000001,42.26190476190476,13.293650793650794,7.738095238095238,39.48412698412698,9.325396825396822,32.91,47.7425
2011-11-22,68.45238095238095,29.563492063492063,65.07936507936508,20.075000000000003,43.452380952380956,29.563492063492063,6.15079365079365,40.27777777777778,8.531746031746039,31.97,47.89628
2011-11-23,67.26190476190477,61.70634920634921,65.47619047619048,15.050000000000011,50.595238095238095,61.70634920634921,2.1825396825396823,30.357142857142854,3.7698412698412653,33.98,46.81892
2011-11-25,50.0,71.62698412698413,63.492063492063494,13.825000000000003,91.07142857142857,71.62698412698413,2.579365079365079,12.896825396825399,4.166666666666657,34.47,46.45766
2011-11-28,50.0,35.51587301587302,63.49206349206349,19.674999999999997,36.7063492063492,35.51587301587302,12.5,31.547619047619047,10.912698412698404,32.13,48.07328
2011-11-29,50.0,32.73809523809524,60.31746031746032,23.400000000000006,29.96031746031746,32.73809523809524,18.253968253968253,30.357142857142854,12.103174603174608,30.64,47.77437
2011-11-30,70.83333333333334,16.46825396825397,54.761904761904766,30.5,8.928571428571429,16.46825396825397,74.0079365079365,50.198412698412696,26.388888888888886,27.8,49.54199
2011-12-01,68.84920634920636,5.753968253968254,53.17460317460318,31.474999999999994,60.11904761904761,5.753968253968254,69.64285714285714,75.9920634920635,27.182539682539684,27.41,49.88261
2011-12-02,66.07142857142857,32.34126984126984,55.75396825396825,31.200000000000003,66.07142857142857,32.34126984126984,70.03968253968253,70.03968253968253,25.198412698412696,27.52,49.73946
2011-12-05,64.88095238095238,39.88095238095239,55.158730158730165,30.400000000000006,36.30952380952381,39.88095238095239,91.07142857142857,42.26190476190476,29.166666666666657,27.84,50.28548
2011-12-06,70.03968253968253,1.7857142857142856,58.33333333333333,29.674999999999997,14.880952380952381,1.7857142857142856,91.46825396825396,44.24603174603175,31.150793650793645,28.13,50.14351
2011-12-07,69.24603174603175,5.357142857142857,66.86507936507937,28.32499999999999,5.357142857142857,5.357142857142857,90.67460317460318,66.46825396825396,31.150793650793645,28.67,50.14351
2011-12-08,71.23015873015873,22.42063492063492,63.888888888888886,23.525000000000006,56.547619047619044,22.42063492063492,47.817460317460316,50.595238095238095,22.420634920634924,30.59,49.3084
2011-12-09,69.24603174603175,22.42063492063492,58.53174603174603,34.05,40.67460317460318,22.42063492063492,83.53174603174604,44.642857142857146,31.150793650793645,26.38,50.09268
2011-12-12,71.62698412698413,7.341269841269842,63.2936507936508,35.82499999999999,60.912698412698404,7.341269841269842,55.75396825396825,83.53174603174604,24.007936507936506,25.67,49.53236
2011-12-13,77.57936507936508,11.30952380952381,64.08730158730158,36.475,54.563492063492056,11.30952380952381,38.69047619047619,45.83333333333333,18.849206349206355,25.41,48.99111
2011-12-14,77.18253968253968,5.357142857142857,64.28571428571428,34.900000000000006,62.10317460317461,5.357142857142857,26.785714285714285,55.35714285714286,13.69047619047619,26.04,48.22499
2011-12-15,75.1984126984127,2.579365079365079,62.1031746031746,37.225,0.992063492063492,2.579365079365079,35.51587301587302,65.67460317460318,14.88095238095238,25.11,48.09175
2011-12-16,72.81746031746032,0.5952380952380952,64.6825396825397,39.275000000000006,29.563492063492063,0.5952380952380952,40.27777777777778,59.32539682539682,14.087301587301596,24.29,48.33707
2011-12-19,72.42063492063492,54.166666666666664,61.111111111111114,37.699999999999996,26.785714285714285,54.166666666666664,27.18253968253968,62.89682539682539,10.912698412698404,24.92,47.86034
2011-12-20,62.5,49.801587301587304,59.722222222222214,41.95,16.865079365079367,49.801587301587304,66.46825396825396,59.32539682539682,25.198412698412696,23.22,49.28208
2011-12-21,59.72222222222222,68.45238095238095,65.27777777777779,46.425000000000004,69.64285714285714,68.45238095238095,65.27777777777779,89.88095238095238,27.97619047619048,21.43,48.57662
2011-12-22,57.738095238095234,49.801587301587304,77.77777777777777,47.1,25.198412698412696,49.801587301587304,70.83333333333334,87.5,30.753968253968253,21.16,48.99111
2011-12-23,60.11904761904761,54.96031746031746,80.15873015873015,48.175,71.23015873015873,54.96031746031746,81.54761904761905,90.27777777777779,37.5,20.73,49.41055
2011-12-27,63.69047619047619,48.61111111111111,81.94444444444444,45.225,73.61111111111111,48.61111111111111,80.35714285714286,54.563492063492056,37.89682539682539,21.91,49.5546
2011-12-28,55.75396825396825,14.484126984126986,88.4920634920635,41.2,47.817460317460316,14.484126984126986,51.388888888888886,65.67460317460318,28.373015873015873,23.52,48.98148
2011-12-29,54.96031746031746,3.7698412698412698,87.10317460317461,43.375,63.29365079365079,3.7698412698412698,70.03968253968253,88.29365079365078,32.341269841269835,22.65,49.33261
2011-12-30,49.801587301587304,5.357142857142857,77.1825396825397,41.5,45.03968253968254,5.357142857142857,66.46825396825396,58.53174603174603,28.769841269841265,23.4,49.19343
2012-01-03,32.73809523809524,0.5952380952380952,76.19047619047619,42.575,20.833333333333336,0.5952380952380952,82.73809523809523,95.83333333333334,39.88095238095239,22.97,50.13556
2012-01-04,52.57936507936508,5.357142857142857,76.78571428571428,44.45,16.865079365079367,5.357142857142857,79.16666666666666,91.07142857142857,40.27777777777778,22.22,50.34583
2012-01-05,56.547619047619044,24.404761904761905,75.39682539682539,46.3,38.2936507936508,24.404761904761905,79.56349206349206,92.65873015873017,41.07142857142857,21.48,50.76121
2012-01-06,61.70634920634921,31.150793650793652,83.73015873015873,48.425000000000004,66.86507936507937,31.150793650793652,78.37301587301587,98.61111111111111,40.27777777777778,20.63,50.93465
2012-01-09,53.769841269841265,29.563492063492063,95.43650793650794,47.325,91.46825396825396,29.563492063492063,76.78571428571429,96.23015873015873,41.46825396825397,21.07,50.77004
2012-01-10,49.007936507936506,12.103174603174603,97.61904761904762,48.275,42.26190476190476,12.103174603174603,85.51587301587301,92.26190476190477,42.658730158730165,20.69,51.13986
2012-01-11,48.214285714285715,35.11904761904761,97.22222222222223,47.375,38.2936507936508,35.11904761904761,87.10317460317461,86.70634920634922,42.658730158730165,21.05,51.24708
2012-01-12,48.61111111111111,11.30952380952381,98.21428571428571,48.825,14.087301587301587,11.30952380952381,83.53174603174604,96.62698412698413,43.05555555555556,20.47,51.44831
2012-01-13,47.42063492063492,53.37301587301587,97.42063492063492,47.725,59.72222222222222,53.37301587301587,78.17460317460318,94.64285714285714,41.07142857142857,20.91,51.26246
2012-01-17,51.388888888888886,54.96031746031746,95.23809523809524,44.5,54.563492063492056,54.96031746031746,78.76984126984127,95.43650793650794,42.261904761904766,22.2,51.72975
2012-01-18,33.92857142857143,79.56349206349206,92.65873015873015,47.775,32.34126984126984,79.56349206349206,82.73809523809523,93.05555555555556,44.64285714285714,20.89,52.41993
2012-01-19,37.89682539682539,59.72222222222222,95.23809523809524,50.64999999999999,60.51587301587301,59.72222222222222,85.9126984126984,99.40476190476191,45.03968253968254,19.87,52.74278
2012-01-20,40.67460317460318,77.57936507936508,78.76984126984127,58.599999999999994,96.62698412698413,77.57936507936508,81.94444444444444,95.83333333333334,45.833333333333336,18.28,52.66396
2012-01-23,41.86507936507937,54.563492063492056,80.95238095238095,56.64999999999999,49.007936507936506,54.563492063492056,81.74603174603175,96.23015873015873,46.230158730158735,18.67,52.68133
2012-01-24,48.214285714285715,72.02380952380952,88.4920634920635,55.45,73.21428571428571,72.02380952380952,77.57936507936508,91.46825396825396,46.230158730158735,18.91,52.58543
2012-01-25,56.547619047619044,88.69047619047619,86.9047619047619,58.45000000000001,93.84920634920636,88.69047619047619,87.89682539682539,96.62698412698413,47.023809523809526,18.31,53.24681
2012-01-26,52.57936507936508,4.9603174603174605,84.52380952380952,57.15,44.24603174603175,4.9603174603174605,81.54761904761905,99.8015873015873,45.03968253968254,18.57,53.05908
2012-01-27,53.37301587301587,2.976190476190476,89.28571428571428,57.349999999999994,60.912698412698404,2.976190476190476,67.26190476190477,89.88095238095238,45.03968253968254,18.53,53.21881
2012-01-30,64.48412698412699,9.722222222222223,84.52380952380952,53.00000000000001,61.70634920634921,9.722222222222223,60.71428571428571,97.02380952380952,45.03968253968254,19.4,53.26557
2012-01-31,64.88095238095238,0.5952380952380952,76.78571428571428,52.79999999999999,39.48412698412698,0.5952380952380952,58.92857142857143,99.40476190476191,44.64285714285714,19.44,53.33873
2012-02-01,55.35714285714286,61.30952380952381,80.35714285714286,57.24999999999999,47.817460317460316,61.30952380952381,73.21428571428571,98.21428571428571,45.833333333333336,18.55,53.76583
2012-02-02,49.007936507936506,39.48412698412698,79.76190476190476,60.099999999999994,7.738095238095238,39.48412698412698,71.62698412698413,99.8015873015873,46.230158730158735,17.98,53.9341
2012-02-03,49.801587301587304,25.595238095238095,79.96031746031746,64.5,16.071428571428573,25.595238095238095,91.46825396825396,97.02380952380952,50.595238095238095,17.1,54.67173
2012-02-06,55.75396825396825,0.992063492063492,80.75396825396825,61.199999999999996,33.13492063492063,0.992063492063492,79.56349206349206,99.8015873015873,50.198412698412696,17.76,54.62805
2012-02-07,58.53174603174603,23.61111111111111,83.92857142857143,61.75000000000001,20.436507936507937,23.61111111111111,89.88095238095238,99.8015873015873,51.38888888888889,17.65,54.74182
2012-02-08,56.94444444444444,95.03968253968253,82.34126984126985,59.199999999999996,80.35714285714286,95.03968253968253,87.5,99.0079365079365,52.182539682539684,18.16,55.03489
2012-02-09,52.57936507936508,97.81746031746032,81.54761904761905,56.85000000000001,99.0079365079365,97.81746031746032,81.34920634920636,99.8015873015873,52.57936507936508,18.63,55.431
2012-02-10,40.67460317460318,89.48412698412699,76.38888888888889,48.025000000000006,96.62698412698413,89.48412698412699,62.5,95.03968253968253,50.595238095238095,20.79,55.04442
2012-02-13,45.83333333333333,75.9920634920635,75.9920634920635,54.800000000000004,94.64285714285714,75.9920634920635,68.45238095238095,97.42063492063492,52.57936507936508,19.04,55.55658
2012-02-14,56.15079365079365,87.5,72.61904761904762,52.300000000000004,89.88095238095238,87.5,60.11904761904761,97.42063492063492,51.785714285714285,19.54,55.69448
2012-02-15,48.61111111111111,99.8015873015873,71.62698412698413,47.15,99.8015873015873,99.8015873015873,52.182539682539684,95.03968253968253,50.595238095238095,21.14,55.30463
2012-02-16,43.84920634920635,97.42063492063492,69.04761904761905,53.900000000000006,99.0079365079365,97.42063492063492,68.84920634920636,90.27777777777779,54.56349206349206,19.22,56.06439
2012-02-17,41.46825396825397,85.11904761904762,65.67460317460318,61.099999999999994,93.84920634920636,85.11904761904762,68.45238095238095,95.83333333333334,54.96031746031746,17.78,55.88927
2012-02-21,41.07142857142857,72.42063492063492,63.492063492063494,59.04999999999999,92.26190476190477,72.42063492063492,60.11904761904761,97.02380952380952,55.357142857142854,18.19,56.04691
2012-02-22,41.86507936507937,68.05555555555556,63.49206349206349,59.04999999999999,84.32539682539682,68.05555555555556,50.595238095238095,92.65873015873017,54.96031746031746,18.19,55.79297
2012-02-23,37.5,87.5,59.92063492063492,66.0,81.15079365079364,87.5,56.547619047619044,92.65873015873017,55.357142857142854,16.8,56.16386
2012-02-24,34.32539682539682,71.62698412698413,56.74603174603175,63.45,65.67460317460318,71.62698412698413,56.94444444444444,86.70634920634922,56.15079365079365,17.31,56.35537
2012-02-27,31.944444444444443,86.70634920634922,66.86507936507937,59.04999999999999,84.72222222222221,86.70634920634922,55.35714285714286,80.75396825396825,55.357142857142854,18.19,56.43529
2012-02-28,37.5,91.46825396825396,68.65079365079364,60.199999999999996,93.84920634920636,91.46825396825396,52.57936507936508,96.23015873015873,56.94444444444444,17.96,57.00851
2012-02-29,55.35714285714286,96.23015873015873,69.64285714285714,57.85,95.03968253968253,96.23015873015873,43.84920634920635,85.9126984126984,56.547619047619044,18.43,56.75149
2012-03-01,48.61111111111111,95.83333333333334,70.03968253968253,63.69999999999999,94.24603174603175,95.83333333333334,49.404761904761905,84.72222222222221,58.13492063492063,17.26,57.20131
2012-03-02,60.912698412698404,87.5,76.1904761904762,63.550000000000004,84.32539682539682,87.5,40.67460317460318,82.34126984126983,57.73809523809524,17.29,57.15535
2012-03-05,63.29365079365079,99.0079365079365,79.56349206349206,59.75,97.02380952380952,99.0079365079365,38.2936507936508,81.54761904761905,56.547619047619044,18.05,56.56564
2012-03-06,65.27777777777779,95.03968253968253,68.84920634920636,47.824999999999996,93.84920634920636,95.03968253968253,20.03968253968254,68.84920634920636,51.38888888888889,20.87,56.01098
2012-03-07,64.48412698412699,99.0079365079365,66.46825396825398,54.65,99.8015873015873,99.0079365079365,25.595238095238095,58.53174603174603,53.769841269841265,19.07,56.44313
2012-03-08,61.30952380952381,67.65873015873017,63.293650793650784,60.25,83.53174603174604,67.65873015873017,40.27777777777778,60.11904761904761,59.72222222222222,17.95,57.05209
2012-03-09,51.78571428571429,41.07142857142857,61.111111111111114,64.45,77.97619047619048,41.07142857142857,52.77777777777778,73.21428571428571,60.11904761904761,17.11,57.28967
2012-03-12,48.61111111111111,62.10317460317461,62.103174603174594,71.8,78.37301587301587,62.10317460317461,52.57936507936508,94.64285714285714,60.51587301587302,15.64,57.31697
2012-03-13,50.198412698412696,98.61111111111111,64.68253968253968,76.0,97.42063492063492,98.61111111111111,82.73809523809523,94.64285714285714,61.7063492063492,14.8,58.38568
2012-03-14,54.563492063492056,99.8015873015873,66.26984126984127,73.45,99.8015873015873,99.8015873015873,71.23015873015873,96.23015873015873,64.48412698412699,15.31,58.58691
2012-03-15,24.404761904761905,99.40476190476191,70.03968253968253,72.9,99.0079365079365,99.40476190476191,82.34126984126983,98.61111111111111,66.86507936507937,15.42,58.75261
2012-03-16,23.214285714285715,93.84920634920636,68.25396825396825,77.65,94.64285714285714,93.84920634920636,82.53968253968253,98.21428571428571,67.26190476190476,14.47,58.71081
2012-03-19,29.166666666666668,99.40476190476191,69.64285714285714,74.80000000000001,99.0079365079365,99.40476190476191,81.94444444444444,95.83333333333334,71.23015873015873,15.04,59.12519
2012-03-20,40.67460317460318,98.61111111111111,71.82539682539682,72.1,97.81746031746032,98.61111111111111,67.46031746031747,98.61111111111111,69.64285714285714,15.58,59.23242
2012-03-21,26.785714285714285,97.81746031746032,72.22222222222223,74.35,96.62698412698413,97.81746031746032,61.70634920634921,97.81746031746032,67.26190476190476,15.13,59.24115
2012-03-22,43.452380952380956,89.48412698412699,74.4047619047619,72.15,93.05555555555556,89.48412698412699,47.817460317460316,93.05555555555556,64.48412698412699,15.57,59.11745
2012-03-23,45.03968253968254,73.61111111111111,79.16666666666666,75.9,87.10317460317461,73.61111111111111,59.523809523809526,99.8015873015873,64.0873015873016,14.82,59.08042
2012-03-26,56.15079365079365,90.67460317460318,81.74603174603175,78.7,92.65873015873017,90.67460317460318,89.68253968253968,96.62698412698413,70.43650793650794,14.26,60.11797
2012-03-27,53.769841269841265,91.86507936507937,79.16666666666667,72.05000000000001,92.65873015873017,91.86507936507937,89.48412698412699,99.8015873015873,67.65873015873015,15.59,60.20046
2012-03-28,56.94444444444444,90.27777777777779,83.73015873015873,72.65,88.69047619047619,90.27777777777779,61.70634920634921,97.81746031746032,66.07142857142857,15.47,59.96429
2012-03-29,52.57936507936508,87.89682539682539,76.98412698412699,72.6,87.5,87.89682539682539,59.72222222222222,97.02380952380952,64.0873015873016,15.48,59.73367
2012-03-30,55.75396825396825,90.67460317460318,74.0079365079365,72.5,89.48412698412699,90.67460317460318,64.68253968253968,97.81746031746032,68.45238095238095,15.5,59.62943
2012-04-02,56.15079365079365,89.48412698412699,70.23809523809524,71.8,84.72222222222221,89.48412698412699,75.39682539682539,94.24603174603175,72.02380952380952,15.64,60.2369
2012-04-03,54.166666666666664,93.84920634920636,68.65079365079364,71.69999999999999,95.03968253968253,93.84920634920636,57.936507936507944,94.24603174603175,74.0079365079365,15.66,60.21714
2012-04-04,52.182539682539684,90.67460317460318,69.04761904761904,67.8,85.51587301587301,90.67460317460318,36.7063492063492,97.81746031746032,66.86507936507937,16.44,59.39861
2012-04-05,60.912698412698404,93.45238095238095,71.62698412698413,66.5,97.02380952380952,93.45238095238095,31.150793650793652,98.61111111111111,64.0873015873016,16.7,59.76851
2012-04-09,64.0873015873016,22.817460317460316,80.55555555555554,55.95,98.61111111111111,22.817460317460316,18.452380952380953,97.02380952380952,61.7063492063492,18.81,59.32097
2012-04-10,68.45238095238095,92.26190476190477,86.9047619047619,49.025,95.43650793650794,92.26190476190477,8.531746031746032,91.46825396825396,58.13492063492063,20.39,58.36811
2012-04-11,72.02380952380952,88.69047619047619,87.69841269841271,49.95,92.65873015873017,88.69047619047619,13.690476190476192,93.84920634920636,61.7063492063492,20.02,58.64718
2012-04-12,68.45238095238095,78.37301587301587,81.54761904761904,64.0,93.05555555555556,78.37301587301587,24.801587301587304,90.27777777777779,62.89682539682539,17.2,59.32097
2012-04-13,69.64285714285714,93.05555555555556,76.98412698412699,52.25,97.81746031746032,93.05555555555556,18.849206349206348,96.23015873015873,61.7063492063492,19.55,58.41974
2012-04-16,68.45238095238095,95.03968253968253,68.25396825396825,52.25,98.21428571428571,95.03968253968253,22.023809523809522,87.5,60.51587301587302,19.55,57.76769
2012-04-17,65.67460317460318,97.81746031746032,65.07936507936508,57.699999999999996,96.62698412698413,97.81746031746032,39.48412698412698,77.57936507936508,63.69047619047619,18.46,58.94044
2012-04-18,73.21428571428571,98.21428571428571,64.08730158730158,56.8,96.62698412698413,98.21428571428571,33.33333333333333,87.10317460317461,63.2936507936508,18.64,58.79133
2012-04-19,72.42063492063492,93.05555555555556,61.11111111111111,58.2,94.64285714285714,93.05555555555556,28.76984126984127,73.21428571428571,62.5,18.36,58.12766
2012-04-20,67.65873015873017,97.02380952380952,56.547619047619044,62.8,95.03968253968253,97.02380952380952,36.7063492063492,76.38888888888889,63.2936507936508,17.44,57.96803
2012-04-23,72.81746031746032,96.62698412698413,49.007936507936506,55.150000000000006,95.03968253968253,96.62698412698413,25.992063492063494,66.86507936507937,59.32539682539682,18.97,57.44077
2012-04-24,74.40476190476191,94.24603174603175,48.01587301587301,59.49999999999999,94.24603174603175,94.24603174603175,31.547619047619047,68.05555555555556,62.5,18.1,57.12923
2012-04-25,77.18253968253968,91.86507936507937,44.84126984126984,65.9,89.48412698412699,91.86507936507937,46.62698412698413,67.65873015873017,65.67460317460318,16.82,58.64718
2012-04-26,74.40476190476191,40.27777777777778,40.27777777777778,68.80000000000001,70.83333333333334,40.27777777777778,58.730158730158735,65.27777777777779,66.86507936507937,16.24,58.99395
2012-04-27,73.61111111111111,79.96031746031747,39.682539682539684,68.4,75.59523809523809,79.96031746031747,64.68253968253968,60.11904761904761,67.26190476190476,16.32,59.34519
2012-04-30,71.23015873015873,10.119047619047619,39.285714285714285,64.25,74.0079365079365,10.119047619047619,56.74603174603175,75.1984126984127,67.65873015873015,17.15,58.92555
2012-05-01,70.03968253968253,74.0079365079365,40.87301587301587,67.0,72.81746031746032,74.0079365079365,66.07142857142857,78.37301587301587,68.84920634920636,16.6,59.02006
2012-05-02,74.8015873015873,51.78571428571429,44.44444444444444,65.6,37.5,51.78571428571429,58.13492063492064,74.8015873015873,68.05555555555556,16.88,59.18854
2012-05-03,77.57936507936508,68.05555555555556,46.82539682539682,62.2,26.38888888888889,68.05555555555556,48.61111111111111,77.97619047619048,66.46825396825398,17.56,58.56101
2012-05-04,77.57936507936508,82.34126984126983,40.67460317460318,54.199999999999996,66.07142857142857,82.34126984126983,33.53174603174603,63.29365079365079,60.91269841269841,19.16,57.10094
2012-05-07,77.97619047619048,87.5,44.64285714285714,55.3,87.10317460317461,87.5,35.51587301587302,64.48412698412699,61.30952380952381,18.94,57.15535
2012-05-08,78.76984126984127,47.023809523809526,36.70634920634921,54.75,53.37301587301587,47.023809523809526,29.563492063492063,65.67460317460318,57.34126984126984,19.05,56.94428
2012-05-09,77.18253968253968,36.30952380952381,35.11904761904762,49.800000000000004,63.29365079365079,36.30952380952381,26.190476190476193,68.45238095238095,54.96031746031746,20.08,56.77114
2012-05-10,78.37301587301587,69.64285714285714,34.523809523809526,55.85000000000001,68.84920634920636,69.64285714285714,29.166666666666668,78.37301587301587,56.15079365079365,18.83,56.65618
2012-05-11,75.59523809523809,89.48412698412699,35.11904761904762,50.55,91.46825396825396,89.48412698412699,28.76984126984127,55.35714285714286,53.769841269841265,19.89,56.64635
2012-05-14,50.0,56.547619047619044,32.53968253968254,45.324999999999996,68.45238095238095,56.547619047619044,22.817460317460316,46.230158730158735,50.198412698412696,21.87,56.11502
2012-05-15,50.0,72.81746031746032,31.349206349206348,45.075,72.02380952380952,72.81746031746032,20.436507936507937,53.37301587301587,47.817460317460316,21.97,55.93116
2012-05-16,50.0,80.35714285714286,30.158730158730155,44.325,79.16666666666666,80.35714285714286,17.658730158730158,55.75396825396825,47.023809523809526,22.27,55.55262
2012-05-17,50.0,84.32539682539682,24.6031746031746,38.775000000000006,81.15079365079364,84.32539682539682,10.119047619047619,37.5,43.84920634920635,24.49,54.37787
2012-05-18,50.0,90.67460317460318,20.436507936507937,37.25,98.21428571428571,90.67460317460318,6.15079365079365,24.801587301587304,42.261904761904766,25.1,53.67122
2012-05-21,50.0,73.21428571428571,20.833333333333332,44.974999999999994,92.65873015873017,73.21428571428571,10.515873015873016,52.182539682539684,46.62698412698413,22.01,55.17198
2012-05-22,50.0,81.54761904761905,22.023809523809526,43.8,85.9126984126984,81.54761904761905,12.5,60.912698412698404,47.817460317460316,22.48,55.11272
2012-05-23,50.0,85.9126984126984,21.825396825396822,44.175000000000004,81.54761904761905,85.9126984126984,14.880952380952381,49.404761904761905,47.023809523809526,22.33,55.21587
2012-05-24,50.0,50.99206349206349,23.80952380952381,46.150000000000006,48.214285714285715,50.99206349206349,22.22222222222222,54.563492063492056,49.00793650793651,21.54,54.85469
2012-05-25,50.0,8.531746031746032,30.158730158730158,45.599999999999994,58.13492063492064,8.531746031746032,23.61111111111111,50.595238095238095,47.42063492063492,21.76,54.78064
2012-05-29,50.0,6.547619047619048,31.746031746031747,47.425,59.72222222222222,6.547619047619048,35.51587301587302,68.05555555555556,51.785714285714285,21.03,55.48143
2012-05-30,50.0,56.94444444444444,31.34920634920635,39.65,66.86507936507937,56.94444444444444,23.015873015873016,60.51587301587301,45.03968253968254,24.14,55.01245
2012-05-31,50.0,12.896825396825399,31.944444444444443,39.85,57.341269841269835,12.896825396825399,25.198412698412696,56.15079365079365,43.84920634920635,24.06,54.77001
2012-06-01,50.0,39.88095238095239,30.753968253968253,33.349999999999994,30.357142857142854,39.88095238095239,10.119047619047619,47.42063492063492,27.182539682539684,26.66,53.31898
2012-06-04,50.0,56.94444444444444,27.77777777777778,34.7,59.72222222222222,56.94444444444444,11.30952380952381,20.03968253968254,29.166666666666657,26.12,53.72403
2012-06-05,50.0,43.84920634920635,26.19047619047619,38.3,34.32539682539682,43.84920634920635,14.484126984126986,62.89682539682539,35.11904761904762,24.68,53.94592
2012-06-06,50.0,2.579365079365079,27.57936507936508,44.6,32.73809523809524,2.579365079365079,42.65873015873016,49.007936507936506,47.817460317460316,22.16,55.1836
2012-06-07,50.0,1.3888888888888888,26.785714285714285,45.7,36.7063492063492,1.3888888888888888,41.07142857142857,39.88095238095239,48.21428571428571,21.72,54.9638
2012-06-08,50.0,5.357142857142857,29.960317460317462,46.925,61.70634920634921,5.357142857142857,50.99206349206349,36.7063492063492,50.595238095238095,21.23,55.49325
2012-06-11,50.0,65.67460317460318,43.45238095238095,41.1,81.94444444444444,65.67460317460318,33.53174603174603,62.5,45.833333333333336,23.56,54.55399
2012-06-12,50.0,47.023809523809526,38.095238095238095,44.775,63.29365079365079,47.023809523809526,52.182539682539684,50.595238095238095,51.38888888888889,22.09,55.21964
2012-06-13,50.0,4.9603174603174605,31.746031746031743,39.325,73.61111111111111,4.9603174603174605,43.84920634920635,42.65873015873016,47.817460317460316,24.27,54.83832
2012-06-14,50.0,22.023809523809522,28.96825396825397,45.8,41.07142857142857,22.023809523809522,51.388888888888886,44.642857142857146,52.182539682539684,21.68,55.04064
2012-06-15,50.0,7.738095238095238,28.373015873015873,47.225,14.087301587301587,7.738095238095238,68.84920634920636,45.03968253968254,55.75396825396825,21.11,55.72387
2012-06-18,50.0,45.83333333333333,29.96031746031746,58.4,68.84920634920636,45.83333333333333,69.64285714285714,67.65873015873017,56.547619047619044,18.32,56.2418
2012-06-19,50.0,45.03968253968254,30.158730158730158,58.10000000000001,63.29365079365079,45.03968253968254,93.84920634920636,31.150793650793652,61.30952380952381,18.38,56.82952
2012-06-20,50.0,22.023809523809522,33.13492063492063,63.800000000000004,60.51587301587301,22.023809523809522,87.89682539682539,62.89682539682539,60.91269841269841,17.24,56.8724
2012-06-21,50.0,14.484126984126986,37.8968253968254,49.800000000000004,52.182539682539684,14.484126984126986,45.43650793650794,62.5,50.595238095238095,20.08,55.46009
2012-06-22,50.0,0.1984126984126984,42.06349206349206,59.45,67.26190476190477,0.1984126984126984,50.99206349206349,48.214285714285715,58.13492063492063,18.11,56.04007
2012-06-25,50.0,1.3888888888888888,43.84920634920635,49.050000000000004,46.62698412698413,1.3888888888888888,31.547619047619047,60.11904761904761,48.611111111111114,20.38,54.9638
2012-06-26,50.0,6.15079365079365,43.05555555555556,51.400000000000006,8.928571428571429,6.15079365079365,39.08730158730159,64.0873015873016,50.595238095238095,19.72,55.30462
2012-06-27,50.0,5.357142857142857,46.23015873015873,52.75,8.531746031746032,5.357142857142857,46.230158730158735,55.35714285714286,55.75396825396825,19.45,55.64405
2012-06-28,50.0,0.5952380952380952,42.857142857142854,51.449999999999996,47.42063492063492,0.5952380952380952,46.230158730158735,48.214285714285715,51.785714285714285,19.71,55.02417
2012-06-29,50.0,29.166666666666668,37.8968253968254,64.60000000000001,45.83333333333333,29.166666666666668,80.75396825396825,42.26190476190476,66.07142857142857,17.08,56.76032
2012-07-02,50.0,10.515873015873016,35.91269841269841,66.0,33.53174603174603,10.515873015873016,77.57936507936508,69.24603174603175,66.07142857142857,16.8,56.92483
2012-07-03,50.0,6.944444444444445,34.920634920634924,66.69999999999999,45.03968253968254,6.944444444444445,89.0873015873016,56.15079365079365,69.64285714285714,16.66,57.40453
2012-07-05,50.0,33.13492063492063,32.738095238095234,62.5,83.92857142857143,33.13492063492063,87.89682539682539,54.166666666666664,67.65873015873015,17.5,57.43977
2012-07-06,50.0,55.75396825396825,32.53968253968254,64.5,75.9920634920635,55.75396825396825,63.69047619047619,63.29365079365079,62.5,17.1,56.72527
2012-07-09,50.0,16.865079365079367,36.50793650793651,60.099999999999994,67.65873015873017,16.865079365079367,55.35714285714286,81.54761904761905,60.51587301587302,17.98,56.61617
2012-07-10,50.0,59.72222222222222,34.52380952380952,56.400000000000006,60.912698412698404,59.72222222222222,43.05555555555556,68.45238095238095,56.15079365079365,18.72,56.05863
2012-07-11,50.0,32.34126984126984,35.91269841269842,60.25,58.13492063492064,32.34126984126984,42.65873015873016,65.67460317460318,56.547619047619044,17.95,55.74819
2012-07-12,50.0,24.404761904761905,38.888888888888886,58.35000000000001,61.30952380952381,24.404761904761905,37.10317460317461,54.166666666666664,50.595238095238095,18.33,55.22749
2012-07-13,50.0,54.96031746031746,41.26984126984127,66.30000000000001,68.84920634920636,54.96031746031746,51.78571428571429,68.05555555555556,62.5,16.74,56.06826
2012-07-16,50.0,57.341269841269835,41.66666666666667,64.45,49.404761904761905,57.341269841269835,46.230158730158735,81.94444444444444,61.30952380952381,17.11,55.90863
2012-07-17,50.0,18.452380952380953,42.658730158730165,67.6,15.277777777777779,18.452380952380953,55.35714285714286,60.912698412698404,65.27777777777777,16.48,56.20149
2012-07-18,50.0,29.166666666666668,38.69047619047619,69.2,8.134920634920634,29.166666666666668,64.48412698412699,25.595238095238095,68.84920634920636,16.16,56.96354
2012-07-19,63.29365079365079,18.452380952380953,36.507936507936506,72.75,68.45238095238095,18.452380952380953,72.02380952380952,54.166666666666664,71.23015873015873,15.45,57.59037
2012-07-20,50.0,0.5952380952380952,33.13492063492063,68.65,74.8015873015873,0.5952380952380952,47.42063492063492,50.198412698412696,65.27777777777777,16.27,56.82952
2012-07-23,50.0,29.96031746031746,26.587301587301585,56.89999999999999,73.21428571428571,29.96031746031746,31.944444444444443,51.78571428571429,58.13492063492063,18.62,56.14033
2012-07-24,50.0,63.29365079365079,25.992063492063494,48.825,68.84920634920636,63.29365079365079,23.214285714285715,60.912698412698404,50.595238095238095,20.47,55.69548
2012-07-25,50.0,83.53174603174604,30.753968253968253,53.300000000000004,88.29365079365078,83.53174603174604,24.404761904761905,61.30952380952381,50.198412698412696,19.34,55.32369
2012-07-26,50.0,20.833333333333336,31.349206349206348,62.349999999999994,8.928571428571429,20.833333333333336,42.65873015873016,50.99206349206349,63.2936507936508,17.53,56.05863
2012-07-27,50.0,0.5952380952380952,29.365079365079364,66.5,62.5,0.5952380952380952,62.89682539682539,43.05555555555556,77.97619047619048,16.7,57.38795
2012-07-30,50.0,24.404761904761905,29.166666666666664,59.849999999999994,36.7063492063492,24.404761904761905,61.30952380952381,37.89682539682539,75.9920634920635,18.03,57.34427
2012-07-31,50.0,24.404761904761905,28.571428571428573,55.35,49.007936507936506,24.404761904761905,53.37301587301587,47.42063492063492,74.0079365079365,18.93,57.32481
2012-08-01,50.0,5.753968253968254,24.00793650793651,55.199999999999996,4.9603174603174605,5.753968253968254,43.452380952380956,41.46825396825397,75.5952380952381,18.96,57.15455
2012-08-02,50.0,11.706349206349206,18.65079365079365,62.15,16.071428571428573,11.706349206349206,34.72222222222222,26.38888888888889,69.64285714285714,17.57,56.95113
2012-08-03,74.40476190476191,20.03968253968254,17.857142857142854,71.8,16.071428571428573,20.03968253968254,56.547619047619044,23.214285714285715,84.72222222222223,15.64,58.03126
2012-08-06,59.32539682539682,51.78571428571429,15.873015873015873,70.25,40.67460317460318,51.78571428571429,61.111111111111114,19.246031746031747,85.11904761904762,15.95,58.47304
2012-08-07,48.214285714285715,8.134920634920634,14.285714285714285,70.05,15.674603174603174,8.134920634920634,65.27777777777779,12.103174603174603,88.2936507936508,15.99,58.96188
2012-08-08,49.404761904761905,50.99206349206349,13.69047619047619,73.4,54.563492063492056,50.99206349206349,65.07936507936508,11.706349206349206,89.08730158730158,15.32,58.93448
2012-08-09,45.03968253968254,15.674603174603174,17.460317460317462,73.60000000000001,10.515873015873016,15.674603174603174,62.5,33.92857142857143,89.08730158730158,15.28,59.1115
2012-08-10,50.595238095238095,2.579365079365079,14.880952380952383,76.3,4.9603174603174605,2.579365079365079,62.301587301587304,26.785714285714285,88.2936507936508,14.74,59.14664
2012-08-13,49.801587301587304,35.91269841269841,17.460317460317462,81.5,54.563492063492056,35.91269841269841,61.70634920634921,29.563492063492063,87.89682539682539,13.7,59.2897
2012-08-14,52.57936507936508,30.357142857142854,17.857142857142858,75.75,58.92857142857143,30.357142857142854,59.32539682539682,56.94444444444444,90.67460317460318,14.85,59.31521
2012-08-15,40.67460317460318,14.484126984126986,23.611111111111114,76.85,45.03968253968254,14.484126984126986,66.86507936507937,27.18253968253968,92.26190476190476,14.63,59.46204
2012-08-16,30.753968253968257,25.595238095238095,22.023809523809526,78.55000000000001,57.341269841269835,25.595238095238095,77.97619047619048,21.626984126984127,93.84920634920636,14.29,60.17257
2012-08-17,27.18253968253968,62.89682539682539,26.98412698412698,82.75,71.62698412698413,62.89682539682539,79.16666666666666,58.92857142857143,93.05555555555556,13.45,60.43813
2012-08-20,34.32539682539682,83.92857142857143,32.53968253968254,79.9,92.26190476190477,83.92857142857143,71.62698412698413,72.02380952380952,93.84920634920636,14.02,60.52868
2012-08-21,31.547619047619047,95.83333333333334,33.92857142857143,74.9,95.03968253968253,95.83333333333334,59.72222222222222,52.976190476190474,91.86507936507937,15.02,60.28544
2012-08-22,39.08730158730159,86.70634920634922,35.91269841269841,74.45,83.53174603174604,86.70634920634922,54.563492063492056,54.563492063492056,90.27777777777777,15.11,60.53761
2012-08-23,39.88095238095239,75.59523809523809,41.26984126984127,70.19999999999999,69.24603174603175,75.59523809523809,38.2936507936508,53.769841269841265,85.91269841269842,15.96,60.04202
2012-08-24,47.42063492063492,78.37301587301587,40.87301587301587,74.1,78.76984126984127,78.37301587301587,45.43650793650794,53.37301587301587,89.08730158730158,15.18,60.41083
2012-08-27,55.35714285714286,77.57936507936508,44.44444444444444,68.25,81.94444444444444,77.57936507936508,40.27777777777778,86.30952380952381,87.10317460317461,16.35,60.51011
2012-08-28,44.642857142857146,33.92857142857143,47.817460317460316,67.55000000000001,24.404761904761905,33.92857142857143,39.88095238095239,73.21428571428571,85.91269841269842,16.49,60.51011
2012-08-29,38.69047619047619,12.5,50.595238095238095,64.70000000000002,44.24603174603175,12.5,39.48412698412698,55.75396825396825,87.10317460317461,17.06,60.51011
2012-08-30,36.30952380952381,45.83333333333333,50.3968253968254,60.85000000000001,51.78571428571429,45.83333333333333,24.00793650793651,62.89682539682539,81.54761904761905,17.83,59.89708
2012-08-31,33.53174603174603,26.38888888888889,47.61904761904762,62.650000000000006,54.96031746031746,26.38888888888889,33.13492063492063,40.67460317460318,87.5,17.47,60.29418
2012-09-04,37.5,14.484126984126986,48.80952380952381,60.099999999999994,56.547619047619044,14.484126984126986,35.51587301587302,86.30952380952381,87.89682539682539,17.98,60.2369
2012-09-05,40.27777777777778,36.7063492063492,42.857142857142854,61.30000000000001,33.92857142857143,36.7063492063492,30.357142857142854,60.51587301587301,88.2936507936508,17.74,60.17654
2012-09-06,34.72222222222222,72.42063492063492,38.88888888888889,72.0,54.166666666666664,72.42063492063492,75.1984126984127,22.023809523809522,97.02380952380952,15.6,61.50755
2012-09-07,26.785714285714285,50.198412698412696,37.89682539682539,78.1,64.48412698412699,50.198412698412696,77.57936507936508,61.70634920634921,97.81746031746032,14.38,61.41909
2012-09-10,14.484126984126986,83.92857142857143,42.06349206349206,68.6,79.96031746031747,83.92857142857143,63.69047619047619,74.0079365079365,95.43650793650794,16.28,60.63182
2012-09-11,8.531746031746032,97.42063492063492,30.95238095238095,67.95,95.03968253968253,97.42063492063492,57.738095238095234,64.48412698412699,97.42063492063492,16.41,60.53761
2012-09-12,2.976190476190476,93.05555555555556,32.53968253968254,71.0,94.64285714285714,93.05555555555556,59.32539682539682,77.18253968253968,99.4047619047619,15.8,60.71055
2012-09-13,3.373015873015873,77.97619047619048,36.7063492063492,79.75,77.57936507936508,77.97619047619048,85.9126984126984,62.5,99.8015873015873,14.05,61.53495
2012-09-14,1.3888888888888888,55.35714285714286,39.88095238095238,77.45,63.29365079365079,55.35714285714286,81.15079365079364,88.69047619047619,99.8015873015873,14.51,62.08296
2012-09-17,9.722222222222223,9.722222222222223,39.682539682539684,77.05,40.27777777777778,9.722222222222223,70.83333333333334,84.72222222222221,99.4047619047619,14.59,62.11115
2012-09-18,23.214285714285715,57.341269841269835,41.86507936507936,79.1,45.03968253968254,57.341269841269835,65.27777777777779,82.34126984126983,99.0079365079365,14.18,62.16476
2012-09-19,20.03968253968254,23.214285714285715,42.857142857142854,80.6,47.42063492063492,23.214285714285715,68.45238095238095,91.86507936507937,98.61111111111111,13.88,62.28032
2012-09-20,18.055555555555554,30.753968253968257,43.65079365079365,79.65,23.61111111111111,30.753968253968257,59.72222222222222,73.21428571428571,98.61111111111111,14.07,62.21728
2012-09-21,17.658730158730158,34.32539682539682,43.84920634920635,80.1,70.43650793650794,34.32539682539682,54.96031746031746,89.0873015873016,97.81746031746032,13.98,62.23475
2012-09-24,16.071428571428573,83.13492063492063,42.46031746031746,79.25,92.26190476190477,83.13492063492063,49.404761904761905,65.27777777777779,97.02380952380952,14.15,61.87179
2012-09-25,28.373015873015873,43.452380952380956,41.46825396825397,72.85000000000001,75.9920634920635,43.452380952380956,29.563492063492063,69.64285714285714,95.43650793650794,15.43,61.00074
2012-09-26,33.13492063492063,75.59523809523809,38.2936507936508,65.95000000000002,85.11904761904762,75.59523809523809,21.428571428571427,50.198412698412696,91.86507936507937,16.81,60.50524
2012-09-27,42.65873015873016,81.15079365079364,39.88095238095238,75.8,90.27777777777779,81.15079365079364,32.34126984126984,55.75396825396825,95.83333333333333,14.84,61.33719
2012-09-28,45.03968253968254,53.769841269841265,34.72222222222222,71.35,72.42063492063492,53.769841269841265,24.00793650793651,56.94444444444444,93.45238095238095,15.73,60.83326
2012-10-01,46.230158730158735,69.64285714285714,44.24603174603175,68.4,77.97619047619048,69.64285714285714,24.404761904761905,91.07142857142857,96.62698412698413,16.32,60.74282
2012-10-02,52.57936507936508,74.0079365079365,44.047619047619044,71.44999999999999,80.75396825396825,74.0079365079365,25.595238095238095,68.45238095238095,96.62698412698413,15.71,60.92082
2012-10-03,56.547619047619044,59.72222222222222,45.833333333333336,72.85000000000001,55.75396825396825,59.72222222222222,29.96031746031746,61.70634920634921,96.62698412698413,15.43,61.31217
2012-10-04,48.214285714285715,52.57936507936508,46.82539682539682,77.25,47.817460317460316,52.57936507936508,46.230158730158735,58.53174603174603,99.0079365079365,14.55,61.52532
2012-10-05,35.11904761904761,84.32539682539682,40.87301587301587,78.35,79.56349206349206,84.32539682539682,47.023809523809526,0.5952380952380952,99.4047619047619,14.33,61.1981
2012-10-08,23.214285714285715,86.70634920634922,20.436507936507937,74.45,93.84920634920636,86.70634920634922,37.89682539682539,10.912698412698413,98.61111111111111,15.11,60.63669
2012-10-09,21.626984126984127,90.67460317460318,12.103174603174603,68.14999999999999,93.84920634920636,90.67460317460318,16.46825396825397,7.738095238095238,95.43650793650794,16.37,59.6743
2012-10-10,21.23015873015873,39.88095238095239,11.904761904761905,68.55000000000001,64.48412698412699,39.88095238095239,14.087301587301587,4.9603174603174605,93.84920634920636,16.29,59.36674
2012-10-11,6.944444444444445,66.07142857142857,5.9523809523809526,72.05000000000001,70.03968253968253,66.07142857142857,15.277777777777779,12.103174603174603,93.45238095238095,15.59,59.18357
2012-10-12,6.944444444444445,82.34126984126983,6.34920634920635,69.3,78.76984126984127,82.34126984126983,12.103174603174603,10.912698412698413,92.26190476190476,16.14,59.15657
2012-10-15,10.515873015873016,68.45238095238095,12.3015873015873,73.65,75.9920634920635,68.45238095238095,21.626984126984127,2.579365079365079,94.64285714285714,15.27,59.59249
2012-10-16,10.912698412698413,93.45238095238095,16.865079365079367,73.9,85.51587301587301,93.45238095238095,43.452380952380956,9.722222222222223,98.21428571428571,15.22,60.43436
2012-10-17,8.134920634920634,68.05555555555556,16.666666666666668,74.65,62.10317460317461,68.05555555555556,50.198412698412696,33.53174603174603,99.8015873015873,15.07,60.39812
2012-10-18,1.3888888888888888,21.23015873015873,17.857142857142858,74.85000000000001,90.67460317460318,21.23015873015873,49.801587301587304,21.23015873015873,99.8015873015873,15.03,59.69852
2012-10-19,0.5952380952380952,56.15079365079365,19.444444444444443,64.70000000000002,91.86507936507937,56.15079365079365,26.785714285714285,14.087301587301587,93.84920634920636,17.06,58.26992
2012-10-22,0.5952380952380952,62.89682539682539,24.206349206349206,66.89999999999999,84.72222222222221,62.89682539682539,24.00793650793651,35.51587301587302,95.03968253968254,16.62,58.56964
2012-10-23,0.1984126984126984,79.16666666666666,26.785714285714285,55.85000000000001,78.37301587301587,79.16666666666666,12.103174603174603,19.642857142857142,87.89682539682539,18.83,58.01001
2012-10-24,1.3888888888888888,41.86507936507937,27.18253968253968,58.35000000000001,83.13492063492063,41.86507936507937,11.706349206349206,15.674603174603174,87.10317460317461,18.33,57.8065
2012-10-25,2.579365079365079,73.21428571428571,29.96031746031746,59.4,72.81746031746032,73.21428571428571,15.674603174603174,19.246031746031747,91.07142857142857,18.12,57.8065
2012-10-26,2.1825396825396823,93.84920634920636,29.76190476190476,60.95,95.43650793650794,93.84920634920636,15.674603174603174,8.531746031746032,87.10317460317461,17.81,57.97477
2012-10-31,0.5952380952380952,40.27777777777778,23.41269841269841,56.99999999999999,51.388888888888886,40.27777777777778,23.61111111111111,6.547619047619048,84.32539682539682,18.6,57.62065
2012-11-01,0.1984126984126984,30.357142857142854,32.34126984126984,66.54999999999998,12.103174603174603,30.357142857142854,39.88095238095239,35.51587301587302,90.67460317460318,16.69,58.4392
2012-11-02,0.5952380952380952,55.75396825396825,31.746031746031747,62.05,60.51587301587301,55.75396825396825,28.373015873015873,10.912698412698413,85.11904761904762,17.59,57.81544
2012-11-05,0.1984126984126984,71.23015873015873,30.158730158730158,57.89999999999999,58.92857142857143,71.23015873015873,31.150793650793652,16.46825396825397,84.72222222222223,18.42,58.19785
2012-11-06,1.3888888888888888,40.67460317460318,32.53968253968254,62.10000000000001,17.261904761904763,40.67460317460318,43.65079365079365,4.166666666666666,92.26190476190476,17.58,58.30597
2012-11-07,1.7857142857142856,83.53174603174604,33.33333333333333,54.60000000000001,73.21428571428571,83.53174603174604,19.444444444444446,12.103174603174603,75.1984126984127,19.08,56.9278
2012-11-08,50.0,91.46825396825396,23.214285714285715,57.550000000000004,90.27777777777779,91.46825396825396,11.706349206349206,3.373015873015873,67.26190476190476,18.49,56.03332
2012-11-09,50.0,80.75396825396825,22.42063492063492,56.95,85.51587301587301,80.75396825396825,12.103174603174603,0.1984126984126984,66.86507936507937,18.61,56.26969
2012-11-12,50.0,64.88095238095238,18.849206349206348,66.6,82.73809523809523,64.88095238095238,12.5,0.992063492063492,67.65873015873015,16.68,56.26096
2012-11-13,50.0,70.03968253968253,18.849206349206348,66.75,70.83333333333334,70.03968253968253,10.515873015873016,0.992063492063492,62.89682539682539,16.65,55.87477
2012-11-14,50.0,45.43650793650794,19.246031746031747,60.39999999999999,63.69047619047619,45.43650793650794,4.563492063492063,3.373015873015873,56.94444444444444,17.92,55.21676
2012-11-15,50.0,74.0079365079365,21.825396825396826,60.05000000000001,64.48412698412699,74.0079365079365,5.753968253968254,0.992063492063492,55.75396825396825,17.99,55.03101
2012-11-16,50.0,85.51587301587301,19.246031746031747,67.95,90.67460317460318,85.51587301587301,7.341269841269842,3.373015873015873,59.32539682539682,16.41,55.26818
2012-11-19,50.0,80.35714285714286,24.6031746031746,73.8,83.13492063492063,80.35714285714286,25.992063492063494,3.373015873015873,72.42063492063491,15.24,56.58132
2012-11-20,50.0,81.15079365079364,22.42063492063492,74.6,79.56349206349206,81.15079365079364,29.166666666666668,9.722222222222223,74.0079365079365,15.08,56.60068
2012-11-21,50.0,62.10317460317461,27.57936507936508,73.45,81.54761904761905,62.10317460317461,36.30952380952381,14.484126984126986,74.4047619047619,15.31,56.71942
2012-11-23,7.738095238095238,80.75396825396825,30.357142857142858,74.3,93.84920634920636,80.75396825396825,67.26190476190477,6.547619047619048,81.15079365079364,15.14,57.57598
2012-11-26,7.341269841269842,70.03968253968253,34.523809523809526,72.5,90.67460317460318,70.03968253968253,56.547619047619044,18.849206349206348,78.37301587301587,15.5,57.82517
2012-11-27,50.0,52.976190476190474,37.698412698412696,70.4,58.13492063492064,52.976190476190474,43.05555555555556,25.992063492063494,74.4047619047619,15.92,57.62949
2012-11-28,1.7857142857142856,57.341269841269835,38.0952380952381,72.45,64.88095238095238,57.341269841269835,63.29365079365079,8.134920634920634,78.37301587301587,15.51,58.12567
2012-11-29,3.7698412698412698,34.32539682539682,37.6984126984127,74.7,62.10317460317461,34.32539682539682,87.5,9.325396825396826,79.56349206349206,15.06,58.47205
2012-11-30,4.563492063492063,2.579365079365079,36.70634920634921,70.65,50.99206349206349,2.579365079365079,93.45238095238095,11.706349206349206,76.78571428571428,15.87,58.37675
2012-12-03,2.579365079365079,22.42063492063492,38.888888888888886,66.8,47.42063492063492,22.42063492063492,75.9920634920635,67.26190476190477,74.0079365079365,16.64,58.26109
2012-12-04,2.1825396825396823,58.92857142857143,39.08730158730158,64.4,61.30952380952381,58.92857142857143,73.21428571428571,60.912698412698404,72.81746031746032,17.12,58.22495
2012-12-05,1.7857142857142856,94.64285714285714,44.44444444444444,67.69999999999999,97.02380952380952,94.64285714285714,83.92857142857143,46.230158730158735,72.81746031746032,16.46,57.57598
2012-12-06,2.1825396825396823,95.03968253968253,49.007936507936506,67.10000000000001,97.02380952380952,95.03968253968253,86.70634920634922,60.912698412698404,74.4047619047619,16.58,57.94777
2012-12-07,50.0,87.10317460317461,62.698412698412696,70.5,89.0873015873016,87.10317460317461,95.83333333333334,58.92857142857143,78.37301587301587,15.9,57.60288
2012-12-10,50.0,77.97619047619048,62.10317460317461,69.75,69.24603174603175,77.97619047619048,90.67460317460318,65.67460317460318,77.97619047619048,16.05,57.77255
2012-12-11,4.563492063492063,82.34126984126983,53.96825396825396,72.15,81.94444444444444,82.34126984126983,99.0079365079365,15.277777777777779,84.72222222222223,15.57,58.52557
2012-12-12,9.722222222222223,46.62698412698413,49.007936507936506,70.25,30.357142857142854,46.62698412698413,95.63492063492063,39.88095238095239,88.69047619047619,15.95,58.40217
2012-12-13,50.0,57.341269841269835,42.46031746031746,67.2,66.86507936507937,57.341269841269835,74.0079365079365,29.96031746031746,85.91269841269842,16.56,57.93993
2012-12-14,50.0,86.30952380952381,19.047619047619047,65.0,93.05555555555556,86.30952380952381,48.61111111111111,14.087301587301587,81.54761904761905,17.0,57.39192
2012-12-17,50.0,77.97619047619048,16.666666666666668,68.3,72.81746031746032,77.97619047619048,77.57936507936508,54.96031746031746,92.26190476190476,16.34,58.15298
2012-12-18,50.0,57.738095238095234,19.642857142857142,72.15,41.46825396825397,57.738095238095234,93.84920634920636,45.83333333333333,97.81746031746032,15.57,59.04061
2012-12-19,50.0,52.57936507936508,18.055555555555554,63.2,30.753968253968257,52.57936507936508,75.9920634920635,39.08730158730159,94.64285714285714,17.36,58.78448
2012-12-20,50.0,66.07142857142857,19.841269841269842,61.64999999999999,31.547619047619047,66.07142857142857,86.5079365079365,45.83333333333333,95.43650793650794,17.67,58.78448
2012-12-21,50.0,20.436507936507937,24.206349206349206,60.8,10.515873015873016,20.436507936507937,59.92063492063492,47.42063492063492,90.67460317460318,17.84,58.16767
2012-12-24,50.0,29.166666666666668,21.428571428571427,60.8,55.75396825396825,29.166666666666668,54.96031746031746,33.13492063492063,89.88095238095238,17.84,58.05171
2012-12-26,50.0,30.753968253968257,21.03174603174603,52.599999999999994,56.15079365079365,30.753968253968257,36.7063492063492,45.43650793650794,85.91269841269842,19.48,57.54361
2012-12-27,50.0,62.89682539682539,16.865079365079364,52.650000000000006,58.13492063492064,62.89682539682539,36.30952380952381,12.103174603174603,82.73809523809524,19.47,57.45516
2012-12-28,50.0,35.91269841269841,13.88888888888889,43.2,50.595238095238095,35.91269841269841,15.277777777777779,9.325396825396826,72.81746031746032,22.72,56.8994
2012-12-31,50.0,70.43650793650794,14.484126984126984,59.900000000000006,72.42063492063492,70.43650793650794,45.43650793650794,34.72222222222222,87.10317460317461,18.02,58.10523
2013-01-02,0.992063492063492,55.75396825396825,16.46825396825397,76.6,29.166666666666668,55.75396825396825,99.8015873015873,28.373015873015873,99.8015873015873,14.68,59.95138
2013-01-03,0.5952380952380952,20.833333333333336,19.642857142857142,77.19999999999999,8.928571428571429,20.833333333333336,99.0079365079365,46.230158730158735,99.8015873015873,14.56,59.64292
2013-01-04,0.1984126984126984,69.64285714285714,21.825396825396826,80.85,58.13492063492064,69.64285714285714,99.8015873015873,50.595238095238095,99.8015873015873,13.83,59.44149
2013-01-07,0.1984126984126984,49.007936507936506,29.76190476190476,81.05000000000001,46.62698412698413,49.007936507936506,94.24603174603175,70.83333333333334,99.4047619047619,13.79,59.45906
2013-01-08,0.992063492063492,23.61111111111111,32.539682539682545,81.9,19.642857142857142,23.61111111111111,80.35714285714286,75.1984126984127,97.81746031746032,13.62,59.3442
2013-01-09,0.992063492063492,53.769841269841265,43.05555555555555,80.94999999999999,49.801587301587304,53.769841269841265,85.9126984126984,75.9920634920635,98.61111111111111,13.81,59.56906
2013-01-10,2.579365079365079,66.46825396825396,50.0,82.55,55.75396825396825,66.46825396825396,98.21428571428571,87.89682539682539,99.8015873015873,13.49,59.92229
2013-01-11,2.976190476190476,38.2936507936508,46.230158730158735,83.2,32.73809523809524,38.2936507936508,95.43650793650794,77.18253968253968,99.4047619047619,13.36,60.00598
2013-01-14,2.579365079365079,76.78571428571429,45.43650793650794,82.4,86.70634920634922,76.78571428571429,93.25396825396825,75.9920634920635,99.0079365079365,13.52,59.73654
2013-01-15,2.976190476190476,62.10317460317461,49.20634920634921,82.25,93.84920634920636,62.10317460317461,97.81746031746032,54.166666666666664,98.21428571428571,13.55,59.44149
2013-01-16,2.976190476190476,82.34126984126983,41.46825396825396,82.9,76.38888888888889,82.34126984126983,88.29365079365078,72.02380952380952,97.81746031746032,13.42,59.68582
2013-01-17,0.992063492063492,65.67460317460318,37.5,82.15,45.83333333333333,65.67460317460318,97.42063492063492,49.801587301587304,99.8015873015873,13.57,59.97014
2013-01-18,1.3888888888888888,51.78571428571429,36.7063492063492,87.69999999999999,21.23015873015873,51.78571428571429,97.81746031746032,82.73809523809523,99.8015873015873,12.46,59.83185
2013-01-22,1.3888888888888888,33.53174603174603,36.7063492063492,87.85,19.246031746031747,33.53174603174603,99.0079365079365,75.59523809523809,99.8015873015873,12.43,59.93202
2013-01-23,6.15079365079365,52.976190476190474,39.08730158730159,87.69999999999999,86.30952380952381,52.976190476190474,99.0079365079365,85.11904761904762,99.8015873015873,12.46,60.29706
2013-01-24,2.976190476190476,84.72222222222221,39.08730158730159,86.55,92.65873015873017,84.72222222222221,99.8015873015873,64.0873015873016,99.8015873015873,12.69,59.46671
2013-01-25,0.5952380952380952,55.75396825396825,38.2936507936508,85.55,89.0873015873016,55.75396825396825,99.20634920634922,61.70634920634921,99.8015873015873,12.89,59.77139
2013-01-28,3.7698412698412698,39.08730158730159,39.285714285714285,82.15,59.72222222222222,39.08730158730159,96.03174603174604,79.56349206349206,99.8015873015873,13.57,59.90571
2013-01-29,2.579365079365079,4.563492063492063,35.71428571428572,83.44999999999999,38.69047619047619,4.563492063492063,95.03968253968253,23.214285714285715,99.8015873015873,13.31,59.91355
2013-01-30,2.579365079365079,0.992063492063492,30.555555555555557,78.4,16.46825396825397,0.992063492063492,84.32539682539682,38.2936507936508,99.4047619047619,14.32,59.78996
2013-01-31,0.5952380952380952,0.1984126984126984,28.96825396825397,78.6,5.357142857142857,0.1984126984126984,71.62698412698413,40.67460317460318,98.21428571428571,14.28,59.66248
2013-02-01,4.9603174603174605,4.9603174603174605,29.761904761904763,85.5,23.61111111111111,4.9603174603174605,81.54761904761905,32.34126984126984,99.8015873015873,12.9,60.36129
2013-02-04,7.738095238095238,17.658730158730158,27.57936507936508,76.65,12.103174603174603,17.658730158730158,61.30952380952381,65.27777777777779,97.42063492063492,14.67,59.31124
2013-02-05,9.722222222222223,30.357142857142854,32.539682539682545,81.4,16.865079365079367,30.357142857142854,78.76984126984127,41.46825396825397,99.4047619047619,13.72,60.18329
2013-02-06,7.738095238095238,26.785714285714285,33.13492063492064,82.95,13.293650793650794,26.785714285714285,77.97619047619048,68.45238095238095,98.61111111111111,13.41,59.98851
2013-02-07,10.912698412698413,53.769841269841265,35.714285714285715,82.5,22.42063492063492,53.769841269841265,62.5,67.65873015873017,98.21428571428571,13.5,60.04302
2013-02-08,13.293650793650794,40.27777777777778,40.079365079365076,84.9,41.46825396825397,40.27777777777778,74.8015873015873,54.96031746031746,99.4047619047619,13.02,60.65516
2013-02-11,11.706349206349206,44.24603174603175,58.13492063492063,85.30000000000001,31.150793650793652,44.24603174603175,70.03968253968253,82.34126984126983,99.0079365079365,12.94,60.67283
2013-02-12,10.912698412698413,53.769841269841265,66.66666666666667,86.8,50.99206349206349,53.769841269841265,73.21428571428571,78.37301587301587,99.8015873015873,12.64,60.42454
2013-02-13,11.30952380952381,24.801587301587304,79.56349206349206,85.1,40.67460317460318,24.801587301587304,73.61111111111111,80.35714285714286,99.8015873015873,12.98,60.63769
2013-02-14,9.722222222222223,3.373015873015873,78.57142857142857,86.7,0.1984126984126984,3.373015873015873,70.83333333333334,46.62698412698413,99.0079365079365,12.66,60.62209
2013-02-15,8.531746031746032,0.992063492063492,73.21428571428572,87.69999999999999,0.1984126984126984,0.992063492063492,64.88095238095238,78.76984126984127,98.61111111111111,12.46,60.4428
2013-02-19,13.293650793650794,4.9603174603174605,63.2936507936508,88.45,3.7698412698412698,4.9603174603174605,75.1984126984127,57.341269841269835,99.8015873015873,12.31,60.88121
2013-02-20,16.46825396825397,12.5,56.34920634920635,76.6,2.1825396825396823,12.5,36.7063492063492,62.5,97.02380952380952,14.68,59.94175
2013-02-21,17.261904761904763,22.023809523809522,35.714285714285715,73.9,8.134920634920634,22.023809523809522,23.214285714285715,18.849206349206348,93.84920634920636,15.22,59.30251
2013-02-22,17.658730158730158,28.373015873015873,40.079365079365076,79.15,8.134920634920634,28.373015873015873,39.88095238095239,43.452380952380956,95.83333333333333,14.17,59.89708
2013-02-25,18.849206349206348,14.484126984126986,47.420634920634924,55.05000000000001,0.5952380952380952,14.484126984126986,12.103174603174603,38.69047619047619,90.67460317460318,18.99,59.15856
2013-02-26,17.261904761904763,30.753968253968257,48.41269841269842,65.65,9.722222222222223,30.753968253968257,18.452380952380953,38.2936507936508,91.86507936507937,16.87,59.37925
2013-02-27,16.071428571428573,30.357142857142854,45.43650793650794,76.35,21.23015873015873,30.357142857142854,42.65873015873016,9.722222222222223,93.84920634920636,14.73,59.98851
2013-02-28,16.46825396825397,2.1825396825396823,45.63492063492063,72.45,0.1984126984126984,2.1825396825396823,44.642857142857146,22.42063492063492,93.45238095238095,15.51,59.86113
2013-03-01,16.865079365079367,32.34126984126984,52.57936507936508,73.2,12.896825396825399,32.34126984126984,49.404761904761905,69.24603174603175,93.84920634920636,15.36,60.11509
2013-03-04,16.46825396825397,18.452380952380953,60.11904761904762,79.95,22.42063492063492,18.452380952380953,55.35714285714286,65.67460317460318,97.42063492063492,14.01,60.37877
2013-03-05,16.071428571428573,45.43650793650794,66.07142857142857,82.6,36.7063492063492,45.43650793650794,80.35714285714286,72.02380952380952,99.4047619047619,13.48,61.27018
2013-03-06,18.055555555555554,46.230158730158735,79.16666666666667,82.35000000000001,25.992063492063494,46.230158730158735,82.73809523809523,89.48412698412699,99.8015873015873,13.53,61.11927
2013-03-07,17.261904761904763,50.595238095238095,87.30158730158729,84.7,34.72222222222222,50.595238095238095,83.53174603174604,84.72222222222221,99.8015873015873,13.06,61.28001
2013-03-08,17.658730158730158,42.26190476190476,87.1031746031746,87.05,26.38888888888889,42.26190476190476,92.26190476190477,83.13492063492063,99.8015873015873,12.59,61.35297
2013-03-11,17.658730158730158,35.91269841269841,86.5079365079365,92.2,29.563492063492063,35.91269841269841,92.06349206349206,91.86507936507937,99.8015873015873,11.56,61.53018
2013-03-12,17.658730158730158,16.071428571428573,82.73809523809524,88.65,22.023809523809522,16.071428571428573,82.53968253968253,74.8015873015873,99.0079365079365,12.27,61.30721
2013-03-13,20.436507936507937,14.484126984126986,74.8015873015873,90.85,9.325396825396826,14.484126984126986,82.34126984126983,79.16666666666666,99.4047619047619,11.83,61.22649
2013-03-14,16.071428571428573,12.896825396825399,60.912698412698404,93.5,1.7857142857142856,12.896825396825399,93.05555555555556,74.40476190476191,99.8015873015873,11.3,61.43477
2013-03-15,16.071428571428573,52.57936507936508,49.6031746031746,93.5,21.626984126984127,52.57936507936508,78.37301587301587,91.07142857142857,99.0079365079365,11.3,61.26025
2013-03-18,22.023809523809522,72.81746031746032,48.41269841269842,83.2,46.62698412698413,72.81746031746032,65.67460317460318,62.89682539682539,97.42063492063492,13.36,61.1282
2013-03-19,27.579365079365083,41.86507936507937,60.51587301587301,78.05,19.642857142857142,41.86507936507937,55.35714285714286,75.1984126984127,96.62698412698413,14.39,61.01126
2013-03-20,25.992063492063494,9.722222222222223,64.88095238095238,86.65,1.7857142857142856,9.722222222222223,74.8015873015873,73.21428571428571,97.42063492063492,12.67,61.44252
2013-03-21,28.76984126984127,62.10317460317461,78.37301587301587,80.05,22.023809523809522,62.10317460317461,46.82539682539682,84.72222222222221,96.23015873015873,13.99,60.74282
2013-03-22,40.27777777777778,32.73809523809524,75.7936507936508,82.15,8.531746031746032,32.73809523809524,57.341269841269835,59.32539682539682,97.02380952380952,13.57,61.33242
2013-03-25,33.53174603174603,30.357142857142854,75.9920634920635,81.3,15.277777777777779,30.357142857142854,45.03968253968254,73.61111111111111,95.83333333333333,13.74,61.10865
2013-03-26,38.69047619047619,10.912698412698413,72.22222222222223,86.15,1.3888888888888888,10.912698412698413,62.10317460317461,58.13492063492064,97.02380952380952,12.77,61.44252
2013-03-27,38.2936507936508,9.325396825396826,77.38095238095238,84.25,11.706349206349206,9.325396825396826,57.14285714285714,73.21428571428571,95.83333333333333,13.15,61.52234
2013-03-28,31.547619047619047,1.7857142857142856,61.904761904761905,86.5,11.706349206349206,1.7857142857142856,70.03968253968253,27.18253968253968,96.62698412698413,12.7,61.67314
2013-04-01,31.944444444444443,8.928571428571429,68.25396825396825,82.1,4.166666666666666,8.928571428571429,41.07142857142857,45.43650793650794,94.24603174603175,13.58,61.2528
2013-04-02,43.452380952380956,8.134920634920634,57.539682539682545,86.10000000000001,5.357142857142857,8.134920634920634,41.86507936507937,3.373015873015873,96.62698412698413,12.78,61.73648
2013-04-03,45.43650793650794,4.563492063492063,41.666666666666664,78.94999999999999,2.579365079365079,4.563492063492063,25.198412698412696,2.1825396825396823,91.86507936507937,14.21,61.17289
2013-04-04,43.84920634920635,1.3888888888888888,31.944444444444443,80.55,32.34126984126984,1.3888888888888888,31.944444444444443,4.9603174603174605,91.46825396825398,13.89,61.19234
2013-04-05,44.642857142857146,12.896825396825399,28.968253968253965,80.4,26.38888888888889,12.896825396825399,21.23015873015873,3.373015873015873,89.08730158730158,13.92,60.67878
2013-04-08,45.83333333333333,1.7857142857142856,28.769841269841272,84.05,4.166666666666666,1.7857142857142856,37.10317460317461,10.515873015873016,91.46825396825398,13.19,61.00272
2013-04-09,45.43650793650794,39.08730158730159,28.174603174603174,85.8,14.484126984126986,39.08730158730159,40.27777777777778,5.753968253968254,92.65873015873015,12.84,61.41511
2013-04-10,44.642857142857146,51.388888888888886,20.23809523809524,88.2,8.531746031746032,51.388888888888886,79.16666666666666,0.992063492063492,98.61111111111111,12.36,62.60148
2013-04-11,43.452380952380956,29.166666666666668,20.634920634920636,88.8,6.547619047619048,29.166666666666668,80.35714285714286,10.912698412698413,99.0079365079365,12.24,62.58411
2013-04-12,43.452380952380956,10.119047619047619,29.56349206349206,89.7,0.5952380952380952,10.119047619047619,67.65873015873017,5.357142857142857,95.03968253968254,12.06,62.53824
2013-04-15,48.61111111111111,4.166666666666666,18.65079365079365,63.65,3.7698412698412698,4.166666666666666,16.46825396825397,1.7857142857142856,86.7063492063492,17.27,61.30621
2013-04-16,49.801587301587304,14.087301587301587,14.285714285714286,80.19999999999999,2.976190476190476,14.087301587301587,39.88095238095239,7.341269841269842,91.46825396825398,13.96,62.12068
2013-04-17,54.96031746031746,82.73809523809523,19.444444444444443,67.44999999999999,64.88095238095238,82.73809523809523,15.873015873015872,8.531746031746032,86.7063492063492,16.51,60.90504
2013-04-18,52.182539682539684,44.642857142857146,20.03968253968254,62.2,38.2936507936508,44.642857142857146,9.722222222222223,6.15079365079365,81.94444444444444,17.56,60.06724
2013-04-19,54.166666666666664,24.00793650793651,13.69047619047619,75.15,72.81746031746032,24.00793650793651,18.055555555555554,9.722222222222223,87.89682539682539,14.97,60.88776
2013-04-22,56.15079365079365,21.23015873015873,24.8015873015873,78.05,66.07142857142857,21.23015873015873,18.452380952380953,7.738095238095238,87.89682539682539,14.39,61.5134
2013-04-23,57.738095238095234,37.10317460317461,22.023809523809526,82.6,51.78571428571429,37.10317460317461,44.24603174603175,0.5952380952380952,91.86507936507937,13.48,62.10331
2013-04-24,50.198412698412696,71.23015873015873,25.396825396825395,81.95,72.42063492063492,71.23015873015873,52.976190476190474,1.7857142857142856,91.46825396825398,13.61,62.07512
2013-04-25,52.976190476190474,50.198412698412696,19.246031746031747,81.9,20.436507936507937,50.198412698412696,64.0873015873016,4.563492063492063,93.45238095238095,13.62,62.4059
2013-04-26,58.53174603174603,76.78571428571429,26.58730158730159,81.95,81.94444444444444,76.78571428571429,50.198412698412696,6.944444444444445,90.27777777777777,13.61,62.21033
2013-04-29,58.13492063492064,74.40476190476191,22.61904761904762,81.44999999999999,68.45238095238095,74.40476190476191,73.61111111111111,4.563492063492063,93.84920634920636,13.71,62.78752
2013-04-30,54.166666666666664,68.05555555555556,13.49206349206349,82.4,59.32539682539682,68.05555555555556,77.57936507936508,4.563492063492063,88.2936507936508,13.52,63.23606
2013-05-01,58.53174603174603,25.992063492063494,25.1984126984127,77.55,16.071428571428573,25.992063492063494,51.78571428571429,8.134920634920634,83.53174603174602,14.49,62.93932
2013-05-02,60.11904761904761,28.76984126984127,31.150793650793652,82.05,15.674603174603174,28.76984126984127,69.64285714285714,2.976190476190476,86.30952380952381,13.59,63.7375
2013-05-03,55.75396825396825,31.547619047619047,21.03174603174603,85.75,9.325396825396826,31.547619047619047,87.10317460317461,0.5952380952380952,97.02380952380952,12.85,64.49152
2013-05-06,56.94444444444444,73.61111111111111,33.730158730158735,86.7,54.166666666666664,73.61111111111111,81.15079365079364,14.087301587301587,99.0079365079365,12.66,64.73792
2013-05-07,52.57936507936508,44.24603174603175,44.84126984126984,85.85,31.150793650793652,44.24603174603175,94.24603174603175,6.547619047619048,99.8015873015873,12.83,64.70168
2013-05-08,55.75396825396825,34.72222222222222,37.698412698412696,86.7,23.214285714285715,34.72222222222222,94.24603174603175,0.992063492063492,99.8015873015873,12.66,65.01818
2013-05-09,53.769841269841265,3.7698412698412698,36.11111111111111,84.35,6.547619047619048,3.7698412698412698,82.93650793650794,1.7857142857142856,99.4047619047619,13.13,64.93042
2013-05-10,49.801587301587304,4.9603174603174605,40.87301587301587,87.05,14.880952380952381,4.9603174603174605,88.69047619047619,2.579365079365079,99.8015873015873,12.59,65.32276
2013-05-13,53.769841269841265,8.134920634920634,32.53968253968254,87.25,21.23015873015873,8.134920634920634,84.72222222222221,10.515873015873016,99.8015873015873,12.55,65.40467
2013-05-14,54.166666666666664,29.563492063492063,15.277777777777777,86.15,29.96031746031746,29.563492063492063,97.42063492063492,3.7698412698412698,99.8015873015873,12.77,65.7422
2013-05-15,51.388888888888886,49.007936507936506,14.087301587301587,85.95,62.89682539682539,49.007936507936506,99.8015873015873,25.992063492063494,99.8015873015873,12.81,65.87652
2013-05-16,57.738095238095234,78.76984126984127,15.476190476190478,84.64999999999999,73.21428571428571,78.76984126984127,93.84920634920636,18.055555555555554,99.0079365079365,13.07,65.80545
2013-05-17,53.769841269841265,25.992063492063494,14.682539682539684,87.75,15.674603174603174,25.992063492063494,96.82539682539682,23.214285714285715,99.8015873015873,12.45,66.44003
2013-05-20,51.78571428571429,44.642857142857146,22.420634920634917,84.9,26.785714285714285,44.642857142857146,85.9126984126984,21.626984126984127,99.8015873015873,13.02,66.33856
2013-05-21,47.023809523809526,35.11904761904761,39.08730158730158,83.15,22.817460317460316,35.11904761904761,85.11904761904762,31.944444444444443,99.4047619047619,13.37,66.41064
2013-05-22,50.99206349206349,42.26190476190476,42.06349206349206,80.9,14.880952380952381,42.26190476190476,50.595238095238095,10.119047619047619,99.8015873015873,13.82,65.83175
2013-05-23,49.404761904761905,46.230158730158735,35.714285714285715,79.65,5.357142857142857,46.230158730158735,43.452380952380956,13.293650793650794,98.21428571428571,14.07,65.67887
2013-05-24,52.182539682539684,4.9603174603174605,30.555555555555557,80.05,18.055555555555554,4.9603174603174605,35.317460317460316,19.642857142857142,97.81746031746032,13.99,65.64293
2013-05-28,49.801587301587304,8.531746031746032,20.03968253968254,77.6,14.484126984126986,8.531746031746032,46.82539682539682,26.785714285714285,99.8015873015873,14.48,66.07121
2013-05-29,54.166666666666664,9.722222222222223,15.674603174603174,75.85,11.30952380952381,9.722222222222223,26.38888888888889,24.404761904761905,99.4047619047619,14.83,65.76176
2013-05-30,53.769841269841265,38.69047619047619,17.658730158730158,77.35,22.42063492063492,38.69047619047619,28.76984126984127,25.595238095238095,99.4047619047619,14.53,66.10824
2013-05-31,54.96031746031746,23.61111111111111,19.047619047619047,68.5,4.563492063492063,23.61111111111111,9.722222222222223,14.880952380952381,95.43650793650794,16.3,65.49908
2013-06-03,58.92857142857143,21.626984126984127,42.65873015873015,68.6,19.246031746031747,21.626984126984127,10.515873015873016,37.89682539682539,95.83333333333333,16.28,65.61494
2013-06-04,62.89682539682539,14.880952380952381,47.023809523809526,68.65,4.563492063492063,14.880952380952381,6.547619047619048,29.563492063492063,94.64285714285714,16.27,65.27699
2013-06-05,64.48412698412699,22.023809523809522,46.42857142857143,62.5,4.563492063492063,22.023809523809522,1.7857142857142856,20.03968253968254,93.05555555555556,17.5,64.42728
2013-06-06,67.26190476190477,12.103174603174603,45.23809523809524,66.85,24.00793650793651,12.103174603174603,2.1825396825396823,31.150793650793652,93.84920634920636,16.63,64.73792
2013-06-07,68.05555555555556,9.722222222222223,47.61904761904762,74.3,25.992063492063494,9.722222222222223,12.896825396825399,18.452380952380953,97.02380952380952,15.14,65.62437
2013-06-10,68.45238095238095,22.023809523809522,47.023809523809526,72.80000000000001,37.5,22.023809523809522,11.706349206349206,42.26190476190476,98.61111111111111,15.44,65.65167
2013-06-11,73.21428571428571,10.119047619047619,42.85714285714286,64.65,30.357142857142854,10.119047619047619,2.579365079365079,14.087301587301587,94.64285714285714,17.07,65.00051
2013-06-12,75.9920634920635,19.642857142857142,50.198412698412696,57.05,13.293650793650794,19.642857142857142,1.7857142857142856,31.150793650793652,93.05555555555556,18.59,64.24709
2013-06-13,74.0079365079365,12.103174603174603,46.626984126984134,67.95,5.753968253968254,12.103174603174603,12.896825396825399,13.293650793650794,95.83333333333333,16.41,65.05889
2013-06-14,72.42063492063492,18.849206349206348,50.0,64.25,27.18253968253968,18.849206349206348,7.738095238095238,22.023809523809522,92.26190476190476,17.15,64.63169
2013-06-17,70.03968253968253,10.119047619047619,38.29365079365079,66.0,29.166666666666668,10.119047619047619,26.38888888888889,20.833333333333336,96.23015873015873,16.8,65.25853
2013-06-18,66.07142857142857,11.706349206349206,35.71428571428571,66.95,25.198412698412696,11.706349206349206,47.023809523809526,20.833333333333336,99.0079365079365,16.61,65.79671
2013-06-19,72.81746031746032,16.865079365079367,35.71428571428571,66.8,18.849206349206348,16.865079365079367,10.515873015873016,45.03968253968254,98.21428571428571,16.64,65.05889
2013-06-20,72.81746031746032,16.865079365079367,35.317460317460316,48.775000000000006,5.357142857142857,16.865079365079367,0.1984126984126984,57.341269841269835,91.86507936507937,20.49,63.51631
2013-06-21,68.05555555555556,27.579365079365083,34.12698412698413,55.50000000000001,36.30952380952381,27.579365079365083,1.3888888888888888,45.03968253968254,97.42063492063492,18.9,63.17878
2013-06-24,74.40476190476191,19.246031746031747,47.023809523809526,49.725,50.198412698412696,19.246031746031747,0.1984126984126984,30.753968253968257,93.45238095238095,20.11,62.54707
2013-06-25,66.86507936507937,18.452380952380953,53.96825396825397,57.650000000000006,29.563492063492063,18.452380952380953,2.579365079365079,39.48412698412698,99.0079365079365,18.47,63.00742
2013-06-26,70.03968253968253,41.46825396825397,54.96031746031746,63.949999999999996,16.865079365079367,41.46825396825397,10.119047619047619,28.373015873015873,99.4047619047619,17.21,63.57379
2013-06-27,62.89682539682539,11.706349206349206,59.523809523809526,65.7,26.785714285714285,11.706349206349206,26.38888888888889,20.436507936507937,99.4047619047619,16.86,63.84244
2013-06-28,61.30952380952381,12.103174603174603,60.714285714285715,65.7,20.436507936507937,12.103174603174603,25.992063492063494,22.817460317460316,98.61111111111111,16.86,63.93199
2013-07-01,44.642857142857146,7.341269841269842,68.84920634920636,68.14999999999999,6.547619047619048,7.341269841269842,35.91269841269841,85.9126984126984,96.23015873015873,16.37,64.32612
2013-07-02,46.230158730158735,14.484126984126986,64.48412698412699,67.8,16.865079365079367,14.484126984126986,33.53174603174603,13.293650793650794,95.03968253968254,16.44,64.35054
2013-07-03,50.595238095238095,15.674603174603174,62.1031746031746,69.0,8.134920634920634,15.674603174603174,31.944444444444443,16.46825396825397,97.42063492063492,16.2,64.61233
2013-07-05,50.99206349206349,32.34126984126984,62.10317460317461,75.55,13.293650793650794,32.34126984126984,53.37301587301587,29.96031746031746,99.8015873015873,14.89,65.10286
2013-07-08,59.32539682539682,43.05555555555556,63.6904761904762,76.10000000000001,6.944444444444445,43.05555555555556,72.81746031746032,24.00793650793651,99.4047619047619,14.78,65.16709
2013-07-09,57.341269841269835,27.976190476190478,40.27777777777778,78.25,24.404761904761905,27.976190476190478,93.05555555555556,29.96031746031746,99.8015873015873,14.35,65.5643
2013-07-10,53.37301587301587,51.78571428571429,48.611111111111114,78.94999999999999,0.1984126984126984,51.78571428571429,92.26190476190477,49.404761904761905,99.8015873015873,14.21,65.93987
2013-07-11,55.35714285714286,31.150793650793652,51.58730158730158,79.95,4.9603174603174605,31.150793650793652,99.8015873015873,49.404761904761905,99.8015873015873,14.01,67.25151
2013-07-12,47.42063492063492,27.18253968253968,51.19047619047619,80.8,66.07142857142857,27.18253968253968,99.8015873015873,70.43650793650794,99.8015873015873,13.84,67.54746
2013-07-15,43.84920634920635,45.83333333333333,54.960317460317455,81.05000000000001,27.579365079365083,45.83333333333333,99.8015873015873,71.23015873015873,99.4047619047619,13.79,67.69825
2013-07-16,47.817460317460316,2.579365079365079,69.84126984126985,77.9,31.547619047619047,2.579365079365079,98.61111111111111,91.07142857142857,98.21428571428571,14.42,67.61178
2013-07-17,43.452380952380956,35.51587301587302,74.8015873015873,81.1,38.2936507936508,35.51587301587302,98.80952380952381,64.48412698412699,97.81746031746032,13.78,67.78026
2013-07-18,43.05555555555556,50.99206349206349,77.97619047619048,81.15,45.83333333333333,50.99206349206349,98.21428571428571,64.0873015873016,99.8015873015873,13.77,67.61178
2013-07-19,43.84920634920635,27.579365079365083,70.03968253968254,87.30000000000001,85.51587301587301,27.579365079365083,97.42063492063492,68.84920634920636,98.21428571428571,12.54,66.9101
2013-07-22,43.84920634920635,5.753968253968254,67.06349206349206,88.55000000000001,32.73809523809524,5.753968253968254,96.62698412698413,87.89682539682539,99.4047619047619,12.29,67.10547
2013-07-23,44.24603174603175,25.992063492063494,58.13492063492063,86.7,35.91269841269841,25.992063492063494,93.84920634920636,74.40476190476191,99.4047619047619,12.66,66.61415
2013-07-24,63.29365079365079,58.13492063492064,59.32539682539682,84.10000000000001,54.563492063492056,58.13492063492064,69.64285714285714,69.24603174603175,99.8015873015873,13.18,66.8274
2013-07-25,58.13492063492064,31.150793650793652,68.05555555555556,85.15,81.54761904761905,31.150793650793652,73.21428571428571,75.59523809523809,99.8015873015873,12.97,67.25151
2013-07-26,57.738095238095234,20.03968253968254,81.54761904761904,86.39999999999999,52.976190476190474,20.03968253968254,66.86507936507937,90.67460317460318,99.4047619047619,12.72,67.61178
2013-07-29,55.75396825396825,0.5952380952380952,82.14285714285714,83.05,58.13492063492064,0.5952380952380952,43.05555555555556,77.57936507936508,99.0079365079365,13.39,67.48432
2013-07-30,54.166666666666664,0.992063492063492,87.10317460317461,83.05,63.69047619047619,0.992063492063492,45.03968253968254,92.26190476190477,99.4047619047619,13.39,67.84063
2013-07-31,49.801587301587304,29.96031746031746,82.93650793650794,82.75,52.182539682539684,29.96031746031746,42.857142857142854,56.547619047619044,94.24603174603175,13.45,67.96601
2013-08-01,45.43650793650794,8.134920634920634,72.02380952380952,85.30000000000001,26.38888888888889,8.134920634920634,66.86507936507937,35.91269841269841,99.8015873015873,12.94,68.65896
2013-08-02,49.404761904761905,7.341269841269842,67.46031746031747,90.1,11.706349206349206,7.341269841269842,61.30952380952381,74.0079365079365,99.4047619047619,11.98,69.04237
2013-08-05,51.388888888888886,5.753968253968254,77.38095238095238,90.8,52.182539682539684,5.753968253968254,49.007936507936506,97.02380952380952,99.4047619047619,11.84,69.08922
2013-08-06,55.75396825396825,5.753968253968254,78.57142857142857,86.39999999999999,14.484126984126986,5.753968253968254,37.10317460317461,96.23015873015873,97.81746031746032,12.72,68.67742
2013-08-07,61.70634920634921,6.547619047619048,88.0952380952381,85.1,37.10317460317461,6.547619047619048,22.817460317460316,89.88095238095238,93.45238095238095,12.98,68.54996
2013-08-08,54.96031746031746,16.071428571428573,95.43650793650794,86.35,45.03968253968254,16.071428571428573,35.51587301587302,97.42063492063492,93.84920634920636,12.73,68.89167
2013-08-09,57.738095238095234,9.325396825396826,96.62698412698413,82.95,34.72222222222222,9.325396825396826,27.579365079365083,73.61111111111111,92.26190476190476,13.41,68.61111
2013-08-12,52.182539682539684,4.563492063492063,92.85714285714286,85.95,33.92857142857143,4.563492063492063,23.015873015873016,70.83333333333334,92.65873015873015,12.81,68.77382
2013-08-13,62.5,86.70634920634922,90.27777777777777,88.45,90.27777777777779,86.70634920634922,29.563492063492063,75.1984126984127,99.0079365079365,12.31,69.16299
2013-08-14,67.26190476190477,84.72222222222221,90.27777777777777,84.8,91.07142857142857,84.72222222222221,19.246031746031747,93.84920634920636,95.83333333333333,13.04,68.9014
2013-08-15,65.67460317460318,52.57936507936508,82.34126984126985,76.35,56.15079365079365,52.57936507936508,4.166666666666666,60.912698412698404,91.86507936507937,14.73,67.7345
2013-08-16,50.0,15.674603174603174,74.80158730158729,78.15,11.706349206349206,15.674603174603174,4.166666666666666,50.198412698412696,94.64285714285714,14.37,67.71494
2013-08-19,50.0,54.166666666666664,75.79365079365078,74.5,68.84920634920636,54.166666666666664,2.579365079365079,72.02380952380952,93.05555555555556,15.1,67.59421
2013-08-20,50.0,15.277777777777779,71.23015873015873,75.45,46.230158730158735,15.277777777777779,4.166666666666666,39.08730158730159,91.07142857142857,14.91,67.88738
2013-08-21,50.0,22.023809523809522,55.95238095238095,70.3,25.198412698412696,22.023809523809522,2.976190476190476,40.67460317460318,89.88095238095238,15.94,67.65368
2013-08-22,51.78571428571429,7.738095238095238,59.72222222222222,76.2,32.34126984126984,7.738095238095238,12.103174603174603,32.73809523809524,98.21428571428571,14.76,68.31735
2013-08-23,45.03968253968254,72.02380952380952,64.48412698412699,80.1,90.67460317460318,72.02380952380952,13.293650793650794,64.48412698412699,95.03968253968254,13.98,68.77382
2013-08-26,46.62698412698413,48.214285714285715,62.89682539682539,75.05,89.88095238095238,48.214285714285715,10.515873015873016,52.57936507936508,89.08730158730158,14.99,68.81085
2013-08-27,50.0,42.26190476190476,60.91269841269842,66.15,68.05555555555556,42.26190476190476,0.5952380952380952,47.023809523809526,85.11904761904762,16.77,67.40251
2013-08-28,50.0,17.658730158730158,66.07142857142857,67.55000000000001,58.53174603174603,17.658730158730158,2.1825396825396823,37.89682539682539,85.51587301587301,16.49,67.66341
2013-08-29,55.75396825396825,7.341269841269842,63.69047619047619,65.95000000000002,57.341269841269835,7.341269841269842,4.166666666666666,41.86507936507937,84.72222222222223,16.81,68.13924
2013-08-30,54.96031746031746,13.293650793650794,59.72222222222223,64.94999999999999,59.32539682539682,13.293650793650794,1.3888888888888888,18.849206349206348,84.32539682539682,17.01,67.69825
2013-09-03,49.801587301587304,34.72222222222222,53.96825396825397,66.95,70.43650793650794,34.72222222222222,6.15079365079365,49.801587301587304,85.11904761904762,16.61,68.08196
2013-09-04,43.84920634920635,56.15079365079365,46.03174603174604,70.6,60.912698412698404,56.15079365079365,18.849206349206348,23.214285714285715,88.2936507936508,15.88,68.80987
2013-09-05,40.67460317460318,7.738095238095238,49.404761904761905,71.15,27.18253968253968,7.738095238095238,24.404761904761905,52.57936507936508,95.03968253968254,15.77,68.9275
2013-09-06,44.24603174603175,6.547619047619048,48.80952380952381,70.75,62.89682539682539,6.547619047619048,27.579365079365083,33.92857142857143,93.45238095238095,15.85,69.00743
2013-09-09,38.2936507936508,10.912698412698413,54.36507936507937,71.85,56.94444444444444,10.912698412698413,53.769841269841265,40.67460317460318,96.62698412698413,15.63,69.81415
2013-09-10,32.34126984126984,57.738095238095234,60.11904761904762,77.35,85.11904761904762,57.738095238095234,81.94444444444444,65.67460317460318,99.8015873015873,14.53,70.16162
2013-09-11,29.166666666666668,77.97619047619048,59.52380952380952,80.9,85.9126984126984,77.97619047619048,81.74603174603175,52.976190476190474,99.8015873015873,13.82,70.02342
2013-09-12,41.07142857142857,12.5,53.37301587301587,78.55000000000001,37.10317460317461,12.5,74.40476190476191,49.801587301587304,98.61111111111111,14.29,69.97875
2013-09-13,41.86507936507937,22.023809523809522,55.55555555555556,79.2,32.34126984126984,22.023809523809522,83.53174603174604,64.88095238095238,98.61111111111111,14.16,70.02641
2013-09-16,41.07142857142857,52.976190476190474,49.801587301587304,78.1,50.198412698412696,52.976190476190474,88.69047619047619,58.13492063492064,99.8015873015873,14.38,69.83172
2013-09-17,38.2936507936508,42.26190476190476,35.11904761904762,77.35,63.29365079365079,42.26190476190476,95.03968253968253,57.341269841269835,99.8015873015873,14.53,70.30468
2013-09-18,33.92857142857143,31.150793650793652,31.15079365079365,82.05,24.404761904761905,31.150793650793652,98.21428571428571,32.73809523809524,97.81746031746032,13.59,71.14178
2013-09-19,35.11904761904761,39.48412698412698,29.365079365079367,84.2,37.5,39.48412698412698,95.43650793650794,70.43650793650794,99.4047619047619,13.16,71.30996
2013-09-20,35.51587301587302,27.976190476190478,27.976190476190474,84.4,62.89682539682539,27.976190476190478,85.9126984126984,56.15079365079365,96.23015873015873,13.12,71.06861
2013-09-23,37.10317460317461,77.18253968253968,30.15873015873016,78.44999999999999,85.9126984126984,77.18253968253968,80.35714285714286,70.03968253968253,92.65873015873015,14.31,70.92466
2013-09-24,36.7063492063492,17.261904761904763,32.93650793650794,79.6,61.30952380952381,17.261904761904763,76.38888888888889,53.769841269841265,87.5,14.08,70.92466
2013-09-25,33.53174603174603,13.293650793650794,41.269841269841265,79.95,41.46825396825397,13.293650793650794,61.30952380952381,74.8015873015873,80.35714285714286,14.01,70.68153
2013-09-26,47.817460317460316,6.547619047619048,59.722222222222214,79.7,53.37301587301587,6.547619047619048,65.07936507936508,72.02380952380952,86.7063492063492,14.06,71.23212
2013-09-27,52.976190476190474,29.166666666666668,75.0,72.7,55.75396825396825,29.166666666666668,46.230158730158735,77.57936507936508,79.96031746031746,15.46,71.14178
2013-09-30,54.563492063492056,0.5952380952380952,68.25396825396825,67.0,35.11904761904761,0.5952380952380952,40.67460317460318,44.642857142857146,76.38888888888889,16.6,70.97033
2013-10-01,48.214285714285715,2.579365079365079,57.93650793650794,72.30000000000001,56.547619047619044,2.579365079365079,49.007936507936506,31.547619047619047,78.76984126984127,15.54,71.69068
2013-10-02,40.67460317460318,12.103174603174603,53.37301587301587,67.0,57.341269841269835,12.103174603174603,45.03968253968254,74.40476190476191,77.18253968253968,16.6,71.66428
2013-10-03,41.46825396825397,6.15079365079365,49.007936507936506,61.64999999999999,54.96031746031746,6.15079365079365,20.03968253968254,81.94444444444444,74.8015873015873,17.67,70.83015
2013-10-04,35.91269841269841,8.928571428571429,50.7936507936508,66.30000000000001,63.29365079365079,8.928571428571429,27.579365079365083,72.81746031746032,77.97619047619048,16.74,71.43544
2013-10-07,41.07142857142857,23.214285714285715,67.46031746031747,52.949999999999996,68.45238095238095,23.214285714285715,12.5,66.07142857142857,74.8015873015873,19.41,70.84673
2013-10-08,52.182539682539684,3.373015873015873,79.76190476190476,49.15,52.976190476190474,3.373015873015873,3.373015873015873,47.817460317460316,73.61111111111111,20.34,69.4783
2013-10-09,50.0,7.738095238095238,77.38095238095238,51.99999999999999,57.738095238095234,7.738095238095238,4.365079365079365,38.2936507936508,73.61111111111111,19.6,69.26147
2013-10-10,63.29365079365079,6.15079365079365,72.42063492063492,67.6,39.08730158730159,6.15079365079365,38.69047619047619,51.78571428571429,79.16666666666666,16.48,70.728
2013-10-11,58.13492063492064,41.46825396825397,74.60317460317461,71.4,52.57936507936508,41.46825396825397,51.78571428571429,66.46825396825396,82.34126984126985,15.72,71.28474
2013-10-14,56.94444444444444,8.531746031746032,76.5873015873016,69.65,52.182539682539684,8.531746031746032,59.32539682539682,91.46825396825396,87.89682539682539,16.07,71.78976
2013-10-15,62.5,33.53174603174603,77.18253968253968,56.7,54.96031746031746,33.53174603174603,29.563492063492063,81.94444444444444,84.32539682539682,18.66,71.5095
2013-10-16,67.65873015873017,22.023809523809522,74.8015873015873,76.44999999999999,13.293650793650794,22.023809523809522,59.12698412698413,70.43650793650794,91.07142857142857,14.71,72.31921
2013-10-17,64.0873015873016,6.15079365079365,82.14285714285714,82.6,54.166666666666664,6.15079365079365,77.57936507936508,73.61111111111111,89.88095238095238,13.48,72.7327
2013-10-18,70.83333333333334,26.38888888888889,67.26190476190476,84.8,85.51587301587301,26.38888888888889,85.11904761904762,91.86507936507937,94.64285714285714,13.04,73.91448
2013-10-21,68.05555555555556,33.53174603174603,56.74603174603175,84.2,81.94444444444444,33.53174603174603,85.51587301587301,99.0079365079365,95.83333333333333,13.16,74.07214
2013-10-22,50.99206349206349,52.57936507936508,60.714285714285715,83.35,87.10317460317461,52.57936507936508,89.0873015873016,91.07142857142857,93.84920634920636,13.33,74.18303
2013-10-23,66.86507936507937,15.277777777777779,67.65873015873015,82.9,57.341269841269835,15.277777777777779,76.38888888888889,95.43650793650794,87.5,13.42,73.72944
2013-10-24,61.70634920634921,53.769841269841265,77.77777777777777,84.0,32.34126984126984,53.769841269841265,80.75396825396825,99.8015873015873,91.07142857142857,13.2,74.05546
2013-10-25,59.32539682539682,67.65873015873017,81.54761904761905,84.55,69.64285714285714,67.65873015873017,80.75396825396825,99.8015873015873,95.03968253968254,13.09,74.58977
2013-10-28,73.21428571428571,27.18253968253968,86.11111111111111,83.44999999999999,67.26190476190477,27.18253968253968,77.18253968253968,98.21428571428571,95.83333333333333,13.31,74.60535
2013-10-29,71.62698412698413,50.99206349206349,85.31746031746033,82.95,85.11904761904762,50.99206349206349,78.17460317460318,96.23015873015873,97.42063492063492,13.41,74.72807
2013-10-30,89.88095238095238,0.992063492063492,84.92063492063492,81.75,57.738095238095234,0.992063492063492,61.904761904761905,93.45238095238095,95.83333333333333,13.65,74.66076
2013-10-31,86.30952380952381,16.46825396825397,68.05555555555554,81.25,71.62698412698413,16.46825396825397,57.738095238095234,84.72222222222221,73.61111111111111,13.75,74.48891
2013-11-01,86.30952380952381,21.23015873015873,82.73809523809524,83.6,27.579365079365083,21.23015873015873,52.976190476190474,99.8015873015873,85.51587301587301,13.28,74.50598
2013-11-04,77.18253968253968,0.992063492063492,74.0079365079365,85.35,34.72222222222222,0.992063492063492,58.53174603174603,92.65873015873017,85.91269841269842,12.93,74.61429
2013-11-05,73.21428571428571,26.785714285714285,70.23809523809524,83.65,59.72222222222222,26.785714285714285,45.03968253968254,86.30952380952381,89.48412698412699,13.27,74.6949
2013-11-06,90.67460317460318,40.27777777777778,72.42063492063492,86.65,62.5,40.27777777777778,44.642857142857146,60.912698412698404,92.26190476190476,12.67,74.67942
2013-11-07,98.21428571428571,10.912698412698413,76.38888888888889,80.45,46.62698412698413,10.912698412698413,22.42063492063492,73.21428571428571,72.42063492063491,13.91,73.27395
2013-11-08,99.40476190476191,3.7698412698412698,56.74603174603175,85.5,34.32539682539682,3.7698412698412698,37.5,55.75396825396825,98.21428571428571,12.9,74.26166
2013-11-11,92.65873015873017,15.674603174603174,59.92063492063492,87.35000000000001,55.35714285714286,15.674603174603174,38.2936507936508,83.13492063492063,98.61111111111111,12.53,74.14689
2013-11-12,96.23015873015873,0.992063492063492,70.03968253968253,85.9,4.166666666666666,0.992063492063492,28.76984126984127,95.43650793650794,99.0079365079365,12.82,74.26166
2013-11-13,86.30952380952381,6.15079365079365,67.65873015873015,87.4,28.373015873015873,6.15079365079365,40.27777777777778,65.67460317460318,99.8015873015873,12.52,75.16002
2013-11-14,86.30952380952381,72.02380952380952,67.65873015873017,88.15,72.81746031746032,72.02380952380952,51.78571428571429,75.59523809523809,99.4047619047619,12.37,75.39649
2013-11-15,79.96031746031747,24.00793650793651,64.88095238095238,89.05,12.5,24.00793650793651,64.0873015873016,95.43650793650794,99.8015873015873,12.19,75.54373
2013-11-18,97.42063492063492,22.817460317460316,65.07936507936508,84.5,62.89682539682539,22.817460317460316,48.61111111111111,91.07142857142857,97.81746031746032,13.1,74.80093
2013-11-19,98.61111111111111,15.277777777777779,67.06349206349205,83.05,34.72222222222222,15.277777777777779,35.51587301587302,57.341269841269835,99.0079365079365,13.39,74.58977
2013-11-20,99.40476190476191,13.293650793650794,72.02380952380952,83.0,6.944444444444445,13.293650793650794,25.992063492063494,58.92857142857143,99.8015873015873,13.4,74.40392
2013-11-21,99.0079365079365,17.261904761904763,78.57142857142858,86.7,4.9603174603174605,17.261904761904763,39.88095238095239,71.62698412698413,99.8015873015873,12.66,75.16002
2013-11-22,99.40476190476191,9.722222222222223,84.12698412698413,88.7,6.15079365079365,9.722222222222223,44.642857142857146,93.45238095238095,99.8015873015873,12.26,75.57073
2013-11-25,98.21428571428571,3.373015873015873,86.11111111111111,86.05000000000001,41.46825396825397,3.373015873015873,41.86507936507937,98.61111111111111,99.0079365079365,12.79,75.74604
2013-11-26,95.43650793650794,29.166666666666668,75.7936507936508,85.95,46.62698412698413,29.166666666666668,42.65873015873016,97.81746031746032,98.61111111111111,12.81,76.14395
2013-11-27,97.81746031746032,66.46825396825396,87.89682539682539,85.1,60.11904761904761,66.46825396825396,43.84920634920635,99.40476190476191,99.8015873015873,12.98,76.67449
2013-11-29,95.83333333333334,82.73809523809523,76.78571428571428,81.5,89.88095238095238,82.73809523809523,44.642857142857146,98.61111111111111,99.8015873015873,13.7,77.13484
2013-12-02,97.02380952380952,49.007936507936506,76.38888888888889,78.85,68.05555555555556,49.007936507936506,33.53174603174603,97.81746031746032,93.45238095238095,14.23,76.90511
2013-12-03,98.21428571428571,66.86507936507937,74.20634920634922,77.25,62.89682539682539,66.86507936507937,25.793650793650798,92.26190476190477,88.69047619047619,14.55,76.84465
2013-12-04,99.8015873015873,32.34126984126984,86.11111111111111,76.5,24.801587301587304,32.34126984126984,21.23015873015873,96.23015873015873,91.46825396825398,14.7,76.91484
2013-12-05,99.40476190476191,79.56349206349206,67.65873015873015,74.6,68.84920634920636,79.56349206349206,17.261904761904763,93.05555555555556,90.67460317460318,15.08,76.81665
2013-12-06,99.8015873015873,33.13492063492063,66.26984126984127,81.05000000000001,27.579365079365083,33.13492063492063,41.07142857142857,71.62698412698413,97.42063492063492,13.79,77.37608
2013-12-09,99.8015873015873,16.46825396825397,70.43650793650792,82.55,35.91269841269841,16.46825396825397,39.08730158730159,99.0079365079365,97.42063492063492,13.49,77.69228
2013-12-10,99.40476190476191,4.563492063492063,80.55555555555554,80.45,28.76984126984127,4.563492063492063,25.992063492063494,98.61111111111111,93.45238095238095,13.91,77.63707
2013-12-11,99.40476190476191,38.69047619047619,73.80952380952381,72.9,36.30952380952381,38.69047619047619,8.134920634920634,92.26190476190477,87.5,15.42,76.63835
2013-12-12,98.61111111111111,7.341269841269842,77.18253968253968,72.30000000000001,35.11904761904761,7.341269841269842,8.134920634920634,94.64285714285714,87.10317460317461,15.54,76.44278
2013-12-13,98.21428571428571,25.992063492063494,77.57936507936509,71.2,67.26190476190477,25.992063492063494,11.30952380952381,97.42063492063492,85.91269841269842,15.76,76.3425
2013-12-16,97.81746031746032,5.357142857142857,71.82539682539682,69.85,30.753968253968257,5.357142857142857,20.436507936507937,89.48412698412699,92.65873015873015,16.03,76.76205
2013-12-17,97.02380952380952,1.7857142857142856,63.888888888888886,68.94999999999999,9.722222222222223,1.7857142857142856,18.650793650793652,91.07142857142857,85.11904761904762,16.21,76.61124
2013-12-18,97.81746031746032,48.214285714285715,55.952380952380956,81.0,66.86507936507937,48.214285714285715,44.047619047619044,72.42063492063492,97.81746031746032,13.8,77.50166
2013-12-19,96.62698412698413,15.674603174603174,51.38888888888889,79.25,44.642857142857146,15.674603174603174,36.30952380952381,98.21428571428571,99.8015873015873,14.15,77.28752
2013-12-20,94.24603174603175,27.18253968253968,49.801587301587304,81.05000000000001,64.0873015873016,27.18253968253968,57.14285714285714,98.61111111111111,99.8015873015873,13.79,78.07697
2013-12-23,96.62698412698413,69.24603174603175,50.3968253968254,84.8,89.88095238095238,69.24603174603175,64.0873015873016,98.61111111111111,99.8015873015873,13.04,78.89531
2013-12-24,95.43650793650794,62.89682539682539,50.992063492063494,87.6,96.23015873015873,62.89682539682539,72.42063492063492,98.61111111111111,99.8015873015873,12.48,78.93036
2013-12-26,97.02380952380952,10.119047619047619,53.57142857142857,88.35,83.13492063492063,10.119047619047619,80.35714285714286,97.81746031746032,99.8015873015873,12.33,79.19205
2013-12-27,93.84920634920636,47.42063492063492,56.349206349206355,87.69999999999999,91.07142857142857,47.42063492063492,85.9126984126984,97.42063492063492,99.8015873015873,12.46,78.9926
2013-12-30,94.24603174603175,28.76984126984127,64.68253968253968,82.2,83.13492063492063,28.76984126984127,88.29365079365078,93.84920634920636,99.0079365079365,13.56,78.87665
2013-12-31,97.81746031746032,4.9603174603174605,59.920634920634924,81.4,31.547619047619047,4.9603174603174605,89.88095238095238,87.89682539682539,98.21428571428571,13.72,79.39358
2014-01-02,99.0079365079365,31.944444444444443,64.48412698412699,78.85,19.246031746031747,31.944444444444443,55.35714285714286,96.23015873015873,96.62698412698413,14.23,78.77082
2014-01-03,99.40476190476191,69.24603174603175,64.68253968253968,81.2,80.75396825396825,69.24603174603175,60.912698412698404,97.42063492063492,97.42063492063492,13.76,78.19938
2014-01-06,99.40476190476191,38.2936507936508,62.698412698412696,82.25,55.75396825396825,38.2936507936508,42.26190476190476,98.61111111111111,93.45238095238095,13.55,77.91039
2014-01-07,99.40476190476191,10.912698412698413,75.5952380952381,85.4,56.94444444444444,10.912698412698413,65.27777777777779,97.42063492063492,95.03968253968254,12.92,78.63253
2014-01-08,94.24603174603175,6.547619047619048,93.84920634920636,85.65,12.896825396825399,6.547619047619048,54.96031746031746,98.61111111111111,97.42063492063492,12.87,78.80655
2014-01-09,91.86507936507937,0.1984126984126984,97.61904761904762,85.55,28.76984126984127,0.1984126984126984,56.547619047619044,97.42063492063492,96.62698412698413,12.89,78.54318
2014-01-10,90.27777777777779,0.5952380952380952,94.24603174603175,89.3,10.515873015873016,0.5952380952380952,67.65873015873017,80.35714285714286,91.86507936507937,12.14,78.79802
2014-01-13,92.26190476190477,8.531746031746032,91.07142857142857,83.6,22.817460317460316,8.531746031746032,25.992063492063494,97.42063492063492,80.35714285714286,13.28,77.63211
2014-01-14,88.69047619047619,44.642857142857146,83.73015873015873,88.60000000000001,66.86507936507937,44.642857142857146,47.023809523809526,92.65873015873017,91.07142857142857,12.28,79.10965
2014-01-15,89.88095238095238,78.76984126984127,77.77777777777779,88.60000000000001,86.70634920634922,78.76984126984127,46.62698412698413,93.45238095238095,94.24603174603175,12.28,79.76349
2014-01-16,89.0873015873016,40.67460317460318,65.07936507936509,87.35000000000001,43.05555555555556,40.67460317460318,43.452380952380956,98.21428571428571,90.67460317460318,12.53,79.77322
2014-01-17,90.67460317460318,62.5,58.33333333333333,87.8,44.24603174603175,62.5,35.91269841269841,92.26190476190477,88.2936507936508,12.44,79.31942
2014-01-21,86.30952380952381,8.531746031746032,62.698412698412696,85.65,9.722222222222223,8.531746031746032,40.67460317460318,91.07142857142857,89.48412698412699,12.87,79.92591
2014-01-22,82.34126984126983,47.023809523809526,63.29365079365079,85.8,54.96031746031746,47.023809523809526,42.65873015873016,93.45238095238095,91.07142857142857,12.84,80.12844
2014-01-23,88.69047619047619,19.246031746031747,61.11111111111111,81.15,63.69047619047619,19.246031746031747,25.198412698412696,93.05555555555556,78.76984126984127,13.77,79.86167
2014-01-24,90.67460317460318,5.357142857142857,55.15873015873016,59.3,35.91269841269841,5.357142857142857,7.738095238095238,77.18253968253968,50.992063492063494,18.14,78.28823
2014-01-27,89.48412698412699,26.38888888888889,74.0079365079365,62.89999999999999,70.83333333333334,26.38888888888889,6.15079365079365,65.67460317460318,49.801587301587304,17.42,77.53085
2014-01-28,81.94444444444444,97.42063492063492,71.82539682539682,71.0,95.03968253968253,97.42063492063492,10.515873015873016,78.76984126984127,53.769841269841265,15.8,77.48518
2014-01-29,77.57936507936508,3.7698412698412698,55.15873015873015,63.24999999999999,66.86507936507937,3.7698412698412698,7.738095238095238,38.69047619047619,45.436507936507944,17.35,76.65602
2014-01-30,79.16666666666666,77.57936507936508,49.404761904761905,63.550000000000004,99.8015873015873,77.57936507936508,14.484126984126986,63.69047619047619,49.801587301587304,17.29,78.07697
2014-01-31,65.27777777777779,6.15079365079365,36.30952380952381,57.95,92.65873015873017,6.15079365079365,11.706349206349206,45.43650793650794,45.03968253968254,18.41,77.86283
2014-02-03,50.0,0.992063492063492,49.00793650793651,46.4,39.08730158730159,0.992063492063492,4.9603174603174605,87.5,37.89682539682539,21.44,76.07873
2014-02-04,75.59523809523809,0.1984126984126984,40.079365079365076,54.45,6.547619047619048,0.1984126984126984,6.15079365079365,47.42063492063492,41.86507936507936,19.11,76.63835
2014-02-05,50.0,1.3888888888888888,46.230158730158735,50.25000000000001,8.928571428571429,1.3888888888888888,5.753968253968254,30.357142857142854,42.658730158730165,19.95,76.44178
2014-02-06,76.78571428571429,6.15079365079365,46.03174603174603,63.849999999999994,0.5952380952380952,6.15079365079365,12.3015873015873,46.230158730158735,47.023809523809526,17.23,77.41112
2014-02-07,64.48412698412699,11.706349206349206,56.94444444444444,73.55000000000001,51.388888888888886,11.706349206349206,25.198412698412696,33.53174603174603,51.785714285714285,15.29,78.79802
2014-02-10,59.32539682539682,5.753968253968254,34.12698412698413,73.7,31.547619047619047,5.753968253968254,27.579365079365083,68.84920634920636,52.976190476190474,15.26,79.24646
2014-02-11,60.11904761904761,0.1984126984126984,44.04761904761905,77.45,6.15079365079365,0.1984126984126984,45.03968253968254,59.72222222222222,72.42063492063491,14.51,80.14789
2014-02-12,61.30952380952381,14.484126984126986,59.52380952380952,78.5,31.150793650793652,14.484126984126986,54.761904761904766,61.30952380952381,76.78571428571428,14.3,80.30544
2014-02-13,54.563492063492056,73.61111111111111,71.62698412698413,79.3,88.29365079365078,73.61111111111111,71.23015873015873,63.29365079365079,74.0079365079365,14.14,80.90021
2014-02-14,60.912698412698404,3.7698412698412698,78.96825396825398,82.15,33.13492063492063,3.7698412698412698,81.54761904761905,64.88095238095238,83.13492063492063,13.57,81.05876
2014-02-18,53.769841269841265,1.7857142857142856,78.96825396825396,80.65,41.86507936507937,1.7857142857142856,86.30952380952381,58.53174603174603,79.56349206349206,13.87,81.45874
2014-02-19,43.05555555555556,2.976190476190476,78.76984126984127,72.5,72.81746031746032,2.976190476190476,75.1984126984127,54.166666666666664,73.21428571428572,15.5,80.90021
2014-02-20,28.76984126984127,10.119047619047619,80.35714285714286,76.05000000000001,95.03968253968253,10.119047619047619,89.0873015873016,71.23015873015873,85.11904761904762,14.79,81.27687
2014-02-21,14.484126984126986,11.30952380952381,78.57142857142857,76.6,63.29365079365079,11.30952380952381,87.10317460317461,77.18253968253968,79.16666666666666,14.68,81.17054
2014-02-24,14.880952380952381,99.8015873015873,75.0,78.85,99.8015873015873,99.8015873015873,93.84920634920636,44.24603174603175,87.10317460317461,14.23,81.60289
2014-02-25,18.452380952380953,60.51587301587301,75.9920634920635,81.65,93.05555555555556,60.51587301587301,91.46825396825396,63.29365079365079,80.35714285714286,13.67,81.51344
2014-02-26,11.706349206349206,53.769841269841265,82.34126984126985,78.25,88.29365079365078,53.769841269841265,88.09523809523809,68.05555555555556,77.18253968253968,14.35,81.44147
2014-02-27,11.30952380952381,56.15079365079365,83.13492063492063,79.80000000000001,85.11904761904762,56.15079365079365,93.45238095238095,74.8015873015873,79.56349206349206,14.04,81.96873
2014-02-28,13.293650793650794,21.626984126984127,79.16666666666667,80.0,56.94444444444444,21.626984126984127,93.05555555555556,42.26190476190476,86.7063492063492,14.0,81.87739
2014-03-03,11.30952380952381,2.579365079365079,79.36507936507937,70.0,47.023809523809526,2.579365079365079,74.40476190476191,45.43650793650794,68.84920634920636,16.0,81.27002
2014-03-04,6.547619047619048,2.1825396825396823,86.11111111111111,79.5,5.753968253968254,2.1825396825396823,95.43650793650794,93.84920634920636,92.65873015873015,14.1,82.3017
2014-03-05,11.706349206349206,0.992063492063492,86.90476190476191,80.55,57.341269841269835,0.992063492063492,92.85714285714286,75.59523809523809,93.05555555555556,13.89,82.53232
2014-03-06,13.690476190476192,3.373015873015873,86.70634920634922,78.94999999999999,12.5,3.373015873015873,82.73809523809523,72.81746031746032,97.02380952380952,14.21,82.46015
2014-03-07,8.531746031746032,7.341269841269842,87.5,79.45,15.277777777777779,7.341269841269842,73.21428571428571,57.738095238095234,97.42063492063492,14.11,82.05152
2014-03-10,18.055555555555554,0.5952380952380952,86.5079365079365,79.0,24.404761904761905,0.5952380952380952,65.67460317460318,38.2936507936508,97.02380952380952,14.2,82.12351
2014-03-11,19.246031746031747,12.896825396825399,79.76190476190476,76.0,59.32539682539682,12.896825396825399,49.801587301587304,56.94444444444444,95.83333333333333,14.8,81.77017
2014-03-12,13.293650793650794,0.992063492063492,74.4047619047619,77.65,35.51587301587302,0.992063492063492,52.182539682539684,40.27777777777778,91.46825396825398,14.47,82.07585
2014-03-13,18.452380952380953,7.738095238095238,71.82539682539684,68.9,31.547619047619047,7.738095238095238,22.023809523809522,48.61111111111111,75.9920634920635,16.22,80.91669
2014-03-14,4.563492063492063,0.992063492063492,70.03968253968254,60.9,27.579365079365083,0.992063492063492,24.00793650793651,41.86507936507937,70.43650793650794,17.82,80.3659
2014-03-17,11.30952380952381,4.563492063492063,69.64285714285714,71.8,23.61111111111111,4.563492063492063,33.92857142857143,39.48412698412698,85.11904761904762,15.64,81.07067
2014-03-18,13.293650793650794,32.73809523809524,65.67460317460318,77.4,36.7063492063492,32.73809523809524,51.19047619047619,45.43650793650794,89.08730158730158,14.52,82.05152
2014-03-19,16.865079365079367,64.0873015873016,59.920634920634924,74.4,12.103174603174603,64.0873015873016,29.166666666666668,55.75396825396825,94.24603174603175,15.12,81.60578
2014-03-20,35.51587301587302,91.46825396825396,54.56349206349206,77.4,39.48412698412698,91.46825396825396,32.34126984126984,74.8015873015873,96.62698412698413,14.52,81.83063
2014-03-21,12.103174603174603,41.86507936507937,46.230158730158735,75.0,0.1984126984126984,41.86507936507937,29.96031746031746,64.88095238095238,91.46825396825398,15.0,80.85156
2014-03-24,24.801587301587304,39.08730158730159,49.801587301587304,74.55,83.13492063492063,39.08730158730159,22.023809523809522,69.24603174603175,86.7063492063492,15.09,80.13697
2014-03-25,41.86507936507937,22.023809523809522,58.13492063492063,79.9,56.15079365079365,22.023809523809522,25.992063492063494,36.30952380952381,92.65873015873015,14.02,80.40502
2014-03-26,40.67460317460318,48.61111111111111,67.06349206349206,75.35,51.78571428571429,48.61111111111111,15.277777777777779,30.753968253968257,81.94444444444444,14.93,79.36916
2014-03-27,45.03968253968254,27.18253968253968,61.30952380952381,76.9,88.69047619047619,27.18253968253968,14.087301587301587,28.373015873015873,79.56349206349206,14.62,78.92172
2014-03-28,29.96031746031746,8.928571428571429,62.8968253968254,77.95,59.32539682539682,8.928571428571429,20.03968253968254,22.817460317460316,84.72222222222223,14.41,79.07729
2014-03-31,26.785714285714285,6.547619047619048,60.51587301587302,80.6,6.547619047619048,6.547619047619048,36.7063492063492,25.198412698412696,96.23015873015873,13.88,79.63681
2014-04-01,28.76984126984127,16.46825396825397,59.523809523809526,84.5,30.753968253968257,16.46825396825397,59.32539682539682,39.48412698412698,98.21428571428571,13.1,81.03632
2014-04-02,12.896825396825399,5.357142857142857,60.91269841269842,84.55,24.00793650793651,5.357142857142857,64.48412698412699,45.43650793650794,99.0079365079365,13.09,81.24748
2014-04-03,13.690476190476192,46.62698412698413,64.88095238095238,83.15,75.1984126984127,46.62698412698413,60.912698412698404,58.53174603174603,98.21428571428571,13.37,80.60238
2014-04-04,10.119047619047619,70.43650793650794,64.0873015873016,80.19999999999999,89.0873015873016,70.43650793650794,31.349206349206348,36.30952380952381,93.84920634920636,13.96,78.4573
2014-04-07,20.833333333333336,20.833333333333336,64.08730158730158,72.15,44.24603174603175,20.833333333333336,13.095238095238097,29.563492063492063,79.56349206349206,15.57,77.7159
2014-04-08,13.293650793650794,8.928571428571429,61.3095238095238,75.55,12.103174603174603,8.928571428571429,17.261904761904763,34.72222222222222,81.15079365079364,14.89,78.4311
2014-04-09,26.38888888888889,8.531746031746032,54.56349206349206,80.9,27.976190476190478,8.531746031746032,31.547619047619047,25.595238095238095,93.84920634920636,13.82,79.77888
2014-04-10,27.976190476190478,11.706349206349206,46.62698412698413,70.55,37.10317460317461,11.706349206349206,10.119047619047619,30.753968253968257,64.0873015873016,15.89,77.30609
2014-04-11,50.0,15.277777777777779,44.642857142857146,64.85,37.89682539682539,15.277777777777779,5.753968253968254,3.7698412698412698,49.801587301587304,17.03,76.40782
2014-04-14,35.91269841269841,19.246031746031747,37.8968253968254,69.45,15.674603174603174,19.246031746031747,10.912698412698413,6.944444444444445,61.30952380952381,16.11,77.00547
2014-04-15,43.05555555555556,4.9603174603174605,38.88888888888889,71.95,49.801587301587304,4.9603174603174605,14.880952380952381,10.515873015873016,71.62698412698413,15.61,77.2623
2014-04-16,35.51587301587302,12.896825396825399,39.08730158730159,79.1,59.72222222222222,12.896825396825399,28.174603174603174,20.833333333333336,81.94444444444444,14.18,78.28536
2014-04-17,35.51587301587302,43.84920634920635,34.12698412698413,83.2,63.69047619047619,43.84920634920635,33.53174603174603,24.00793650793651,92.65873015873015,13.36,78.30342
2014-04-21,44.642857142857146,22.42063492063492,41.46825396825397,83.75,24.801587301587304,22.42063492063492,39.88095238095239,31.547619047619047,95.03968253968254,13.25,78.88558
2014-04-22,45.03968253968254,11.30952380952381,41.666666666666664,84.05,43.452380952380956,11.30952380952381,55.952380952380956,35.11904761904761,95.83333333333333,13.19,79.51043
2014-04-23,45.83333333333333,61.30952380952381,34.12698412698413,83.65,80.35714285714286,61.30952380952381,46.230158730158735,9.722222222222223,93.84920634920636,13.27,78.81539
2014-04-24,38.69047619047619,98.61111111111111,45.23809523809524,83.4,97.42063492063492,98.61111111111111,45.43650793650794,33.53174603174603,94.64285714285714,13.32,79.56662
2014-04-25,36.7063492063492,76.38888888888889,49.6031746031746,79.7,88.69047619047619,76.38888888888889,26.785714285714285,5.753968253968254,83.53174603174602,14.06,78.29409
2014-04-28,56.547619047619044,70.43650793650794,53.57142857142857,80.14999999999999,94.64285714285714,70.43650793650794,28.373015873015873,11.30952380952381,90.67460317460318,13.97,78.54993
2014-04-29,69.24603174603175,12.5,50.3968253968254,81.44999999999999,45.83333333333333,12.5,39.88095238095239,6.547619047619048,95.03968253968254,13.71,79.17577
2014-04-30,61.30952380952381,28.373015873015873,47.420634920634924,82.95,39.88095238095239,28.373015873015873,45.43650793650794,3.373015873015873,90.27777777777777,13.41,79.38763
2014-05-01,62.89682539682539,13.690476190476192,44.841269841269835,83.75,15.674603174603174,13.690476190476192,51.78571428571429,23.61111111111111,83.92857142857143,13.25,79.61835
2014-05-02,64.88095238095238,0.1984126984126984,46.03174603174603,85.45,0.992063492063492,0.1984126984126984,50.198412698412696,20.833333333333336,78.37301587301587,12.91,79.47648
2014-05-05,58.92857142857143,19.246031746031747,40.27777777777778,83.55000000000001,18.849206349206348,19.246031746031747,60.11904761904761,9.325396825396826,84.32539682539682,13.29,79.89672
2014-05-06,60.912698412698404,60.51587301587301,43.05555555555556,81.0,24.801587301587304,60.51587301587301,29.166666666666668,17.658730158730158,72.81746031746032,13.8,78.85938
2014-05-07,59.32539682539682,58.13492063492064,49.2063492063492,83.0,64.88095238095238,58.13492063492064,42.65873015873016,11.30952380952381,79.96031746031746,13.4,78.63054
2014-05-08,65.27777777777779,46.62698412698413,50.0,82.85,56.15079365079365,46.62698412698413,40.476190476190474,1.7857142857142856,76.38888888888889,13.43,78.55946
2014-05-09,66.46825396825396,15.674603174603174,48.41269841269841,85.4,37.89682539682539,15.674603174603174,42.65873015873016,6.15079365079365,80.35714285714286,12.92,78.85074
2014-05-12,59.32539682539682,3.7698412698412698,48.214285714285715,88.85,1.7857142857142856,3.7698412698412698,66.07142857142857,7.738095238095238,95.03968253968254,12.23,80.1469
2014-05-13,62.5,15.674603174603174,47.817460317460316,89.35,2.1825396825396823,15.674603174603174,65.67460317460318,6.547619047619048,92.26190476190476,12.13,80.20329
2014-05-14,69.64285714285714,8.531746031746032,47.42063492063492,89.15,0.1984126984126984,8.531746031746032,40.67460317460318,14.484126984126986,74.8015873015873,12.17,79.7888
2014-05-15,72.02380952380952,43.05555555555556,39.682539682539684,84.15,2.976190476190476,43.05555555555556,20.03968253968254,14.484126984126986,59.32539682539682,13.17,79.15701
2014-05-16,68.45238095238095,32.73809523809524,26.984126984126984,87.8,0.5952380952380952,32.73809523809524,28.76984126984127,26.38888888888889,68.45238095238095,12.44,79.67474
2014-05-19,74.40476190476191,72.81746031746032,32.73809523809524,87.9,59.72222222222222,72.81746031746032,42.26190476190476,23.214285714285715,72.02380952380952,12.42,80.23039
2014-05-20,87.5,27.976190476190478,49.6031746031746,85.19999999999999,16.865079365079367,27.976190476190478,24.00793650793651,74.8015873015873,64.48412698412699,12.96,79.9395
2014-05-21,94.64285714285714,40.27777777777778,45.43650793650794,90.45,30.753968253968257,40.27777777777778,37.5,8.134920634920634,75.1984126984127,11.91,80.70066
2014-05-22,97.81746031746032,27.579365079365083,51.58730158730159,89.85000000000001,22.817460317460316,27.579365079365083,48.214285714285715,6.547619047619048,81.54761904761905,12.03,81.05588
2014-05-23,93.84920634920636,74.40476190476191,58.92857142857143,93.2,56.15079365079365,74.40476190476191,66.07142857142857,28.76984126984127,83.92857142857143,11.36,81.64667
2014-05-27,92.65873015873017,74.8015873015873,57.34126984126984,92.45,80.35714285714286,74.8015873015873,77.97619047619048,20.03968253968254,90.27777777777777,11.51,82.66446
2014-05-28,97.42063492063492,58.92857142857143,43.45238095238095,91.6,29.166666666666668,58.92857142857143,72.81746031746032,29.166666666666668,75.9920634920635,11.68,82.41061
2014-05-29,91.86507936507937,71.62698412698413,40.476190476190474,92.15,51.388888888888886,71.62698412698413,81.15079365079364,33.13492063492063,85.11904761904762,11.57,82.93509
2014-05-30,93.45238095238095,84.72222222222221,30.357142857142858,93.0,82.34126984126983,84.72222222222221,83.13492063492063,39.08730158730159,91.46825396825398,11.4,82.94403
2014-06-02,90.27777777777779,61.70634920634921,26.984126984126984,92.1,56.15079365079365,61.70634920634921,89.0873015873016,41.07142857142857,94.64285714285714,11.58,82.86133
2014-06-03,93.05555555555556,24.404761904761905,25.0,90.65,6.944444444444445,24.404761904761905,82.34126984126983,45.43650793650794,96.62698412698413,11.87,82.82707
2014-06-04,81.94444444444444,44.24603174603175,27.579365079365076,89.6,30.357142857142854,44.24603174603175,87.5,24.801587301587304,97.42063492063492,12.08,83.13762
2014-06-05,82.73809523809523,51.78571428571429,41.269841269841265,91.6,42.26190476190476,51.78571428571429,95.03968253968253,33.92857142857143,97.81746031746032,11.68,83.83543
2014-06-06,80.35714285714286,65.27777777777779,42.460317460317455,96.35,48.61111111111111,65.27777777777779,95.03968253968253,46.62698412698413,99.4047619047619,10.73,84.31703
2014-06-09,74.0079365079365,26.785714285714285,56.74603174603175,94.25,41.46825396825397,26.785714285714285,91.86507936507937,71.23015873015873,99.8015873015873,11.15,84.25587
2014-06-10,79.56349206349206,41.07142857142857,59.722222222222214,95.05,52.182539682539684,41.07142857142857,83.13492063492063,47.817460317460316,99.8015873015873,10.99,84.39893
2014-06-11,79.56349206349206,33.53174603174603,66.66666666666666,92.0,11.30952380952381,33.53174603174603,75.59523809523809,66.86507936507937,99.0079365079365,11.6,84.38136
2014-06-12,75.1984126984127,22.42063492063492,61.7063492063492,87.2,13.690476190476192,22.42063492063492,51.78571428571429,53.769841269841265,94.64285714285714,12.56,83.61732
2014-06-13,81.54761904761905,87.89682539682539,55.35714285714286,89.1,62.89682539682539,87.89682539682539,57.738095238095234,38.2936507936508,95.83333333333333,12.18,83.86363
2014-06-16,75.59523809523809,12.103174603174603,32.34126984126984,86.75,48.214285714285715,12.103174603174603,46.62698412698413,41.86507936507937,96.62698412698413,12.65,83.93848
2014-06-17,71.23015873015873,9.325396825396826,30.952380952380953,89.7,3.7698412698412698,9.325396825396826,55.35714285714286,48.214285714285715,99.4047619047619,12.06,83.98227
2014-06-18,69.64285714285714,1.7857142857142856,24.8015873015873,96.95,0.992063492063492,1.7857142857142856,74.8015873015873,39.48412698412698,99.8015873015873,10.61,84.45334
2014-06-19,66.07142857142857,1.3888888888888888,27.182539682539684,96.9,5.753968253968254,1.3888888888888888,74.60317460317461,76.38888888888889,99.8015873015873,10.62,84.39893
2014-06-20,68.84920634920636,20.03968253968254,29.96031746031746,95.75,10.119047619047619,20.03968253968254,75.39682539682539,65.67460317460318,99.8015873015873,10.85,84.499
2014-06-23,64.0873015873016,11.706349206349206,35.11904761904762,95.1,4.563492063492063,11.706349206349206,64.0873015873016,75.1984126984127,99.4047619047619,10.98,84.51667
2014-06-24,61.30952380952381,16.46825396825397,35.51587301587302,89.35,35.51587301587302,16.46825396825397,43.05555555555556,43.05555555555556,96.23015873015873,12.13,84.43487
2014-06-25,59.72222222222222,0.1984126984126984,32.738095238095234,92.05,8.531746031746032,0.1984126984126984,57.738095238095234,26.38888888888889,96.62698412698413,11.59,84.97394
2014-06-26,55.75396825396825,0.5952380952380952,31.944444444444443,91.85,2.579365079365079,0.5952380952380952,41.46825396825397,69.24603174603175,94.24603174603175,11.63,85.01892
2014-06-27,61.70634920634921,5.753968253968254,31.944444444444443,93.7,3.373015873015873,5.753968253968254,48.214285714285715,52.182539682539684,96.23015873015873,11.26,85.39071
2014-06-30,61.30952380952381,1.3888888888888888,31.349206349206348,92.15,0.1984126984126984,1.3888888888888888,48.01587301587302,41.46825396825397,91.46825396825398,11.57,85.53853
2014-07-01,68.05555555555556,2.1825396825396823,36.70634920634921,94.25,4.166666666666666,2.1825396825396823,75.59523809523809,75.59523809523809,97.81746031746032,11.15,86.4766
2014-07-02,78.37301587301587,0.5952380952380952,50.3968253968254,95.9,10.912698412698413,0.5952380952380952,60.51587301587301,71.23015873015873,99.8015873015873,10.82,86.62165
2014-07-03,74.40476190476191,1.3888888888888888,41.468253968253975,98.4,10.515873015873016,1.3888888888888888,68.45238095238095,59.72222222222222,99.8015873015873,10.32,87.16876
2014-07-07,85.9126984126984,25.992063492063494,61.30952380952381,93.35,26.785714285714285,25.992063492063494,55.35714285714286,85.51587301587301,99.4047619047619,11.33,86.90388
2014-07-08,72.42063492063492,70.83333333333334,66.46825396825398,90.1,53.769841269841265,70.83333333333334,32.73809523809524,48.214285714285715,94.64285714285714,11.98,85.85493
2014-07-09,79.56349206349206,52.182539682539684,55.15873015873016,91.75,29.166666666666668,52.182539682539684,37.5,58.53174603174603,96.23015873015873,11.65,86.49526
2014-07-10,77.97619047619048,43.05555555555556,43.65079365079365,87.05,23.214285714285715,43.05555555555556,23.214285714285715,25.992063492063494,92.26190476190476,12.59,86.22274
2014-07-11,81.15079365079364,3.373015873015873,55.55555555555556,89.6,19.642857142857142,3.373015873015873,22.817460317460316,63.69047619047619,91.07142857142857,12.08,86.77354
2014-07-14,79.16666666666666,10.119047619047619,50.0,90.9,22.42063492063492,10.119047619047619,29.166666666666668,73.61111111111111,96.23015873015873,11.82,87.29712
2014-07-15,85.51587301587301,27.976190476190478,53.57142857142857,90.19999999999999,4.166666666666666,27.976190476190478,24.404761904761905,65.67460317460318,95.43650793650794,11.96,86.99642
2014-07-16,83.53174603174604,85.11904761904762,71.82539682539684,95.0,20.833333333333336,85.11904761904762,25.992063492063494,85.11904761904762,97.42063492063492,11.0,87.34288
2014-07-17,86.30952380952381,77.18253968253968,72.02380952380952,77.30000000000001,29.563492063492063,77.18253968253968,9.325396825396826,43.452380952380956,84.72222222222223,14.54,86.1885
2014-07-18,89.88095238095238,70.43650793650794,43.45238095238095,89.7,52.57936507936508,70.43650793650794,25.595238095238095,9.325396825396826,91.86507936507937,12.06,87.547
2014-07-21,86.30952380952381,33.92857142857143,30.753968253968253,85.95,35.11904761904761,33.92857142857143,22.817460317460316,29.563492063492063,88.69047619047619,12.81,87.4382
2014-07-22,86.30952380952381,37.10317460317461,29.365079365079367,88.8,22.817460317460316,37.10317460317461,35.11904761904761,26.38888888888889,91.86507936507937,12.24,87.99495
2014-07-23,98.21428571428571,83.92857142857143,17.658730158730158,92.4,85.9126984126984,83.92857142857143,33.92857142857143,57.738095238095234,93.05555555555556,11.52,88.56131
2014-07-24,88.69047619047619,52.976190476190474,21.626984126984127,90.8,78.37301587301587,52.976190476190474,38.69047619047619,62.89682539682539,97.42063492063492,11.84,88.46115
2014-07-25,83.13492063492063,90.27777777777779,33.73015873015873,86.55,55.35714285714286,90.27777777777779,20.436507936507937,62.5,88.2936507936508,12.69,88.11447
2014-07-28,68.05555555555556,35.11904761904761,35.317460317460316,87.2,29.563492063492063,35.11904761904761,24.801587301587304,42.26190476190476,91.86507936507937,12.56,88.14296
2014-07-29,68.05555555555556,3.7698412698412698,36.507936507936506,83.6,6.547619047619048,3.7698412698412698,16.865079365079367,56.547619047619044,83.92857142857143,13.28,87.98699
2014-07-30,77.57936507936508,4.166666666666666,32.14285714285714,83.35,0.1984126984126984,4.166666666666666,16.071428571428573,54.96031746031746,94.24603174603175,13.33,88.33665
2014-07-31,77.57936507936508,6.547619047619048,27.57936507936508,65.25,0.992063492063492,6.547619047619048,5.357142857142857,35.51587301587302,73.61111111111111,16.95,86.55265
2014-08-01,76.38888888888889,6.547619047619048,27.976190476190474,64.85,4.9603174603174605,6.547619047619048,3.7698412698412698,64.48412698412699,58.53174603174603,17.03,86.23059
2014-08-04,74.40476190476191,3.373015873015873,24.007936507936506,74.4,2.1825396825396823,3.373015873015873,8.531746031746032,24.00793650793651,68.45238095238095,15.12,86.82119
2014-08-05,74.0079365079365,7.341269841269842,19.444444444444443,65.65,1.3888888888888888,7.341269841269842,5.357142857142857,20.436507936507937,49.404761904761905,16.87,86.15951
2014-08-06,75.59523809523809,1.7857142857142856,13.88888888888889,68.14999999999999,0.992063492063492,1.7857142857142856,5.357142857142857,11.706349206349206,49.801587301587304,16.37,86.09518
2014-08-07,75.9920634920635,13.690476190476192,15.079365079365079,66.69999999999999,6.944444444444445,13.690476190476192,2.579365079365079,43.05555555555556,33.53174603174604,16.66,85.81879
2014-08-08,66.07142857142857,20.436507936507937,10.912698412698413,71.15,2.579365079365079,20.436507936507937,11.30952380952381,22.42063492063492,50.198412698412696,15.77,86.43977
2014-08-11,72.02380952380952,23.61111111111111,13.492063492063492,78.85,78.76984126984127,23.61111111111111,16.071428571428573,56.94444444444444,54.16666666666667,14.23,86.94975
2014-08-12,70.03968253968253,7.341269841269842,21.42857142857143,79.35,17.658730158730158,7.341269841269842,16.26984126984127,72.42063492063492,55.357142857142854,14.13,86.91272
2014-08-13,64.0873015873016,33.13492063492063,28.37301587301587,85.5,21.23015873015873,33.13492063492063,32.34126984126984,52.182539682539684,60.51587301587302,12.9,87.83331
2014-08-14,65.27777777777779,21.626984126984127,30.753968253968253,87.9,5.753968253968254,21.626984126984127,43.05555555555556,50.595238095238095,62.89682539682539,12.42,88.28801
2014-08-15,70.03968253968253,11.706349206349206,32.93650793650794,84.25,26.38888888888889,11.706349206349206,43.05555555555556,31.944444444444443,50.992063492063494,13.15,88.71708
2014-08-18,67.26190476190477,8.134920634920634,38.095238095238095,88.4,22.42063492063492,8.134920634920634,75.1984126984127,75.1984126984127,74.4047619047619,12.32,89.40219
2014-08-19,54.563492063492056,82.34126984126983,31.746031746031747,88.94999999999999,53.37301587301587,82.34126984126983,88.69047619047619,35.51587301587302,79.56349206349206,12.21,89.90245
2014-08-20,51.78571428571429,70.03968253968253,31.944444444444443,91.10000000000001,13.293650793650794,70.03968253968253,92.26190476190477,60.51587301587301,81.94444444444444,11.78,89.90245
2014-08-21,54.166666666666664,77.57936507936508,32.73809523809524,91.2,32.73809523809524,77.57936507936508,95.43650793650794,58.53174603174603,82.34126984126985,11.76,90.08144
2014-08-22,58.53174603174603,76.78571428571429,37.698412698412696,92.64999999999999,22.023809523809522,76.78571428571429,91.86507936507937,49.007936507936506,80.35714285714286,11.47,90.21676
2014-08-25,58.13492063492064,52.976190476190474,31.944444444444443,91.5,37.5,52.976190476190474,97.81746031746032,48.214285714285715,82.73809523809524,11.7,90.53713
2014-08-26,54.563492063492056,29.166666666666668,32.142857142857146,91.85,20.03968253968254,29.166666666666668,99.40476190476191,33.13492063492063,82.73809523809524,11.63,90.62836
2014-08-27,59.32539682539682,43.84920634920635,31.746031746031743,91.10000000000001,50.198412698412696,43.84920634920635,98.61111111111111,59.72222222222222,80.75396825396825,11.78,90.64583
2014-08-28,58.13492063492064,90.67460317460318,32.34126984126984,89.75,58.53174603174603,90.67460317460318,96.23015873015873,54.96031746031746,77.97619047619048,12.05,90.54676
2014-08-29,54.96031746031746,75.1984126984127,32.53968253968254,90.1,24.801587301587304,75.1984126984127,98.4126984126984,68.05555555555556,80.35714285714286,11.98,90.88043
2014-09-02,58.53174603174603,87.10317460317461,51.58730158730158,88.75,46.230158730158735,87.10317460317461,95.63492063492063,93.05555555555556,77.57936507936508,12.25,91.14619
2014-09-03,58.13492063492064,97.81746031746032,61.507936507936506,88.2,93.84920634920636,97.81746031746032,91.07142857142857,83.92857142857143,76.38888888888889,12.36,90.61099
2014-09-04,58.13492063492064,87.5,70.63492063492063,86.8,61.70634920634921,87.5,78.37301587301587,69.24603174603175,79.16666666666666,12.64,90.5273
2014-09-05,59.72222222222222,52.976190476190474,59.52380952380952,89.55,87.5,52.976190476190474,84.72222222222221,39.48412698412698,83.13492063492063,12.09,90.98268
2014-09-08,65.27777777777779,73.61111111111111,70.03968253968254,86.7,39.48412698412698,73.61111111111111,75.59523809523809,78.37301587301587,82.73809523809524,12.66,91.15503
2014-09-09,57.341269841269835,99.40476190476191,56.94444444444444,82.5,98.61111111111111,99.40476190476191,41.07142857142857,72.81746031746032,78.37301587301587,13.5,90.40172
2014-09-10,69.64285714285714,86.70634920634922,50.198412698412696,85.6,67.65873015873017,86.70634920634922,41.46825396825397,30.753968253968257,85.51587301587301,12.88,91.14619
2014-09-11,71.62698412698413,56.15079365079365,50.0,86.0,27.18253968253968,56.15079365079365,41.86507936507937,64.48412698412699,86.30952380952381,12.8,91.07233
2014-09-12,79.56349206349206,58.13492063492064,55.55555555555556,83.44999999999999,25.595238095238095,58.13492063492064,18.055555555555554,84.32539682539682,89.08730158730158,13.31,90.61099
2014-09-15,93.45238095238095,92.65873015873017,49.60317460317461,79.4,90.27777777777779,92.65873015873017,14.087301587301587,48.61111111111111,85.11904761904762,14.12,89.73626
2014-09-16,99.8015873015873,64.0873015873016,44.44444444444444,86.35,38.69047619047619,64.0873015873016,25.992063492063494,72.42063492063492,95.03968253968254,12.73,90.51955
2014-09-17,99.8015873015873,40.27777777777778,41.07142857142857,86.75,14.087301587301587,40.27777777777778,27.579365079365083,67.26190476190477,97.42063492063492,12.65,90.65576
2014-09-18,99.8015873015873,57.341269841269835,38.69047619047619,89.85000000000001,4.9603174603174605,57.341269841269835,38.69047619047619,65.27777777777779,99.4047619047619,12.03,91.3368
2014-09-19,99.8015873015873,68.84920634920636,35.11904761904762,89.45,73.61111111111111,68.84920634920636,28.76984126984127,60.11904761904761,97.02380952380952,12.11,91.2825
2014-09-22,99.8015873015873,41.86507936507937,35.91269841269841,81.55000000000001,23.61111111111111,41.86507936507937,12.896825396825399,67.26190476190477,86.7063492063492,13.69,90.43487
2014-09-23,99.8015873015873,35.11904761904761,34.523809523809526,75.35,20.436507936507937,35.11904761904761,5.357142857142857,57.341269841269835,77.57936507936508,14.93,90.18588
2014-09-24,99.8015873015873,19.246031746031747,29.960317460317462,83.65,7.738095238095238,19.246031746031747,14.484126984126986,33.13492063492063,90.27777777777777,13.27,91.15503
2014-09-25,98.61111111111111,89.48412698412699,29.365079365079364,71.8,61.70634920634921,89.48412698412699,0.5952380952380952,61.30952380952381,66.86507936507937,15.64,89.23789
2014-09-26,99.8015873015873,60.11904761904761,27.182539682539684,75.75,29.166666666666668,60.11904761904761,6.944444444444445,40.27777777777778,76.78571428571428,14.85,90.18588
2014-09-29,99.8015873015873,60.912698412698404,24.404761904761905,70.1,19.246031746031747,60.912698412698404,6.15079365079365,41.86507936507937,69.24603174603175,15.98,90.06686
2014-09-30,99.8015873015873,62.5,22.619047619047617,68.45,12.896825396825399,62.5,5.357142857142857,43.452380952380956,60.51587301587302,16.31,90.19343
2014-10-01,50.0,14.880952380952381,25.396825396825395,66.44999999999999,1.3888888888888888,14.880952380952381,0.1984126984126984,47.023809523809526,23.611111111111114,16.71,88.756
2014-10-02,50.0,6.15079365079365,19.444444444444443,69.2,2.1825396825396823,6.15079365079365,0.5952380952380952,22.42063492063492,26.785714285714292,16.16,88.756
2014-10-03,50.0,17.658730158730158,19.246031746031747,77.25,2.1825396825396823,17.658730158730158,14.087301587301587,23.214285714285715,42.261904761904766,14.55,89.63192
2014-10-06,97.81746031746032,41.07142857142857,20.436507936507937,72.7,18.849206349206348,41.07142857142857,11.30952380952381,36.30952380952381,35.51587301587301,15.46,89.43932
2014-10-07,50.0,6.944444444444445,20.833333333333336,64.0,0.992063492063492,6.944444444444445,0.992063492063492,35.51587301587302,11.30952380952381,17.2,88.16719
2014-10-08,98.61111111111111,10.912698412698413,19.642857142857146,74.45,2.1825396825396823,10.912698412698413,18.452380952380953,23.214285714285715,29.563492063492063,15.11,89.88686
2014-10-09,50.0,33.53174603174603,19.642857142857142,56.199999999999996,11.30952380952381,33.53174603174603,4.166666666666666,43.05555555555556,8.134920634920633,18.76,88.43583
2014-10-10,50.0,70.03968253968253,18.849206349206348,46.900000000000006,20.833333333333336,70.03968253968253,2.579365079365079,14.484126984126986,2.5793650793650755,21.24,86.22573
2014-10-13,50.0,17.658730158730158,12.896825396825397,38.4,4.563492063492063,17.658730158730158,0.5952380952380952,12.103174603174603,1.3888888888888857,24.64,84.87308
2014-10-14,50.0,10.119047619047619,12.301587301587302,43.025000000000006,6.547619047619048,10.119047619047619,1.7857142857142856,8.928571428571429,0.9920634920634939,22.79,84.88261
2014-10-15,50.0,15.674603174603174,11.706349206349206,34.375,27.18253968253968,15.674603174603174,0.992063492063492,19.642857142857142,0.19841269841269593,26.25,84.3349
2014-10-16,50.0,1.7857142857142856,9.523809523809524,37.0,20.436507936507937,1.7857142857142856,2.1825396825396823,22.023809523809522,0.9920634920634939,25.2,83.80426
2014-10-17,50.0,11.30952380952381,9.325396825396826,45.025000000000006,59.32539682539682,11.30952380952381,8.531746031746032,11.30952380952381,2.5793650793650755,21.99,84.9107
2014-10-20,50.0,56.547619047619044,10.714285714285715,57.15,56.547619047619044,56.547619047619044,20.436507936507937,19.246031746031747,3.3730158730158735,18.57,86.18293
2014-10-21,50.0,53.769841269841265,12.301587301587302,69.60000000000001,27.976190476190478,53.769841269841265,67.26190476190477,17.261904761904763,8.531746031746039,16.08,88.44368
2014-10-22,50.0,22.42063492063492,13.88888888888889,60.64999999999999,26.38888888888889,22.42063492063492,46.230158730158735,15.674603174603174,7.341269841269835,17.87,87.9861
2014-10-23,50.0,31.547619047619047,12.6984126984127,67.35,28.76984126984127,31.547619047619047,73.61111111111111,13.690476190476192,12.103174603174608,16.53,89.31274
2014-10-24,50.0,81.54761904761905,15.674603174603174,69.45,80.75396825396825,81.54761904761905,88.29365079365078,48.61111111111111,16.865079365079367,16.11,90.04054
2014-10-27,73.61111111111111,2.579365079365079,20.833333333333332,69.80000000000001,10.119047619047619,2.579365079365079,87.10317460317461,61.70634920634921,12.896825396825392,16.04,90.10309
2014-10-28,62.10317460317461,16.071428571428573,22.61904761904762,78.05,52.182539682539684,16.071428571428573,97.81746031746032,49.007936507936506,31.944444444444443,14.39,91.46844
2014-10-29,66.07142857142857,2.579365079365079,27.976190476190474,74.25,58.53174603174603,2.579365079365079,95.83333333333334,67.65873015873017,34.32539682539682,15.15,91.12872
2014-10-30,73.21428571428571,40.27777777777778,45.23809523809524,77.4,45.03968253968254,40.27777777777778,99.40476190476191,74.8015873015873,42.261904761904766,14.52,91.31953
2014-10-31,63.29365079365079,15.674603174603174,48.01587301587301,79.85000000000001,3.7698412698412698,15.674603174603174,99.8015873015873,80.35714285714286,74.0079365079365,14.03,92.57697
2014-11-03,70.43650793650794,5.357142857142857,46.62698412698413,76.35,4.563492063492063,5.357142857142857,99.40476190476191,79.56349206349206,76.78571428571428,14.73,92.8476
2014-11-04,79.56349206349206,10.119047619047619,51.78571428571428,75.55,5.753968253968254,10.119047619047619,95.43650793650794,86.70634920634922,70.03968253968254,14.89,92.53984
2014-11-05,64.48412698412699,0.5952380952380952,55.75396825396825,79.15,1.7857142857142856,0.5952380952380952,98.61111111111111,89.0873015873016,79.56349206349206,14.17,92.54967
2014-11-06,76.78571428571429,52.182539682539684,52.38095238095238,81.65,34.72222222222222,52.182539682539684,99.0079365079365,76.78571428571429,86.7063492063492,13.67,92.83877
2014-11-07,73.61111111111111,50.595238095238095,54.166666666666664,84.4,0.5952380952380952,50.595238095238095,98.21428571428571,83.92857142857143,79.16666666666666,13.12,92.75497
2014-11-10,75.9920634920635,23.214285714285715,56.34920634920634,86.65,15.277777777777779,23.214285714285715,98.01587301587301,65.27777777777779,91.46825396825398,12.67,93.08199
2014-11-11,79.96031746031747,15.674603174603174,57.93650793650794,85.4,29.166666666666668,15.674603174603174,98.21428571428571,89.48412698412699,92.65873015873015,12.92,93.37982
2014-11-12,66.86507936507937,5.753968253968254,50.198412698412696,84.9,14.484126984126986,5.753968253968254,93.84920634920636,83.13492063492063,89.48412698412699,13.02,93.54144
2014-11-13,85.51587301587301,4.563492063492063,58.73015873015873,81.05000000000001,36.7063492063492,4.563492063492063,87.5,69.24603174603175,88.2936507936508,13.79,93.946
2014-11-14,87.10317460317461,41.07142857142857,55.95238095238095,83.44999999999999,43.84920634920635,41.07142857142857,80.75396825396825,72.81746031746032,81.94444444444444,13.31,94.23907
2014-11-17,84.72222222222221,22.817460317460316,55.15873015873016,80.05,62.5,22.817460317460316,80.55555555555556,79.96031746031747,87.5,13.99,93.95483
2014-11-18,84.72222222222221,39.08730158730159,51.58730158730158,80.7,12.5,39.08730158730159,83.92857142857143,72.02380952380952,91.46825396825398,13.86,94.68104
2014-11-19,81.54761904761905,4.166666666666666,57.539682539682545,80.19999999999999,16.46825396825397,4.166666666666666,73.61111111111111,57.341269841269835,95.43650793650794,13.96,94.23032
2014-11-20,64.88095238095238,38.69047619047619,50.5952380952381,82.1,18.452380952380953,38.69047619047619,74.40476190476191,70.83333333333334,95.03968253968254,13.58,94.67122
2014-11-21,57.738095238095234,31.547619047619047,47.22222222222223,85.5,14.087301587301587,31.547619047619047,79.96031746031747,83.53174603174604,96.23015873015873,12.9,94.8376
2014-11-24,54.563492063492056,51.388888888888886,51.78571428571428,86.9,8.531746031746032,51.388888888888886,82.93650793650794,87.5,97.02380952380952,12.62,95.55965
2014-11-25,52.976190476190474,46.62698412698413,52.38095238095237,88.75,12.896825396825399,46.62698412698413,77.97619047619048,94.24603174603175,93.05555555555556,12.25,95.71243
2014-11-26,72.02380952380952,97.02380952380952,50.00000000000001,89.65,96.23015873015873,97.02380952380952,79.96031746031747,80.75396825396825,91.07142857142857,12.07,96.35287
2014-11-28,79.56349206349206,46.62698412698413,46.62698412698413,83.35,22.42063492063492,46.62698412698413,74.8015873015873,79.56349206349206,75.9920634920635,13.33,96.77529
2014-12-01,83.13492063492063,39.48412698412698,49.8015873015873,78.55000000000001,56.94444444444444,39.48412698412698,57.738095238095234,69.24603174603175,81.15079365079364,14.29,95.68444
2014-12-02,90.67460317460318,10.119047619047619,45.43650793650794,85.75,13.293650793650794,10.119047619047619,67.26190476190477,85.51587301587301,98.21428571428571,12.85,96.08046
2014-12-03,84.32539682539682,5.357142857142857,44.047619047619044,87.64999999999999,3.373015873015873,5.357142857142857,74.8015873015873,88.69047619047619,99.4047619047619,12.47,96.25577
2014-12-04,88.69047619047619,34.72222222222222,45.63492063492063,88.1,2.976190476190476,34.72222222222222,69.24603174603175,86.30952380952381,97.42063492063492,12.38,96.21676
2014-12-05,85.51587301587301,11.30952380952381,48.611111111111114,90.9,17.658730158730158,11.30952380952381,68.84920634920636,87.10317460317461,99.8015873015873,11.82,96.22639
2014-12-08,87.10317460317461,17.658730158730158,48.8095238095238,78.94999999999999,18.452380952380953,17.658730158730158,58.13492063492064,80.75396825396825,94.24603174603175,14.21,95.51398
2014-12-09,61.70634920634921,14.484126984126986,47.22222222222223,75.55,18.055555555555554,14.484126984126986,54.96031746031746,78.76984126984127,86.30952380952381,14.89,95.82372
2014-12-10,71.62698412698413,4.563492063492063,42.857142857142854,57.349999999999994,1.7857142857142856,4.563492063492063,26.38888888888889,73.21428571428571,57.73809523809524,18.53,94.32484
2014-12-11,60.51587301587301,3.7698412698412698,39.48412698412698,49.800000000000004,2.579365079365079,3.7698412698412698,37.5,47.023809523809526,65.27777777777777,20.08,94.77536
2014-12-12,47.42063492063492,25.198412698412696,37.8968253968254,47.300000000000004,5.753968253968254,25.198412698412696,12.5,63.69047619047619,29.96031746031747,21.08,93.73981
2014-12-15,50.0,32.73809523809524,33.53174603174603,48.949999999999996,7.738095238095238,32.73809523809524,7.341269841269842,43.05555555555556,24.007936507936506,20.42,92.76271
2014-12-16,50.0,8.928571428571429,30.357142857142854,41.075,16.46825396825397,8.928571428571429,2.976190476190476,51.388888888888886,12.103174603174608,23.57,91.2825
2014-12-17,20.03968253968254,4.166666666666666,24.6031746031746,52.79999999999999,1.7857142857142856,4.166666666666666,21.23015873015873,36.7063492063492,44.64285714285714,19.44,92.93209
2014-12-18,24.00793650793651,29.96031746031746,25.59523809523809,65.95000000000002,10.515873015873016,29.96031746031746,59.72222222222222,57.341269841269835,89.08730158730158,16.81,95.17833
2014-12-19,18.849206349206348,33.13492063492063,31.547619047619044,67.55000000000001,14.087301587301587,33.13492063492063,64.88095238095238,90.27777777777779,84.72222222222223,16.49,95.58804
2014-12-22,18.849206349206348,64.48412698412699,39.285714285714285,73.75,80.75396825396825,64.48412698412699,75.1984126984127,95.43650793650794,93.45238095238095,15.25,95.83246
2014-12-23,14.880952380952381,87.10317460317461,42.460317460317455,76.0,45.43650793650794,87.10317460317461,79.96031746031747,97.42063492063492,99.0079365079365,14.8,95.49462
2014-12-24,18.452380952380953,53.769841269841265,46.03174603174603,78.15,18.452380952380953,53.769841269841265,84.72222222222221,98.61111111111111,99.4047619047619,14.37,95.56938
2014-12-26,17.261904761904763,35.11904761904761,49.404761904761905,77.5,68.05555555555556,35.11904761904761,89.88095238095238,95.83333333333334,99.8015873015873,14.5,96.2655
2014-12-29,14.087301587301587,1.7857142857142856,50.5952380952381,74.7,32.73809523809524,1.7857142857142856,88.29365079365078,99.8015873015873,97.81746031746032,15.06,96.24604
2014-12-30,12.896825396825399,27.976190476190478,51.19047619047619,70.4,12.5,27.976190476190478,80.35714285714286,99.8015873015873,95.03968253968254,15.92,95.58804
2014-12-31,12.103174603174603,31.150793650793652,51.1904761904762,54.0,20.833333333333336,31.150793650793652,49.404761904761905,95.03968253968253,85.91269841269842,19.2,94.63231
2015-01-02,13.690476190476192,41.86507936507937,51.19047619047619,61.050000000000004,16.46825396825397,41.86507936507937,47.023809523809526,90.67460317460318,74.4047619047619,17.79,94.33447
2015-01-05,14.087301587301587,18.849206349206348,51.38888888888889,50.39999999999999,16.071428571428573,18.849206349206348,12.896825396825399,97.81746031746032,44.24603174603175,19.92,92.93993
2015-01-06,17.261904761904763,38.2936507936508,49.8015873015873,47.199999999999996,6.547619047619048,38.2936507936508,7.738095238095238,83.92857142857143,21.230158730158735,21.12,91.70194
2015-01-07,16.865079365079367,13.690476190476192,48.80952380952381,53.45000000000001,0.992063492063492,13.690476190476192,22.22222222222222,88.69047619047619,36.30952380952381,19.31,92.88543
2015-01-08,14.880952380952381,50.99206349206349,49.007936507936506,64.94999999999999,8.531746031746032,50.99206349206349,52.182539682539684,80.75396825396825,65.27777777777777,17.01,94.68104
2015-01-09,10.119047619047619,37.89682539682539,48.611111111111114,62.24999999999999,8.134920634920634,37.89682539682539,38.69047619047619,91.46825396825396,50.992063492063494,17.55,94.03088
2015-01-12,13.293650793650794,23.214285714285715,47.023809523809526,51.99999999999999,8.134920634920634,23.214285714285715,24.404761904761905,78.37301587301587,29.563492063492063,19.6,93.0536
2015-01-13,10.912698412698413,45.03968253968254,46.03174603174603,48.6,16.865079365079367,45.03968253968254,23.214285714285715,75.9920634920635,24.404761904761912,20.56,93.0254
2015-01-14,20.03968253968254,54.96031746031746,44.44444444444444,46.3,17.658730158730158,54.96031746031746,19.246031746031747,66.86507936507937,14.484126984126988,21.48,92.52058
2015-01-15,26.785714285714285,67.26190476190477,43.849206349206355,44.025,33.92857142857143,67.26190476190477,12.103174603174603,60.51587301587301,8.531746031746039,22.39,91.31953
2015-01-16,38.69047619047619,69.64285714285714,39.285714285714285,47.625,15.674603174603174,69.64285714285714,22.023809523809522,70.43650793650794,16.07142857142857,20.95,92.39013
2015-01-20,39.88095238095239,47.42063492063492,44.24603174603175,50.55,41.07142857142857,47.42063492063492,21.626984126984127,93.05555555555556,16.865079365079367,19.89,93.12091
2015-01-21,39.08730158730159,23.61111111111111,44.84126984126984,55.74999999999999,77.97619047619048,23.61111111111111,28.76984126984127,86.30952380952381,26.785714285714292,18.85,93.59982
2015-01-22,42.26190476190476,67.26190476190477,46.82539682539682,68.0,43.05555555555556,67.26190476190477,53.37301587301587,85.9126984126984,50.198412698412696,16.4,95.33319
2015-01-23,40.27777777777778,6.944444444444445,50.992063492063494,66.69999999999999,55.35714285714286,6.944444444444445,48.61111111111111,95.43650793650794,29.166666666666657,16.66,95.53374
2015-01-26,31.150793650793652,94.24603174603175,53.76984126984127,72.4,50.595238095238095,94.24603174603175,60.51587301587301,91.46825396825396,37.10317460317461,15.52,95.42831
2015-01-27,17.261904761904763,97.81746031746032,53.769841269841265,63.900000000000006,89.0873015873016,97.81746031746032,41.46825396825397,87.5,20.436507936507937,17.22,92.94767
2015-01-28,23.61111111111111,97.02380952380952,49.801587301587304,48.9,90.27777777777779,97.02380952380952,26.785714285714285,82.73809523809523,7.738095238095227,20.44,92.48434
2015-01-29,26.38888888888889,56.94444444444444,47.61904761904762,56.199999999999996,87.89682539682539,56.94444444444444,39.682539682539684,62.89682539682539,10.515873015873012,18.76,93.37009
2015-01-30,25.992063492063494,26.785714285714285,44.24603174603174,47.575,87.5,26.785714285714285,20.436507936507937,72.81746031746032,4.960317460317469,20.97,92.65073
2015-02-02,30.357142857142854,23.61111111111111,41.666666666666664,52.85,42.65873015873016,23.61111111111111,32.73809523809524,71.23015873015873,8.531746031746039,19.43,93.44504
2015-02-03,16.071428571428573,2.579365079365079,42.06349206349206,63.35000000000001,3.373015873015873,2.579365079365079,61.904761904761905,79.16666666666666,31.944444444444443,17.33,94.3581
2015-02-04,21.626984126984127,53.37301587301587,42.857142857142854,58.35000000000001,52.57936507936508,53.37301587301587,49.007936507936506,61.70634920634921,28.769841269841265,18.33,94.26845
2015-02-05,11.30952380952381,12.896825396825399,44.642857142857146,65.75,7.341269841269842,12.896825396825399,66.86507936507937,66.46825396825396,45.03968253968254,16.85,95.09076
2015-02-06,21.23015873015873,64.88095238095238,43.05555555555556,63.550000000000004,8.531746031746032,64.88095238095238,51.587301587301596,60.51587301587301,57.34126984126984,17.29,94.51754
2015-02-09,19.246031746031747,35.11904761904761,43.452380952380956,57.24999999999999,0.1984126984126984,35.11904761904761,44.642857142857146,70.83333333333334,53.769841269841265,18.55,94.20223
2015-02-10,25.198412698412696,77.57936507936508,42.06349206349206,63.849999999999994,24.801587301587304,77.57936507936508,63.69047619047619,69.24603174603175,72.42063492063491,17.23,95.66488
2015-02-11,27.976190476190478,75.59523809523809,44.642857142857146,65.19999999999999,46.62698412698413,75.59523809523809,63.69047619047619,72.81746031746032,70.43650793650794,16.96,96.02605
2015-02-12,20.436507936507937,91.46825396825396,47.22222222222222,73.3,83.53174603174604,91.46825396825396,68.05555555555556,82.73809523809523,86.30952380952381,15.34,97.11809
2015-02-13,27.976190476190478,71.23015873015873,50.5952380952381,76.55,25.198412698412696,71.23015873015873,67.26190476190477,86.30952380952381,95.43650793650794,14.69,97.98369
2015-02-17,12.103174603174603,52.182539682539684,51.785714285714285,71.0,23.214285714285715,52.182539682539684,69.44444444444444,95.03968253968253,99.8015873015873,15.8,98.07165
2015-02-18,10.912698412698413,16.071428571428573,54.16666666666667,72.75,5.357142857142857,16.071428571428573,74.8015873015873,94.24603174603175,97.81746031746032,15.45,98.21799
2015-02-19,12.5,5.753968253968254,54.36507936507937,73.55000000000001,59.32539682539682,5.753968253968254,70.83333333333334,93.05555555555556,99.4047619047619,15.29,98.67506
2015-02-20,16.46825396825397,20.436507936507937,53.37301587301587,78.5,14.484126984126986,20.436507936507937,77.57936507936508,93.45238095238095,99.8015873015873,14.3,99.32661
2015-02-23,16.865079365079367,66.86507936507937,52.976190476190474,77.19999999999999,58.13492063492064,66.86507936507937,77.18253968253968,99.40476190476191,98.61111111111111,14.56,99.43483
2015-02-24,29.563492063492063,91.07142857142857,54.761904761904766,81.55000000000001,39.08730158730159,91.07142857142857,75.59523809523809,98.61111111111111,95.43650793650794,13.69,99.51425
2015-02-25,28.76984126984127,97.02380952380952,55.35714285714286,80.8,75.1984126984127,97.02380952380952,75.79365079365078,97.02380952380952,93.84920634920636,13.84,99.25811
2015-02-26,38.69047619047619,95.03968253968253,56.54761904761905,80.45,85.11904761904762,95.03968253968253,65.27777777777779,96.23015873015873,97.42063492063492,13.91,99.76443
2015-02-27,31.944444444444443,65.27777777777779,55.55555555555556,83.3,41.07142857142857,65.27777777777779,62.10317460317461,97.02380952380952,93.84920634920636,13.34,99.31768
2015-03-02,31.547619047619047,69.24603174603175,54.76190476190476,84.8,20.833333333333336,69.24603174603175,66.46825396825396,95.83333333333334,99.8015873015873,13.04,100.2429
2015-03-03,29.96031746031746,50.595238095238095,53.769841269841265,80.7,2.579365079365079,50.595238095238095,53.37301587301587,99.8015873015873,99.8015873015873,13.86,99.7545
2015-03-04,29.563492063492063,33.92857142857143,53.57142857142858,78.85,0.5952380952380952,33.92857142857143,33.92857142857143,98.21428571428571,99.0079365079365,14.23,99.36632
2015-03-05,21.626984126984127,85.9126984126984,52.57936507936508,79.80000000000001,40.27777777777778,85.9126984126984,40.67460317460318,91.07142857142857,98.61111111111111,14.04,99.55197
2015-03-06,31.944444444444443,81.94444444444444,55.15873015873016,74.0,33.53174603174603,81.94444444444444,16.865079365079367,93.05555555555556,99.0079365079365,15.2,98.43272
2015-03-09,33.53174603174603,90.67460317460318,53.57142857142857,74.7,58.13492063492064,90.67460317460318,22.42063492063492,79.96031746031747,98.61111111111111,15.06,98.70474
2015-03-10,50.0,80.75396825396825,53.17460317460318,66.54999999999998,29.166666666666668,80.75396825396825,3.373015873015873,81.54761904761905,91.86507936507937,16.69,96.87457
2015-03-11,50.0,95.03968253968253,53.76984126984127,65.65,61.70634920634921,95.03968253968253,5.753968253968254,97.81746031746032,87.89682539682539,16.87,96.33361
2015-03-12,50.0,97.02380952380952,54.96031746031746,72.9,48.61111111111111,97.02380952380952,17.658730158730158,80.75396825396825,91.07142857142857,15.42,96.61258
2015-03-13,74.0079365079365,83.92857142857143,55.952380952380956,70.0,13.690476190476192,83.92857142857143,14.087301587301587,91.46825396825396,97.02380952380952,16.0,96.54547
2015-03-16,25.198412698412696,54.563492063492056,55.357142857142854,71.95,1.3888888888888888,54.563492063492056,35.11904761904761,88.29365079365078,96.62698412698413,15.61,97.7896
2015-03-17,29.96031746031746,83.13492063492063,56.94444444444445,71.69999999999999,24.801587301587304,83.13492063492063,31.547619047619047,95.83333333333334,95.03968253968254,15.66,97.94438
2015-03-18,27.976190476190478,65.27777777777779,52.57936507936508,80.14999999999999,24.00793650793651,65.27777777777779,55.75396825396825,83.53174603174604,91.46825396825398,13.97,98.8891
2015-03-19,41.46825396825397,35.51587301587302,48.01587301587302,79.65,27.579365079365083,35.51587301587302,46.62698412698413,93.05555555555556,93.05555555555556,14.07,99.03504
2015-03-20,39.08730158730159,58.53174603174603,49.404761904761905,84.9,35.91269841269841,58.53174603174603,67.85714285714286,87.5,95.03968253968254,13.02,99.686
2015-03-23,25.198412698412696,66.86507936507937,54.56349206349206,82.95,16.071428571428573,66.86507936507937,64.0873015873016,94.64285714285714,91.86507936507937,13.41,99.48447
2015-03-24,27.579365079365083,29.563492063492063,54.36507936507937,81.9,26.38888888888889,29.563492063492063,50.39682539682539,87.10317460317461,83.13492063492063,13.62,99.13212
2015-03-25,50.0,79.96031746031747,57.936507936507944,72.80000000000001,22.817460317460316,79.96031746031747,14.880952380952381,88.29365079365078,68.45238095238095,15.44,96.85511
2015-03-26,50.0,82.34126984126983,57.34126984126984,71.0,10.119047619047619,82.34126984126983,12.896825396825399,79.96031746031747,80.75396825396825,15.8,96.54547
2015-03-27,50.0,69.64285714285714,55.357142857142854,74.65,19.246031746031747,69.64285714285714,23.41269841269841,92.65873015873017,72.02380952380952,15.07,96.90386
2015-03-30,19.246031746031747,76.38888888888889,54.76190476190476,77.45,45.03968253968254,76.38888888888889,57.53968253968254,91.07142857142857,88.69047619047619,14.51,98.04237
2015-03-31,50.0,30.753968253968257,52.18253968253969,73.55000000000001,2.1825396825396823,30.753968253968257,40.27777777777778,95.43650793650794,93.84920634920636,15.29,96.97196
2015-04-01,50.0,69.64285714285714,52.57936507936508,74.45,0.992063492063492,69.64285714285714,26.984126984126984,86.30952380952381,81.15079365079364,15.11,96.49791
2015-04-02,7.738095238095238,25.198412698412696,54.761904761904766,76.65,8.531746031746032,25.198412698412696,35.51587301587302,81.94444444444444,90.27777777777777,14.67,96.5553
2015-04-06,5.357142857142857,24.801587301587304,56.74603174603175,76.3,20.03968253968254,24.801587301587304,52.57936507936508,84.72222222222221,95.83333333333333,14.74,97.33224
2015-04-07,3.373015873015873,34.32539682539682,55.15873015873015,76.10000000000001,4.9603174603174605,34.32539682539682,41.269841269841265,70.83333333333334,89.88095238095238,14.78,97.15691
2015-04-08,0.992063492063492,18.452380952380953,58.730158730158735,80.1,5.753968253968254,18.452380952380953,49.60317460317461,85.11904761904762,95.83333333333333,13.98,97.96403
2015-04-09,0.992063492063492,11.706349206349206,60.11904761904761,84.55,2.579365079365079,11.706349206349206,48.61111111111111,79.56349206349206,97.42063492063492,13.09,98.55741
2015-04-10,6.944444444444445,97.02380952380952,57.93650793650794,87.1,93.45238095238095,97.02380952380952,58.92857142857143,73.61111111111111,97.81746031746032,12.58,98.95731
2015-04-13,8.928571428571429,43.84920634920635,58.333333333333336,80.3,81.94444444444444,43.84920634920635,36.7063492063492,62.5,96.62698412698413,13.94,98.71457
2015-04-14,0.992063492063492,38.2936507936508,63.88888888888889,81.65,18.849206349206348,38.2936507936508,39.285714285714285,90.27777777777779,95.43650793650794,13.67,98.44265
2015-04-15,0.5952380952380952,35.91269841269841,53.96825396825397,85.8,23.214285714285715,35.91269841269841,44.84126984126984,58.92857142857143,96.62698412698413,12.84,99.04497
2015-04-16,2.976190476190476,8.928571428571429,54.16666666666667,87.0,81.54761904761905,8.928571428571429,43.05555555555556,83.53174603174604,96.23015873015873,12.6,98.90896
2015-04-17,2.1825396825396823,42.65873015873016,53.37301587301587,80.55,58.53174603174603,42.65873015873016,14.484126984126986,81.15079365079364,88.2936507936508,13.89,97.36113
2015-04-20,8.531746031746032,30.357142857142854,54.166666666666664,83.5,56.94444444444444,30.357142857142854,34.72222222222222,72.02380952380952,95.43650793650794,13.3,98.8211
2015-04-21,4.166666666666666,16.46825396825397,50.79365079365079,83.75,15.277777777777779,16.46825396825397,35.11904761904761,81.94444444444444,95.83333333333333,13.25,99.23925
2015-04-22,15.674603174603174,25.198412698412696,56.54761904761905,86.44999999999999,34.72222222222222,25.198412698412696,48.41269841269841,71.23015873015873,99.8015873015873,12.71,99.78427
2015-04-23,10.119047619047619,86.70634920634922,52.77777777777778,87.6,95.43650793650794,86.70634920634922,54.96031746031746,62.5,99.4047619047619,12.48,100.1755
2015-04-24,25.198412698412696,90.27777777777779,54.16666666666667,88.55000000000001,99.8015873015873,90.27777777777779,49.801587301587304,63.29365079365079,98.61111111111111,12.29,101.5484
2015-04-27,39.88095238095239,98.61111111111111,61.50793650793651,84.4,97.81746031746032,98.61111111111111,29.166666666666668,72.42063492063492,97.42063492063492,13.12,101.2923
2015-04-28,63.69047619047619,99.40476190476191,60.317460317460316,87.95,96.62698412698413,99.40476190476191,35.51587301587302,66.46825396825396,99.8015873015873,12.41,101.0888
2015-04-29,50.595238095238095,70.03968253968253,59.72222222222222,83.05,42.26190476190476,70.03968253968253,24.404761904761905,70.43650793650794,99.8015873015873,13.39,100.4554
2015-04-30,41.46825396825397,75.1984126984127,65.27777777777777,77.25,39.48412698412698,75.1984126984127,14.087301587301587,87.89682539682539,99.8015873015873,14.55,98.85068
2015-05-01,42.65873015873016,74.40476190476191,66.26984126984127,86.5,45.83333333333333,74.40476190476191,26.785714285714285,76.78571428571429,99.8015873015873,12.7,100.1655
2015-05-04,34.72222222222222,37.10317460317461,66.66666666666666,85.75,25.992063492063494,37.10317460317461,31.150793650793652,79.96031746031747,99.8015873015873,12.85,100.3402
2015-05-05,64.0873015873016,54.96031746031746,69.44444444444446,78.44999999999999,33.53174603174603,54.96031746031746,16.071428571428573,85.9126984126984,99.4047619047619,14.31,98.68489
2015-05-06,49.801587301587304,66.46825396825396,70.83333333333334,74.25,58.53174603174603,66.46825396825396,11.30952380952381,86.30952380952381,99.4047619047619,15.15,98.02271
2015-05-07,69.64285714285714,25.595238095238095,71.42857142857143,74.35,46.230158730158735,25.595238095238095,18.452380952380953,79.96031746031747,98.21428571428571,15.13,98.59692
2015-05-08,63.69047619047619,61.70634920634921,67.85714285714286,85.7,15.277777777777779,61.70634920634921,40.67460317460318,74.40476190476191,99.8015873015873,12.86,99.82399
2015-05-11,66.07142857142857,31.944444444444443,64.28571428571428,80.75,14.087301587301587,31.944444444444443,34.32539682539682,61.30952380952381,99.8015873015873,13.85,99.43483
2015-05-12,58.53174603174603,44.642857142857146,55.357142857142854,80.7,27.18253968253968,44.642857142857146,28.76984126984127,56.94444444444444,99.4047619047619,13.86,98.98649
2015-05-13,50.595238095238095,23.214285714285715,51.58730158730159,81.2,15.277777777777779,23.214285714285715,32.34126984126984,71.23015873015873,99.0079365079365,13.76,99.18971
2015-05-14,76.38888888888889,60.912698412698404,47.817460317460316,86.3,47.42063492063492,60.912698412698404,55.952380952380956,56.94444444444444,99.8015873015873,12.74,100.6699
2015-05-15,62.5,22.817460317460316,48.80952380952381,88.1,52.57936507936508,22.817460317460316,61.50793650793651,66.07142857142857,98.21428571428571,12.38,100.6699
2015-05-18,64.0873015873016,74.40476190476191,46.82539682539682,86.35,60.51587301587301,74.40476190476191,67.26190476190477,39.08730158730159,99.8015873015873,12.73,101.1086
2015-05-19,82.73809523809523,33.53174603174603,44.84126984126984,85.75,25.992063492063494,33.53174603174603,66.46825396825396,36.30952380952381,99.8015873015873,12.85,100.9925
2015-05-20,81.54761904761905,28.373015873015873,43.45238095238095,85.6,4.9603174603174605,28.373015873015873,66.86507936507937,57.341269841269835,99.4047619047619,12.88,101.0599
2015-05-21,81.54761904761905,48.214285714285715,37.10317460317461,89.45,14.484126984126986,48.214285714285715,68.25396825396825,36.30952380952381,98.61111111111111,12.11,101.5862
2015-05-22,66.07142857142857,94.24603174603175,33.92857142857143,89.35,24.801587301587304,94.24603174603175,64.48412698412699,45.83333333333333,98.61111111111111,12.13,101.4789
2015-05-26,50.0,72.02380952380952,26.19047619047619,79.7,72.42063492063492,72.02380952380952,33.53174603174603,4.166666666666666,94.64285714285714,14.06,100.3104
2015-05-27,80.75396825396825,94.64285714285714,15.476190476190478,83.65,28.373015873015873,94.64285714285714,62.10317460317461,2.1825396825396823,96.23015873015873,13.27,101.9148
2015-05-28,62.89682539682539,87.89682539682539,14.087301587301589,83.44999999999999,10.119047619047619,87.89682539682539,57.738095238095234,18.055555555555554,95.43650793650794,13.31,101.7033
2015-05-29,75.1984126984127,87.89682539682539,7.5396825396825395,80.8,4.9603174603174605,87.89682539682539,29.563492063492063,4.563492063492063,93.45238095238095,13.84,101.0987
2015-06-01,65.67460317460318,77.18253968253968,7.5396825396825395,80.14999999999999,3.373015873015873,77.18253968253968,37.89682539682539,28.373015873015873,99.8015873015873,13.97,101.4392
2015-06-02,57.738095238095234,37.89682539682539,10.317460317460318,78.8,5.753968253968254,37.89682539682539,31.150793650793652,10.515873015873016,99.8015873015873,14.24,101.1176
2015-06-03,59.72222222222222,46.230158730158735,15.277777777777779,81.7,12.896825396825399,46.230158730158735,36.904761904761905,16.46825396825397,99.8015873015873,13.66,101.4194
2015-06-04,72.81746031746032,16.071428571428573,15.873015873015873,76.44999999999999,3.7698412698412698,16.071428571428573,14.880952380952381,43.05555555555556,99.0079365079365,14.71,100.65
2015-06-05,52.976190476190474,63.29365079365079,27.38095238095238,78.94999999999999,2.976190476190476,63.29365079365079,17.261904761904763,62.10317460317461,99.4047619047619,14.21,100.4057
2015-06-08,46.230158730158735,68.05555555555556,28.769841269841265,73.55000000000001,22.023809523809522,68.05555555555556,8.134920634920634,62.5,99.0079365079365,15.29,99.3564
2015-06-09,53.37301587301587,67.26190476190477,32.34126984126984,77.65,43.452380952380956,67.26190476190477,10.515873015873016,56.94444444444444,99.0079365079365,14.47,99.19953
2015-06-10,80.75396825396825,41.46825396825397,31.349206349206348,83.9,49.801587301587304,41.46825396825397,27.18253968253968,48.61111111111111,99.8015873015873,13.22,100.5824
2015-06-11,95.03968253968253,70.43650793650794,36.50793650793651,85.75,39.48412698412698,70.43650793650794,35.91269841269841,56.15079365079365,99.0079365079365,12.85,100.7284
2015-06-12,22.42063492063492,78.76984126984127,29.761904761904763,81.1,8.134920634920634,78.76984126984127,24.404761904761905,38.2936507936508,98.21428571428571,13.78,99.88157
2015-06-15,77.97619047619048,91.86507936507937,29.166666666666668,73.05,41.07142857142857,91.86507936507937,14.682539682539684,39.88095238095239,97.02380952380952,15.39,99.37625
2015-06-16,68.05555555555556,66.46825396825396,28.96825396825397,75.95,8.928571428571429,66.46825396825396,25.0,36.30952380952381,97.02380952380952,14.81,99.93022
2015-06-17,81.94444444444444,45.03968253968254,32.73809523809524,77.5,6.944444444444445,45.03968253968254,31.150793650793652,70.43650793650794,97.42063492063492,14.5,100.2141
2015-06-18,81.94444444444444,55.35714285714286,20.03968253968254,84.05,27.18253968253968,55.35714285714286,66.66666666666666,10.515873015873016,99.4047619047619,13.19,101.6835
2015-06-19,87.5,61.30952380952381,18.055555555555557,80.19999999999999,19.642857142857142,61.30952380952381,57.738095238095234,17.261904761904763,95.83333333333333,13.96,101.1841
2015-06-22,88.29365079365078,33.13492063492063,19.246031746031743,86.3,79.16666666666666,33.13492063492063,69.04761904761905,50.198412698412696,99.4047619047619,12.74,101.9049
2015-06-23,90.27777777777779,10.912698412698413,19.246031746031747,89.45,66.07142857142857,10.912698412698413,61.904761904761905,38.2936507936508,99.4047619047619,12.11,101.9932
2015-06-24,91.86507936507937,81.94444444444444,15.873015873015873,83.7,94.64285714285714,81.94444444444444,40.07936507936508,34.72222222222222,97.42063492063492,13.26,101.4789
2015-06-25,91.86507936507937,62.10317460317461,16.46825396825397,79.95,52.57936507936508,62.10317460317461,31.150793650793652,11.30952380952381,97.02380952380952,14.01,101.2824
2015-06-26,91.86507936507937,97.02380952380952,17.460317460317462,79.9,18.452380952380953,97.02380952380952,32.34126984126984,8.531746031746032,99.0079365079365,14.02,100.6112
2015-06-29,50.0,67.26190476190477,8.928571428571429,55.74999999999999,29.96031746031746,67.26190476190477,0.992063492063492,11.706349206349206,91.07142857142857,18.85,98.23755
2015-06-30,92.65873015873017,29.96031746031746,7.738095238095238,58.849999999999994,6.944444444444445,29.96031746031746,6.15079365079365,13.690476190476192,95.43650793650794,18.23,98.56734
2015-07-01,97.02380952380952,13.690476190476192,8.134920634920636,69.55,1.3888888888888888,13.690476190476192,20.436507936507937,37.10317460317461,98.61111111111111,16.09,99.33654
2015-07-02,97.02380952380952,41.07142857142857,9.325396825396826,66.05000000000001,9.722222222222223,41.07142857142857,19.246031746031747,18.452380952380953,98.21428571428571,16.79,99.36632
2015-07-06,50.0,79.16666666666666,9.920634920634921,64.94999999999999,4.9603174603174605,79.16666666666666,17.063492063492063,6.944444444444445,93.84920634920636,17.01,99.14205
2015-07-07,95.83333333333334,38.69047619047619,10.912698412698413,69.55,11.706349206349206,38.69047619047619,28.57142857142857,13.690476190476192,94.24603174603175,16.09,99.38519
2015-07-08,50.0,78.37301587301587,9.920634920634921,51.7,35.11904761904761,78.37301587301587,12.5,10.515873015873016,89.08730158730158,19.66,97.66263
2015-07-09,50.0,87.5,6.15079365079365,50.150000000000006,57.341269841269835,87.5,14.087301587301587,12.5,90.27777777777777,19.97,97.61468
2015-07-10,50.0,77.97619047619048,6.34920634920635,65.85000000000001,67.26190476190477,77.97619047619048,34.72222222222222,11.706349206349206,98.21428571428571,16.83,99.10333
2015-07-13,91.86507936507937,31.547619047619047,7.5396825396825395,80.5,63.69047619047619,31.547619047619047,55.75396825396825,20.833333333333336,99.8015873015873,13.9,100.8654
2015-07-14,98.21428571428571,37.89682539682539,9.523809523809524,83.15,72.81746031746032,37.89682539682539,63.69047619047619,36.30952380952381,99.8015873015873,13.37,101.5187
2015-07-15,99.8015873015873,45.43650793650794,12.3015873015873,83.85,60.11904761904761,45.43650793650794,56.547619047619044,42.65873015873016,99.0079365079365,13.23,101.6348
2015-07-16,99.8015873015873,79.16666666666666,18.650793650793652,89.45,97.81746031746032,79.16666666666666,68.05555555555556,39.48412698412698,99.8015873015873,12.11,103.0535
2015-07-17,99.8015873015873,99.0079365079365,21.62698412698413,90.25,99.8015873015873,99.0079365079365,62.10317460317461,36.30952380952381,98.61111111111111,11.95,104.5635
2015-07-20,99.8015873015873,92.65873015873017,24.00793650793651,88.75,98.61111111111111,92.65873015873017,60.912698412698404,30.753968253968257,99.8015873015873,12.25,104.9209
2015-07-21,99.40476190476191,86.30952380952381,23.214285714285715,88.89999999999999,95.03968253968253,86.30952380952381,51.78571428571429,27.579365079365083,97.81746031746032,12.22,104.8633
2015-07-22,98.61111111111111,94.24603174603175,20.238095238095237,89.4,96.23015873015873,94.24603174603175,56.547619047619044,20.833333333333336,97.02380952380952,12.12,103.667
2015-07-23,98.21428571428571,60.912698412698404,19.246031746031747,86.8,85.51587301587301,60.912698412698404,46.62698412698413,22.023809523809522,93.84920634920636,12.64,103.2877
2015-07-24,50.0,54.563492063492056,17.46031746031746,81.3,98.61111111111111,54.563492063492056,29.96031746031746,14.087301587301587,89.88095238095238,13.74,102.2861
2015-07-27,50.0,35.11904761904761,11.11111111111111,72.0,82.73809523809523,35.11904761904761,23.214285714285715,6.944444444444445,85.51587301587301,15.6,101.4491
2015-07-28,50.0,6.944444444444445,13.095238095238095,82.8,20.436507936507937,6.944444444444445,36.7063492063492,25.992063492063494,91.46825396825398,13.44,102.3158
2015-07-29,95.83333333333334,5.753968253968254,16.46825396825397,87.5,62.10317460317461,5.753968253968254,53.769841269841265,46.230158730158735,94.64285714285714,12.5,102.706
2015-07-30,96.62698412698413,35.11904761904761,21.03174603174603,89.35,83.53174603174604,35.11904761904761,58.13492063492064,43.05555555555556,94.24603174603175,12.13,103.1924
2015-07-31,95.03968253968253,18.452380952380953,19.642857142857146,89.4,52.57936507936508,18.452380952380953,61.70634920634921,24.404761904761905,95.03968253968254,12.12,103.0634
2015-08-03,50.0,48.214285714285715,22.817460317460316,87.2,54.96031746031746,48.214285714285715,53.37301587301587,29.563492063492063,91.07142857142857,12.56,102.7537
2015-08-04,94.24603174603175,95.03968253968253,22.023809523809526,85.0,95.43650793650794,95.03968253968253,50.198412698412696,28.373015873015873,94.24603174603175,13.0,102.5472
2015-08-05,94.24603174603175,91.46825396825396,21.825396825396826,87.45,97.81746031746032,91.46825396825396,63.69047619047619,11.706349206349206,97.42063492063492,12.51,103.3364
2015-08-06,90.27777777777779,72.42063492063492,17.460317460317462,81.15,93.84920634920636,72.42063492063492,40.27777777777778,24.801587301587304,91.86507936507937,13.77,101.6934
2015-08-07,50.0,6.944444444444445,20.436507936507937,83.05,48.61111111111111,6.944444444444445,36.30952380952381,28.373015873015873,87.89682539682539,13.39,101.5673
2015-08-10,82.73809523809523,41.86507936507937,27.38095238095238,88.85,43.05555555555556,41.86507936507937,65.67460317460318,60.11904761904761,96.23015873015873,12.23,102.7249
2015-08-11,50.0,92.26190476190477,30.555555555555554,81.44999999999999,93.84920634920636,92.26190476190477,39.48412698412698,67.26190476190477,87.10317460317461,13.71,101.4194
2015-08-12,50.0,75.59523809523809,34.92063492063492,81.95,85.11904761904762,75.59523809523809,35.317460317460316,64.88095238095238,86.7063492063492,13.61,101.7499
2015-08-13,50.0,12.103174603174603,42.857142857142854,82.55,56.15079365079365,12.103174603174603,37.10317460317461,64.88095238095238,89.08730158730158,13.49,101.5961
2015-08-14,50.0,32.73809523809524,47.02380952380952,85.85,25.595238095238095,32.73809523809524,49.2063492063492,24.00793650793651,91.46825396825398,12.83,101.74
2015-08-17,50.0,18.452380952380953,45.63492063492063,84.9,39.88095238095239,18.452380952380953,67.65873015873017,45.03968253968254,91.46825396825398,13.02,102.5869
2015-08-18,50.0,23.61111111111111,44.84126984126985,81.05000000000001,20.03968253968254,23.61111111111111,63.29365079365079,46.62698412698413,92.65873015873015,13.79,102.0617
2015-08-19,50.0,37.89682539682539,44.84126984126984,73.75,27.579365079365083,37.89682539682539,38.2936507936508,59.72222222222222,82.34126984126985,15.25,101.4095
2015-08-20,50.0,70.03968253968253,39.682539682539684,54.3,85.9126984126984,70.03968253968253,10.912698412698413,39.48412698412698,75.9920634920635,19.14,98.57727
2015-08-21,50.0,60.51587301587301,27.182539682539684,29.924999999999997,85.51587301587301,60.51587301587301,0.5952380952380952,0.1984126984126984,68.84920634920636,28.03,94.27799
2015-08-24,50.0,52.976190476190474,4.761904761904762,0.0,84.32539682539682,52.976190476190474,0.1984126984126984,0.1984126984126984,52.976190476190474,40.74,90.64385
2015-08-25,50.0,49.801587301587304,1.1904761904761905,9.949999999999989,69.24603174603175,49.801587301587304,0.1984126984126984,0.5952380952380952,55.357142857142854,36.02,90.30552
2015-08-26,50.0,43.05555555555556,1.1904761904761905,24.200000000000003,78.37301587301587,43.05555555555556,0.992063492063492,0.992063492063492,68.84920634920636,30.32,94.8659
2015-08-27,50.0,26.38888888888889,0.992063492063492,34.75,71.62698412698413,26.38888888888889,1.3888888888888888,5.357142857142857,72.42063492063491,26.1,97.23475
2015-08-28,50.0,5.753968253968254,1.7857142857142856,34.875,47.817460317460316,5.753968253968254,2.380952380952381,2.1825396825396823,72.81746031746032,26.05,97.21529
2015-08-31,50.0,3.373015873015873,2.380952380952381,28.924999999999997,33.13492063492063,3.373015873015873,1.7857142857142856,1.3888888888888888,74.4047619047619,28.43,96.03588
2015-09-01,50.0,28.76984126984127,3.1746031746031744,21.5,61.30952380952381,28.76984126984127,0.992063492063492,1.3888888888888888,66.86507936507937,31.4,93.01587
2015-09-02,50.0,16.071428571428573,4.166666666666666,34.775000000000006,79.96031746031747,16.071428571428573,1.7857142857142856,1.3888888888888888,70.03968253968254,26.09,95.64542
2015-09-03,50.0,24.801587301587304,4.365079365079366,35.974999999999994,47.42063492063492,24.801587301587304,4.166666666666666,2.1825396825396823,69.64285714285714,25.61,95.17833
2015-09-04,50.0,43.452380952380956,2.976190476190476,30.5,52.976190476190474,43.452380952380956,1.7857142857142856,1.7857142857142856,65.67460317460318,27.8,94.04934
2015-09-08,50.0,11.30952380952381,8.531746031746032,37.75,64.48412698412699,11.30952380952381,16.071428571428573,3.373015873015873,73.61111111111111,24.9,96.70044
2015-09-09,50.0,64.48412698412699,13.095238095238095,34.425,85.51587301587301,64.48412698412699,9.325396825396826,2.579365079365079,68.84920634920636,26.23,95.60651
2015-09-10,50.0,43.84920634920635,13.095238095238097,39.074999999999996,42.26190476190476,43.84920634920635,12.896825396825399,1.3888888888888888,72.42063492063491,24.37,96.65179
2015-09-11,50.0,27.976190476190478,11.11111111111111,42.0,31.944444444444443,27.976190476190478,24.404761904761905,6.944444444444445,72.42063492063491,23.2,97.16664
2015-09-14,50.0,55.75396825396825,18.055555555555557,39.375,65.27777777777779,55.75396825396825,20.436507936507937,16.865079365079367,68.84920634920636,24.25,96.8845
2015-09-15,50.0,12.896825396825399,13.888888888888888,43.650000000000006,30.753968253968257,12.896825396825399,58.92857142857143,5.753968253968254,78.37301587301587,22.54,98.05219
2015-09-16,50.0,0.1984126984126984,13.492063492063494,46.625,17.658730158730158,0.1984126984126984,83.13492063492063,8.134920634920634,81.54761904761905,21.35,98.5871
2015-09-17,50.0,31.150793650793652,8.531746031746032,47.15,58.13492063492064,31.150793650793652,80.75396825396825,8.134920634920634,77.18253968253968,21.14,98.62641
2015-09-18,50.0,19.642857142857142,21.626984126984127,44.3,55.35714285714286,19.642857142857142,52.182539682539684,11.30952380952381,66.07142857142857,22.28,97.20536
2015-09-21,50.0,45.83333333333333,26.19047619047619,49.65,73.21428571428571,45.83333333333333,59.72222222222222,4.9603174603174605,72.42063492063491,20.14,97.52712
2015-09-22,50.0,13.690476190476192,28.373015873015873,43.9,57.341269841269835,13.690476190476192,31.944444444444443,14.484126984126986,62.89682539682539,22.44,96.07469
2015-09-23,50.0,3.7698412698412698,32.53968253968254,44.675000000000004,10.515873015873016,3.7698412698412698,25.198412698412696,12.896825396825399,62.89682539682539,22.13,96.14875
2015-09-24,50.0,10.515873015873016,40.07936507936508,41.325,29.96031746031746,10.515873015873016,21.23015873015873,14.484126984126986,62.10317460317461,23.47,95.79423
2015-09-25,50.0,51.388888888888886,38.492063492063494,40.949999999999996,58.13492063492064,51.388888888888886,23.214285714285715,13.690476190476192,62.10317460317461,23.62,94.99724
2015-09-28,50.0,72.02380952380952,39.682539682539684,30.92500000000001,56.94444444444444,72.02380952380952,8.531746031746032,8.531746031746032,55.75396825396825,27.63,92.28003
2015-09-29,50.0,68.45238095238095,39.48412698412699,32.92500000000001,62.5,68.45238095238095,9.722222222222223,2.1825396825396823,52.976190476190474,26.83,91.79834
2015-09-30,50.0,46.230158730158735,39.08730158730159,38.75,35.91269841269841,46.230158730158735,19.642857142857142,4.9603174603174605,61.30952380952381,24.5,93.90837
2015-10-01,50.0,46.230158730158735,40.27777777777778,43.625,27.18253968253968,46.230158730158735,20.634920634920633,2.976190476190476,61.30952380952381,22.55,94.34817
2015-10-02,50.0,22.817460317460316,39.682539682539684,47.65,66.86507936507937,22.817460317460316,37.5,7.738095238095238,62.5,20.94,95.98803
2015-10-05,50.0,22.42063492063492,40.476190476190474,52.300000000000004,59.72222222222222,22.42063492063492,77.57936507936508,10.119047619047619,74.8015873015873,19.54,97.3513
2015-10-06,50.0,67.26190476190477,40.476190476190474,53.00000000000001,31.547619047619047,67.26190476190477,70.43650793650794,7.738095238095238,72.02380952380952,19.4,96.89413
2015-10-07,50.0,6.15079365079365,42.06349206349206,58.00000000000001,22.023809523809522,6.15079365079365,83.53174603174604,8.531746031746032,77.18253968253968,18.4,97.47788
2015-10-08,50.0,39.48412698412698,38.888888888888886,62.89999999999999,84.72222222222221,39.48412698412698,88.29365079365078,7.738095238095238,81.54761904761905,17.42,97.87727
2015-10-09,50.0,21.23015873015873,38.095238095238095,64.60000000000001,45.03968253968254,21.23015873015873,89.48412698412699,8.531746031746032,81.94444444444444,17.08,98.32491
2015-10-12,50.0,61.30952380952381,37.8968253968254,69.14999999999999,33.53174603174603,61.30952380952381,93.05555555555556,11.706349206349206,81.94444444444444,16.17,98.54758
2015-10-13,50.0,21.23015873015873,40.27777777777778,61.64999999999999,20.436507936507937,21.23015873015873,84.32539682539682,3.373015873015873,75.9920634920635,17.67,97.92591
2015-10-14,50.0,35.51587301587302,37.5,59.849999999999994,81.15079365079364,35.51587301587302,66.07142857142857,4.166666666666666,69.64285714285714,18.03,97.76012
2015-10-15,50.0,3.7698412698412698,36.3095238095238,69.75,77.18253968253968,3.7698412698412698,91.07142857142857,6.547619047619048,77.18253968253968,16.05,99.34647
2015-10-16,50.0,4.166666666666666,33.92857142857143,74.75,52.976190476190474,4.166666666666666,89.88095238095238,9.325396825396826,80.35714285714286,15.05,99.76443
2015-10-19,50.0,2.976190476190476,32.34126984126984,75.1,65.27777777777779,2.976190476190476,90.67460317460318,19.642857142857142,80.35714285714286,14.98,100.3591
2015-10-20,50.0,71.62698412698413,30.158730158730158,71.25,86.70634920634922,71.62698412698413,89.28571428571429,14.484126984126986,83.13492063492063,15.75,99.82399
2015-10-21,50.0,85.9126984126984,29.960317460317462,66.5,17.658730158730158,85.9126984126984,79.16666666666666,13.690476190476192,75.1984126984127,16.7,99.21939
2015-10-22,50.0,62.10317460317461,28.174603174603178,77.75,64.48412698412699,62.10317460317461,86.70634920634922,17.658730158730158,86.30952380952381,14.45,101.2724
2015-10-23,74.0079365079365,87.89682539682539,29.960317460317462,77.69999999999999,98.21428571428571,87.89682539682539,93.84920634920636,16.071428571428573,95.83333333333333,14.46,104.077
2015-10-26,50.0,75.59523809523809,30.158730158730158,73.55000000000001,89.48412698412699,75.59523809523809,86.5079365079365,28.373015873015873,93.05555555555556,15.29,104.1465
2015-10-27,50.0,87.10317460317461,28.17460317460317,72.85000000000001,75.59523809523809,87.10317460317461,74.0079365079365,21.626984126984127,89.48412698412699,15.43,104.348
2015-10-28,50.0,87.10317460317461,29.365079365079367,78.35,76.38888888888889,87.10317460317461,78.96825396825396,19.642857142857142,97.81746031746032,14.33,105.1968
2015-10-29,50.0,79.96031746031747,31.944444444444446,76.95,66.07142857142857,79.96031746031747,72.81746031746032,24.00793650793651,99.8015873015873,14.61,105.049
2015-10-30,50.0,24.801587301587304,25.595238095238095,74.65,36.7063492063492,24.801587301587304,72.42063492063492,21.626984126984127,99.0079365079365,15.07,104.5834
2015-11-02,79.96031746031747,11.706349206349206,24.206349206349202,79.25,16.46825396825397,11.706349206349206,82.34126984126983,6.547619047619048,99.8015873015873,14.15,105.7597
2015-11-03,84.32539682539682,43.84920634920635,24.007936507936506,77.30000000000001,71.62698412698413,43.84920634920635,81.34920634920636,17.261904761904763,99.8015873015873,14.54,106.1291
2015-11-04,87.89682539682539,16.865079365079367,19.841269841269842,72.45,93.05555555555556,16.865079365079367,75.9920634920635,33.13492063492063,99.4047619047619,15.51,106.1389
2015-11-05,88.69047619047619,59.72222222222222,25.198412698412696,74.75,95.43650793650794,59.72222222222222,72.61904761904762,27.976190476190478,99.8015873015873,15.05,105.857
2015-11-06,93.05555555555556,63.69047619047619,35.91269841269841,78.35,75.59523809523809,63.69047619047619,62.10317460317461,41.46825396825397,99.8015873015873,14.33,105.9266
2015-11-09,93.05555555555556,18.452380952380953,32.53968253968254,67.4,90.27777777777779,18.452380952380953,43.452380952380956,38.2936507936508,99.4047619047619,16.52,104.8166
2015-11-10,92.65873015873017,79.96031746031747,31.944444444444443,73.55000000000001,95.83333333333334,79.96031746031747,47.61904761904761,22.817460317460316,99.0079365079365,15.29,104.5337
2015-11-11,95.03968253968253,34.72222222222222,37.89682539682539,69.7,96.23015873015873,34.72222222222222,41.86507936507937,43.452380952380956,97.42063492063492,16.06,104.4067
2015-11-12,50.0,58.13492063492064,33.53174603174603,58.15,90.67460317460318,58.13492063492064,15.277777777777779,16.865079365079367,96.62698412698413,18.37,103.395
2015-11-13,50.0,58.53174603174603,29.563492063492063,49.800000000000004,96.23015873015873,58.53174603174603,8.928571428571429,16.46825396825397,95.83333333333333,20.08,101.3896
2015-11-16,50.0,54.563492063492056,30.952380952380956,59.199999999999996,99.0079365079365,54.563492063492056,26.785714285714285,20.436507936507937,96.23015873015873,18.16,102.84
2015-11-17,50.0,52.57936507936508,41.269841269841265,55.8,99.0079365079365,52.57936507936508,23.61111111111111,51.388888888888886,95.83333333333333,18.84,102.8976
2015-11-18,97.42063492063492,18.452380952380953,38.888888888888886,65.75,88.29365079365078,18.452380952380953,54.166666666666664,39.48412698412698,97.02380952380952,16.85,104.8633
2015-11-19,98.61111111111111,53.37301587301587,35.91269841269841,65.05000000000001,85.9126984126984,53.37301587301587,52.976190476190474,36.7063492063492,96.23015873015873,16.99,104.9308
2015-11-20,98.61111111111111,35.11904761904761,34.72222222222222,72.65,87.10317460317461,35.11904761904761,66.86507936507937,30.357142857142854,97.02380952380952,15.47,105.6426
2015-11-23,97.02380952380952,6.944444444444445,41.26984126984127,71.9,90.67460317460318,6.944444444444445,61.70634920634921,47.42063492063492,96.23015873015873,15.62,105.3219
2015-11-24,87.5,30.357142857142854,35.317460317460316,70.35,91.07142857142857,30.357142857142854,67.26190476190477,48.214285714285715,96.23015873015873,15.93,105.2266
2015-11-25,87.89682539682539,12.896825396825399,36.7063492063492,74.05000000000001,64.88095238095238,12.896825396825399,62.10317460317461,18.452380952380953,95.03968253968254,15.19,105.3219
2015-11-27,92.26190476190477,10.515873015873016,35.91269841269842,74.4,83.53174603174604,10.515873015873016,70.43650793650794,35.11904761904761,94.64285714285714,15.12,105.4778
2015-11-30,89.48412698412699,35.91269841269841,33.730158730158735,69.35000000000001,67.26190476190477,35.91269841269841,56.94444444444444,58.92857142857143,97.42063492063492,16.13,105.1968
2015-12-01,91.86507936507937,7.738095238095238,32.53968253968254,76.65,61.70634920634921,7.738095238095238,87.89682539682539,62.5,98.61111111111111,14.67,106.2661
2015-12-02,93.05555555555556,12.103174603174603,28.174603174603178,70.45,77.97619047619048,12.103174603174603,54.166666666666664,28.373015873015873,95.43650793650794,15.91,105.6128
2015-12-03,97.02380952380952,8.531746031746032,24.6031746031746,59.45,56.547619047619044,8.531746031746032,16.071428571428573,29.96031746031746,99.0079365079365,18.11,103.814
2015-12-04,98.61111111111111,20.833333333333336,21.23015873015873,75.95,76.78571428571429,20.833333333333336,68.05555555555556,22.42063492063492,99.8015873015873,14.81,106.2472
2015-12-07,99.8015873015873,0.1984126984126984,21.825396825396826,70.8,67.65873015873017,0.1984126984126984,51.78571428571429,31.150793650793652,97.81746031746032,15.84,105.7687
2015-12-08,99.8015873015873,0.5952380952380952,22.023809523809526,61.99999999999999,60.11904761904761,0.5952380952380952,31.150793650793652,24.00793650793651,94.64285714285714,17.6,105.7786
2015-12-09,97.81746031746032,2.1825396825396823,24.404761904761905,51.95,81.94444444444444,2.1825396825396823,12.5,40.27777777777778,91.07142857142857,19.61,104.1842
2015-12-10,98.21428571428571,2.579365079365079,23.80952380952381,53.300000000000004,36.30952380952381,2.579365079365079,18.055555555555554,42.26190476190476,91.46825396825398,19.34,104.6518
2015-12-11,97.42063492063492,34.32539682539682,31.349206349206348,39.025,56.547619047619044,34.32539682539682,4.563492063492063,43.05555555555556,85.11904761904762,24.39,102.2583
2015-12-14,99.8015873015873,56.547619047619044,30.15873015873016,43.175,75.59523809523809,56.547619047619044,6.547619047619048,25.595238095238095,89.08730158730158,22.73,103.0138
2015-12-15,99.8015873015873,27.976190476190478,26.388888888888893,47.625,57.341269841269835,27.976190476190478,13.293650793650794,59.72222222222222,91.46825396825398,20.95,103.6373
2015-12-16,99.8015873015873,46.62698412698413,25.396825396825395,60.7,64.48412698412699,46.62698412698413,40.27777777777778,48.214285714285715,99.0079365079365,17.86,105.1572
2015-12-17,99.8015873015873,39.48412698412698,25.595238095238095,55.3,47.817460317460316,39.48412698412698,19.246031746031747,45.43650793650794,89.88095238095238,18.94,103.6471
2015-12-18,97.81746031746032,54.166666666666664,24.00793650793651,48.25,52.976190476190474,54.166666666666664,7.341269841269842,33.13492063492063,85.51587301587301,20.7,101.7599
2015-12-21,96.23015873015873,6.944444444444445,27.380952380952383,56.50000000000001,66.07142857142857,6.944444444444445,12.5,37.10317460317461,87.5,18.7,102.8112
2015-12-22,92.26190476190477,6.15079365079365,28.571428571428573,67.0,38.2936507936508,6.15079365079365,26.38888888888889,61.70634920634921,89.08730158730158,16.6,103.4734
2015-12-23,83.53174603174604,12.5,28.571428571428573,72.15,72.02380952380952,12.5,54.563492063492056,53.769841269841265,97.81746031746032,15.57,104.2418
2015-12-24,85.11904761904762,21.626984126984127,29.365079365079364,71.3,46.62698412698413,21.626984126984127,58.53174603174603,64.88095238095238,94.24603174603175,15.74,104.2229
2015-12-28,84.72222222222221,4.9603174603174605,31.547619047619047,65.44999999999999,86.30952380952381,4.9603174603174605,58.13492063492064,27.976190476190478,91.07142857142857,16.91,104.1654
2015-12-29,84.72222222222221,58.53174603174603,30.158730158730155,69.60000000000001,90.27777777777779,58.53174603174603,86.30952380952381,50.99206349206349,99.8015873015873,16.08,105.7975
2015-12-30,91.86507936507937,2.579365079365079,27.57936507936508,63.550000000000004,72.42063492063492,2.579365079365079,72.81746031746032,32.34126984126984,98.21428571428571,17.29,104.8544
2015-12-31,79.16666666666666,46.62698412698413,30.555555555555557,58.949999999999996,77.57936507936508,46.62698412698413,34.32539682539682,53.37301587301587,97.42063492063492,18.21,103.542
2016-01-04,75.59523809523809,41.46825396825397,33.73015873015873,48.25,85.11904761904762,41.46825396825397,10.119047619047619,46.62698412698413,86.30952380952381,20.7,101.3796
2016-01-05,79.56349206349206,17.658730158730158,34.12698412698413,53.300000000000004,57.738095238095234,17.658730158730158,19.246031746031747,33.92857142857143,87.5,19.34,101.203
2016-01-06,91.07142857142857,30.753968253968257,37.89682539682539,48.525,64.0873015873016,30.753968253968257,8.531746031746032,47.42063492063492,82.73809523809524,20.59,100.2141
2016-01-07,50.0,35.51587301587302,37.5,37.525000000000006,78.37301587301587,35.51587301587302,4.563492063492063,10.912698412698413,69.24603174603175,24.99,97.05952
2016-01-08,50.0,53.37301587301587,34.32539682539682,32.474999999999994,73.61111111111111,53.37301587301587,2.976190476190476,5.753968253968254,60.11904761904761,27.01,96.28476
2016-01-11,50.0,2.976190476190476,41.269841269841265,39.25,42.65873015873016,2.976190476190476,3.7698412698412698,16.865079365079367,63.69047619047619,24.3,96.57495
2016-01-12,50.0,8.531746031746032,42.65873015873016,43.825,32.34126984126984,8.531746031746032,6.547619047619048,16.46825396825397,65.27777777777777,22.47,97.69182
2016-01-13,50.0,52.57936507936508,40.27777777777778,36.95,51.388888888888886,52.57936507936508,1.7857142857142856,8.531746031746032,48.21428571428571,25.22,94.33447
2016-01-14,50.0,29.96031746031746,36.7063492063492,40.125,54.563492063492056,29.96031746031746,3.7698412698412698,6.944444444444445,54.56349206349206,23.95,96.34314
2016-01-15,50.0,64.0873015873016,34.523809523809526,32.45,47.42063492063492,64.0873015873016,1.7857142857142856,18.055555555555554,41.07142857142857,27.02,93.34458
2016-01-19,50.0,37.10317460317461,27.976190476190474,34.875,48.61111111111111,37.10317460317461,4.166666666666666,1.3888888888888888,43.05555555555556,26.05,93.54144
2016-01-20,50.0,45.83333333333333,29.56349206349206,31.025000000000006,76.78571428571429,45.83333333333333,1.7857142857142856,6.547619047619048,33.13492063492063,27.59,93.26575
2016-01-21,50.0,29.96031746031746,31.34920634920635,33.27499999999999,27.976190476190478,29.96031746031746,2.1825396825396823,1.3888888888888888,36.70634920634921,26.69,93.35451
2016-01-22,50.0,46.62698412698413,34.920634920634924,44.15,74.8015873015873,46.62698412698413,10.119047619047619,3.373015873015873,50.595238095238095,22.34,96.06487
2016-01-25,50.0,39.08730158730159,38.2936507936508,39.625,43.84920634920635,39.08730158730159,7.5396825396825395,7.738095238095238,39.48412698412699,24.15,94.65176
2016-01-26,50.0,35.51587301587302,38.888888888888886,43.75,49.007936507936506,35.51587301587302,16.46825396825397,12.103174603174603,45.833333333333336,22.5,95.48569
2016-01-27,50.0,60.51587301587301,38.095238095238095,42.225,88.29365079365078,60.51587301587301,14.087301587301587,11.706349206349206,40.27777777777778,23.11,93.10145
2016-01-28,50.0,11.706349206349206,39.48412698412698,43.949999999999996,91.86507936507937,11.706349206349206,26.38888888888889,15.674603174603174,41.46825396825397,22.42,94.43275
2016-01-29,50.0,30.357142857142854,30.357142857142854,49.5,84.72222222222221,30.357142857142854,60.912698412698404,3.373015873015873,49.801587301587304,20.2,96.40539
2016-02-01,50.0,0.1984126984126984,28.96825396825397,50.1,71.23015873015873,0.1984126984126984,66.86507936507937,22.023809523809522,52.182539682539684,19.98,96.64226
2016-02-02,50.0,31.547619047619047,26.388888888888893,45.05,87.5,31.547619047619047,39.88095238095239,22.023809523809522,33.92857142857143,21.98,94.57581
2016-02-03,50.0,50.99206349206349,36.904761904761905,45.875,91.07142857142857,50.99206349206349,50.99206349206349,24.404761904761905,39.48412698412699,21.65,94.10692
2016-02-04,50.0,1.7857142857142856,39.682539682539684,45.4,66.46825396825396,1.7857142857142856,61.111111111111114,16.071428571428573,39.48412698412699,21.84,94.0971
2016-02-05,50.0,24.00793650793651,45.833333333333336,41.550000000000004,82.34126984126983,24.00793650793651,36.30952380952381,16.46825396825397,27.579365079365076,23.38,90.8289
2016-02-08,50.0,10.119047619047619,47.42063492063492,35.0,66.46825396825396,10.119047619047619,28.373015873015873,9.325396825396826,22.817460317460316,26.0,89.45084
2016-02-09,50.0,9.325396825396826,47.023809523809526,33.650000000000006,67.26190476190477,9.325396825396826,29.166666666666668,2.1825396825396823,22.02380952380952,26.54,89.16184
2016-02-10,50.0,5.357142857142857,46.82539682539683,34.275000000000006,72.02380952380952,5.357142857142857,31.944444444444443,2.1825396825396823,18.055555555555557,26.29,89.50445
2016-02-11,50.0,36.30952380952381,45.63492063492064,29.650000000000006,72.42063492063492,36.30952380952381,20.03968253968254,8.134920634920634,5.753968253968253,28.14,89.37796
2016-02-12,50.0,39.88095238095239,45.833333333333336,36.50000000000001,54.166666666666664,39.88095238095239,37.5,12.5,23.214285714285708,25.4,90.73568
2016-02-16,50.0,31.944444444444443,48.214285714285715,39.725,40.27777777777778,31.944444444444443,64.0873015873016,19.642857142857142,27.182539682539684,24.11,92.77254
2016-02-17,50.0,3.7698412698412698,51.19047619047619,44.225,59.72222222222222,3.7698412698412698,88.29365079365078,13.690476190476192,37.10317460317461,22.31,94.89499
2016-02-18,50.0,3.7698412698412698,50.79365079365079,45.9,22.023809523809522,3.7698412698412698,81.15079365079364,3.7698412698412698,29.563492063492063,21.64,93.7954
2016-02-19,50.0,2.1825396825396823,49.00793650793651,48.675,8.531746031746032,2.1825396825396823,85.51587301587301,9.325396825396826,30.35714285714286,20.53,94.07734
2016-02-22,50.0,2.1825396825396823,49.99999999999999,53.1,38.69047619047619,2.1825396825396823,99.40476190476191,25.198412698412696,40.67460317460318,19.38,95.59688
2016-02-23,50.0,8.134920634920634,48.214285714285715,47.55,17.658730158730158,8.134920634920634,91.46825396825396,21.626984126984127,28.373015873015873,20.98,94.03088
2016-02-24,50.0,12.896825396825399,47.023809523809526,48.2,39.48412698412698,12.896825396825399,95.03968253968253,8.531746031746032,31.944444444444443,20.72,94.94174
2016-02-25,50.0,6.15079365079365,51.388888888888886,54.45,21.23015873015873,6.15079365079365,99.8015873015873,39.08730158730159,37.10317460317461,19.11,95.86135
2016-02-26,50.0,7.738095238095238,55.952380952380956,50.95,22.42063492063492,7.738095238095238,99.40476190476191,29.563492063492063,40.67460317460318,19.81,95.74182
2016-02-29,50.0,4.166666666666666,51.19047619047619,48.625,0.1984126984126984,4.166666666666666,95.03968253968253,23.61111111111111,32.341269841269835,20.55,94.89499
2016-03-01,50.0,60.11904761904761,51.98412698412698,61.50000000000001,21.626984126984127,60.11904761904761,99.8015873015873,28.76984126984127,53.37301587301587,17.7,97.93465
2016-03-02,50.0,5.753968253968254,53.76984126984127,64.55000000000001,12.896825396825399,5.753968253968254,99.8015873015873,50.595238095238095,59.32539682539682,17.09,97.97386
2016-03-03,50.0,0.5952380952380952,53.17460317460318,66.5,9.325396825396826,0.5952380952380952,99.40476190476191,23.214285714285715,60.91269841269841,16.7,97.77977
2016-03-04,50.0,8.928571428571429,52.97619047619048,65.7,41.46825396825397,8.928571428571429,99.8015873015873,35.91269841269841,67.26190476190476,16.86,97.81869
2016-03-07,50.0,1.3888888888888888,59.12698412698413,63.24999999999999,62.10317460317461,1.3888888888888888,99.40476190476191,22.023809523809522,71.23015873015873,17.35,97.19593
2016-03-08,50.0,4.166666666666666,57.142857142857146,56.64999999999999,13.293650793650794,4.166666666666666,97.81746031746032,9.325396825396826,52.976190476190474,18.67,96.41502
2016-03-09,50.0,0.1984126984126984,56.34920634920635,58.300000000000004,20.03968253968254,0.1984126984126984,97.42063492063492,37.89682539682539,65.27777777777777,18.34,97.01098
2016-03-10,50.0,4.563492063492063,55.55555555555555,59.75,42.65873015873016,4.563492063492063,96.82539682539682,23.61111111111111,68.45238095238095,18.05,96.87457
2016-03-11,50.0,5.357142857142857,49.20634920634921,67.5,8.928571428571429,5.357142857142857,99.40476190476191,13.690476190476192,81.54761904761905,16.5,98.57727
2016-03-14,50.0,12.896825396825399,50.0,65.39999999999999,16.46825396825397,12.896825396825399,97.81746031746032,45.43650793650794,79.16666666666666,16.92,98.74306
2016-03-15,1.3888888888888888,22.023809523809522,52.38095238095238,65.80000000000001,39.88095238095239,22.023809523809522,95.03968253968253,46.62698412698413,77.97619047619048,16.84,98.70474
2016-03-16,0.1984126984126984,34.32539682539682,48.21428571428571,75.05,60.912698412698404,34.32539682539682,96.82539682539682,21.626984126984127,79.16666666666666,14.99,99.57977
2016-03-17,0.1984126984126984,1.3888888888888888,38.492063492063494,77.80000000000001,25.198412698412696,1.3888888888888888,96.23015873015873,26.785714285714285,80.35714285714286,14.44,99.52418
2016-03-18,50.0,23.61111111111111,31.547619047619047,79.9,9.325396825396826,23.61111111111111,97.42063492063492,13.690476190476192,79.96031746031746,14.02,99.686
2016-03-21,0.1984126984126984,41.07142857142857,27.976190476190474,81.05000000000001,47.023809523809526,41.07142857142857,96.62698412698413,26.785714285714285,83.13492063492063,13.79,100.0672
2016-03-22,1.3888888888888888,25.992063492063494,20.238095238095237,79.15,18.452380952380953,25.992063492063494,96.23015873015873,10.515873015873016,83.13492063492063,14.17,100.3859
2016-03-23,2.1825396825396823,7.738095238095238,27.57936507936508,75.30000000000001,19.642857142857142,7.738095238095238,88.69047619047619,3.7698412698412698,74.8015873015873,14.94,99.55197
2016-03-24,2.976190476190476,8.531746031746032,36.70634920634921,76.3,35.51587301587302,8.531746031746032,83.92857142857143,13.293650793650794,76.78571428571428,14.74,99.57977
2016-03-28,50.0,0.1984126984126984,45.63492063492063,73.8,20.436507936507937,0.1984126984126984,86.70634920634922,37.5,74.8015873015873,15.24,99.43483
2016-03-29,4.9603174603174605,2.976190476190476,46.03174603174603,80.9,67.26190476190477,2.976190476190476,91.46825396825396,22.42063492063492,73.61111111111111,13.82,101.0501
2016-03-30,3.7698412698412698,41.46825396825397,53.769841269841265,82.2,67.65873015873017,41.46825396825397,93.05555555555556,14.087301587301587,79.96031746031746,13.56,101.5484
2016-03-31,50.0,2.579365079365079,47.22222222222223,80.25,2.976190476190476,2.579365079365079,87.6984126984127,18.055555555555554,74.8015873015873,13.95,101.3995
2016-04-01,4.166666666666666,7.738095238095238,43.65079365079365,84.5,35.91269841269841,7.738095238095238,91.46825396825396,12.5,81.15079365079364,13.1,102.4797
2016-04-04,11.30952380952381,15.277777777777779,43.849206349206355,79.4,77.97619047619048,15.277777777777779,84.72222222222221,39.88095238095239,77.57936507936508,14.12,102.0816
2016-04-05,14.087301587301587,77.97619047619048,42.65873015873016,72.9,79.16666666666666,77.97619047619048,58.92857142857143,19.246031746031747,66.07142857142857,15.42,101.0987
2016-04-06,14.484126984126986,55.75396825396825,45.63492063492063,79.55,53.769841269841265,55.75396825396825,73.21428571428571,38.69047619047619,74.8015873015873,14.09,102.7636
2016-04-07,10.515873015873016,8.134920634920634,52.57936507936508,69.2,21.626984126984127,8.134920634920634,41.86507936507937,55.35714285714286,60.91269841269841,16.16,101.2824
2016-04-08,9.722222222222223,1.3888888888888888,58.531746031746025,73.2,67.26190476190477,1.3888888888888888,48.214285714285715,31.150793650793652,66.07142857142857,15.36,101.2129
2016-04-11,7.738095238095238,4.9603174603174605,58.13492063492063,68.69999999999999,72.02380952380952,4.9603174603174605,39.48412698412698,24.404761904761905,64.48412698412699,16.26,100.8466
2016-04-12,2.579365079365079,16.46825396825397,54.96031746031746,75.75,14.484126984126986,16.46825396825397,61.30952380952381,14.880952380952381,76.78571428571428,14.85,101.6835
2016-04-13,0.992063492063492,78.76984126984127,54.36507936507937,80.8,89.88095238095238,78.76984126984127,79.56349206349206,21.23015873015873,81.94444444444444,13.84,102.9671
2016-04-14,2.1825396825396823,86.30952380952381,52.77777777777778,81.4,43.84920634920635,86.30952380952381,74.0079365079365,27.18253968253968,83.53174603174602,13.72,102.976
2016-04-15,0.1984126984126984,74.0079365079365,44.44444444444445,81.9,50.99206349206349,74.0079365079365,77.97619047619048,13.690476190476192,79.96031746031746,13.62,102.7348
2016-04-18,2.1825396825396823,48.214285714285715,40.476190476190474,83.25,80.75396825396825,48.214285714285715,85.51587301587301,22.42063492063492,83.92857142857143,13.35,103.259
2016-04-19,0.1984126984126984,11.30952380952381,41.269841269841265,83.8,79.96031746031747,11.30952380952381,84.52380952380952,29.96031746031746,84.72222222222223,13.24,102.6464
2016-04-20,0.5952380952380952,22.42063492063492,35.714285714285715,83.6,22.817460317460316,22.42063492063492,72.81746031746032,39.08730158730159,87.10317460317461,13.28,102.7348
2016-04-21,3.373015873015873,2.976190476190476,33.730158730158735,80.25,7.738095238095238,2.976190476190476,56.94444444444444,50.99206349206349,86.30952380952381,13.95,102.7447
2016-04-22,0.1984126984126984,86.30952380952381,38.69047619047619,83.9,97.42063492063492,86.30952380952381,57.738095238095234,36.7063492063492,87.10317460317461,13.22,101.194
2016-04-25,0.1984126984126984,2.976190476190476,49.20634920634921,79.6,29.96031746031746,2.976190476190476,54.166666666666664,65.27777777777779,87.5,14.08,101.194
2016-04-26,0.1984126984126984,19.246031746031747,49.40476190476191,80.19999999999999,49.007936507936506,19.246031746031747,68.45238095238095,66.86507936507937,90.67460317460318,13.96,100.6986
2016-04-27,0.1984126984126984,77.57936507936508,58.73015873015872,81.15,91.46825396825396,77.57936507936508,72.02380952380952,58.92857142857143,85.51587301587301,13.77,99.87263
2016-04-28,0.1984126984126984,71.62698412698413,57.73809523809524,73.9,94.24603174603175,71.62698412698413,46.230158730158735,36.7063492063492,81.15079365079364,15.22,98.67506
2016-04-29,1.7857142857142856,62.10317460317461,57.93650793650794,71.5,85.51587301587301,62.10317460317461,34.72222222222222,24.801587301587304,78.37301587301587,15.7,98.16865
2016-05-02,2.976190476190476,17.658730158730158,56.94444444444444,76.6,57.341269841269835,17.658730158730158,56.15079365079365,17.658730158730158,83.13492063492063,14.68,99.08447
2016-05-03,2.976190476190476,8.928571428571429,51.58730158730159,72.0,47.023809523809526,8.928571428571429,38.69047619047619,17.261904761904763,76.38888888888889,15.6,98.17848
2016-05-04,6.15079365079365,22.42063492063492,46.62698412698413,69.75,42.65873015873016,22.42063492063492,29.563492063492063,22.42063492063492,68.84920634920636,16.05,97.52712
2016-05-05,8.531746031746032,2.976190476190476,50.3968253968254,70.45,17.658730158730158,2.976190476190476,29.563492063492063,45.03968253968254,64.48412698412699,15.91,97.49744
2016-05-06,10.119047619047619,6.547619047619048,52.182539682539684,76.39999999999999,35.11904761904761,6.547619047619048,31.944444444444443,25.198412698412696,74.4047619047619,14.72,98.03244
2016-05-09,5.753968253968254,0.1984126984126984,47.023809523809526,77.15,16.46825396825397,0.1984126984126984,33.53174603174603,18.055555555555554,70.03968253968254,14.57,98.30535
2016-05-10,4.166666666666666,5.753968253968254,44.04761904761905,81.85,49.007936507936506,5.753968253968254,50.99206349206349,8.134920634920634,79.96031746031746,13.63,99.64827
2016-05-11,5.357142857142857,9.722222222222223,41.666666666666664,76.55,60.11904761904761,9.722222222222223,35.91269841269841,37.89682539682539,65.67460317460318,14.69,98.75299
2016-05-12,5.357142857142857,49.801587301587304,38.095238095238095,77.95,76.78571428571429,49.801587301587304,37.89682539682539,33.13492063492063,70.83333333333333,14.41,98.31518
2016-05-13,8.134920634920634,30.357142857142854,35.51587301587301,74.80000000000001,38.69047619047619,30.357142857142854,29.365079365079367,9.325396825396826,58.92857142857143,15.04,97.95411
2016-05-16,10.515873015873016,22.023809523809522,35.714285714285715,76.6,79.16666666666666,22.023809523809522,41.86507936507937,8.531746031746032,72.02380952380952,14.68,99.17084
2016-05-17,10.515873015873016,2.976190476190476,35.317460317460316,72.15,67.65873015873017,2.976190476190476,27.18253968253968,4.563492063492063,61.7063492063492,15.57,97.93465
2016-05-18,14.484126984126986,16.865079365079367,37.8968253968254,70.25,25.595238095238095,16.865079365079367,26.785714285714285,4.166666666666666,77.97619047619048,15.95,98.29652
2016-05-19,11.706349206349206,6.944444444444445,36.111111111111114,68.35000000000001,14.484126984126986,6.944444444444445,22.023809523809522,16.46825396825397,74.0079365079365,16.33,97.77004
2016-05-20,13.690476190476192,18.452380952380953,26.19047619047619,74.0,5.357142857142857,18.452380952380953,39.48412698412698,1.3888888888888888,77.57936507936508,15.2,98.85068
2016-05-23,12.896825396825399,24.801587301587304,22.817460317460316,70.89999999999999,27.976190476190478,24.801587301587304,34.72222222222222,4.563492063492063,74.8015873015873,15.82,98.7235
2016-05-24,16.071428571428573,22.817460317460316,26.984126984126984,77.9,9.722222222222223,22.817460317460316,64.0873015873016,2.976190476190476,82.34126984126985,14.42,100.7085
2016-05-25,12.896825396825399,55.35714285714286,25.0,80.5,16.071428571428573,55.35714285714286,77.57936507936508,12.896825396825399,87.10317460317461,13.9,101.4293
2016-05-26,19.642857142857142,45.43650793650794,18.452380952380953,82.85,62.10317460317461,45.43650793650794,79.56349206349206,26.785714285714285,81.94444444444444,13.43,101.7311
2016-05-27,18.055555555555554,86.70634920634922,27.182539682539684,84.4,34.72222222222222,86.70634920634922,85.9126984126984,25.198412698412696,87.10317460317461,13.12,102.2672
2016-05-31,15.277777777777779,18.452380952380953,25.99206349206349,79.05000000000001,0.992063492063492,18.452380952380953,82.73809523809523,63.29365079365079,86.7063492063492,14.19,102.4598
2016-06-01,18.849206349206348,29.96031746031746,28.174603174603174,79.0,0.992063492063492,29.96031746031746,86.5079365079365,11.706349206349206,87.89682539682539,14.2,102.4697
2016-06-02,22.817460317460316,68.45238095238095,33.53174603174603,81.85,31.547619047619047,68.45238095238095,90.27777777777779,58.13492063492064,86.30952380952381,13.63,102.6763
2016-06-03,24.404761904761905,77.97619047619048,39.08730158730159,82.64999999999999,9.722222222222223,77.97619047619048,85.11904761904762,52.57936507936508,77.18253968253968,13.47,102.2007
2016-06-06,25.595238095238095,6.15079365079365,46.82539682539682,81.75,0.1984126984126984,6.15079365079365,87.89682539682539,48.61111111111111,79.56349206349206,13.65,102.5571
2016-06-07,20.833333333333336,17.261904761904763,49.801587301587304,79.75,3.7698412698412698,17.261904761904763,87.6984126984127,10.912698412698413,79.56349206349206,14.05,102.3059
2016-06-08,22.42063492063492,7.341269841269842,51.98412698412699,79.6,0.1984126984126984,7.341269841269842,92.26190476190477,37.89682539682539,79.96031746031746,14.08,102.4896
2016-06-09,23.214285714285715,8.531746031746032,47.22222222222222,76.8,0.992063492063492,8.531746031746032,83.53174603174604,43.05555555555556,77.57936507936508,14.64,102.3158
2016-06-10,27.976190476190478,27.18253968253968,41.26984126984127,64.85,9.325396825396826,27.18253968253968,58.53174603174603,43.84920634920635,68.05555555555556,17.03,101.1662
2016-06-13,28.76984126984127,63.29365079365079,23.61111111111111,47.575,56.15079365079365,63.29365079365079,37.698412698412696,2.976190476190476,53.769841269841265,20.97,100.3005
2016-06-14,25.992063492063494,77.18253968253968,25.992063492063494,48.75,4.9603174603174605,77.18253968253968,37.89682539682539,21.23015873015873,52.976190476190474,20.5,100.3005
2016-06-15,28.76984126984127,67.26190476190477,23.80952380952381,49.65,3.373015873015873,67.26190476190477,30.753968253968257,35.11904761904761,50.992063492063494,20.14,100.0076
2016-06-16,31.547619047619047,24.00793650793651,16.269841269841272,53.15,20.03968253968254,24.00793650793651,33.13492063492063,8.531746031746032,49.404761904761905,19.37,100.3104
2016-06-17,29.166666666666668,16.46825396825397,15.674603174603176,52.949999999999996,29.96031746031746,16.46825396825397,28.76984126984127,57.341269841269835,52.182539682539684,19.41,99.13212
2016-06-20,25.992063492063494,36.30952380952381,34.12698412698413,58.15,9.722222222222223,36.30952380952381,44.642857142857146,16.071428571428573,67.65873015873015,18.37,99.74457
2016-06-21,27.579365079365083,18.055555555555554,42.85714285714286,57.599999999999994,12.103174603174603,18.055555555555554,44.642857142857146,54.166666666666664,73.61111111111111,18.48,100.0672
2016-06-22,25.595238095238095,58.53174603174603,31.547619047619047,47.074999999999996,43.05555555555556,58.53174603174603,40.27777777777778,3.373015873015873,69.24603174603175,21.17,99.82399
2016-06-23,23.214285714285715,59.72222222222222,33.53174603174603,63.75,22.023809523809522,59.72222222222222,77.18253968253968,10.119047619047619,81.15079365079364,17.25,101.2724
2016-06-24,28.373015873015873,58.53174603174603,21.031746031746028,35.599999999999994,29.563492063492063,58.53174603174603,12.5,1.3888888888888888,34.32539682539682,25.76,97.06915
2016-06-27,50.0,65.27777777777779,9.325396825396826,40.375,34.32539682539682,65.27777777777779,9.722222222222223,1.3888888888888888,20.833333333333343,23.85,95.14904
2016-06-28,50.0,49.404761904761905,10.119047619047619,56.25,9.325396825396826,49.404761904761905,14.484126984126986,6.944444444444445,26.785714285714292,18.75,97.22482
2016-06-29,34.72222222222222,39.08730158730159,19.444444444444446,66.8,4.563492063492063,39.08730158730159,31.944444444444443,16.46825396825397,39.087301587301596,16.64,98.95731
2016-06-30,31.547619047619047,13.690476190476192,17.658730158730158,71.85,1.7857142857142856,13.690476190476192,53.37301587301587,5.753968253968254,49.00793650793651,15.63,100.1059
2016-07-01,26.38888888888889,3.373015873015873,25.595238095238095,76.15,1.7857142857142856,3.373015873015873,60.11904761904761,9.325396825396826,45.436507936507944,14.77,100.6311
2016-07-05,30.753968253968257,6.944444444444445,29.166666666666668,72.1,4.9603174603174605,6.944444444444445,42.26190476190476,9.325396825396826,33.53174603174604,15.58,99.99775
2016-07-06,30.357142857142854,5.357142857142857,36.507936507936506,75.19999999999999,4.166666666666666,5.357142857142857,56.34920634920635,20.03968253968254,37.89682539682539,14.96,100.8366
2016-07-07,28.373015873015873,5.357142857142857,42.65873015873016,76.2,1.7857142857142856,5.357142857142857,58.53174603174603,51.78571428571429,39.087301587301596,14.76,101.1275
2016-07-08,27.18253968253968,14.880952380952381,44.047619047619044,84.0,2.579365079365079,14.880952380952381,90.67460317460318,11.30952380952381,45.03968253968254,13.2,102.6861
2016-07-11,27.976190476190478,0.5952380952380952,55.95238095238095,82.30000000000001,5.357142857142857,0.5952380952380952,94.44444444444444,65.67460317460318,54.16666666666667,13.54,103.2491
2016-07-12,25.595238095238095,12.896825396825399,57.73809523809524,82.25,1.3888888888888888,12.896825396825399,98.4126984126984,25.198412698412696,75.9920634920635,13.55,103.7643
2016-07-13,27.976190476190478,5.753968253968254,58.92857142857143,84.8,4.563492063492063,5.753968253968254,98.61111111111111,50.595238095238095,71.23015873015873,13.04,103.542
2016-07-14,27.579365079365083,76.38888888888889,57.539682539682545,85.9,10.119047619047619,76.38888888888889,97.02380952380952,76.38888888888889,77.57936507936508,12.82,104.2418
2016-07-15,28.373015873015873,47.42063492063492,55.75396825396825,86.65,11.30952380952381,47.42063492063492,95.03968253968253,73.61111111111111,84.32539682539682,12.67,104.0671
2016-07-18,29.96031746031746,68.84920634920636,40.27777777777778,87.8,75.9920634920635,68.84920634920636,94.64285714285714,59.32539682539682,85.91269841269842,12.44,104.769
2016-07-19,35.91269841269841,13.293650793650794,52.182539682539684,90.14999999999999,73.61111111111111,13.293650793650794,92.85714285714286,63.69047619047619,79.56349206349206,11.97,104.3679
2016-07-20,37.10317460317461,96.62698412698413,57.93650793650794,91.15,60.912698412698404,96.62698412698413,89.28571428571429,45.83333333333333,87.5,11.77,105.594
2016-07-21,32.34126984126984,64.0873015873016,53.76984126984128,86.3,27.976190476190478,64.0873015873016,81.54761904761905,69.24603174603175,81.15079365079364,12.74,105.3418
2016-07-22,39.08730158730159,25.198412698412696,64.48412698412699,89.9,21.23015873015873,25.198412698412696,91.46825396825396,76.38888888888889,85.91269841269842,12.02,105.7885
2016-07-25,37.10317460317461,63.69047619047619,67.46031746031746,85.65,28.76984126984127,63.69047619047619,83.92857142857143,68.05555555555556,84.32539682539682,12.87,105.7975
2016-07-26,38.69047619047619,92.65873015873017,66.66666666666667,84.75,52.182539682539684,92.65873015873017,72.02380952380952,94.24603174603175,82.34126984126985,13.05,105.9166
2016-07-27,49.404761904761905,90.67460317460318,64.08730158730158,85.85,73.61111111111111,90.67460317460318,56.94444444444444,86.70634920634922,74.4047619047619,12.83,106.6672
2016-07-28,44.642857142857146,87.10317460317461,62.5,86.39999999999999,95.83333333333334,87.10317460317461,58.13492063492064,83.92857142857143,75.9920634920635,12.72,107.0444
2016-07-29,46.230158730158735,17.658730158730158,61.7063492063492,90.65,86.70634920634922,17.658730158730158,61.30952380952381,48.61111111111111,71.23015873015873,11.87,107.2797
2016-08-01,47.023809523809526,16.071428571428573,63.492063492063494,87.8,60.912698412698404,16.071428571428573,55.35714285714286,56.94444444444444,69.64285714285714,12.44,107.8713
2016-08-02,49.007936507936506,47.42063492063492,60.91269841269842,83.15,26.38888888888889,47.42063492063492,38.095238095238095,52.57936507936508,68.84920634920636,13.37,107.0255
2016-08-03,42.65873015873016,11.30952380952381,68.05555555555557,85.7,19.642857142857142,11.30952380952381,40.67460317460318,77.97619047619048,70.43650793650794,12.86,107.384
2016-08-04,43.452380952380956,10.912698412698413,70.03968253968254,87.9,16.865079365079367,10.912698412698413,38.69047619047619,52.182539682539684,66.07142857142857,12.42,107.7086
2016-08-05,43.05555555555556,89.0873015873016,75.1984126984127,93.05,92.26190476190477,89.0873015873016,50.595238095238095,75.9920634920635,81.94444444444444,11.39,108.7093
2016-08-08,39.88095238095239,47.023809523809526,82.73809523809524,92.5,46.62698412698413,47.023809523809526,45.03968253968254,95.43650793650794,81.15079365079364,11.5,108.5902
2016-08-09,41.07142857142857,4.563492063492063,82.53968253968253,91.7,49.404761904761905,4.563492063492063,46.230158730158735,82.34126984126983,75.1984126984127,11.66,108.8343
2016-08-10,41.07142857142857,31.150793650793652,82.53968253968253,89.75,29.563492063492063,31.150793650793652,44.84126984126984,87.89682539682539,68.05555555555556,12.05,108.5723
2016-08-11,38.2936507936508,57.341269841269835,76.5873015873016,91.6,21.23015873015873,57.341269841269835,56.94444444444444,84.72222222222221,80.35714285714286,11.68,109.021
2016-08-12,35.11904761904761,72.81746031746032,70.23809523809524,92.25,50.99206349206349,72.81746031746032,50.198412698412696,83.53174603174604,71.23015873015873,11.55,109.1005
2016-08-15,31.944444444444443,68.05555555555556,58.13492063492063,90.95,14.087301587301587,68.05555555555556,60.317460317460316,66.07142857142857,78.37301587301587,11.81,109.5551
2016-08-16,39.88095238095239,35.91269841269841,58.53174603174604,86.8,18.849206349206348,35.91269841269841,42.65873015873016,78.76984126984127,75.5952380952381,12.64,108.9515
2016-08-17,35.51587301587302,22.023809523809522,54.16666666666667,89.05,7.341269841269842,22.023809523809522,41.269841269841265,85.11904761904762,75.9920634920635,12.19,109.159
2016-08-18,29.96031746031746,8.134920634920634,61.9047619047619,92.85000000000001,1.3888888888888888,8.134920634920634,49.801587301587304,75.1984126984127,73.21428571428572,11.43,109.1878
2016-08-19,28.76984126984127,41.46825396825397,51.98412698412699,93.3,7.341269841269842,41.46825396825397,42.65873015873016,66.07142857142857,81.94444444444444,11.34,109.159
2016-08-22,33.13492063492063,48.61111111111111,51.98412698412699,88.65,4.166666666666666,48.61111111111111,45.43650793650794,86.30952380952381,74.0079365079365,12.27,109.2344
2016-08-23,26.785714285714285,49.801587301587304,49.801587301587304,88.1,12.5,49.801587301587304,55.75396825396825,52.976190476190474,76.38888888888889,12.38,109.428
2016-08-24,35.51587301587302,49.801587301587304,46.42857142857143,82.75,4.563492063492063,49.801587301587304,41.07142857142857,61.70634920634921,72.42063492063491,13.45,108.7291
2016-08-25,31.547619047619047,74.40476190476191,37.89682539682539,81.85,12.896825396825399,74.40476190476191,40.27777777777778,14.484126984126986,75.5952380952381,13.63,108.5623
2016-08-26,39.88095238095239,42.65873015873016,43.65079365079365,81.75,31.944444444444443,42.65873015873016,34.32539682539682,42.65873015873016,82.34126984126985,13.65,108.7093
2016-08-29,43.452380952380956,58.92857142857143,27.380952380952383,85.30000000000001,21.23015873015873,58.92857142857143,48.61111111111111,28.373015873015873,77.18253968253968,12.94,108.8542
2016-08-30,43.84920634920635,60.51587301587301,28.373015873015873,84.4,14.087301587301587,60.51587301587301,42.26190476190476,67.26190476190477,73.61111111111111,13.12,108.5147
2016-08-31,47.023809523809526,85.11904761904762,26.984126984126984,82.9,0.992063492063492,85.11904761904762,33.92857142857143,63.69047619047619,65.27777777777777,13.42,108.3985
2016-09-01,47.42063492063492,78.37301587301587,37.6984126984127,82.6,52.976190476190474,78.37301587301587,35.51587301587302,72.02380952380952,64.48412698412699,13.48,108.6696
2016-09-02,51.388888888888886,67.65873015873017,39.48412698412699,90.1,45.83333333333333,67.65873015873017,55.55555555555556,54.96031746031746,71.23015873015873,11.98,109.021
2016-09-06,58.13492063492064,8.928571428571429,61.111111111111114,89.9,41.46825396825397,8.928571428571429,63.29365079365079,78.76984126984127,66.46825396825398,12.02,109.6941
2016-09-07,51.78571428571429,36.7063492063492,47.023809523809526,90.3,52.976190476190474,36.7063492063492,61.30952380952381,71.62698412698413,65.27777777777777,11.94,109.7616
2016-09-08,46.62698412698413,64.0873015873016,45.039682539682545,87.45,22.023809523809522,64.0873015873016,41.07142857142857,84.32539682539682,75.1984126984127,12.51,109.1302
2016-09-09,45.83333333333333,61.30952380952381,35.714285714285715,62.5,21.23015873015873,61.30952380952381,6.547619047619048,16.865079365079367,58.92857142857143,17.5,106.3723
2016-09-12,45.03968253968254,58.13492063492064,30.555555555555557,74.2,8.928571428571429,58.13492063492064,17.261904761904763,16.071428571428573,76.78571428571428,15.16,108.3003
2016-09-13,46.62698412698413,95.43650793650794,22.42063492063492,60.74999999999999,43.452380952380956,95.43650793650794,4.9603174603174605,24.404761904761905,65.67460317460318,17.85,107.3343
2016-09-14,55.35714285714286,99.8015873015873,15.674603174603172,59.3,87.5,99.8015873015873,4.563492063492063,22.42063492063492,61.30952380952381,18.14,107.8713
2016-09-15,48.214285714285715,99.8015873015873,7.936507936507936,68.5,82.34126984126983,99.8015873015873,12.5,36.30952380952381,74.8015873015873,16.3,109.5273
2016-09-16,61.70634920634921,97.81746031746032,12.896825396825397,73.15,48.61111111111111,97.81746031746032,10.912698412698413,43.452380952380956,66.46825396825398,15.37,109.4479
2016-09-19,61.70634920634921,86.70634920634922,19.841269841269842,72.35,39.48412698412698,86.70634920634922,18.452380952380953,64.0873015873016,66.46825396825398,15.53,108.9724
2016-09-20,62.5,41.07142857142857,25.595238095238095,70.4,59.32539682539682,41.07142857142857,17.658730158730158,70.43650793650794,64.48412698412699,15.92,109.1771
2016-09-21,60.912698412698404,55.35714285714286,29.365079365079367,83.5,74.8015873015873,55.35714285714286,41.07142857142857,48.61111111111111,75.1984126984127,13.3,110.25
2016-09-22,60.912698412698404,10.119047619047619,37.89682539682539,89.9,72.81746031746032,10.119047619047619,68.05555555555556,60.11904761904761,79.96031746031746,12.02,111.1271
2016-09-23,46.230158730158735,79.96031746031747,53.76984126984128,88.55000000000001,85.9126984126984,79.96031746031747,44.44444444444444,74.40476190476191,65.67460317460318,12.29,110.4188
2016-09-26,25.992063492063494,51.78571428571429,45.63492063492063,77.5,69.24603174603175,51.78571428571429,28.373015873015873,56.15079365079365,51.785714285714285,14.5,109.4948
2016-09-27,32.34126984126984,20.03968253968254,48.80952380952381,84.5,63.69047619047619,20.03968253968254,50.198412698412696,74.0079365079365,53.37301587301587,13.1,110.5767
2016-09-28,32.73809523809524,7.341269841269842,43.84920634920635,88.05,88.69047619047619,7.341269841269842,64.48412698412699,66.46825396825396,60.11904761904761,12.39,110.7635
2016-09-29,36.30952380952381,68.84920634920636,39.285714285714285,79.9,86.70634920634922,68.84920634920636,30.357142857142854,58.92857142857143,48.611111111111114,14.02,109.9613
2016-09-30,38.2936507936508,86.70634920634922,36.111111111111114,83.55000000000001,90.67460317460318,86.70634920634922,54.166666666666664,55.35714285714286,57.34126984126984,13.29,110.782
2016-10-03,28.373015873015873,37.10317460317461,36.904761904761905,82.15,24.404761904761905,37.10317460317461,40.27777777777778,73.61111111111111,59.32539682539682,13.57,110.624
2016-10-04,30.753968253968257,64.88095238095238,35.91269841269842,81.85,19.642857142857142,64.88095238095238,32.53968253968254,66.46825396825396,63.2936507936508,13.63,110.456
2016-10-05,29.166666666666668,44.642857142857146,33.53174603174603,85.05,69.24603174603175,44.642857142857146,38.88888888888889,39.88095238095239,80.75396825396825,12.99,110.848
2016-10-06,42.65873015873016,80.35714285714286,37.301587301587304,85.8,49.404761904761905,80.35714285714286,43.65079365079365,74.0079365079365,87.5,12.84,110.792
2016-10-07,49.007936507936506,26.785714285714285,49.801587301587304,82.6,14.484126984126986,26.785714285714285,29.96031746031746,89.0873015873016,77.57936507936508,13.48,110.549
2016-10-10,63.29365079365079,90.27777777777779,59.52380952380952,83.1,69.24603174603175,90.27777777777779,36.11111111111111,42.65873015873016,86.7063492063492,13.38,111.249
2016-10-11,50.0,97.81746031746032,67.85714285714286,73.2,47.023809523809526,97.81746031746032,11.30952380952381,85.51587301587301,71.62698412698413,15.36,109.663
2016-10-12,50.0,93.05555555555556,72.42063492063492,70.45,16.865079365079367,93.05555555555556,13.293650793650794,44.642857142857146,83.53174603174602,15.91,109.569
2016-10-13,50.0,79.96031746031747,69.24603174603175,66.54999999999998,19.246031746031747,79.96031746031747,9.325396825396826,21.626984126984127,62.10317460317461,16.69,109.177
2016-10-14,50.0,99.40476190476191,64.28571428571428,69.39999999999999,61.30952380952381,99.40476190476191,8.531746031746032,85.11904761904762,79.96031746031746,16.12,109.308
2016-10-17,50.0,35.51587301587302,63.2936507936508,68.94999999999999,37.5,35.51587301587302,8.134920634920634,30.357142857142854,61.30952380952381,16.21,109.009
2016-10-18,50.0,30.753968253968257,53.96825396825396,73.60000000000001,80.75396825396825,30.753968253968257,14.087301587301587,55.75396825396825,66.46825396825398,15.28,109.98
2016-10-19,50.0,54.563492063492056,39.682539682539684,77.95,35.11904761904761,54.563492063492056,20.03968253968254,16.46825396825397,78.37301587301587,14.41,109.97
2016-10-20,50.0,89.88095238095238,38.69047619047619,81.25,34.32539682539682,89.88095238095238,17.658730158730158,54.96031746031746,73.21428571428572,13.75,109.84
2016-10-21,50.0,92.65873015873017,25.198412698412696,83.3,75.9920634920635,92.65873015873017,17.261904761904763,45.03968253968254,64.88095238095238,13.34,110.25
2016-10-24,50.0,57.738095238095234,24.00793650793651,84.9,82.34126984126983,57.738095238095234,27.976190476190478,26.38888888888889,86.7063492063492,13.02,111.575
2016-10-25,50.0,40.27777777777778,30.158730158730158,82.69999999999999,46.62698412698413,40.27777777777778,23.61111111111111,87.89682539682539,80.75396825396825,13.46,111.221
2016-10-26,50.0,80.75396825396825,39.285714285714285,78.8,71.23015873015873,80.75396825396825,25.595238095238095,35.91269841269841,83.13492063492063,14.24,110.465
2016-10-27,50.0,95.83333333333334,38.492063492063494,73.2,82.73809523809523,95.83333333333334,19.246031746031747,31.547619047619047,91.07142857142857,15.36,109.961
2016-10-28,50.0,82.73809523809523,45.03968253968254,69.05,95.83333333333334,82.73809523809523,24.00793650793651,6.944444444444445,88.69047619047619,16.19,109.271
2016-10-31,50.0,39.48412698412698,37.698412698412696,64.70000000000002,18.055555555555554,39.48412698412698,27.976190476190478,19.642857142857142,47.023809523809526,17.06,109.168
2016-11-01,50.0,32.73809523809524,27.38095238095238,57.2,35.11904761904761,32.73809523809524,22.42063492063492,5.357142857142857,37.89682539682539,18.56,108.347
2016-11-02,50.0,5.357142857142857,19.047619047619047,53.4,44.24603174603175,5.357142857142857,13.690476190476192,1.3888888888888888,27.579365079365076,19.32,107.479
2016-11-03,50.0,19.642857142857142,9.722222222222223,44.800000000000004,58.53174603174603,19.642857142857142,14.484126984126986,2.579365079365079,25.595238095238088,22.08,106.425
2016-11-04,50.0,17.261904761904763,7.738095238095238,43.724999999999994,33.92857142857143,17.261904761904763,12.103174603174603,1.3888888888888888,24.404761904761912,22.51,106.051
2016-11-07,50.0,41.07142857142857,11.507936507936508,56.449999999999996,31.944444444444443,41.07142857142857,58.13492063492064,12.5,51.38888888888889,18.71,108.571
2016-11-08,50.0,41.86507936507937,13.095238095238095,56.300000000000004,40.67460317460318,41.86507936507937,72.02380952380952,47.42063492063492,71.23015873015873,18.74,109.28
2016-11-09,50.0,98.61111111111111,10.11904761904762,78.1,66.07142857142857,98.61111111111111,70.83333333333334,18.849206349206348,99.8015873015873,14.38,109.784
2016-11-10,50.0,91.07142857142857,24.404761904761905,76.3,91.07142857142857,91.07142857142857,66.86507936507937,58.53174603174603,99.8015873015873,14.74,108.011
2016-11-11,50.0,97.02380952380952,52.182539682539684,79.15,80.35714285714286,97.02380952380952,64.0873015873016,57.738095238095234,99.4047619047619,14.17,108.058
2016-11-14,50.0,97.81746031746032,67.46031746031746,77.6,87.5,97.81746031746032,65.67460317460318,76.38888888888889,99.8015873015873,14.48,106.966
2016-11-15,23.61111111111111,89.0873015873016,69.84126984126983,83.15,58.53174603174603,89.0873015873016,69.64285714285714,62.10317460317461,99.8015873015873,13.37,108.449
2016-11-16,37.89682539682539,99.0079365079365,81.54761904761905,81.4,74.8015873015873,99.0079365079365,71.62698412698413,67.65873015873017,99.4047619047619,13.72,109.093
2016-11-17,45.03968253968254,99.40476190476191,80.55555555555556,83.25,39.48412698412698,99.40476190476191,74.40476190476191,35.91269841269841,99.8015873015873,13.35,109.887
2016-11-18,40.27777777777778,97.02380952380952,75.19841269841271,85.75,23.214285714285715,97.02380952380952,74.0079365079365,85.51587301587301,99.8015873015873,12.85,109.476
2016-11-21,47.817460317460316,69.24603174603175,70.23809523809524,87.9,41.07142857142857,69.24603174603175,77.97619047619048,74.0079365079365,99.8015873015873,12.42,110.614
2016-11-22,35.91269841269841,62.5,76.38888888888889,87.95,18.849206349206348,62.5,78.76984126984127,91.46825396825396,99.4047619047619,12.41,110.95
2016-11-23,31.547619047619047,89.0873015873016,80.95238095238095,87.85,54.166666666666664,89.0873015873016,78.37301587301587,95.43650793650794,99.8015873015873,12.43,110.502
2016-11-25,28.373015873015873,84.32539682539682,73.80952380952381,88.3,25.992063492063494,84.32539682539682,82.34126984126983,93.84920634920636,99.8015873015873,12.34,110.857
2016-11-28,38.69047619047619,72.02380952380952,83.33333333333333,84.25,31.150793650793652,72.02380952380952,82.14285714285714,93.45238095238095,99.0079365079365,13.15,110.605
2016-11-29,44.642857142857146,49.801587301587304,77.18253968253968,85.5,7.341269841269842,49.801587301587304,83.13492063492063,77.57936507936508,97.81746031746032,12.9,110.988
2016-11-30,27.976190476190478,21.23015873015873,68.25396825396825,83.35,11.706349206349206,21.23015873015873,72.22222222222221,99.8015873015873,96.62698412698413,13.33,109.644
2016-12-01,27.579365079365083,95.43650793650794,69.24603174603175,79.65,48.214285714285715,95.43650793650794,42.26190476190476,99.40476190476191,97.02380952380952,14.07,107.75
2016-12-02,28.373015873015873,94.64285714285714,66.46825396825396,79.4,16.071428571428573,94.64285714285714,45.83333333333333,87.10317460317461,96.23015873015873,14.12,107.964
2016-12-05,23.61111111111111,88.69047619047619,73.01587301587301,89.3,17.261904761904763,88.69047619047619,56.547619047619044,95.83333333333334,96.62698412698413,12.14,108.804
2016-12-06,26.785714285714285,91.86507936507937,80.15873015873015,91.05000000000001,17.658730158730158,91.86507936507937,64.28571428571429,99.8015873015873,97.42063492063492,11.79,109.065
2016-12-07,24.404761904761905,93.45238095238095,87.3015873015873,88.89999999999999,13.690476190476192,93.45238095238095,83.13492063492063,94.24603174603175,99.0079365079365,12.22,110.446
2016-12-08,17.658730158730158,93.45238095238095,87.10317460317461,86.8,31.547619047619047,93.45238095238095,85.11904761904762,94.64285714285714,99.8015873015873,12.64,110.642
2016-12-09,23.214285714285715,92.26190476190477,90.67460317460318,91.25,21.23015873015873,92.26190476190477,86.30952380952381,96.23015873015873,99.8015873015873,11.75,111.51
2016-12-12,24.801587301587304,68.45238095238095,85.31746031746033,86.8,9.722222222222223,68.45238095238095,79.16666666666666,97.81746031746032,99.8015873015873,12.64,111.006
2016-12-13,29.563492063492063,87.5,79.36507936507937,86.39999999999999,66.07142857142857,87.5,86.30952380952381,99.40476190476191,99.8015873015873,12.72,112.406
2016-12-14,35.51587301587302,98.21428571428571,83.92857142857143,84.05,75.59523809523809,98.21428571428571,71.23015873015873,92.65873015873017,99.8015873015873,13.19,112.173
2016-12-15,35.51587301587302,95.43650793650794,69.64285714285714,86.05000000000001,48.214285714285715,95.43650793650794,72.02380952380952,97.81746031746032,99.8015873015873,12.79,112.35
2016-12-16,47.023809523809526,91.46825396825396,55.15873015873016,89.0,1.7857142857142856,91.46825396825396,65.27777777777779,98.61111111111111,99.4047619047619,12.2,111.933
2016-12-19,40.67460317460318,95.03968253968253,53.17460317460318,91.44999999999999,43.05555555555556,95.03968253968253,66.46825396825396,96.23015873015873,99.0079365079365,11.71,112.392
2016-12-20,54.166666666666664,90.67460317460318,51.19047619047619,92.75,24.404761904761905,90.67460317460318,70.03968253968253,99.8015873015873,99.4047619047619,11.45,112.823
2016-12-21,55.75396825396825,75.59523809523809,50.1984126984127,93.65,13.293650793650794,75.59523809523809,66.86507936507937,99.40476190476191,98.61111111111111,11.27,112.738
2016-12-22,62.89682539682539,94.64285714285714,51.98412698412699,92.85000000000001,48.61111111111111,94.64285714285714,54.563492063492056,99.8015873015873,98.21428571428571,11.43,112.42
2016-12-23,62.89682539682539,88.69047619047619,58.333333333333336,92.8,46.62698412698413,88.69047619047619,60.11904761904761,96.62698412698413,98.21428571428571,11.44,112.495
2016-12-27,56.547619047619044,95.03968253968253,75.0,90.05,91.86507936507937,95.03968253968253,69.24603174603175,98.21428571428571,99.0079365079365,11.99,113.075
2016-12-28,68.45238095238095,99.8015873015873,87.89682539682539,85.25,96.23015873015873,99.8015873015873,32.34126984126984,94.64285714285714,95.83333333333333,12.95,112.196
2016-12-29,70.43650793650794,99.8015873015873,97.02380952380952,83.15,97.81746031746032,99.8015873015873,27.18253968253968,89.0873015873016,94.64285714285714,13.37,112.036
2016-12-30,68.45238095238095,92.26190476190477,84.92063492063491,79.80000000000001,88.29365079365078,92.26190476190477,17.261904761904763,81.15079365079364,94.24603174603175,14.04,110.885
2017-01-03,62.10317460317461,85.51587301587301,86.11111111111111,85.75,39.88095238095239,85.51587301587301,35.91269841269841,96.23015873015873,92.65873015873015,12.85,111.877
2017-01-04,43.84920634920635,47.817460317460316,81.94444444444444,90.75,33.53174603174603,47.817460317460316,68.45238095238095,90.27777777777779,93.84920634920636,11.85,112.486
2017-01-05,59.32539682539682,41.46825396825397,71.82539682539682,91.65,44.642857142857146,41.46825396825397,48.214285714285715,93.05555555555556,90.67460317460318,11.67,113.122
2017-01-06,60.912698412698404,40.27777777777778,60.51587301587302,93.4,76.38888888888889,40.27777777777778,60.71428571428571,93.05555555555556,92.65873015873015,11.32,114.114
2017-01-09,61.70634920634921,74.40476190476191,87.5,92.2,47.817460317460316,74.40476190476191,34.523809523809526,99.0079365079365,91.46825396825398,11.56,114.488
2017-01-10,56.15079365079365,29.563492063492063,88.09523809523809,92.55,27.976190476190478,29.563492063492063,39.08730158730159,94.24603174603175,91.26984126984127,11.49,114.741
2017-01-11,46.62698412698413,85.11904761904762,93.84920634920636,93.7,12.5,85.11904761904762,54.36507936507936,99.40476190476191,91.46825396825398,11.26,115.05
2017-01-12,41.07142857142857,83.92857142857143,98.80952380952381,92.30000000000001,71.23015873015873,83.92857142857143,45.03968253968254,92.26190476190477,87.89682539682539,11.54,114.872
2017-01-13,41.07142857142857,96.23015873015873,97.81746031746033,93.85,93.45238095238095,96.23015873015873,54.96031746031746,83.53174603174604,91.86507936507937,11.23,115.265
2017-01-17,31.944444444444443,97.02380952380952,95.23809523809524,90.65,58.92857142857143,97.02380952380952,41.07142857142857,80.35714285714286,85.91269841269842,11.87,114.919
2017-01-18,31.150793650793652,97.02380952380952,95.23809523809524,87.6,45.03968253968254,97.02380952380952,59.32539682539682,95.03968253968253,92.26190476190476,12.48,115.153
2017-01-19,38.2936507936508,70.43650793650794,93.25396825396825,86.10000000000001,72.81746031746032,70.43650793650794,32.73809523809524,83.92857142857143,93.45238095238095,12.78,115.097
2017-01-20,49.801587301587304,79.96031746031747,87.10317460317461,92.30000000000001,66.46825396825396,79.96031746031747,49.404761904761905,89.88095238095238,93.84920634920636,11.54,115.35
2017-01-23,50.99206349206349,78.37301587301587,83.53174603174602,91.15,65.67460317460318,78.37301587301587,33.92857142857143,76.78571428571429,89.88095238095238,11.77,115.443
2017-01-24,30.753968253968257,81.15079365079364,68.45238095238095,94.65,8.928571428571429,81.15079365079364,65.27777777777779,79.16666666666666,94.24603174603175,11.07,116.22
2017-01-25,31.150793650793652,91.46825396825396,55.75396825396825,95.95,8.134920634920634,91.46825396825396,71.23015873015873,75.1984126984127,96.62698412698413,10.81,117.39
2017-01-26,29.166666666666668,71.62698412698413,55.35714285714286,96.85,70.83333333333334,71.62698412698413,65.67460317460318,93.05555555555556,95.43650793650794,10.63,117.511
2017-01-27,40.27777777777778,40.67460317460318,66.66666666666667,97.1,56.94444444444444,40.67460317460318,58.92857142857143,92.65873015873017,94.24603174603175,10.58,117.736
2017-01-30,26.38888888888889,58.92857142857143,78.57142857142857,90.6,65.67460317460318,58.92857142857143,43.452380952380956,94.64285714285714,93.05555555555556,11.88,116.819
2017-01-31,30.753968253968257,49.007936507936506,85.51587301587301,90.05,18.452380952380953,49.007936507936506,51.78571428571429,84.72222222222221,87.10317460317461,11.99,116.585
2017-02-01,50.595238095238095,97.42063492063492,92.26190476190476,90.95,98.61111111111111,97.42063492063492,32.73809523809524,97.81746031746032,88.69047619047619,11.81,117.39
2017-02-02,38.69047619047619,58.13492063492064,87.5,90.35,89.0873015873016,58.13492063492064,39.88095238095239,89.88095238095238,89.08730158730158,11.93,117.287
2017-02-03,33.53174603174603,90.27777777777779,89.68253968253967,95.14999999999999,89.0873015873016,90.27777777777779,71.62698412698413,91.86507936507937,91.46825396825398,10.97,117.624
2017-02-06,45.03968253968254,72.02380952380952,86.5079365079365,93.15,38.2936507936508,72.02380952380952,63.29365079365079,96.62698412698413,85.91269841269842,11.37,117.764
2017-02-07,57.738095238095234,87.89682539682539,86.90476190476191,93.55000000000001,51.388888888888886,87.89682539682539,56.74603174603175,84.72222222222221,84.32539682539682,11.29,118.195
2017-02-08,50.198412698412696,75.59523809523809,83.73015873015873,92.75,38.69047619047619,75.59523809523809,61.70634920634921,70.83333333333334,79.96031746031746,11.45,118.391
2017-02-09,45.83333333333333,95.03968253968253,87.5,95.6,52.976190476190474,95.03968253968253,76.78571428571429,62.89682539682539,88.69047619047619,10.88,118.822
2017-02-10,42.65873015873016,92.65873015873017,84.72222222222223,95.75,47.023809523809526,92.65873015873017,83.92857142857143,72.42063492063492,90.67460317460318,10.85,119.215
2017-02-13,71.62698412698413,89.48412698412699,80.95238095238095,94.65,73.21428571428571,89.48412698412699,86.30952380952381,71.23015873015873,92.65873015873015,11.07,119.889
2017-02-14,85.11904761904762,89.0873015873016,77.77777777777777,96.3,56.547619047619044,89.0873015873016,86.30952380952381,82.73809523809523,95.03968253968254,10.74,120.291
2017-02-15,99.0079365079365,90.67460317460318,72.81746031746032,90.14999999999999,55.75396825396825,90.67460317460318,87.89682539682539,74.0079365079365,98.21428571428571,11.97,121.002
2017-02-16,99.8015873015873,68.05555555555556,66.26984126984127,91.2,12.896825396825399,68.05555555555556,80.35714285714286,75.9920634920635,94.64285714285714,11.76,120.965
2017-02-17,98.21428571428571,18.849206349206348,60.714285714285715,92.55,8.531746031746032,18.849206349206348,81.15079365079364,83.53174603174604,93.45238095238095,11.49,121.489
2017-02-21,97.42063492063492,36.7063492063492,51.58730158730158,92.15,7.738095238095238,36.7063492063492,89.0873015873016,93.05555555555556,96.23015873015873,11.57,122.088
2017-02-22,98.21428571428571,43.452380952380956,50.59523809523809,91.3,32.34126984126984,43.452380952380956,83.13492063492063,95.43650793650794,95.03968253968254,11.74,122.135
2017-02-23,99.8015873015873,60.11904761904761,57.73809523809524,91.44999999999999,62.5,60.11904761904761,73.61111111111111,90.67460317460318,91.86507936507937,11.71,121.676
2017-02-24,99.40476190476191,72.02380952380952,53.57142857142858,92.64999999999999,31.547619047619047,72.02380952380952,76.78571428571429,81.54761904761905,89.48412698412699,11.47,121.91
2017-02-27,99.8015873015873,52.182539682539684,69.44444444444444,89.55,68.45238095238095,52.182539682539684,79.96031746031747,96.23015873015873,91.46825396825398,12.09,122.06
2017-02-28,99.8015873015873,68.84920634920636,63.492063492063494,85.4,14.880952380952381,68.84920634920636,71.23015873015873,87.5,85.11904761904762,12.92,121.686
2017-03-01,99.40476190476191,96.62698412698413,50.3968253968254,87.30000000000001,21.626984126984127,96.62698412698413,88.88888888888889,49.404761904761905,96.23015873015873,12.54,123.015
2017-03-02,99.0079365079365,94.24603174603175,46.23015873015873,90.95,23.214285714285715,94.24603174603175,74.8015873015873,59.72222222222222,95.83333333333333,11.81,122.397
2017-03-03,99.8015873015873,92.65873015873017,44.84126984126984,95.19999999999999,27.976190476190478,92.65873015873017,73.21428571428571,79.16666666666666,95.83333333333333,10.96,122.621
2017-03-06,99.8015873015873,75.9920634920635,46.230158730158735,93.8,13.293650793650794,75.9920634920635,64.88095238095238,85.11904761904762,93.84920634920636,11.24,122.35
2017-03-07,99.8015873015873,52.976190476190474,57.14285714285714,92.75,0.5952380952380952,52.976190476190474,50.99206349206349,90.67460317460318,94.24603174603175,11.45,122.144
2017-03-08,99.8015873015873,81.94444444444444,70.03968253968253,90.7,13.690476190476192,81.94444444444444,33.92857142857143,84.72222222222221,97.42063492063492,11.86,122.359
2017-03-09,99.8015873015873,60.11904761904761,58.92857142857143,88.5,5.357142857142857,60.11904761904761,22.023809523809522,75.59523809523809,99.0079365079365,12.3,122.453
2017-03-10,99.8015873015873,66.07142857142857,64.28571428571428,91.7,6.944444444444445,66.07142857142857,36.7063492063492,83.92857142857143,99.4047619047619,11.66,122.968
2017-03-13,99.8015873015873,81.54761904761905,47.02380952380952,93.25,2.976190476190476,81.54761904761905,37.89682539682539,85.11904761904762,99.8015873015873,11.35,123.174
2017-03-14,98.61111111111111,41.86507936507937,49.60317460317461,88.5,9.325396825396826,41.86507936507937,22.817460317460316,95.03968253968253,98.61111111111111,12.3,122.874
2017-03-15,97.02380952380952,88.29365079365078,46.82539682539682,91.85,25.595238095238095,88.29365079365078,60.912698412698404,73.21428571428571,96.62698412698413,11.63,123.632
2017-03-16,96.23015873015873,83.13492063492063,54.761904761904766,93.94999999999999,17.261904761904763,83.13492063492063,47.42063492063492,93.84920634920636,96.62698412698413,11.21,123.548
2017-03-17,94.64285714285714,75.9920634920635,47.420634920634924,93.60000000000001,30.357142857142854,75.9920634920635,45.43650793650794,84.72222222222221,93.05555555555556,11.28,123.505
2017-03-20,95.03968253968253,83.53174603174604,54.56349206349206,93.3,24.801587301587304,83.53174603174604,33.53174603174603,89.88095238095238,88.2936507936508,11.34,123.618
2017-03-21,94.24603174603175,98.61111111111111,49.2063492063492,87.64999999999999,89.0873015873016,98.61111111111111,6.944444444444445,72.02380952380952,81.54761904761905,12.47,121.742
2017-03-22,93.84920634920636,96.23015873015873,51.19047619047619,85.95,62.10317460317461,96.23015873015873,12.103174603174603,43.452380952380956,79.96031746031746,12.81,122.567
2017-03-23,91.46825396825396,90.27777777777779,47.023809523809526,84.4,58.92857142857143,90.27777777777779,11.30952380952381,58.92857142857143,80.35714285714286,13.12,122.258
2017-03-24,91.07142857142857,91.46825396825396,54.166666666666664,85.19999999999999,62.5,91.46825396825396,10.119047619047619,56.547619047619044,77.57936507936508,12.96,122.511
2017-03-27,89.48412698412699,83.92857142857143,51.58730158730159,87.5,49.801587301587304,83.92857142857143,10.912698412698413,54.563492063492056,74.4047619047619,12.5,122.708
2017-03-28,89.0873015873016,69.64285714285714,43.65079365079365,92.35000000000001,47.42063492063492,69.64285714285714,20.03968253968254,78.37301587301587,82.73809523809524,11.53,123.458
2017-03-29,86.70634920634922,51.388888888888886,42.06349206349206,92.9,64.48412698412699,51.388888888888886,31.547619047619047,85.11904761904762,81.15079365079364,11.42,124.03
2017-03-30,86.30952380952381,60.51587301587301,55.55555555555556,92.30000000000001,83.13492063492063,60.51587301587301,41.66666666666667,87.89682539682539,84.32539682539682,11.54,124.236
2017-03-31,84.72222222222221,59.72222222222222,60.317460317460316,88.15,23.61111111111111,59.72222222222222,37.89682539682539,87.10317460317461,68.84920634920636,12.37,124.152
2017-04-03,88.29365079365078,83.53174603174604,65.27777777777777,88.1,50.198412698412696,83.53174603174604,21.23015873015873,83.53174603174604,64.48412698412699,12.38,124.077
2017-04-04,90.67460317460318,98.21428571428571,75.7936507936508,91.05000000000001,89.0873015873016,98.21428571428571,20.833333333333336,75.9920634920635,64.88095238095238,11.79,124.274
2017-04-05,95.03968253968253,83.92857142857143,76.78571428571428,85.55,84.32539682539682,83.92857142857143,16.46825396825397,66.07142857142857,62.89682539682539,12.89,123.768
2017-04-06,88.69047619047619,74.40476190476191,73.01587301587301,88.05,79.16666666666666,74.40476190476191,22.42063492063492,41.86507936507937,63.69047619047619,12.39,123.833
2017-04-07,87.10317460317461,61.30952380952381,69.24603174603175,85.65,16.071428571428573,61.30952380952381,20.03968253968254,33.92857142857143,66.46825396825398,12.87,123.768
2017-04-10,80.75396825396825,81.94444444444444,64.08730158730158,79.75,50.595238095238095,81.94444444444444,27.579365079365083,68.05555555555556,65.27777777777777,14.05,123.814
2017-04-11,78.76984126984127,99.0079365079365,61.11111111111111,74.65,73.61111111111111,99.0079365079365,28.76984126984127,61.70634920634921,60.91269841269841,15.07,123.28
2017-04-12,83.53174603174604,81.94444444444444,63.888888888888886,71.15,12.5,81.94444444444444,13.293650793650794,81.94444444444444,60.11904761904761,15.77,122.783
2017-04-13,84.32539682539682,98.61111111111111,62.5,70.19999999999999,85.51587301587301,98.61111111111111,3.7698412698412698,58.92857142857143,58.92857142857143,15.96,122.295
2017-04-17,85.51587301587301,67.26190476190477,66.66666666666667,76.7,64.88095238095238,67.26190476190477,29.761904761904763,51.388888888888886,59.72222222222222,14.66,123.308
2017-04-18,86.70634920634922,63.29365079365079,63.69047619047619,77.9,72.02380952380952,63.29365079365079,26.984126984126984,72.42063492063492,58.13492063492063,14.42,123.12
2017-04-19,83.13492063492063,88.69047619047619,66.46825396825398,75.35,53.769841269841265,88.69047619047619,26.785714285714285,57.738095238095234,58.13492063492063,14.93,123.317
2017-04-20,81.54761904761905,81.94444444444444,58.33333333333333,79.25,21.23015873015873,81.94444444444444,58.13492063492064,45.83333333333333,59.72222222222222,14.15,124.349
2017-04-21,81.54761904761905,75.9920634920635,42.65873015873016,76.85,31.944444444444443,75.9920634920635,51.78571428571429,73.21428571428571,58.53174603174603,14.63,124.321
2017-04-24,82.73809523809523,69.64285714285714,35.11904761904762,95.8,25.198412698412696,69.64285714285714,80.35714285714286,62.10317460317461,62.10317460317461,10.84,125.821
2017-04-25,90.27777777777779,35.51587301587302,32.53968253968254,96.2,50.198412698412696,35.51587301587302,85.11904761904762,33.13492063492063,72.02380952380952,10.76,126.731
2017-04-26,86.30952380952381,33.13492063492063,31.150793650793652,95.75,1.7857142857142856,33.13492063492063,78.76984126984127,58.53174603174603,66.86507936507937,10.85,126.553
2017-04-27,85.11904761904762,46.62698412698413,35.91269841269842,98.2,26.785714285714285,46.62698412698413,77.57936507936508,83.53174603174604,66.07142857142857,10.36,127.313
2017-04-28,87.89682539682539,81.94444444444444,47.023809523809526,95.9,93.05555555555556,81.94444444444444,65.67460317460318,78.37301587301587,63.2936507936508,10.82,127.538
2017-05-01,93.05555555555556,73.61111111111111,54.36507936507937,99.45,96.62698412698413,73.61111111111111,64.0873015873016,75.9920634920635,62.10317460317461,10.11,128.673
2017-05-02,94.64285714285714,70.43650793650794,55.55555555555556,97.05,75.9920634920635,70.43650793650794,63.888888888888886,87.5,59.32539682539682,10.59,128.888
2017-05-03,93.05555555555556,67.26190476190477,52.18253968253968,96.6,85.9126984126984,67.26190476190477,54.166666666666664,85.11904761904762,61.30952380952381,10.68,128.476
2017-05-04,95.83333333333334,4.9603174603174605,50.992063492063494,97.69999999999999,68.84920634920636,4.9603174603174605,66.46825396825396,83.13492063492063,66.07142857142857,10.46,128.522
2017-05-05,90.67460317460318,56.94444444444444,50.198412698412696,97.15,71.23015873015873,56.94444444444444,74.8015873015873,92.26190476190477,70.03968253968254,10.57,128.991
2017-05-08,93.45238095238095,77.97619047619048,54.56349206349206,100.0,85.51587301587301,77.97619047619048,66.46825396825396,99.40476190476191,72.81746031746032,9.77,129.273
2017-05-09,89.88095238095238,90.67460317460318,53.17460317460318,100.0,92.26190476190477,90.67460317460318,53.37301587301587,77.57936507936508,75.9920634920635,9.96,129.723
2017-05-10,87.89682539682539,88.69047619047619,52.579365079365076,98.94999999999999,87.10317460317461,88.69047619047619,63.29365079365079,68.45238095238095,75.9920634920635,10.21,129.798
2017-05-11,93.05555555555556,97.02380952380952,50.198412698412696,97.0,89.0873015873016,97.02380952380952,52.57936507936508,66.46825396825396,70.83333333333333,10.6,129.695
2017-05-12,96.62698412698413,93.05555555555556,49.404761904761905,98.0,87.10317460317461,93.05555555555556,35.91269841269841,83.92857142857143,61.7063492063492,10.4,129.985
2017-05-15,95.83333333333334,95.43650793650794,45.23809523809524,97.9,81.15079365079364,95.43650793650794,60.912698412698404,84.72222222222221,67.65873015873015,10.42,130.398
2017-05-16,96.23015873015873,97.42063492063492,51.38888888888889,96.75,73.61111111111111,97.42063492063492,44.24603174603175,91.86507936507937,63.69047619047619,10.65,130.942
2017-05-17,92.65873015873017,99.0079365079365,43.65079365079365,72.05000000000001,94.64285714285714,99.0079365079365,8.134920634920634,48.61111111111111,50.992063492063494,15.59,127.613
2017-05-18,93.05555555555556,97.02380952380952,38.88888888888889,76.7,82.73809523809523,97.02380952380952,13.492063492063492,32.73809523809524,51.38888888888889,14.66,128.729
2017-05-19,89.0873015873016,82.73809523809523,30.357142857142858,89.80000000000001,37.5,82.73809523809523,22.42063492063492,26.38888888888889,53.37301587301587,12.04,129.273
2017-05-22,91.86507936507937,79.96031746031747,27.976190476190478,95.35,34.32539682539682,79.96031746031747,42.65873015873016,62.89682539682539,53.769841269841265,10.93,130.361
2017-05-23,93.84920634920636,65.67460317460318,26.78571428571429,96.39999999999999,37.10317460317461,65.67460317460318,45.03968253968254,71.62698412698413,58.13492063492063,10.72,130.492
2017-05-24,85.9126984126984,83.92857142857143,42.06349206349206,99.9,46.62698412698413,83.92857142857143,59.72222222222222,64.88095238095238,56.547619047619044,10.02,131.092
2017-05-25,93.45238095238095,75.1984126984127,49.007936507936506,100.0,72.02380952380952,75.1984126984127,74.0079365079365,51.388888888888886,59.32539682539682,9.99,132.208
2017-05-26,94.64285714285714,94.24603174603175,61.7063492063492,100.0,86.30952380952381,94.24603174603175,72.81746031746032,12.896825396825399,58.53174603174603,9.81,132.443
2017-05-30,90.27777777777779,88.69047619047619,66.86507936507937,98.1,74.40476190476191,88.69047619047619,70.43650793650794,63.69047619047619,52.976190476190474,10.38,132.555
2017-05-31,81.94444444444444,88.69047619047619,57.341269841269835,97.95,46.230158730158735,88.69047619047619,76.38888888888889,69.64285714285714,50.595238095238095,10.41,132.508
2017-06-01,74.8015873015873,83.13492063492063,51.98412698412698,100.0,15.277777777777779,83.13492063492063,84.72222222222221,63.29365079365079,51.38888888888889,9.89,133.024
2017-06-02,78.37301587301587,83.53174603174604,41.07142857142857,100.0,74.8015873015873,83.53174603174604,87.5,50.198412698412696,50.992063492063494,9.75,134.543
2017-06-05,77.97619047619048,89.0873015873016,51.19047619047619,99.65,78.37301587301587,89.0873015873016,83.92857142857143,77.18253968253968,50.992063492063494,10.07,134.515
2017-06-06,75.9920634920635,93.45238095238095,53.57142857142857,97.75,86.30952380952381,93.45238095238095,77.18253968253968,70.83333333333334,47.42063492063492,10.45,133.981
2017-06-07,77.18253968253968,66.86507936507937,69.84126984126985,98.05,57.738095238095234,66.86507936507937,79.16666666666666,77.18253968253968,50.595238095238095,10.39,134.506
2017-06-08,70.03968253968253,78.37301587301587,76.19047619047619,99.2,75.9920634920635,78.37301587301587,85.9126984126984,85.11904761904762,50.992063492063494,10.16,134.647
2017-06-09,57.738095238095234,99.8015873015873,81.94444444444444,96.5,99.8015873015873,99.8015873015873,82.73809523809523,64.0873015873016,51.38888888888889,10.7,131.28
2017-06-12,57.341269841269835,99.40476190476191,75.5952380952381,92.7,99.40476190476191,99.40476190476191,77.97619047619048,37.10317460317461,50.7936507936508,11.46,130.576
2017-06-13,48.61111111111111,98.61111111111111,75.9920634920635,97.9,99.0079365079365,98.61111111111111,87.5,95.83333333333334,54.16666666666667,10.42,131.636
2017-06-14,59.72222222222222,91.07142857142857,71.62698412698413,96.8,97.02380952380952,91.07142857142857,81.15079365079364,52.976190476190474,48.611111111111114,10.64,131.064
2017-06-15,59.32539682539682,83.13492063492063,63.492063492063494,95.5,96.23015873015873,83.13492063492063,75.59523809523809,37.5,47.42063492063492,10.9,130.483
2017-06-16,64.0873015873016,40.27777777777778,50.0,98.1,91.46825396825396,40.27777777777778,68.45238095238095,57.738095238095234,48.21428571428571,10.38,129.917
2017-06-19,65.67460317460318,67.26190476190477,61.30952380952381,98.15,85.9126984126984,67.26190476190477,83.13492063492063,96.62698412698413,55.357142857142854,10.37,132.089
2017-06-20,69.24603174603175,86.30952380952381,52.97619047619048,95.7,74.40476190476191,86.30952380952381,58.53174603174603,60.912698412698404,48.21428571428571,10.86,131.055
2017-06-21,72.81746031746032,71.62698412698413,48.80952380952381,96.25,41.46825396825397,71.62698412698413,35.91269841269841,52.976190476190474,47.817460317460316,10.75,132.352
2017-06-22,76.38888888888889,95.43650793650794,52.38095238095239,97.6,68.84920634920636,95.43650793650794,28.373015873015873,57.341269841269835,45.436507936507944,10.48,132.315
2017-06-23,74.40476190476191,93.05555555555556,57.53968253968254,99.9,25.595238095238095,93.05555555555556,29.563492063492063,64.0873015873016,47.42063492063492,10.02,132.823
2017-06-26,65.27777777777779,87.89682539682539,60.714285714285715,100.0,85.11904761904762,87.89682539682539,37.5,98.61111111111111,45.03968253968254,9.9,132.202
2017-06-27,62.89682539682539,64.48412698412699,62.8968253968254,94.7,83.92857142857143,64.48412698412699,14.087301587301587,64.48412698412699,48.21428571428571,11.06,129.804
2017-06-28,75.1984126984127,89.88095238095238,57.73809523809524,99.85000000000001,91.46825396825396,89.88095238095238,38.2936507936508,34.72222222222222,54.56349206349206,10.03,131.675
2017-06-29,66.07142857142857,97.81746031746032,59.920634920634924,92.8,97.02380952380952,97.81746031746032,14.880952380952381,65.27777777777779,53.769841269841265,11.44,129.39
2017-06-30,67.65873015873017,64.0873015873016,60.11904761904761,94.1,77.18253968253968,64.0873015873016,17.261904761904763,44.642857142857146,50.198412698412696,11.18,129.437
2017-07-03,49.801587301587304,87.5,61.90476190476191,93.89999999999999,97.02380952380952,87.5,25.992063492063494,72.81746031746032,57.73809523809524,11.22,128.074
2017-07-05,55.35714285714286,94.64285714285714,64.68253968253968,94.65,87.10317460317461,94.64285714285714,20.436507936507937,41.46825396825397,56.547619047619044,11.07,129.334
2017-07-06,63.69047619047619,73.61111111111111,66.46825396825396,87.30000000000001,89.0873015873016,73.61111111111111,8.134920634920634,16.865079365079367,52.976190476190474,12.54,128.168
2017-07-07,71.23015873015873,83.13492063492063,59.72222222222222,94.05,72.42063492063492,83.13492063492063,20.03968253968254,37.89682539682539,63.2936507936508,11.19,129.55
2017-07-10,77.57936507936508,85.9126984126984,69.44444444444444,94.45,82.73809523809523,85.9126984126984,21.428571428571427,52.57936507936508,62.89682539682539,11.11,130.396
2017-07-11,81.94444444444444,70.83333333333334,70.23809523809524,95.55,70.03968253968253,70.83333333333334,20.833333333333336,87.5,61.7063492063492,10.89,130.763
2017-07-12,86.70634920634922,78.76984126984127,70.03968253968254,98.5,92.65873015873017,78.76984126984127,51.78571428571429,43.84920634920635,61.7063492063492,10.3,132.315
2017-07-13,78.76984126984127,85.9126984126984,76.78571428571428,100.0,86.70634920634922,85.9126984126984,48.61111111111111,60.51587301587301,69.24603174603175,9.9,132.606
2017-07-14,77.97619047619048,97.02380952380952,75.59523809523809,100.0,84.32539682539682,97.02380952380952,72.42063492063492,32.73809523809524,69.64285714285714,9.51,133.65
2017-07-17,68.84920634920636,60.51587301587301,76.78571428571428,100.0,94.64285714285714,60.51587301587301,77.18253968253968,57.738095238095234,65.27777777777777,9.82,133.716
2017-07-18,79.96031746031747,33.92857142857143,72.02380952380952,100.0,99.0079365079365,33.92857142857143,71.62698412698413,40.67460317460318,59.32539682539682,9.89,134.609
2017-07-19,81.94444444444444,35.51587301587302,72.02380952380952,100.0,87.5,35.51587301587302,84.32539682539682,49.404761904761905,64.88095238095238,9.79,135.399
2017-07-20,83.92857142857143,56.15079365079365,70.43650793650794,100.0,50.595238095238095,56.15079365079365,80.15873015873017,66.86507936507937,66.07142857142857,9.58,135.578
2017-07-21,80.75396825396825,59.32539682539682,68.05555555555554,100.0,71.23015873015873,59.32539682539682,84.52380952380952,54.563492063492056,58.92857142857143,9.36,135.522
2017-07-24,78.37301587301587,31.150793650793652,60.11904761904762,100.0,88.29365079365078,31.150793650793652,81.94444444444444,82.73809523809523,60.91269841269841,9.43,136.142
2017-07-25,68.05555555555556,7.341269841269842,53.769841269841265,100.0,73.21428571428571,7.341269841269842,88.09523809523809,57.738095238095234,76.38888888888889,9.43,135.794
2017-07-26,81.94444444444444,19.246031746031747,50.39682539682539,100.0,80.35714285714286,19.246031746031747,74.40476190476191,26.785714285714285,71.23015873015873,9.6,136.236
2017-07-27,75.9920634920635,66.46825396825396,44.64285714285714,99.45,98.61111111111111,66.46825396825396,64.48412698412699,24.00793650793651,74.0079365079365,10.11,135.381
2017-07-28,64.88095238095238,43.05555555555556,49.404761904761905,98.55000000000001,92.65873015873017,43.05555555555556,63.29365079365079,7.341269841269842,68.84920634920636,10.29,135.268
2017-07-31,52.976190476190474,30.357142857142854,41.46825396825396,98.7,76.78571428571429,30.357142857142854,58.13492063492064,45.83333333333333,52.57936507936508,10.26,134.694
2017-08-01,60.51587301587301,32.34126984126984,28.769841269841272,99.55,50.595238095238095,32.34126984126984,56.94444444444444,31.944444444444443,47.023809523809526,10.09,135.004
2017-08-02,65.67460317460318,86.70634920634922,39.08730158730158,98.60000000000001,93.05555555555556,86.70634920634922,45.43650793650794,16.865079365079367,48.611111111111114,10.28,135.371
2017-08-03,66.46825396825396,37.89682539682539,36.507936507936506,97.8,37.89682539682539,37.89682539682539,35.51587301587302,8.928571428571429,41.86507936507936,10.44,134.845
2017-08-04,81.54761904761905,90.67460317460318,32.14285714285714,99.85000000000001,71.23015873015873,90.67460317460318,39.88095238095239,28.373015873015873,48.21428571428571,10.03,135.089
2017-08-07,75.1984126984127,62.10317460317461,44.84126984126984,100.0,60.51587301587301,62.10317460317461,41.46825396825397,41.07142857142857,49.00793650793651,9.93,135.945
2017-08-08,76.38888888888889,81.54761904761905,50.0,95.19999999999999,79.16666666666666,81.54761904761905,26.785714285714285,11.30952380952381,54.56349206349206,10.96,135.71
2017-08-09,88.69047619047619,49.007936507936506,45.43650793650794,94.45,86.30952380952381,49.007936507936506,24.404761904761905,10.912698412698413,41.07142857142857,11.11,135.531
2017-08-10,82.73809523809523,88.69047619047619,38.0952380952381,69.80000000000001,97.42063492063492,88.69047619047619,6.547619047619048,2.976190476190476,27.97619047619048,16.04,132.625
2017-08-11,74.0079365079365,92.26190476190477,40.87301587301587,72.45,93.05555555555556,92.26190476190477,5.753968253968254,1.7857142857142856,27.97619047619048,15.51,133.631
2017-08-14,79.16666666666666,81.94444444444444,35.11904761904761,88.35,80.35714285714286,81.94444444444444,21.23015873015873,7.738095238095238,36.70634920634921,12.33,135.352
2017-08-15,79.16666666666666,96.62698412698413,28.76984126984127,89.80000000000001,52.976190476190474,96.62698412698413,19.246031746031747,12.5,43.05555555555556,12.04,135.446
2017-08-16,85.11904761904762,71.23015873015873,30.555555555555554,91.3,62.5,71.23015873015873,29.96031746031746,15.674603174603174,38.29365079365079,11.74,135.681
2017-08-17,75.59523809523809,62.10317460317461,26.78571428571429,72.25,61.30952380952381,62.10317460317461,6.15079365079365,2.579365079365079,25.198412698412696,15.55,132.907
2017-08-18,85.51587301587301,37.5,13.690476190476192,78.7,37.89682539682539,37.5,3.7698412698412698,1.3888888888888888,24.404761904761912,14.26,132.813
2017-08-21,85.51587301587301,74.0079365079365,8.730158730158731,84.05,68.84920634920636,74.0079365079365,7.738095238095238,3.373015873015873,24.007936507936506,13.19,132.644
2017-08-22,81.94444444444444,47.817460317460316,10.317460317460316,93.25,37.89682539682539,47.817460317460316,22.023809523809522,9.325396825396826,30.35714285714286,11.35,134.666
2017-08-23,75.9920634920635,87.89682539682539,6.5476190476190474,88.75,43.84920634920635,87.89682539682539,17.658730158730158,4.563492063492063,25.595238095238088,12.25,134.186
2017-08-24,67.65873015873017,54.166666666666664,18.452380952380953,88.85,64.88095238095238,54.166666666666664,17.658730158730158,6.944444444444445,25.595238095238088,12.23,133.791
2017-08-25,59.32539682539682,68.05555555555556,29.960317460317462,93.60000000000001,54.563492063492056,68.05555555555556,22.817460317460316,3.7698412698412698,25.0,11.28,133.509
2017-08-28,60.51587301587301,51.78571428571429,39.08730158730159,93.4,55.75396825396825,51.78571428571429,21.626984126984127,4.166666666666666,24.007936507936506,11.32,133.923
2017-08-29,81.15079365079364,63.69047619047619,43.65079365079365,91.5,61.30952380952381,63.69047619047619,20.833333333333336,0.992063492063492,22.02380952380952,11.7,134.45
2017-08-30,90.27777777777779,31.944444444444443,44.44444444444444,93.89999999999999,64.88095238095238,31.944444444444443,43.84920634920635,13.690476190476192,26.388888888888886,11.22,136.029
2017-08-31,82.73809523809523,15.674603174603174,30.555555555555554,97.05,62.89682539682539,15.674603174603174,70.83333333333334,11.706349206349206,23.214285714285708,10.59,137.487
2017-09-01,60.51587301587301,46.62698412698413,29.166666666666664,99.35,30.357142857142854,46.62698412698413,83.92857142857143,17.261904761904763,27.182539682539684,10.13,137.299
2017-09-05,53.37301587301587,88.29365079365078,28.373015873015873,88.85,36.30952380952381,88.29365079365078,52.976190476190474,9.722222222222223,18.849206349206355,12.23,136.067
2017-09-06,50.99206349206349,17.261904761904763,20.039682539682538,91.85,2.1825396825396823,17.261904761904763,58.92857142857143,10.119047619047619,19.246031746031747,11.63,136.481
2017-09-07,52.976190476190474,16.071428571428573,19.642857142857142,92.25,49.007936507936506,16.071428571428573,68.05555555555556,8.134920634920634,18.45238095238095,11.55,136.801
2017-09-08,66.46825396825396,24.404761904761905,26.58730158730159,89.4,27.18253968253968,24.404761904761905,66.86507936507937,5.357142857142857,18.45238095238095,12.12,135.616
2017-09-11,79.56349206349206,41.46825396825397,24.801587301587304,96.35,20.436507936507937,41.46825396825397,89.48412698412699,18.452380952380953,27.97619047619048,10.73,137.177
2017-09-12,81.54761904761905,92.65873015873017,21.428571428571427,97.1,89.48412698412699,92.65873015873017,89.88095238095238,42.65873015873016,35.51587301587301,10.58,137.506
2017-09-13,79.96031746031747,72.81746031746032,11.706349206349206,97.5,65.27777777777779,72.81746031746032,80.35714285714286,24.801587301587304,39.88095238095239,10.5,137.694
2017-09-14,77.18253968253968,14.484126984126986,10.119047619047619,97.8,54.96031746031746,14.484126984126986,85.51587301587301,31.547619047619047,39.087301587301596,10.44,136.885
2017-09-15,75.59523809523809,68.84920634920636,15.277777777777777,99.15,28.373015873015873,68.84920634920636,88.88888888888889,39.48412698412698,41.07142857142857,10.17,137.355
2017-09-18,66.07142857142857,93.45238095238095,16.46825396825397,99.25,86.30952380952381,93.45238095238095,80.35714285714286,36.7063492063492,50.992063492063494,10.15,137.176
2017-09-19,70.83333333333334,35.91269841269841,15.277777777777777,99.1,27.18253968253968,35.91269841269841,81.15079365079364,28.76984126984127,57.34126984126984,10.18,137.411
2017-09-20,48.214285714285715,93.84920634920636,17.261904761904763,100.0,61.30952380952381,93.84920634920636,75.59523809523809,36.30952380952381,67.26190476190476,9.78,136.987
2017-09-21,49.801587301587304,95.83333333333334,18.849206349206348,100.0,85.9126984126984,95.83333333333334,63.49206349206349,10.119047619047619,58.13492063492063,9.67,136.148
2017-09-22,45.83333333333333,64.48412698412699,25.198412698412696,100.0,71.23015873015873,64.48412698412699,65.07936507936508,4.563492063492063,56.547619047619044,9.59,136.017
2017-09-25,40.67460317460318,88.29365079365078,21.626984126984127,98.94999999999999,94.24603174603175,88.29365079365078,49.404761904761905,12.896825396825399,41.86507936507936,10.21,134.584
2017-09-26,44.24603174603175,96.62698412698413,31.349206349206348,99.15,91.07142857142857,96.62698412698413,43.452380952380956,15.674603174603174,47.42063492063492,10.17,134.933
2017-09-27,38.69047619047619,67.26190476190477,29.76190476190476,100.0,71.62698412698413,67.26190476190477,56.547619047619044,14.087301587301587,71.23015873015873,9.87,136.148
2017-09-28,49.801587301587304,21.626984126984127,34.523809523809526,100.0,24.00793650793651,21.626984126984127,51.78571428571429,37.5,72.81746031746032,9.55,136.101
2017-09-29,54.96031746031746,43.452380952380956,27.579365079365083,100.0,50.99206349206349,43.452380952380956,61.70634920634921,39.88095238095239,79.16666666666666,9.51,137.082
2017-10-02,71.62698412698413,45.43650793650794,25.396825396825395,100.0,16.865079365079367,45.43650793650794,75.59523809523809,43.452380952380956,80.35714285714286,9.45,137.204
2017-10-03,50.198412698412696,49.007936507936506,19.841269841269842,100.0,21.23015873015873,49.007936507936506,75.59523809523809,48.61111111111111,80.75396825396825,9.51,137.496
2017-10-04,37.10317460317461,19.642857142857142,21.42857142857143,100.0,41.46825396825397,19.642857142857142,81.94444444444444,37.5,81.15079365079364,9.63,137.628
2017-10-05,45.83333333333333,8.928571428571429,19.841269841269842,100.0,59.32539682539682,8.928571428571429,93.45238095238095,29.563492063492063,84.32539682539682,9.19,138.976
2017-10-06,46.62698412698413,6.547619047619048,19.642857142857142,100.0,63.29365079365079,6.547619047619048,89.28571428571429,30.753968253968257,84.72222222222223,9.65,139.164
2017-10-09,56.94444444444444,18.849206349206348,28.96825396825397,98.35,90.67460317460318,18.849206349206348,80.95238095238095,37.89682539682539,83.92857142857143,10.33,139.004
2017-10-10,52.57936507936508,47.817460317460316,49.007936507936506,99.6,74.40476190476191,47.817460317460316,90.27777777777779,66.46825396825396,83.13492063492063,10.08,139.108
2017-10-11,70.43650793650794,22.023809523809522,51.785714285714285,100.0,28.76984126984127,22.023809523809522,90.67460317460318,79.16666666666666,83.92857142857143,9.85,139.523
2017-10-12,56.94444444444444,31.547619047619047,61.30952380952381,100.0,67.65873015873017,31.547619047619047,90.67460317460318,76.38888888888889,81.94444444444444,9.91,139.268
2017-10-13,66.07142857142857,36.30952380952381,66.46825396825398,100.0,57.738095238095234,36.30952380952381,87.5,52.182539682539684,78.37301587301587,9.61,139.805
2017-10-16,54.96031746031746,39.08730158730159,67.85714285714286,100.0,80.35714285714286,39.08730158730159,85.11904761904762,91.07142857142857,80.35714285714286,9.91,140.286
2017-10-17,72.02380952380952,17.261904761904763,74.40476190476191,98.45,63.29365079365079,17.261904761904763,77.97619047619048,66.46825396825396,80.75396825396825,10.31,140.465
2017-10-18,66.07142857142857,75.9920634920635,73.41269841269842,99.65,62.10317460317461,75.9920634920635,71.82539682539682,54.166666666666664,85.11904761904762,10.07,140.295
2017-10-19,68.45238095238095,64.88095238095238,65.27777777777777,99.75,65.27777777777779,64.88095238095238,77.97619047619048,54.166666666666664,83.13492063492063,10.05,139.777
2017-10-20,50.198412698412696,60.11904761904761,64.28571428571428,100.0,41.46825396825397,60.11904761904761,91.07142857142857,82.34126984126983,93.84920634920636,9.97,140.154
2017-10-23,59.72222222222222,31.547619047619047,43.45238095238095,94.65,48.214285714285715,31.547619047619047,80.75396825396825,45.43650793650794,89.88095238095238,11.07,139.24
2017-10-24,47.817460317460316,28.76984126984127,30.35714285714286,94.2,15.277777777777779,28.76984126984127,77.18253968253968,57.738095238095234,95.83333333333333,11.16,139.475
2017-10-25,62.10317460317461,35.51587301587302,25.396825396825395,93.85,47.023809523809526,35.51587301587302,51.78571428571429,22.817460317460316,93.84920634920636,11.23,138.948
2017-10-26,56.15079365079365,9.325396825396826,22.817460317460316,93.5,23.61111111111111,9.325396825396826,59.32539682539682,34.32539682539682,96.62698412698413,11.3,138.505
2017-10-27,94.64285714285714,99.40476190476191,20.43650793650794,100.0,99.40476190476191,99.40476190476191,59.12698412698413,55.75396825396825,97.02380952380952,9.8,142.538
2017-10-30,94.24603174603175,79.56349206349206,29.761904761904763,97.5,95.83333333333334,79.56349206349206,33.13492063492063,59.72222222222222,88.69047619047619,10.5,142.859
2017-10-31,77.57936507936508,72.42063492063492,33.33333333333333,99.1,63.69047619047619,72.42063492063492,37.89682539682539,72.42063492063492,84.32539682539682,10.18,143.396
2017-11-01,79.56349206349206,49.801587301587304,55.357142857142854,99.0,92.65873015873017,49.801587301587304,36.30952380952381,61.70634920634921,83.92857142857143,10.2,143.349
2017-11-02,79.96031746031747,70.83333333333334,71.42857142857143,100.0,93.05555555555556,70.83333333333334,43.05555555555556,80.75396825396825,80.75396825396825,9.93,143.076
2017-11-03,85.11904761904762,99.40476190476191,80.35714285714286,100.0,98.21428571428571,99.40476190476191,39.08730158730159,96.62698412698413,81.94444444444444,9.14,144.452
2017-11-06,67.26190476190477,95.03968253968253,71.62698412698413,100.0,71.62698412698413,95.03968253968253,42.26190476190476,95.43650793650794,80.35714285714286,9.4,144.942
2017-11-07,63.69047619047619,78.37301587301587,88.0952380952381,100.0,58.92857142857143,78.37301587301587,28.968253968253972,70.83333333333334,78.76984126984127,9.89,145.026
2017-11-08,65.67460317460318,52.182539682539684,84.92063492063492,100.0,45.43650793650794,52.182539682539684,35.714285714285715,53.769841269841265,81.54761904761905,9.78,145.611
2017-11-09,46.230158730158735,88.29365079365078,84.92063492063491,97.5,82.34126984126983,88.29365079365078,23.214285714285715,45.03968253968254,77.18253968253968,10.5,144.847
2017-11-10,38.69047619047619,69.64285714285714,78.17460317460316,93.55000000000001,73.21428571428571,69.64285714285714,26.190476190476193,72.81746031746032,89.08730158730158,11.29,144.838
2017-11-13,27.976190476190478,33.92857142857143,73.4126984126984,92.5,60.51587301587301,33.92857142857143,29.166666666666668,55.75396825396825,90.27777777777777,11.5,145.017
2017-11-14,26.785714285714285,22.023809523809522,62.10317460317461,92.05,71.23015873015873,22.023809523809522,29.761904761904763,27.976190476190478,84.32539682539682,11.59,144.489
2017-11-15,27.579365079365083,56.94444444444444,50.39682539682539,84.35,68.45238095238095,56.94444444444444,12.5,19.246031746031747,71.62698412698413,13.13,143.811
2017-11-16,25.595238095238095,45.83333333333333,37.8968253968254,91.2,43.84920634920635,45.83333333333333,31.150793650793652,20.436507936507937,85.51587301587301,11.76,145.649
2017-11-17,20.833333333333336,79.56349206349206,26.38888888888889,92.85000000000001,61.30952380952381,79.56349206349206,31.349206349206348,54.166666666666664,79.56349206349206,11.43,145.092
2017-11-20,19.246031746031747,68.05555555555556,25.3968253968254,96.75,10.119047619047619,68.05555555555556,40.07936507936508,88.69047619047619,85.11904761904762,10.65,144.979
2017-11-21,23.61111111111111,77.97619047619048,28.96825396825397,100.0,24.00793650793651,77.97619047619048,57.341269841269835,70.43650793650794,90.27777777777777,9.73,146.553
2017-11-22,24.00793650793651,91.46825396825396,43.25396825396825,100.0,70.83333333333334,91.46825396825396,49.60317460317461,98.61111111111111,82.34126984126985,9.88,146.732
2017-11-24,29.96031746031746,97.81746031746032,58.53174603174603,100.0,97.42063492063492,97.81746031746032,59.32539682539682,99.8015873015873,87.5,9.67,147.27
2017-11-27,27.18253968253968,89.0873015873016,70.03968253968254,100.0,89.0873015873016,89.0873015873016,53.37301587301587,97.81746031746032,83.13492063492063,9.87,147.204
2017-11-28,20.833333333333336,78.37301587301587,66.66666666666667,99.85000000000001,52.182539682539684,78.37301587301587,86.70634920634922,52.57936507936508,96.23015873015873,10.03,147.581
2017-11-29,14.880952380952381,97.42063492063492,81.34920634920636,96.5,96.62698412698413,97.42063492063492,77.57936507936508,78.76984126984127,99.4047619047619,10.7,145.008
2017-11-30,15.277777777777779,71.62698412698413,75.39682539682539,93.60000000000001,23.214285714285715,71.62698412698413,85.11904761904762,56.15079365079365,99.8015873015873,11.28,146.223
2017-12-01,18.452380952380953,97.02380952380952,53.96825396825397,92.85000000000001,68.84920634920636,97.02380952380952,83.53174603174604,41.07142857142857,96.23015873015873,11.43,145.601
2017-12-04,14.087301587301587,89.88095238095238,59.92063492063492,91.6,72.42063492063492,89.88095238095238,59.12698412698413,79.56349206349206,95.03968253968254,11.68,143.924
2017-12-05,18.055555555555554,88.69047619047619,70.83333333333334,93.35,64.48412698412699,88.69047619047619,39.08730158730159,62.10317460317461,91.07142857142857,11.33,144.018
2017-12-06,20.436507936507937,70.03968253968253,50.992063492063494,94.9,46.230158730158735,70.03968253968253,38.69047619047619,36.30952380952381,86.30952380952381,11.02,144.668
2017-12-07,20.833333333333336,86.30952380952381,50.39682539682539,99.2,43.05555555555556,86.30952380952381,55.35714285714286,52.182539682539684,94.64285714285714,10.16,145.158
2017-12-08,18.849206349206348,55.35714285714286,54.166666666666664,100.0,37.10317460317461,55.35714285714286,68.05555555555556,95.03968253968253,99.0079365079365,9.58,145.799
2017-12-11,23.61111111111111,63.29365079365079,41.666666666666664,100.0,37.10317460317461,63.29365079365079,71.03174603174604,91.86507936507937,99.8015873015873,9.34,146.93
2017-12-12,26.38888888888889,33.53174603174603,44.84126984126984,100.0,20.436507936507937,33.53174603174603,61.30952380952381,99.40476190476191,99.8015873015873,9.92,146.732
2017-12-13,28.373015873015873,56.547619047619044,49.6031746031746,99.1,16.071428571428573,56.547619047619044,56.547619047619044,99.40476190476191,98.21428571428571,10.18,147.015
2017-12-14,39.08730158730159,29.96031746031746,50.3968253968254,97.55,24.00793650793651,29.96031746031746,27.976190476190478,88.69047619047619,97.02380952380952,10.49,146.911
2017-12-15,31.150793650793652,63.69047619047619,49.404761904761905,100.0,20.03968253968254,63.69047619047619,64.0873015873016,81.54761904761905,98.61111111111111,9.42,148.58
2017-12-18,20.833333333333336,75.1984126984127,50.3968253968254,100.0,27.579365079365083,75.1984126984127,82.34126984126983,91.46825396825396,99.8015873015873,9.53,149.826
2017-12-19,22.817460317460316,66.86507936507937,51.58730158730159,99.85000000000001,33.92857142857143,66.86507936507937,66.86507936507937,99.40476190476191,99.8015873015873,10.03,148.938
2017-12-20,22.42063492063492,41.46825396825397,51.78571428571429,100.0,35.11904761904761,41.46825396825397,53.17460317460318,99.40476190476191,99.8015873015873,9.72,148.777
2017-12-21,28.373015873015873,22.42063492063492,52.77777777777778,100.0,13.293650793650794,22.42063492063492,48.61111111111111,98.21428571428571,99.8015873015873,9.62,148.796
2017-12-22,38.69047619047619,56.547619047619044,52.57936507936508,100.0,30.357142857142854,56.547619047619044,36.7063492063492,81.15079365079364,99.4047619047619,9.9,148.626
2017-12-26,28.373015873015873,94.24603174603175,52.38095238095238,98.75,95.03968253968253,94.24603174603175,33.53174603174603,93.05555555555556,98.61111111111111,10.25,147.823
2017-12-27,30.357142857142854,61.70634920634921,49.8015873015873,97.64999999999999,51.388888888888886,61.70634920634921,45.43650793650794,92.26190476190477,97.81746031746032,10.47,147.842
2017-12-28,25.198412698412696,11.706349206349206,50.1984126984127,99.1,66.86507936507937,11.706349206349206,63.69047619047619,99.8015873015873,97.81746031746032,10.18,148.022
2017-12-29,26.785714285714285,53.769841269841265,48.41269841269841,94.80000000000001,66.46825396825396,53.769841269841265,24.801587301587304,87.10317460317461,96.62698412698413,11.04,147.106
2018-01-02,24.404761904761905,19.246031746031747,51.58730158730159,100.0,25.198412698412696,19.246031746031747,43.25396825396825,99.0079365079365,97.42063492063492,9.77,149.684
2018-01-03,29.166666666666668,89.48412698412699,51.58730158730159,100.0,72.81746031746032,89.48412698412699,75.1984126984127,95.83333333333334,97.81746031746032,9.15,151.138
2018-01-04,39.88095238095239,74.40476190476191,53.57142857142857,100.0,55.75396825396825,74.40476190476191,79.36507936507937,95.83333333333334,99.8015873015873,9.22,151.403
2018-01-05,38.69047619047619,30.357142857142854,53.37301587301587,100.0,38.2936507936508,30.357142857142854,92.85714285714286,97.02380952380952,99.8015873015873,9.22,152.923
2018-01-08,22.023809523809522,50.595238095238095,57.93650793650794,100.0,62.5,50.595238095238095,93.65079365079364,99.8015873015873,99.8015873015873,9.52,153.518
2018-01-09,21.626984126984127,43.84920634920635,73.01587301587301,99.6,36.30952380952381,43.84920634920635,88.09523809523809,99.0079365079365,99.8015873015873,10.08,153.528
2018-01-10,29.96031746031746,68.84920634920636,87.89682539682539,100.0,20.03968253968254,68.84920634920636,79.56349206349206,99.40476190476191,99.4047619047619,9.82,153.169
2018-01-11,14.484126984126986,10.912698412698413,94.44444444444446,100.0,11.30952380952381,10.912698412698413,89.28571428571429,96.62698412698413,99.8015873015873,9.88,154.217
2018-01-12,20.03968253968254,14.087301587301587,94.44444444444446,99.2,95.83333333333334,14.087301587301587,91.86507936507937,98.21428571428571,99.8015873015873,10.16,155.351
2018-01-16,40.67460317460318,29.96031746031746,96.23015873015873,91.7,91.86507936507937,29.96031746031746,77.38095238095238,95.03968253968253,99.4047619047619,11.66,154.907
2018-01-17,40.67460317460318,75.9920634920635,90.27777777777777,90.45,87.10317460317461,75.9920634920635,94.64285714285714,92.65873015873017,99.8015873015873,11.91,156.578
2018-01-18,41.86507936507937,56.94444444444444,82.34126984126985,88.89999999999999,62.10317460317461,56.94444444444444,93.05555555555556,94.24603174603175,99.8015873015873,12.22,156.607
2018-01-19,27.18253968253968,58.92857142857143,57.53968253968254,93.65,75.59523809523809,58.92857142857143,95.83333333333334,99.0079365079365,99.8015873015873,11.27,157.098
2018-01-22,40.27777777777778,22.023809523809522,61.11111111111111,94.85000000000001,63.29365079365079,22.023809523809522,96.23015873015873,99.8015873015873,99.8015873015873,11.03,158.779
2018-01-23,47.023809523809526,16.071428571428573,55.15873015873016,94.5,89.88095238095238,16.071428571428573,97.81746031746032,99.8015873015873,99.4047619047619,11.1,160.092
2018-01-24,43.452380952380956,50.99206349206349,59.32539682539682,92.64999999999999,91.46825396825396,50.99206349206349,94.84126984126983,97.81746031746032,99.8015873015873,11.47,159.053
2018-01-25,49.801587301587304,56.547619047619044,72.81746031746032,92.1,68.45238095238095,56.547619047619044,91.86507936507937,97.02380952380952,99.0079365079365,11.58,158.996
2018-01-26,54.166666666666664,77.18253968253968,83.92857142857143,94.6,87.89682539682539,77.18253968253968,96.23015873015873,98.61111111111111,99.8015873015873,11.08,161.433
2018-01-29,63.69047619047619,82.34126984126983,91.46825396825398,80.8,94.64285714285714,82.34126984126983,75.9920634920635,95.03968253968253,99.8015873015873,13.84,160.649
2018-01-30,17.261904761904763,57.738095238095234,91.26984126984127,76.05000000000001,81.15079365079364,57.738095238095234,43.05555555555556,85.9126984126984,99.0079365079365,14.79,159.327
2018-01-31,15.674603174603174,16.071428571428573,84.32539682539684,82.30000000000001,69.24603174603175,16.071428571428573,40.67460317460318,69.64285714285714,97.02380952380952,13.54,159.988
2018-02-01,25.198412698412696,25.198412698412696,78.96825396825398,82.64999999999999,97.81746031746032,25.198412698412696,21.626984126984127,87.89682539682539,98.61111111111111,13.47,158.628
2018-02-02,12.103174603174603,80.35714285714286,82.93650793650794,63.45,98.61111111111111,80.35714285714286,0.992063492063492,71.23015873015873,96.23015873015873,17.31,155.464
2018-02-05,3.373015873015873,86.30952380952381,69.04761904761905,6.700000000000003,95.83333333333334,86.30952380952381,0.1984126984126984,12.896825396825399,92.26190476190476,37.32,149.335
2018-02-06,8.134920634920634,81.54761904761905,48.412698412698404,25.049999999999997,86.70634920634922,81.54761904761905,0.5952380952380952,41.86507936507937,93.84920634920636,29.98,153.292
2018-02-07,7.341269841269842,75.59523809523809,47.420634920634924,30.674999999999997,82.34126984126983,75.59523809523809,0.992063492063492,41.46825396825397,94.24603174603175,27.73,151.308
2018-02-08,2.976190476190476,62.10317460317461,25.198412698412696,16.349999999999994,89.88095238095238,62.10317460317461,0.1984126984126984,12.896825396825399,89.08730158730158,33.46,144.924
2018-02-09,4.563492063492063,91.86507936507937,22.61904761904762,27.349999999999994,97.02380952380952,91.86507936507937,0.992063492063492,15.277777777777779,91.07142857142857,29.06,147.427
2018-02-12,9.722222222222223,81.15079365079364,32.93650793650794,35.974999999999994,93.45238095238095,81.15079365079364,1.7857142857142856,18.452380952380953,92.65873015873015,25.61,150.043
2018-02-13,12.103174603174603,47.023809523809526,53.37301587301587,37.575,80.75396825396825,47.023809523809526,2.579365079365079,44.24603174603175,92.26190476190476,24.97,150.817
2018-02-14,8.928571428571429,65.27777777777779,57.936507936507944,53.69999999999999,85.11904761904762,65.27777777777779,2.976190476190476,62.89682539682539,95.43650793650794,19.26,153.641
2018-02-15,31.944444444444443,90.67460317460318,71.23015873015873,54.35,89.88095238095238,90.67460317460318,9.722222222222223,86.70634920634922,96.23015873015873,19.13,156.493
2018-02-16,27.976190476190478,77.57936507936508,79.56349206349206,52.699999999999996,67.26190476190477,77.57936507936508,12.103174603174603,70.83333333333334,95.03968253968254,19.46,155.795
2018-02-20,29.563492063492063,95.83333333333334,88.88888888888889,48.5,94.24603174603175,95.83333333333334,8.531746031746032,76.78571428571429,94.64285714285714,20.6,156.106
2018-02-21,77.57936507936508,70.83333333333334,90.27777777777777,49.95,94.24603174603175,70.83333333333334,6.944444444444445,66.46825396825396,94.64285714285714,20.02,155.662
2018-02-22,79.96031746031747,41.07142857142857,89.0873015873016,56.400000000000006,78.37301587301587,41.07142857142857,8.928571428571429,41.07142857142857,94.24603174603175,18.72,155.643
2018-02-23,64.48412698412699,82.34126984126983,85.9126984126984,67.55000000000001,81.94444444444444,82.34126984126983,46.82539682539682,75.59523809523809,96.62698412698413,16.49,158.826
2018-02-26,92.65873015873017,85.11904761904762,90.47619047619048,71.0,78.37301587301587,85.11904761904762,76.78571428571429,93.84920634920636,98.21428571428571,15.8,160.932
2018-02-27,85.9126984126984,73.21428571428571,91.86507936507937,57.05,58.92857142857143,73.21428571428571,36.11111111111111,90.27777777777779,97.02380952380952,18.59,158.94
2018-02-28,87.89682539682539,72.02380952380952,91.86507936507937,50.74999999999999,49.404761904761905,72.02380952380952,17.261904761904763,80.75396825396825,91.07142857142857,19.85,157.92
2018-03-01,73.21428571428571,74.40476190476191,91.07142857142857,43.825,87.89682539682539,74.40476190476191,8.134920634920634,35.91269841269841,87.10317460317461,22.47,155.341
2018-03-02,93.05555555555556,80.35714285714286,91.26984126984127,52.050000000000004,94.24603174603175,80.35714285714286,14.880952380952381,69.24603174603175,89.08730158730158,19.59,156.767
2018-03-05,86.70634920634922,41.46825396825397,90.07936507936509,56.35,88.69047619047619,41.46825396825397,49.801587301587304,81.15079365079364,91.07142857142857,18.73,158.505
2018-03-06,76.78571428571429,77.57936507936508,88.69047619047619,58.2,86.70634920634922,77.57936507936508,60.11904761904761,79.56349206349206,91.46825396825398,18.36,159.176
2018-03-07,95.83333333333334,72.02380952380952,88.88888888888889,61.199999999999996,77.57936507936508,72.02380952380952,53.769841269841265,82.73809523809523,91.46825396825398,17.76,159.544
2018-03-08,90.67460317460318,31.150793650793652,92.26190476190476,67.30000000000001,54.96031746031746,31.150793650793652,71.23015873015873,87.10317460317461,91.46825396825398,16.54,160.422
2018-03-09,90.27777777777779,83.53174603174604,93.05555555555557,76.8,82.34126984126983,83.53174603174604,98.61111111111111,92.26190476190477,97.81746031746032,14.64,163.539
2018-03-12,95.83333333333334,97.02380952380952,95.43650793650794,71.1,97.02380952380952,97.02380952380952,93.84920634920636,96.23015873015873,95.43650793650794,15.78,164.408
2018-03-13,90.27777777777779,99.0079365079365,95.83333333333334,68.25,95.83333333333334,99.0079365079365,77.18253968253968,94.24603174603175,91.86507936507937,16.35,162.169
2018-03-14,83.13492063492063,79.56349206349206,95.63492063492063,63.849999999999994,91.86507936507937,79.56349206349206,54.96031746031746,81.54761904761905,88.69047619047619,17.23,162.141
2018-03-15,82.34126984126983,51.388888888888886,95.43650793650794,67.05,62.5,51.388888888888886,42.26190476190476,91.46825396825396,89.08730158730158,16.59,161.999
2018-03-16,52.976190476190474,28.373015873015873,92.65873015873015,71.0,22.023809523809522,28.373015873015873,65.67460317460318,83.13492063492063,90.27777777777777,15.8,161.518
2018-03-19,17.261904761904763,97.81746031746032,89.68253968253968,54.900000000000006,99.0079365079365,97.81746031746032,26.38888888888889,79.16666666666666,86.7063492063492,19.02,158.071
2018-03-20,27.976190476190478,98.61111111111111,85.11904761904762,59.0,99.40476190476191,98.61111111111111,29.96031746031746,68.05555555555556,88.69047619047619,18.2,158.592
2018-03-21,20.436507936507937,95.83333333333334,84.72222222222223,60.7,98.21428571428571,95.83333333333334,27.18253968253968,79.16666666666666,86.7063492063492,17.86,157.901
2018-03-22,50.0,58.92857142857143,82.93650793650792,41.65,96.62698412698413,58.92857142857143,2.976190476190476,43.05555555555556,80.75396825396825,23.34,154.004
2018-03-23,50.0,90.27777777777779,79.76190476190476,37.824999999999996,96.62698412698413,90.27777777777779,2.1825396825396823,27.976190476190478,74.4047619047619,24.87,149.945
2018-03-26,50.0,98.21428571428571,74.2063492063492,47.425,98.61111111111111,98.21428571428571,4.563492063492063,51.78571428571429,81.54761904761905,21.03,155.517
2018-03-27,50.0,93.05555555555556,74.60317460317461,43.75,98.21428571428571,93.05555555555556,3.373015873015873,59.32539682539682,74.8015873015873,22.5,150.485
2018-03-28,50.0,97.02380952380952,64.88095238095238,42.824999999999996,99.8015873015873,97.02380952380952,3.373015873015873,17.658730158730158,73.21428571428572,22.87,148.753
2018-03-29,50.0,97.02380952380952,63.492063492063494,50.150000000000006,99.0079365079365,97.02380952380952,6.547619047619048,43.84920634920635,75.5952380952381,19.97,151.478
2018-04-02,50.0,94.64285714285714,59.523809523809526,40.949999999999996,95.43650793650794,94.64285714285714,3.373015873015873,12.5,64.88095238095238,23.62,147.107
2018-04-03,50.0,88.69047619047619,56.15079365079365,47.25,95.83333333333334,88.69047619047619,4.563492063492063,29.166666666666668,71.62698412698413,21.1,148.763
2018-04-04,50.0,85.9126984126984,56.150793650793645,49.85,95.03968253968253,85.9126984126984,9.920634920634921,65.67460317460318,74.0079365079365,20.06,151.109
2018-04-05,50.0,93.84920634920636,71.03174603174602,55.3,95.03968253968253,93.84920634920636,15.674603174603174,87.10317460317461,78.76984126984127,18.94,151.97
2018-04-06,50.0,71.23015873015873,69.84126984126985,46.275000000000006,91.07142857142857,71.23015873015873,5.357142857142857,41.46825396825397,68.84920634920636,21.49,148.167
2018-04-09,50.0,44.642857142857146,78.57142857142857,45.575,83.13492063492063,44.642857142857146,6.15079365079365,54.166666666666664,70.43650793650794,21.77,149.208
2018-04-10,50.0,53.769841269841265,80.75396825396825,48.825,88.29365079365078,53.769841269841265,16.46825396825397,50.595238095238095,76.38888888888889,20.47,152.499
2018-04-11,50.0,33.13492063492063,78.96825396825398,49.400000000000006,94.24603174603175,33.13492063492063,12.698412698412698,58.92857142857143,73.21428571428572,20.24,151.62
2018-04-12,50.0,51.78571428571429,77.97619047619047,57.550000000000004,77.18253968253968,51.78571428571429,25.992063492063494,79.16666666666666,78.76984126984127,18.49,153.445
2018-04-13,50.0,94.24603174603175,81.15079365079364,62.95,87.5,94.24603174603175,19.246031746031747,59.32539682539682,77.57936507936508,17.41,152.651
2018-04-16,50.0,22.817460317460316,78.96825396825398,67.2,67.65873015873017,22.817460317460316,67.65873015873017,34.72222222222222,79.96031746031746,16.56,153.814
2018-04-17,50.0,46.62698412698413,82.73809523809524,73.75,91.07142857142857,46.62698412698413,99.0079365079365,71.62698412698413,81.54761904761905,15.25,157.125
2018-04-18,50.0,39.88095238095239,86.11111111111111,72.0,69.64285714285714,39.88095238095239,99.8015873015873,86.30952380952381,82.73809523809524,15.6,157.447
2018-04-19,50.0,63.29365079365079,84.72222222222223,70.19999999999999,80.75396825396825,63.29365079365079,83.53174603174604,73.21428571428571,83.53174603174602,15.96,156.0
2018-04-20,50.0,76.78571428571429,83.33333333333334,65.6,80.35714285714286,76.78571428571429,53.769841269841265,56.547619047619044,81.94444444444444,16.88,153.531
2018-04-23,50.0,33.13492063492063,85.51587301587301,68.3,81.54761904761905,33.13492063492063,53.57142857142857,72.81746031746032,83.53174603174602,16.34,153.143
2018-04-24,50.0,15.674603174603174,82.34126984126983,59.900000000000006,88.29365079365078,15.674603174603174,22.817460317460316,45.43650793650794,79.96031746031746,18.02,149.898
2018-04-25,50.0,17.261904761904763,75.0,60.8,84.32539682539682,17.261904761904763,22.817460317460316,36.30952380952381,80.75396825396825,17.84,150.078
2018-04-26,50.0,60.912698412698404,73.61111111111111,68.80000000000001,93.05555555555556,60.912698412698404,33.92857142857143,66.86507936507937,83.92857142857143,16.24,153.237
2018-04-27,50.0,99.40476190476191,78.76984126984128,72.95,97.42063492063492,99.40476190476191,39.48412698412698,63.29365079365079,80.75396825396825,15.41,153.332
2018-04-30,50.0,40.67460317460318,79.76190476190476,70.35,52.182539682539684,40.67460317460318,20.833333333333336,75.59523809523809,73.61111111111111,15.93,152.244
2018-05-01,50.0,33.13492063492063,80.55555555555554,72.55,59.32539682539682,33.13492063492063,22.42063492063492,56.94444444444444,74.8015873015873,15.49,153.985
2018-05-02,50.0,31.944444444444443,81.54761904761905,70.14999999999999,64.88095238095238,31.944444444444443,14.484126984126986,58.13492063492064,72.02380952380952,15.97,153.077
2018-05-03,50.0,43.84920634920635,76.98412698412699,70.5,54.96031746031746,43.84920634920635,13.690476190476192,45.03968253968254,68.05555555555556,15.9,153.058
2018-05-04,50.0,86.30952380952381,72.81746031746032,76.15,75.59523809523809,86.30952380952381,28.373015873015873,39.48412698412698,74.8015873015873,14.77,155.962
2018-05-07,22.817460317460316,69.64285714285714,80.35714285714286,76.25,75.59523809523809,69.64285714285714,30.158730158730158,88.29365079365078,76.78571428571428,14.75,157.258
2018-05-08,50.0,31.944444444444443,82.14285714285714,76.44999999999999,14.880952380952381,31.944444444444443,27.18253968253968,67.65873015873017,76.78571428571428,14.71,157.097
2018-05-09,20.03968253968254,10.515873015873016,86.30952380952381,82.9,57.738095238095234,10.515873015873016,42.46031746031746,74.40476190476191,81.54761904761905,13.42,158.809
2018-05-10,37.89682539682539,68.84920634920636,87.10317460317461,83.85,76.78571428571429,68.84920634920636,53.57142857142857,59.32539682539682,84.72222222222223,13.23,160.455
2018-05-11,43.84920634920635,72.42063492063492,89.48412698412699,86.75,70.83333333333334,72.42063492063492,64.88095238095238,77.97619047619048,85.11904761904762,12.65,160.304
2018-05-14,27.579365079365083,68.84920634920636,88.4920634920635,85.35,30.753968253968257,68.84920634920636,65.87301587301587,74.8015873015873,85.91269841269842,12.93,160.578
2018-05-15,17.658730158730158,88.29365079365078,88.2936507936508,76.85,76.38888888888889,88.29365079365078,45.03968253968254,72.42063492063492,87.89682539682539,14.63,158.8
2018-05-16,19.642857142857142,58.92857142857143,87.89682539682539,82.9,28.76984126984127,58.92857142857143,60.912698412698404,80.75396825396825,90.27777777777777,13.42,159.85
2018-05-17,5.753968253968254,47.817460317460316,86.5079365079365,82.85,22.42063492063492,47.817460317460316,60.71428571428571,48.214285714285715,91.07142857142857,13.43,159.235
2018-05-18,50.0,71.23015873015873,81.74603174603175,82.9,15.277777777777779,71.23015873015873,53.37301587301587,51.78571428571429,85.11904761904762,13.42,158.412
2018-05-21,8.134920634920634,80.35714285714286,82.34126984126985,84.6,63.69047619047619,80.35714285714286,76.98412698412699,77.18253968253968,89.08730158730158,13.08,159.301
2018-05-22,8.134920634920634,82.34126984126983,82.14285714285714,83.9,48.61111111111111,82.34126984126983,66.07142857142857,62.5,87.89682539682539,13.22,159.093
2018-05-23,8.928571428571429,60.51587301587301,73.01587301587301,87.1,59.72222222222222,60.51587301587301,72.42063492063492,24.00793650793651,83.92857142857143,12.58,160.436
2018-05-24,50.0,79.16666666666666,70.43650793650794,87.35000000000001,72.42063492063492,79.16666666666666,62.10317460317461,52.976190476190474,81.94444444444444,12.53,160.389
2018-05-25,50.0,58.53174603174603,73.61111111111111,83.9,42.65873015873016,58.53174603174603,58.13492063492064,69.24603174603175,75.9920634920635,13.22,160.55
2018-05-29,50.0,95.83333333333334,63.69047619047619,64.9,65.67460317460318,95.83333333333334,24.801587301587304,58.13492063492064,60.91269841269841,17.02,159.84
2018-05-30,0.1984126984126984,90.67460317460318,57.142857142857146,75.30000000000001,50.198412698412696,90.67460317460318,63.29365079365079,49.007936507936506,72.02380952380952,14.94,160.985
2018-05-31,6.15079365079365,43.05555555555556,54.36507936507936,72.85000000000001,42.65873015873016,43.05555555555556,27.380952380952383,57.738095238095234,60.51587301587302,15.43,160.881
2018-06-01,12.896825396825399,85.11904761904762,60.317460317460316,82.69999999999999,70.83333333333334,85.11904761904762,49.007936507936506,76.78571428571429,70.83333333333333,13.46,163.407
2018-06-04,17.658730158730158,72.42063492063492,70.43650793650794,86.3,79.96031746031747,72.42063492063492,54.36507936507936,88.29365079365078,73.61111111111111,12.74,164.882
2018-06-05,20.833333333333336,86.70634920634922,72.61904761904762,88.0,52.976190476190474,86.70634920634922,56.15079365079365,66.86507936507937,73.21428571428572,12.4,165.393
2018-06-06,22.817460317460316,84.72222222222221,74.0079365079365,91.8,77.18253968253968,84.72222222222221,72.42063492063492,77.97619047619048,81.54761904761905,11.64,166.358
2018-06-07,14.880952380952381,95.03968253968253,74.4047619047619,89.35,55.75396825396825,95.03968253968253,77.97619047619048,37.5,78.37301587301587,12.13,165.005
2018-06-08,6.15079365079365,93.84920634920636,71.62698412698413,89.1,49.801587301587304,93.84920634920636,93.05555555555556,80.35714285714286,80.35714285714286,12.18,165.015
2018-06-11,4.563492063492063,52.976190476190474,59.523809523809526,88.25,21.23015873015873,52.976190476190474,96.23015873015873,83.53174603174604,82.73809523809524,12.35,165.459
2018-06-12,6.15079365079365,60.11904761904761,48.611111111111114,88.3,35.51587301587302,60.11904761904761,91.46825396825396,68.45238095238095,82.73809523809524,12.34,166.33
2018-06-13,8.531746031746032,69.24603174603175,43.45238095238095,85.30000000000001,74.40476190476191,69.24603174603175,70.03968253968253,56.94444444444444,82.34126984126985,12.94,166.32
2018-06-14,4.563492063492063,56.15079365079365,45.63492063492063,89.4,65.67460317460318,56.15079365079365,71.42857142857143,70.43650793650794,80.35714285714286,12.12,168.004
2018-06-15,9.325396825396826,52.182539682539684,42.658730158730165,90.1,45.03968253968254,52.182539682539684,68.25396825396825,66.86507936507937,78.76984126984127,11.98,167.417
2018-06-18,16.071428571428573,49.007936507936506,48.01587301587301,88.45,46.62698412698413,49.007936507936506,54.563492063492056,81.94444444444444,75.9920634920635,12.31,167.321
2018-06-19,14.484126984126986,40.27777777777778,57.14285714285714,83.25,88.69047619047619,40.27777777777778,44.24603174603175,90.67460317460318,69.64285714285714,13.35,166.847
2018-06-20,18.452380952380953,65.27777777777779,65.67460317460318,86.05000000000001,89.0873015873016,65.27777777777779,46.62698412698413,79.56349206349206,74.8015873015873,12.79,168.032
2018-06-21,29.563492063492063,57.738095238095234,69.44444444444446,76.8,88.29365079365078,57.738095238095234,25.992063492063494,79.56349206349206,67.65873015873015,14.64,166.572
2018-06-22,35.91269841269841,29.563492063492063,75.39682539682539,81.15,24.00793650793651,29.563492063492063,29.166666666666668,69.24603174603175,68.84920634920636,13.77,166.202
2018-06-25,8.531746031746032,87.10317460317461,71.23015873015873,63.35000000000001,92.65873015873017,87.10317460317461,11.30952380952381,46.230158730158735,60.51587301587302,17.33,162.458
2018-06-26,34.72222222222222,29.96031746031746,66.86507936507937,70.4,75.59523809523809,29.96031746031746,10.515873015873016,56.15079365079365,61.7063492063492,15.92,163.121
2018-06-27,50.595238095238095,32.34126984126984,57.14285714285714,60.449999999999996,77.57936507936508,32.34126984126984,6.944444444444445,20.833333333333336,51.785714285714285,17.91,160.903
2018-06-28,60.11904761904761,42.65873015873016,52.182539682539684,65.75,52.182539682539684,42.65873015873016,9.325396825396826,27.18253968253968,56.547619047619044,16.85,162.287
2018-06-29,54.563492063492056,27.579365079365083,46.42857142857143,69.55,48.214285714285715,27.579365079365083,9.722222222222223,47.817460317460316,58.92857142857143,16.09,162.723
2018-07-02,66.86507936507937,89.0873015873016,50.0,72.0,65.67460317460318,89.0873015873016,9.325396825396826,56.15079365079365,49.404761904761905,15.6,163.813
2018-07-03,52.57936507936508,82.34126984126983,50.3968253968254,69.3,87.89682539682539,82.34126984126983,8.531746031746032,64.0873015873016,46.62698412698413,16.14,161.917
2018-07-05,47.817460317460316,49.404761904761905,52.579365079365076,75.15,72.81746031746032,49.404761904761905,16.865079365079367,23.214285714285715,49.801587301587304,14.97,163.927
2018-07-06,61.30952380952381,12.103174603174603,49.60317460317461,83.15,82.34126984126983,12.103174603174603,30.357142857142854,29.166666666666668,53.769841269841265,13.37,166.477
2018-07-09,51.388888888888886,21.626984126984127,62.1031746031746,86.55,52.57936507936508,21.626984126984127,70.23809523809523,89.0873015873016,62.10317460317461,12.69,167.975
2018-07-10,47.42063492063492,18.055555555555554,65.67460317460318,86.8,47.42063492063492,18.055555555555554,83.92857142857143,60.11904761904761,65.27777777777777,12.64,168.098
2018-07-11,62.5,16.865079365079367,63.888888888888886,81.85,43.05555555555556,16.865079365079367,38.2936507936508,43.05555555555556,59.32539682539682,13.63,167.245
2018-07-12,62.5,88.29365079365078,74.40476190476191,87.1,95.03968253968253,88.29365079365078,73.01587301587301,82.34126984126983,64.48412698412699,12.58,170.127
2018-07-13,67.26190476190477,70.83333333333334,81.34920634920636,89.1,85.11904761904762,70.83333333333334,85.9126984126984,80.75396825396825,62.10317460317461,12.18,170.269
2018-07-16,89.0873015873016,18.055555555555554,78.37301587301587,85.85,95.43650793650794,18.055555555555554,68.84920634920636,93.84920634920636,64.0873015873016,12.83,169.862
2018-07-17,75.1984126984127,91.46825396825396,78.17460317460316,89.7,99.8015873015873,91.46825396825396,90.67460317460318,83.53174603174604,66.07142857142857,12.06,170.895
2018-07-18,89.0873015873016,15.674603174603174,80.75396825396825,89.5,77.57936507936508,15.674603174603174,90.47619047619048,90.67460317460318,69.24603174603175,12.1,170.573
2018-07-19,56.94444444444444,18.055555555555554,78.96825396825398,85.65,62.5,18.055555555555554,89.0873015873016,87.10317460317461,63.69047619047619,12.87,169.719
2018-07-20,79.16666666666666,31.547619047619047,70.43650793650794,85.7,82.73809523809523,31.547619047619047,67.65873015873017,81.94444444444444,67.65873015873015,12.86,169.682
2018-07-23,95.43650793650794,24.00793650793651,70.43650793650794,86.9,83.53174603174604,24.00793650793651,58.13492063492064,89.88095238095238,76.38888888888889,12.62,170.222
2018-07-24,99.8015873015873,9.722222222222223,70.63492063492063,87.95,78.37301587301587,9.722222222222223,48.41269841269841,74.40476190476191,79.16666666666666,12.41,170.923
2018-07-25,99.8015873015873,48.61111111111111,66.66666666666667,88.55000000000001,79.16666666666666,48.61111111111111,71.23015873015873,68.45238095238095,83.53174603174602,12.29,173.312
2018-07-26,97.02380952380952,97.02380952380952,72.02380952380953,89.3,99.8015873015873,97.02380952380952,83.33333333333334,98.21428571428571,86.30952380952381,12.14,170.686
2018-07-27,99.0079365079365,97.42063492063492,76.5873015873016,84.85000000000001,95.83333333333334,97.42063492063492,37.10317460317461,62.89682539682539,78.76984126984127,13.03,168.383
2018-07-30,92.26190476190477,80.75396825396825,72.42063492063491,78.7,92.65873015873017,80.75396825396825,24.404761904761905,31.944444444444443,77.18253968253968,14.26,166.003
2018-07-31,74.0079365079365,21.23015873015873,64.08730158730158,85.85,60.11904761904761,21.23015873015873,32.73809523809524,39.48412698412698,62.10317460317461,12.83,167.274
2018-08-01,91.46825396825396,78.76984126984127,58.13492063492063,84.25,84.72222222222221,78.76984126984127,26.190476190476193,24.00793650793651,63.69047619047619,13.15,167.909
2018-08-02,93.05555555555556,97.81746031746032,43.25396825396825,89.05,93.45238095238095,97.81746031746032,39.285714285714285,44.642857142857146,66.07142857142857,12.19,170.193
2018-08-03,79.56349206349206,58.53174603174603,42.85714285714286,91.8,72.42063492063492,58.53174603174603,44.44444444444444,86.70634920634922,65.67460317460318,11.64,170.715
2018-08-06,77.57936507936508,39.88095238095239,57.34126984126984,93.65,84.32539682539682,39.88095238095239,64.28571428571429,91.07142857142857,67.26190476190476,11.27,171.72
2018-08-07,81.54761904761905,79.16666666666666,70.23809523809524,95.35,95.03968253968253,79.16666666666666,70.03968253968253,94.24603174603175,75.9920634920635,10.93,172.345
2018-08-08,79.96031746031747,87.5,77.57936507936509,95.75,92.65873015873017,87.5,58.13492063492064,87.89682539682539,70.83333333333333,10.85,172.554
2018-08-09,74.8015873015873,97.02380952380952,83.92857142857143,93.65,86.30952380952381,97.02380952380952,64.0873015873016,78.76984126984127,66.07142857142857,11.27,172.45
2018-08-10,64.48412698412699,82.73809523809523,80.95238095238095,84.2,74.0079365079365,82.73809523809523,31.150793650793652,47.023809523809526,52.976190476190474,13.16,171.132
2018-08-13,72.02380952380952,93.84920634920636,76.98412698412699,76.10000000000001,84.32539682539682,93.84920634920636,23.61111111111111,61.70634920634921,51.38888888888889,14.78,170.942
2018-08-14,71.62698412698413,94.24603174603175,75.39682539682539,83.44999999999999,65.27777777777779,94.24603174603175,37.89682539682539,70.03968253968253,57.73809523809524,13.31,172.014
2018-08-15,73.61111111111111,94.64285714285714,64.48412698412699,76.8,92.65873015873017,94.64285714285714,23.214285714285715,31.150793650793652,48.21428571428571,14.64,169.909
2018-08-16,87.89682539682539,70.83333333333334,61.30952380952381,82.75,81.94444444444444,70.83333333333334,39.88095238095239,83.53174603174604,56.15079365079365,13.45,170.468
2018-08-17,79.96031746031747,97.42063492063492,61.111111111111114,86.8,93.45238095238095,97.42063492063492,50.595238095238095,69.64285714285714,58.53174603174603,12.64,170.506
2018-08-20,59.32539682539682,94.64285714285714,66.86507936507937,87.55,86.70634920634922,94.64285714285714,58.92857142857143,95.03968253968253,52.182539682539684,12.49,170.355
2018-08-21,50.595238095238095,69.64285714285714,62.5,85.7,76.38888888888889,69.64285714285714,75.1984126984127,68.05555555555556,59.72222222222222,12.86,170.98
2018-08-22,54.166666666666664,96.23015873015873,72.22222222222223,88.75,75.59523809523809,96.23015873015873,68.84920634920636,84.72222222222221,54.16666666666667,12.25,171.644
2018-08-23,74.40476190476191,98.21428571428571,74.2063492063492,87.95,80.75396825396825,98.21428571428571,47.42063492063492,59.72222222222222,51.38888888888889,12.41,171.397
2018-08-24,79.56349206349206,95.03968253968253,75.0,90.05,75.1984126984127,95.03968253968253,72.81746031746032,67.26190476190477,59.32539682539682,11.99,172.99
2018-08-27,93.45238095238095,99.40476190476191,73.4126984126984,89.2,96.23015873015873,99.40476190476191,98.21428571428571,92.65873015873017,69.64285714285714,12.16,174.753
2018-08-28,90.67460317460318,93.05555555555556,77.18253968253967,87.5,80.75396825396825,93.05555555555556,98.61111111111111,83.92857142857143,75.1984126984127,12.5,175.009
2018-08-29,85.9126984126984,98.61111111111111,71.03174603174602,88.75,94.64285714285714,98.61111111111111,99.8015873015873,57.738095238095234,81.15079365079364,12.25,177.029
2018-08-30,90.67460317460318,99.8015873015873,73.80952380952381,82.35000000000001,98.21428571428571,99.8015873015873,74.40476190476191,77.57936507936508,72.42063492063491,13.53,176.716
2018-08-31,82.73809523809523,94.24603174603175,69.24603174603175,85.7,77.97619047619048,94.24603174603175,69.24603174603175,52.976190476190474,52.976190476190474,12.86,176.943
2018-09-04,84.72222222222221,97.02380952380952,64.48412698412699,84.2,88.29365079365078,97.02380952380952,61.70634920634921,71.62698412698413,56.94444444444444,13.16,176.185
2018-09-05,62.5,97.42063492063492,58.53174603174603,80.45,95.03968253968253,97.42063492063492,65.27777777777779,43.84920634920635,53.769841269841265,13.91,173.91
2018-09-06,58.92857142857143,96.62698412698413,61.30952380952381,76.75,95.43650793650794,96.62698412698413,60.51587301587301,41.46825396825397,45.833333333333336,14.65,172.355
2018-09-07,77.18253968253968,98.61111111111111,46.42857142857143,75.6,85.11904761904762,98.61111111111111,41.86507936507937,21.23015873015873,54.56349206349206,14.88,171.691
2018-09-10,70.43650793650794,99.40476190476191,48.41269841269841,79.2,81.94444444444444,99.40476190476191,47.817460317460316,58.53174603174603,57.34126984126984,14.16,172.27
2018-09-11,92.26190476190477,97.02380952380952,47.222222222222214,83.9,79.56349206349206,97.02380952380952,46.230158730158735,75.59523809523809,65.27777777777777,13.22,173.597
2018-09-12,73.61111111111111,97.02380952380952,50.595238095238095,84.3,90.67460317460318,97.02380952380952,42.65873015873016,57.738095238095234,63.69047619047619,13.14,173.085
2018-09-13,85.9126984126984,94.64285714285714,52.38095238095238,88.15,86.70634920634922,94.64285714285714,62.89682539682539,64.0873015873016,69.24603174603175,12.37,174.933
2018-09-14,87.89682539682539,93.84920634920636,65.47619047619048,89.65,76.38888888888889,93.84920634920636,63.095238095238095,93.84920634920636,74.4047619047619,12.07,174.422
2018-09-17,76.38888888888889,95.03968253968253,58.92857142857143,81.6,91.07142857142857,95.03968253968253,35.91269841269841,35.11904761904761,66.07142857142857,13.68,171.909
2018-09-18,81.15079365079364,85.11904761904762,49.2063492063492,86.05000000000001,79.56349206349206,85.11904761904762,49.2063492063492,17.658730158730158,82.34126984126985,12.79,173.331
2018-09-19,92.26190476190477,55.75396825396825,39.48412698412699,91.25,61.70634920634921,55.75396825396825,31.547619047619047,34.72222222222222,87.10317460317461,11.75,173.199
2018-09-20,98.61111111111111,80.75396825396825,24.404761904761905,91.0,45.03968253968254,80.75396825396825,54.563492063492056,8.928571428571429,90.67460317460318,11.8,175.114
2018-09-21,96.23015873015873,82.73809523809523,11.904761904761905,91.6,64.88095238095238,82.73809523809523,53.769841269841265,29.96031746031746,90.27777777777777,11.68,174.156
2018-09-24,99.0079365079365,67.26190476190477,12.896825396825399,89.0,56.15079365079365,67.26190476190477,24.404761904761905,40.27777777777778,87.89682539682539,12.2,174.64
2018-09-25,99.0079365079365,68.05555555555556,18.849206349206348,87.9,51.78571428571429,68.05555555555556,20.436507936507937,74.8015873015873,90.27777777777777,12.42,174.878
2018-09-26,99.0079365079365,25.595238095238095,17.261904761904763,85.55,63.29365079365079,25.595238095238095,15.277777777777779,28.76984126984127,81.94444444444444,12.89,175.001
2018-09-27,99.8015873015873,67.65873015873017,23.61111111111111,87.95,76.78571428571429,67.65873015873017,15.674603174603174,34.32539682539682,85.11904761904762,12.41,176.483
2018-09-28,98.21428571428571,77.97619047619048,24.206349206349202,89.4,85.9126984126984,77.97619047619048,18.452380952380953,12.896825396825399,82.34126984126985,12.12,176.445
2018-10-01,98.61111111111111,75.59523809523809,28.174603174603174,90.0,83.92857142857143,75.59523809523809,17.658730158730158,74.40476190476191,74.0079365079365,12.0,176.806
2018-10-02,99.8015873015873,75.59523809523809,26.38888888888889,89.75,82.73809523809523,75.59523809523809,16.865079365079367,33.92857142857143,64.0873015873016,12.05,176.407
2018-10-03,99.40476190476191,73.21428571428571,32.34126984126984,91.95,64.0873015873016,73.21428571428571,14.484126984126986,44.24603174603175,81.54761904761905,11.61,176.597
2018-10-04,99.0079365079365,85.9126984126984,38.095238095238095,78.9,79.56349206349206,85.9126984126984,8.531746031746032,54.96031746031746,79.56349206349206,14.22,173.206
2018-10-05,97.02380952380952,92.65873015873017,40.87301587301587,75.9,88.29365079365078,92.65873015873017,7.738095238095238,5.753968253968254,79.56349206349206,14.82,171.088
2018-10-08,95.03968253968253,79.16666666666666,27.579365079365083,71.55000000000001,85.11904761904762,79.16666666666666,11.706349206349206,3.373015873015873,79.36507936507937,15.69,170.044
2018-10-09,98.61111111111111,61.70634920634921,24.007936507936506,70.25,41.46825396825397,61.70634920634921,10.515873015873016,24.00793650793651,75.1984126984127,15.95,170.594
2018-10-10,94.24603174603175,88.69047619047619,18.253968253968257,42.599999999999994,76.38888888888889,88.69047619047619,3.373015873015873,0.1984126984126984,37.10317460317461,22.96,163.092
2018-10-11,50.0,75.59523809523809,18.253968253968253,37.55,89.48412698412699,75.59523809523809,0.1984126984126984,0.1984126984126984,16.46825396825396,24.98,161.069
2018-10-12,50.0,77.97619047619048,19.047619047619044,46.725,80.75396825396825,77.97619047619048,0.992063492063492,0.5952380952380952,21.230158730158735,21.31,165.552
2018-10-15,50.0,66.46825396825396,23.41269841269841,46.75,68.45238095238095,66.46825396825396,2.1825396825396823,1.3888888888888888,20.03968253968253,21.3,163.548
2018-10-16,93.05555555555556,56.15079365079365,18.849206349206348,61.89999999999999,60.51587301587301,56.15079365079365,6.547619047619048,2.976190476190476,35.51587301587301,17.62,168.306
2018-10-17,95.03968253968253,28.373015873015873,22.61904761904762,63.00000000000001,72.42063492063492,28.373015873015873,7.738095238095238,4.9603174603174605,40.27777777777778,17.4,168.372
2018-10-18,50.0,33.13492063492063,22.61904761904762,49.85,55.75396825396825,33.13492063492063,6.15079365079365,0.992063492063492,24.404761904761912,20.06,164.469
2018-10-19,50.0,30.753968253968257,16.865079365079364,50.55,57.341269841269835,30.753968253968257,8.928571428571429,1.3888888888888888,27.579365079365076,19.89,164.317
2018-10-22,50.0,34.32539682539682,18.84920634920635,51.8,38.2936507936508,34.32539682539682,5.753968253968254,1.7857142857142856,22.817460317460316,19.64,165.162
2018-10-23,50.0,62.5,29.166666666666668,48.224999999999994,52.976190476190474,62.5,5.357142857142857,1.3888888888888888,17.658730158730165,20.71,164.554
2018-10-24,50.0,49.801587301587304,28.373015873015873,36.925,59.32539682539682,49.801587301587304,5.357142857142857,0.992063492063492,0.19841269841269593,25.23,157.023
2018-10-25,50.0,82.73809523809523,27.18253968253968,39.45,79.56349206349206,82.73809523809523,6.15079365079365,1.3888888888888888,9.722222222222214,24.22,162.456
2018-10-26,50.0,84.72222222222221,33.730158730158735,39.6,95.83333333333334,84.72222222222221,4.9603174603174605,0.5952380952380952,0.19841269841269593,24.16,158.277
2018-10-29,50.0,79.56349206349206,30.357142857142854,38.25,94.24603174603175,79.56349206349206,6.944444444444445,0.992063492063492,0.19841269841269593,24.7,155.019
2018-10-30,50.0,37.10317460317461,25.0,41.625,93.05555555555556,37.10317460317461,14.087301587301587,0.1984126984126984,5.357142857142861,23.35,157.574
2018-10-31,50.0,14.880952380952381,28.57142857142857,46.925,66.46825396825396,14.880952380952381,18.849206349206348,2.976190476190476,10.515873015873012,21.23,161.278
2018-11-01,50.0,85.11904761904762,30.753968253968253,53.300000000000004,69.64285714285714,85.11904761904762,32.34126984126984,3.373015873015873,14.087301587301596,19.34,163.405
2018-11-02,50.0,92.26190476190477,31.944444444444446,52.44999999999999,81.94444444444444,92.26190476190477,28.373015873015873,3.7698412698412698,15.674603174603178,19.51,160.86
2018-11-05,50.0,85.9126984126984,34.52380952380952,50.199999999999996,70.83333333333334,85.9126984126984,49.404761904761905,4.563492063492063,17.658730158730165,19.96,160.461
2018-11-06,50.0,50.198412698412696,39.48412698412699,50.45,28.373015873015873,50.198412698412696,75.0,9.722222222222223,22.420634920634924,19.91,161.677
2018-11-07,50.0,52.182539682539684,40.07936507936508,68.2,58.92857142857143,52.182539682539684,99.0079365079365,8.928571428571429,45.436507936507944,16.36,166.748
2018-11-08,50.0,48.61111111111111,44.64285714285714,66.4,43.05555555555556,48.61111111111111,96.23015873015873,8.928571428571429,47.023809523809526,16.72,165.685
2018-11-09,50.0,31.944444444444443,42.06349206349206,63.2,34.32539682539682,31.944444444444443,83.92857142857143,6.15079365079365,27.182539682539684,17.36,162.892
2018-11-12,50.0,69.64285714285714,42.26190476190476,48.875,61.30952380952381,69.64285714285714,38.69047619047619,3.373015873015873,12.896825396825392,20.45,157.963
2018-11-13,50.0,70.83333333333334,38.492063492063494,49.95,50.99206349206349,70.83333333333334,42.65873015873016,3.373015873015873,8.92857142857143,20.02,158.096
2018-11-14,50.0,40.27777777777778,35.317460317460316,46.875,60.912698412698404,40.27777777777778,35.11904761904761,3.7698412698412698,4.960317460317469,21.25,156.89
2018-11-15,50.0,75.1984126984127,28.174603174603178,50.1,56.15079365079365,75.1984126984127,62.5,4.563492063492063,8.134920634920633,19.98,159.635
2018-11-16,50.0,74.40476190476191,22.023809523809522,59.3,61.30952380952381,74.40476190476191,70.83333333333334,2.976190476190476,6.547619047619051,18.14,159.075
2018-11-19,50.0,81.94444444444444,21.626984126984127,49.75,79.16666666666666,81.94444444444444,35.51587301587302,4.166666666666666,1.3888888888888857,20.1,153.908
2018-11-20,50.0,90.27777777777779,21.626984126984127,43.8,88.29365079365078,90.27777777777779,20.833333333333336,2.579365079365079,0.19841269841269593,22.48,151.154
2018-11-21,50.0,51.78571428571429,23.214285714285715,48.0,38.2936507936508,51.78571428571429,22.023809523809522,3.373015873015873,0.5952380952380878,20.8,152.303
2018-11-23,50.0,63.29365079365079,23.01587301587302,46.2,72.81746031746032,63.29365079365079,20.833333333333336,5.753968253968254,0.19841269841269593,21.52,151.202
2018-11-26,50.0,67.65873015873017,29.960317460317462,55.50000000000001,54.563492063492056,67.65873015873017,33.730158730158735,10.912698412698413,2.5793650793650755,18.9,154.697
2018-11-27,50.0,64.0873015873016,25.793650793650794,54.900000000000006,47.42063492063492,64.0873015873016,27.77777777777778,10.515873015873016,2.9761904761904816,19.02,155.219
2018-11-28,50.0,83.13492063492063,23.214285714285715,57.550000000000004,77.18253968253968,83.13492063492063,76.78571428571429,16.865079365079367,6.944444444444443,18.49,160.214
2018-11-29,50.0,49.007936507936506,25.79365079365079,56.050000000000004,52.976190476190474,49.007936507936506,64.88095238095238,19.642857142857142,5.357142857142861,18.79,159.692
2018-11-30,50.0,4.9603174603174605,20.03968253968254,59.65,7.738095238095238,4.9603174603174605,78.37301587301587,30.753968253968257,4.166666666666657,18.07,160.851
2018-12-03,50.0,52.57936507936508,21.626984126984127,67.8,31.547619047619047,52.57936507936508,97.42063492063492,58.53174603174603,6.547619047619051,16.44,163.662
2018-12-04,50.0,31.547619047619047,21.03174603174603,48.150000000000006,29.563492063492063,31.547619047619047,22.42063492063492,10.515873015873016,0.19841269841269593,20.74,157.384
2018-12-06,50.0,35.11904761904761,22.22222222222222,47.025,24.00793650793651,35.11904761904761,21.626984126984127,6.547619047619048,0.19841269841269593,21.19,158.495
2018-12-07,50.0,68.45238095238095,21.428571428571427,41.925,46.230158730158735,68.45238095238095,7.738095238095238,3.7698412698412698,0.19841269841269593,23.23,153.262
2018-12-10,50.0,63.69047619047619,26.785714285714285,43.4,65.67460317460318,63.69047619047619,10.515873015873016,3.7698412698412698,0.5952380952380878,22.64,154.867
2018-12-11,50.0,56.15079365079365,27.182539682539684,45.599999999999994,41.46825396825397,56.15079365079365,12.896825396825399,8.134920634920634,0.9920634920634939,21.76,155.38
2018-12-12,50.0,36.7063492063492,32.73809523809524,46.35,32.34126984126984,36.7063492063492,16.865079365079367,10.912698412698413,1.3888888888888857,21.46,156.748
2018-12-13,50.0,19.246031746031747,38.492063492063494,48.375,14.087301587301587,19.246031746031747,18.055555555555554,6.547619047619048,1.3888888888888857,20.65,156.795
2018-12-14,50.0,18.849206349206348,37.10317460317461,45.925000000000004,65.67460317460318,18.849206349206348,6.15079365079365,3.373015873015873,0.19841269841269593,21.63,152.978
2018-12-17,50.0,35.11904761904761,35.91269841269842,38.7,41.07142857142857,35.11904761904761,1.3888888888888888,2.1825396825396823,0.19841269841269593,24.52,149.511
2018-12-18,50.0,20.833333333333336,31.547619047619044,36.050000000000004,20.03968253968254,20.833333333333336,2.579365079365079,0.992063492063492,0.19841269841269593,25.58,150.451
2018-12-19,50.0,32.73809523809524,26.190476190476186,36.050000000000004,58.92857142857143,32.73809523809524,0.992063492063492,2.1825396825396823,0.19841269841269593,25.58,146.757
2018-12-20,50.0,35.91269841269841,19.246031746031747,29.05000000000001,38.2936507936508,35.91269841269841,0.1984126984126984,0.1984126984126984,0.19841269841269593,28.38,144.63
2018-12-21,50.0,35.91269841269841,16.865079365079364,24.724999999999994,37.5,35.91269841269841,0.1984126984126984,0.1984126984126984,0.19841269841269593,30.11,140.147
2018-12-24,50.0,61.70634920634921,22.817460317460316,9.825000000000003,85.11904761904762,61.70634920634921,0.1984126984126984,0.1984126984126984,0.19841269841269593,36.07,136.671
2018-12-26,50.0,73.21428571428571,27.579365079365076,23.974999999999994,82.73809523809523,73.21428571428571,2.579365079365079,3.373015873015873,1.3888888888888857,30.41,145.205
2018-12-27,50.0,58.13492063492064,27.38095238095238,25.099999999999994,76.38888888888889,58.13492063492064,4.9603174603174605,19.246031746031747,1.7857142857142918,29.96,145.767
2018-12-28,50.0,77.97619047619048,33.333333333333336,29.150000000000006,81.94444444444444,77.97619047619048,5.753968253968254,6.547619047619048,0.9920634920634939,28.34,145.691
2018-12-31,50.0,38.2936507936508,33.92857142857143,36.449999999999996,68.84920634920636,38.2936507936508,10.317460317460316,11.30952380952381,0.9920634920634939,25.42,146.919
2019-01-02,50.0,45.83333333333333,39.08730158730159,41.95,62.89682539682539,45.83333333333333,13.690476190476192,10.912698412698413,0.9920634920634939,23.22,147.51
2019-01-03,50.0,64.0873015873016,45.03968253968254,36.375,67.26190476190477,64.0873015873016,5.555555555555555,2.976190476190476,0.5952380952380878,25.45,142.691
2019-01-04,50.0,47.42063492063492,46.62698412698413,46.550000000000004,69.24603174603175,47.42063492063492,32.34126984126984,9.325396825396826,2.9761904761904816,21.38,148.796
2019-01-07,50.0,55.35714285714286,47.817460317460316,46.50000000000001,68.05555555555556,55.35714285714286,48.61111111111111,27.18253968253968,4.563492063492063,21.4,150.567
2019-01-08,50.0,54.563492063492056,52.182539682539684,48.825,59.72222222222222,54.563492063492056,83.92857142857143,16.46825396825397,4.960317460317469,20.47,151.929
2019-01-09,50.0,53.37301587301587,52.38095238095238,50.1,41.07142857142857,53.37301587301587,93.45238095238095,12.5,5.357142857142861,19.98,153.167
2019-01-10,50.0,15.277777777777779,51.785714285714285,52.5,30.753968253968257,15.277777777777779,99.8015873015873,7.341269841269842,6.150793650793645,19.5,153.605
2019-01-11,50.0,24.801587301587304,51.19047619047619,59.04999999999999,45.03968253968254,24.801587301587304,99.8015873015873,18.452380952380953,5.357142857142861,18.19,153.043
2019-01-14,50.0,12.5,48.214285714285715,54.65,33.92857142857143,12.5,99.0079365079365,12.896825396825399,4.960317460317469,19.07,151.691
2019-01-15,50.0,1.7857142857142856,48.214285714285715,56.99999999999999,69.64285714285714,1.7857142857142856,99.8015873015873,17.658730158730158,7.341269841269835,18.6,154.653
2019-01-16,50.0,57.738095238095234,47.61904761904762,54.800000000000004,66.86507936507937,57.738095238095234,99.60317460317461,20.03968253968254,8.134920634920633,19.04,154.624
2019-01-17,50.0,37.10317460317461,42.26190476190476,59.70000000000001,17.261904761904763,37.10317460317461,99.8015873015873,15.674603174603174,8.531746031746039,18.06,155.844
2019-01-18,50.0,8.928571428571429,37.1031746031746,61.0,60.51587301587301,8.928571428571429,99.8015873015873,25.198412698412696,9.722222222222214,17.8,157.386
2019-01-22,50.0,8.928571428571429,40.67460317460317,48.0,17.658730158730158,8.928571428571429,99.0079365079365,20.833333333333336,8.531746031746039,20.8,154.234
2019-01-23,50.0,17.658730158730158,45.23809523809524,52.400000000000006,22.42063492063492,17.658730158730158,97.81746031746032,20.03968253968254,9.325396825396822,19.52,154.434
2019-01-24,50.0,54.563492063492056,51.587301587301596,55.55,2.976190476190476,54.563492063492056,97.02380952380952,21.23015873015873,8.531746031746039,18.89,155.434
2019-01-25,50.0,73.61111111111111,52.579365079365076,62.89999999999999,25.992063492063494,73.61111111111111,97.42063492063492,26.785714285714285,10.515873015873012,17.42,157.291
2019-01-28,0.5952380952380952,70.03968253968253,54.56349206349206,55.64999999999999,41.86507936507937,70.03968253968253,95.83333333333334,15.277777777777779,9.722222222222214,18.87,155.348
2019-01-29,50.0,28.373015873015873,53.373015873015866,54.35,37.10317460317461,28.373015873015873,94.64285714285714,23.61111111111111,8.531746031746039,19.13,153.882
2019-01-30,0.5952380952380952,55.75396825396825,51.785714285714285,61.7,90.67460317460318,55.75396825396825,97.02380952380952,28.76984126984127,10.912698412698404,17.66,157.796
2019-01-31,2.1825396825396823,17.261904761904763,42.46031746031746,67.15,71.23015873015873,17.261904761904763,97.81746031746032,37.10317460317461,10.912698412698404,16.57,160.158
2019-02-01,4.166666666666666,65.27777777777779,44.047619047619044,69.3,61.30952380952381,65.27777777777779,97.02380952380952,47.42063492063492,12.5,16.14,159.482
2019-02-04,2.1825396825396823,3.7698412698412698,44.44444444444444,71.35,34.32539682539682,3.7698412698412698,97.81746031746032,50.99206349206349,14.484126984126988,15.73,161.463
2019-02-05,5.357142857142857,5.357142857142857,48.21428571428571,72.15,45.83333333333333,5.357142857142857,97.42063492063492,57.738095238095234,14.88095238095238,15.57,162.891
2019-02-06,7.341269841269842,40.27777777777778,53.37301587301587,73.1,6.944444444444445,40.27777777777778,95.03968253968253,42.26190476190476,14.484126984126988,15.38,162.406
2019-02-07,50.0,35.11904761904761,61.507936507936506,68.14999999999999,4.9603174603174605,35.11904761904761,91.07142857142857,31.547619047619047,11.30952380952381,16.37,160.225
2019-02-08,50.0,22.42063492063492,62.10317460317461,71.4,5.357142857142857,22.42063492063492,88.29365079365078,22.42063492063492,11.30952380952381,15.72,160.539
2019-02-11,50.0,6.15079365079365,62.698412698412696,70.14999999999999,0.1984126984126984,6.15079365079365,87.89682539682539,61.30952380952381,12.896825396825392,15.97,160.387
2019-02-12,50.0,12.896825396825399,62.8968253968254,72.85000000000001,4.563492063492063,12.896825396825399,93.45238095238095,35.51587301587302,16.46825396825396,15.43,162.758
2019-02-13,50.0,3.373015873015873,63.095238095238095,71.75,1.7857142857142856,3.373015873015873,93.84920634920636,49.404761904761905,18.055555555555557,15.65,162.872
2019-02-14,4.9603174603174605,9.325396825396826,60.714285714285715,68.9,15.277777777777779,9.325396825396826,91.07142857142857,29.96031746031746,16.07142857142857,16.22,163.072
2019-02-15,6.944444444444445,17.261904761904763,58.531746031746025,75.45,5.357142857142857,17.261904761904763,97.22222222222221,56.15079365079365,18.849206349206355,14.91,163.758
2019-02-19,7.341269841269842,0.1984126984126984,60.51587301587301,75.6,0.5952380952380952,0.1984126984126984,99.0079365079365,86.30952380952381,19.246031746031747,14.88,164.082
2019-02-20,3.7698412698412698,0.5952380952380952,67.06349206349206,79.9,1.7857142857142856,0.5952380952380952,98.21428571428571,89.48412698412699,19.64285714285714,14.02,164.053
2019-02-21,4.9603174603174605,0.992063492063492,67.46031746031747,77.69999999999999,2.579365079365079,0.992063492063492,93.65079365079364,38.2936507936508,20.03968253968253,14.46,163.453
2019-02-22,11.706349206349206,1.3888888888888888,73.80952380952381,82.45,7.738095238095238,1.3888888888888888,94.64285714285714,83.13492063492063,20.436507936507937,13.51,164.663
2019-02-25,13.293650793650794,4.166666666666666,84.92063492063491,75.75,2.579365079365079,4.166666666666666,91.86507936507937,87.89682539682539,21.230158730158735,14.85,165.263
2019-02-26,22.817460317460316,0.992063492063492,79.16666666666667,74.15,0.5952380952380952,0.992063492063492,88.69047619047619,38.69047619047619,20.03968253968253,15.17,165.434
2019-02-27,31.944444444444443,33.53174603174603,75.1984126984127,76.5,8.531746031746032,33.53174603174603,82.73809523809523,43.84920634920635,22.02380952380952,14.7,165.33
2019-02-28,25.992063492063494,26.785714285714285,67.85714285714286,76.10000000000001,8.134920634920634,26.785714285714285,79.96031746031747,42.65873015873016,22.420634920634924,14.78,164.949
2019-03-01,18.452380952380953,25.198412698412696,62.698412698412696,82.15,26.38888888888889,25.198412698412696,81.15079365079364,67.65873015873017,24.404761904761912,13.57,166.091
2019-03-04,12.5,30.753968253968257,60.71428571428571,76.85,58.13492063492064,30.753968253968257,75.9920634920635,61.30952380952381,23.214285714285708,14.63,166.12
2019-03-05,13.690476190476192,18.452380952380953,57.539682539682545,76.3,38.2936507936508,18.452380952380953,66.07142857142857,28.373015873015873,22.420634920634924,14.74,166.244
2019-03-06,15.674603174603174,42.26190476190476,53.968253968253975,71.3,49.007936507936506,42.26190476190476,33.13492063492063,30.753968253968257,20.03968253968253,15.74,165.301
2019-03-07,50.0,12.5,62.10317460317461,67.05,20.833333333333336,12.5,24.404761904761905,21.23015873015873,15.674603174603178,16.59,163.272
2019-03-08,20.03968253968254,16.865079365079367,63.2936507936508,69.75,25.595238095238095,16.865079365079367,21.23015873015873,25.992063492063494,15.277777777777786,16.05,163.025
2019-03-11,20.436507936507937,32.34126984126984,62.301587301587304,78.35,94.24603174603175,32.34126984126984,41.86507936507937,18.849206349206348,20.03968253968253,14.33,166.415
2019-03-12,25.198412698412696,47.023809523809526,61.904761904761905,81.15,76.38888888888889,47.023809523809526,44.642857142857146,44.642857142857146,19.64285714285714,13.77,167.33
2019-03-13,17.658730158730158,22.023809523809522,60.11904761904762,82.95,87.10317460317461,22.023809523809522,56.94444444444444,43.452380952380956,23.214285714285708,13.41,168.587
2019-03-14,17.658730158730158,23.61111111111111,50.7936507936508,82.5,24.404761904761905,23.61111111111111,52.182539682539684,37.5,24.007936507936506,13.5,168.301
2019-03-15,22.023809523809522,2.1825396825396823,50.0,85.6,19.246031746031747,2.1825396825396823,59.32539682539682,52.976190476190474,24.007936507936506,12.88,169.863
2019-03-18,9.722222222222223,4.563492063492063,57.142857142857146,84.5,53.769841269841265,4.563492063492063,74.8015873015873,95.43650793650794,25.595238095238088,13.1,170.268
2019-03-19,23.61111111111111,58.13492063492064,64.0873015873016,82.2,82.34126984126983,58.13492063492064,67.06349206349206,67.26190476190477,27.182539682539684,13.56,170.84
2019-03-20,30.357142857142854,21.23015873015873,71.23015873015873,80.45,62.89682539682539,21.23015873015873,41.86507936507937,40.67460317460318,21.230158730158735,13.91,171.518
2019-03-21,24.404761904761905,84.32539682539682,77.38095238095238,81.85,89.48412698412699,84.32539682539682,79.96031746031747,38.2936507936508,25.992063492063494,13.63,174.199
2019-03-22,26.38888888888889,51.78571428571429,75.5952380952381,67.6,53.37301587301587,51.78571428571429,33.13492063492063,40.27777777777778,14.087301587301596,16.48,170.373
2019-03-25,24.801587301587304,65.27777777777779,67.46031746031746,68.35000000000001,62.10317460317461,65.27777777777779,31.944444444444443,20.833333333333336,13.69047619047619,16.33,170.048
2019-03-26,31.547619047619047,75.9920634920635,66.07142857142857,76.6,66.86507936507937,75.9920634920635,48.214285714285715,48.214285714285715,15.674603174603178,14.68,170.84
2019-03-27,25.595238095238095,39.88095238095239,65.67460317460318,74.25,22.023809523809522,39.88095238095239,39.08730158730159,27.976190476190478,13.69047619047619,15.15,169.743
2019-03-28,9.722222222222223,31.150793650793652,65.27777777777779,77.85,7.341269841269842,31.150793650793652,45.03968253968254,30.753968253968257,14.484126984126988,14.43,170.134
2019-03-29,13.293650793650794,9.325396825396826,65.07936507936508,81.44999999999999,3.7698412698412698,9.325396825396826,74.8015873015873,41.46825396825397,17.658730158730165,13.71,171.422
2019-04-01,9.325396825396826,27.579365079365083,66.66666666666666,83.0,10.515873015873016,27.579365079365083,89.88095238095238,49.404761904761905,27.97619047619048,13.4,173.693
2019-04-02,10.912698412698413,5.753968253968254,68.45238095238095,83.2,15.674603174603174,5.753968253968254,85.11904761904762,78.37301587301587,27.579365079365076,13.36,174.352
2019-04-03,8.134920634920634,62.10317460317461,72.22222222222221,81.3,41.86507936507937,62.10317460317461,83.53174603174604,76.78571428571429,32.341269841269835,13.74,175.353
2019-04-04,16.071428571428573,64.0873015873016,84.72222222222223,82.1,50.99206349206349,64.0873015873016,79.16666666666666,93.45238095238095,32.73809523809523,13.58,175.287
2019-04-05,12.896825396825399,20.436507936507937,91.07142857142857,85.9,9.722222222222223,20.436507936507937,86.70634920634922,85.9126984126984,33.53174603174604,12.82,176.193
2019-04-08,18.452380952380953,18.849206349206348,93.45238095238096,84.10000000000001,40.67460317460318,18.849206349206348,82.53968253968253,78.37301587301587,34.32539682539682,13.18,176.642
2019-04-09,31.944444444444443,45.43650793650794,92.26190476190476,78.6,59.32539682539682,45.43650793650794,75.59523809523809,79.56349206349206,33.13492063492063,14.28,176.021
2019-04-10,35.51587301587302,19.246031746031747,92.65873015873015,83.5,17.658730158730158,19.246031746031747,83.53174603174604,86.70634920634922,32.73809523809523,13.3,176.966
2019-04-11,38.69047619047619,3.373015873015873,91.07142857142858,84.9,8.928571428571429,3.373015873015873,82.73809523809523,95.03968253968253,34.722222222222214,13.02,176.546
2019-04-12,35.91269841269841,3.373015873015873,89.28571428571428,89.95,84.32539682539682,3.373015873015873,83.53174603174604,94.64285714285714,37.5,12.01,177.309
2019-04-15,44.642857142857146,0.1984126984126984,87.89682539682539,88.4,25.198412698412696,0.1984126984126984,79.96031746031747,91.07142857142857,37.10317460317461,12.32,177.338
2019-04-16,33.13492063492063,81.15079365079364,88.0952380952381,89.1,65.67460317460318,81.15079365079364,64.48412698412699,97.81746031746032,39.48412698412699,12.18,177.949
2019-04-17,45.43650793650794,99.40476190476191,89.48412698412699,87.0,63.29365079365079,99.40476190476191,47.817460317460316,93.45238095238095,38.69047619047619,12.6,178.569
2019-04-18,47.023809523809526,64.48412698412699,84.72222222222223,89.55,2.579365079365079,64.48412698412699,49.404761904761905,89.0873015873016,38.69047619047619,12.09,178.798
2019-04-22,62.5,5.357142857142857,85.51587301587301,87.9,32.73809523809524,5.357142857142857,48.01587301587302,80.35714285714286,39.88095238095239,12.42,179.304
2019-04-23,61.30952380952381,22.023809523809522,87.5,88.60000000000001,24.00793650793651,22.023809523809522,60.11904761904761,81.54761904761905,41.07142857142857,12.28,181.584
2019-04-24,47.42063492063492,13.293650793650794,86.70634920634922,84.3,34.72222222222222,13.293650793650794,64.0873015873016,97.02380952380952,39.48412698412699,13.14,181.012
2019-04-25,78.76984126984127,51.78571428571429,85.71428571428572,83.75,83.92857142857143,51.78571428571429,46.62698412698413,91.07142857142857,40.27777777777778,13.25,181.746
2019-04-26,81.94444444444444,96.23015873015873,92.85714285714286,86.35,91.46825396825396,96.23015873015873,57.341269841269835,96.23015873015873,40.67460317460318,12.73,181.908
2019-04-29,91.07142857142857,12.896825396825399,93.65079365079364,84.45,60.51587301587301,12.896825396825399,44.24603174603175,99.40476190476191,42.261904761904766,13.11,182.261
2019-04-30,91.07142857142857,33.53174603174603,87.3015873015873,84.4,65.67460317460318,33.53174603174603,61.70634920634921,98.61111111111111,42.261904761904766,13.12,180.849
2019-05-01,87.10317460317461,56.15079365079365,88.4920634920635,76.0,78.76984126984127,56.15079365079365,37.89682539682539,77.18253968253968,39.88095238095239,14.8,180.267
2019-05-02,74.40476190476191,49.007936507936506,92.26190476190476,77.9,33.53174603174603,49.007936507936506,36.7063492063492,71.23015873015873,41.86507936507936,14.42,179.485
2019-05-03,83.53174603174604,94.24603174603175,90.27777777777777,85.65,77.18253968253968,94.24603174603175,54.166666666666664,87.5,44.64285714285714,12.87,182.347
2019-05-06,81.54761904761905,62.5,86.9047619047619,72.80000000000001,42.65873015873016,62.5,41.86507936507937,75.59523809523809,41.46825396825397,15.44,181.231
2019-05-07,77.57936507936508,64.0873015873016,85.11904761904762,53.4,35.51587301587302,64.0873015873016,20.03968253968254,65.27777777777779,31.150793650793645,19.32,177.701
2019-05-08,80.75396825396825,36.7063492063492,80.15873015873015,53.00000000000001,18.055555555555554,36.7063492063492,17.658730158730158,43.452380952380956,34.32539682539682,19.4,177.252
2019-05-09,81.54761904761905,66.07142857142857,73.21428571428572,54.49999999999999,34.72222222222222,66.07142857142857,18.055555555555554,41.86507936507937,28.769841269841265,19.1,176.298
2019-05-10,85.9126984126984,92.26190476190477,68.45238095238095,69.80000000000001,54.166666666666664,92.26190476190477,23.61111111111111,47.817460317460316,34.32539682539682,16.04,176.517
2019-05-13,88.69047619047619,78.37301587301587,66.46825396825398,48.625,50.595238095238095,78.37301587301587,12.5,31.944444444444443,17.658730158730165,20.55,170.392
2019-05-14,85.9126984126984,43.452380952380956,64.08730158730158,59.70000000000001,23.214285714285715,43.452380952380956,16.865079365079367,26.785714285714285,21.230158730158735,18.06,172.262
2019-05-15,91.46825396825396,22.42063492063492,64.28571428571428,67.8,35.11904761904761,22.42063492063492,20.436507936507937,39.88095238095239,21.230158730158735,16.44,174.695
2019-05-16,93.45238095238095,71.62698412698413,66.07142857142857,73.55000000000001,30.753968253968257,71.62698412698413,25.595238095238095,60.912698412698404,27.579365079365076,15.29,176.451
2019-05-17,93.45238095238095,88.69047619047619,64.68253968253968,70.19999999999999,34.72222222222222,88.69047619047619,21.23015873015873,37.89682539682539,23.214285714285708,15.96,174.647
2019-05-20,93.05555555555556,95.43650793650794,65.47619047619047,68.45,24.404761904761905,95.43650793650794,19.047619047619047,33.53174603174603,22.02380952380952,16.31,171.699
2019-05-21,92.65873015873017,71.23015873015873,67.65873015873015,75.25,5.357142857142857,71.23015873015873,27.18253968253968,31.944444444444443,28.769841269841265,14.95,173.493
2019-05-22,95.43650793650794,81.94444444444444,66.46825396825398,76.25,29.166666666666668,81.94444444444444,26.58730158730159,37.5,23.214285714285708,14.75,172.72
2019-05-23,94.24603174603175,83.13492063492063,64.48412698412699,65.39999999999999,14.484126984126986,83.13492063492063,17.261904761904763,30.753968253968257,14.087301587301596,16.92,170.077
2019-05-24,92.26190476190477,65.27777777777779,63.69047619047619,70.75,6.15079365079365,65.27777777777779,20.03968253968254,9.325396825396826,15.674603174603178,15.85,169.991
2019-05-28,91.46825396825396,37.89682539682539,59.32539682539683,62.5,0.1984126984126984,37.89682539682539,12.103174603174603,10.515873015873016,9.722222222222214,17.5,169.352
2019-05-29,93.05555555555556,37.10317460317461,55.952380952380956,60.50000000000001,13.293650793650794,37.10317460317461,9.325396825396826,8.134920634920634,8.531746031746039,17.9,167.959
2019-05-30,95.03968253968253,14.484126984126986,52.777777777777786,63.49999999999999,1.7857142857142856,14.484126984126986,12.103174603174603,12.5,8.531746031746039,17.3,168.665
2019-05-31,50.0,12.5,49.007936507936506,56.449999999999996,4.9603174603174605,12.5,10.515873015873016,5.753968253968254,4.960317460317469,18.71,165.974
2019-06-03,50.0,44.24603174603175,48.80952380952381,55.7,97.02380952380952,44.24603174603175,14.285714285714285,11.30952380952381,4.166666666666657,18.86,162.32
2019-06-04,59.32539682539682,39.88095238095239,49.60317460317461,65.15,54.563492063492056,39.88095238095239,33.53174603174603,10.515873015873016,7.738095238095227,16.97,166.89
2019-06-05,52.182539682539684,21.23015873015873,53.37301587301587,69.55,14.087301587301587,21.23015873015873,55.35714285714286,24.801587301587304,9.722222222222214,16.09,168.131
2019-06-06,59.32539682539682,44.24603174603175,50.79365079365079,70.35,20.436507936507937,44.24603174603175,64.48412698412699,14.880952380952381,10.912698412698404,15.93,169.466
2019-06-07,70.43650793650794,62.10317460317461,54.36507936507937,68.5,50.198412698412696,62.10317460317461,76.78571428571429,24.801587301587304,13.293650793650784,16.3,172.739
2019-06-10,70.03968253968253,81.54761904761905,59.920634920634924,70.3,61.70634920634921,81.54761904761905,84.72222222222221,45.83333333333333,18.055555555555557,15.94,174.752
2019-06-11,71.23015873015873,51.78571428571429,61.30952380952381,70.05,24.00793650793651,51.78571428571429,83.53174603174604,32.73809523809524,18.055555555555557,15.99,174.991
2019-06-12,63.69047619047619,15.674603174603174,61.706349206349216,70.45,6.547619047619048,15.674603174603174,76.78571428571429,27.976190476190478,15.277777777777786,15.91,173.979
2019-06-13,54.563492063492056,14.484126984126986,64.88095238095238,70.89999999999999,7.738095238095238,14.484126984126986,88.69047619047619,24.801587301587304,15.277777777777786,15.82,175.01
2019-06-14,56.15079365079365,60.51587301587301,61.507936507936506,73.60000000000001,14.087301587301587,60.51587301587301,81.15079365079364,22.817460317460316,14.484126984126988,15.28,174.266
2019-06-17,69.64285714285714,15.277777777777779,57.14285714285714,73.25,16.071428571428573,15.277777777777779,78.76984126984127,30.753968253968257,15.277777777777786,15.35,175.315
2019-06-18,59.32539682539682,44.24603174603175,55.357142857142854,74.25,44.642857142857146,44.24603174603175,93.84920634920636,30.357142857142854,19.246031746031747,15.15,177.863
2019-06-19,41.46825396825397,44.24603174603175,54.36507936507937,78.35,12.103174603174603,44.24603174603175,95.43650793650794,53.37301587301587,17.261904761904773,14.33,178.531
2019-06-20,48.61111111111111,51.78571428571429,45.03968253968254,76.25,5.753968253968254,51.78571428571429,99.0079365079365,38.69047619047619,22.02380952380952,14.75,180.191
2019-06-21,44.642857142857146,25.595238095238095,40.476190476190474,73.0,2.976190476190476,25.595238095238095,93.05555555555556,44.24603174603175,25.992063492063494,15.4,179.924
2019-06-24,64.48412698412699,9.722222222222223,37.301587301587304,73.7,1.3888888888888888,9.722222222222223,88.69047619047619,53.769841269841265,21.230158730158735,15.26,179.929
2019-06-25,52.182539682539684,30.357142857142854,38.2936507936508,68.6,19.642857142857142,30.357142857142854,74.40476190476191,16.071428571428573,14.484126984126988,16.28,176.84
2019-06-26,61.70634920634921,44.642857142857146,45.039682539682545,68.94999999999999,9.722222222222223,44.642857142857146,50.99206349206349,35.91269841269841,17.261904761904773,16.21,177.663
2019-06-27,56.94444444444444,29.166666666666668,56.54761904761905,70.89999999999999,4.563492063492063,29.166666666666668,62.89682539682539,23.214285714285715,16.07142857142857,15.82,178.342
2019-06-28,39.48412698412698,53.37301587301587,61.30952380952381,74.6,0.5952380952380952,53.37301587301587,72.02380952380952,42.65873015873016,19.246031746031747,15.08,178.571
2019-07-01,52.182539682539684,72.02380952380952,64.68253968253968,79.7,8.134920634920634,72.02380952380952,76.38888888888889,47.023809523809526,27.579365079365076,14.06,180.981
2019-07-02,61.30952380952381,3.7698412698412698,64.28571428571429,85.35,1.3888888888888888,3.7698412698412698,83.92857142857143,38.69047619047619,24.404761904761912,12.93,181.698
2019-07-03,61.70634920634921,49.801587301587304,63.492063492063494,87.15,16.865079365079367,49.801587301587304,93.05555555555556,41.07142857142857,27.97619047619048,12.57,183.066
2019-07-05,68.05555555555556,29.96031746031746,65.27777777777779,83.6,18.055555555555554,29.96031746031746,87.5,46.230158730158735,32.73809523809523,13.28,182.693
2019-07-08,75.59523809523809,41.86507936507937,64.88095238095238,80.19999999999999,7.341269841269842,41.86507936507937,75.1984126984127,48.214285714285715,31.54761904761905,13.96,181.411
2019-07-09,80.75396825396825,35.11904761904761,64.88095238095238,79.55,24.404761904761905,35.11904761904761,73.21428571428571,58.92857142857143,33.92857142857143,14.09,182.32
2019-07-10,82.34126984126983,71.23015873015873,73.80952380952381,84.85000000000001,50.198412698412696,71.23015873015873,73.21428571428571,53.769841269841265,35.912698412698404,13.03,184.137
2019-07-11,85.11904761904762,60.51587301587301,76.58730158730158,85.35,22.817460317460316,60.51587301587301,68.84920634920636,60.51587301587301,43.452380952380956,12.93,184.003
2019-07-12,83.92857142857143,26.785714285714285,77.18253968253968,88.05,24.801587301587304,26.785714285714285,82.73809523809523,58.53174603174603,46.230158730158735,12.39,185.064
2019-07-15,87.5,11.706349206349206,78.76984126984127,86.6,21.626984126984127,11.706349206349206,75.9920634920635,70.03968253968253,43.05555555555556,12.68,185.657
2019-07-16,81.54761904761905,29.166666666666668,79.76190476190476,85.7,7.341269841269842,29.166666666666668,65.67460317460318,64.0873015873016,45.436507936507944,12.86,184.701
2019-07-17,83.53174603174604,3.7698412698412698,78.37301587301587,80.14999999999999,17.261904761904763,3.7698412698412698,37.10317460317461,46.230158730158735,34.32539682539682,13.97,183.792
2019-07-18,73.21428571428571,12.103174603174603,76.78571428571428,82.35000000000001,47.023809523809526,12.103174603174603,43.84920634920635,43.84920634920635,34.722222222222214,13.53,184.003
2019-07-19,70.83333333333334,43.84920634920635,75.39682539682539,77.75,35.11904761904761,43.84920634920635,31.944444444444443,50.99206349206349,32.341269841269835,14.45,182.654
2019-07-22,62.5,29.96031746031746,71.03174603174602,82.35000000000001,35.91269841269841,29.96031746031746,33.92857142857143,33.13492063492063,33.53174603174604,13.53,184.108
2019-07-23,53.769841269841265,8.134920634920634,69.64285714285715,86.95,2.976190476190476,8.134920634920634,45.03968253968254,45.83333333333333,41.86507936507936,12.61,185.313
2019-07-24,53.769841269841265,9.722222222222223,71.03174603174602,89.65,13.293650793650794,9.722222222222223,49.007936507936506,45.43650793650794,42.261904761904766,12.07,186.613
2019-07-25,41.46825396825397,6.944444444444445,72.61904761904762,86.3,62.10317460317461,6.944444444444445,36.7063492063492,54.96031746031746,41.86507936507936,12.74,184.844
2019-07-26,52.182539682539684,18.849206349206348,73.21428571428572,89.2,88.29365079365078,18.849206349206348,45.03968253968254,53.769841269841265,48.21428571428571,12.16,186.747
2019-07-29,51.388888888888886,14.880952380952381,75.5952380952381,85.85,50.595238095238095,14.880952380952381,41.46825396825397,48.214285714285715,44.24603174603175,12.83,186.107
2019-07-30,49.404761904761905,18.849206349206348,78.17460317460316,80.3,26.785714285714285,18.849206349206348,39.48412698412698,72.81746031746032,41.46825396825397,13.94,185.303
2019-07-31,38.69047619047619,87.89682539682539,77.18253968253968,69.39999999999999,64.88095238095238,87.89682539682539,24.801587301587304,37.89682539682539,35.51587301587301,16.12,182.741
2019-08-01,63.29365079365079,86.70634920634922,69.84126984126983,60.64999999999999,22.817460317460316,86.70634920634922,16.071428571428573,19.642857142857142,16.46825396825396,17.87,181.832
2019-08-02,60.51587301587301,87.5,65.87301587301587,61.95,23.61111111111111,87.5,14.484126984126986,14.880952380952381,10.912698412698404,17.61,179.155
2019-08-05,50.0,75.9920634920635,55.35714285714286,38.525,32.73809523809524,75.9920634920635,5.357142857142857,7.738095238095238,4.166666666666657,24.59,172.824
2019-08-06,70.83333333333334,14.484126984126986,48.80952380952381,49.574999999999996,20.03968253968254,14.484126984126986,10.912698412698413,13.690476190476192,5.753968253968253,20.17,175.243
2019-08-07,63.69047619047619,28.76984126984127,47.817460317460316,52.55000000000001,17.261904761904763,28.76984126984127,13.690476190476192,29.166666666666668,5.753968253968253,19.49,176.19
2019-08-08,79.16666666666666,35.11904761904761,50.7936507936508,65.44999999999999,23.214285714285715,35.11904761904761,25.992063492063494,36.7063492063492,8.531746031746039,16.91,180.025
2019-08-09,82.73809523809523,68.45238095238095,53.37301587301587,60.150000000000006,16.46825396825397,68.45238095238095,20.833333333333336,31.150793650793652,7.738095238095227,17.97,178.332
2019-08-12,83.92857142857143,47.023809523809526,61.904761904761905,47.275,22.023809523809522,47.023809523809526,16.071428571428573,25.595238095238095,4.563492063492063,21.09,176.286
2019-08-13,89.0873015873016,79.56349206349206,65.47619047619048,62.4,31.150793650793652,79.56349206349206,25.198412698412696,39.48412698412698,7.341269841269835,17.52,180.149
2019-08-14,86.70634920634922,58.13492063492064,65.47619047619048,44.75,29.166666666666668,58.13492063492064,10.515873015873016,23.61111111111111,1.3888888888888857,22.1,174.765
2019-08-15,50.0,30.753968253968257,62.5,47.05,37.89682539682539,30.753968253968257,14.484126984126986,15.277777777777779,1.3888888888888857,21.18,174.565
2019-08-16,82.73809523809523,75.1984126984127,62.301587301587304,57.650000000000006,27.579365079365083,75.1984126984127,24.801587301587304,46.62698412698413,2.9761904761904816,18.47,177.366
2019-08-19,85.51587301587301,57.341269841269835,61.507936507936506,65.6,16.46825396825397,57.341269841269835,32.73809523809524,39.88095238095239,7.341269841269835,16.88,180.187
2019-08-20,88.69047619047619,27.18253968253968,61.70634920634921,62.5,14.880952380952381,27.18253968253968,27.18253968253968,45.43650793650794,4.166666666666657,17.5,178.791
2019-08-21,85.11904761904762,39.08730158730159,62.5,71.0,27.579365079365083,39.08730158730159,36.7063492063492,37.5,7.341269841269835,15.8,180.379
2019-08-22,80.35714285714286,46.230158730158735,66.66666666666667,66.6,21.626984126984127,46.230158730158735,35.91269841269841,34.72222222222222,8.92857142857143,16.68,179.795
2019-08-23,83.92857142857143,84.32539682539682,63.0952380952381,50.64999999999999,67.65873015873017,84.32539682539682,16.46825396825397,9.722222222222223,1.7857142857142918,19.87,174.106
2019-08-26,85.11904761904762,35.51587301587302,59.523809523809526,53.4,15.674603174603174,35.51587301587302,25.992063492063494,20.436507936507937,2.9761904761904816,19.32,176.735
2019-08-27,88.29365079365078,2.976190476190476,56.54761904761905,49.225,19.642857142857142,2.976190476190476,24.404761904761905,10.119047619047619,2.1825396825396837,20.31,176.362
2019-08-28,80.75396825396825,10.119047619047619,54.761904761904766,53.24999999999999,2.976190476190476,10.119047619047619,34.32539682539682,20.436507936507937,2.5793650793650755,19.35,176.993
2019-08-29,85.11904761904762,31.944444444444443,52.777777777777786,60.6,4.563492063492063,31.944444444444443,56.547619047619044,24.801587301587304,6.547619047619051,17.88,179.7
2019-08-30,99.0079365079365,72.42063492063492,55.952380952380956,55.1,17.658730158730158,72.42063492063492,66.46825396825396,25.992063492063494,6.150793650793645,18.98,179.269
2019-09-03,99.0079365079365,12.5,56.34920634920635,51.7,2.976190476190476,12.5,41.07142857142857,25.595238095238095,4.960317460317469,19.66,177.529
2019-09-04,97.81746031746032,21.23015873015873,58.13492063492063,63.35000000000001,0.992063492063492,21.23015873015873,68.45238095238095,35.11904761904761,8.531746031746039,17.33,180.092
2019-09-05,91.86507936507937,69.24603174603175,55.75396825396825,68.65,10.119047619047619,69.24603174603175,88.69047619047619,23.61111111111111,14.88095238095238,16.27,183.391
2019-09-06,77.18253968253968,21.626984126984127,55.35714285714286,75.0,6.547619047619048,21.626984126984127,87.89682539682539,50.198412698412696,14.484126984126988,15.0,183.209
2019-09-09,53.769841269841265,43.84920634920635,59.12698412698413,73.65,11.706349206349206,43.84920634920635,69.24603174603175,51.78571428571429,18.45238095238095,15.27,182.827
2019-09-10,38.69047619047619,37.5,62.698412698412696,74.0,2.976190476190476,37.5,61.70634920634921,34.72222222222222,22.817460317460316,15.2,182.301
2019-09-11,39.08730158730159,60.51587301587301,57.34126984126984,76.95,20.833333333333336,60.51587301587301,67.26190476190477,28.373015873015873,27.579365079365076,14.61,184.012
2019-09-12,50.99206349206349,77.97619047619048,62.89682539682539,78.9,8.134920634920634,77.97619047619048,69.64285714285714,34.72222222222222,37.10317460317461,14.22,184.777
2019-09-13,42.26190476190476,87.10317460317461,55.55555555555556,81.3,12.5,87.10317460317461,65.67460317460318,50.99206349206349,47.023809523809526,13.74,184.118
2019-09-16,30.753968253968257,0.5952380952380952,47.61904761904762,76.65,4.166666666666666,0.5952380952380952,67.26190476190477,11.30952380952381,39.48412698412699,14.67,183.295
2019-09-17,34.72222222222222,21.23015873015873,45.03968253968254,77.80000000000001,0.1984126984126984,21.23015873015873,79.16666666666666,22.817460317460316,38.69047619047619,14.44,184.175
2019-09-18,41.46825396825397,60.51587301587301,48.41269841269842,80.25,25.198412698412696,60.51587301587301,73.21428571428571,63.29365079365079,37.89682539682539,13.95,184.098
2019-09-19,46.230158730158735,67.65873015873017,49.2063492063492,79.75,17.658730158730158,67.65873015873017,73.01587301587301,65.27777777777779,35.912698412698404,14.05,184.404
2019-09-20,43.05555555555556,67.65873015873017,45.63492063492063,73.4,26.38888888888889,67.65873015873017,64.68253968253968,52.57936507936508,25.595238095238088,15.32,182.454
2019-09-23,32.73809523809524,8.531746031746032,48.214285714285715,75.45,14.087301587301587,8.531746031746032,60.11904761904761,35.91269841269841,24.404761904761912,14.91,182.534
2019-09-24,42.65873015873016,31.150793650793652,48.611111111111114,64.75,41.46825396825397,31.150793650793652,40.67460317460318,30.357142857142854,18.055555555555557,17.05,180.11
2019-09-25,41.86507936507937,58.53174603174603,47.61904761904762,70.19999999999999,32.73809523809524,58.53174603174603,48.61111111111111,56.94444444444444,24.801587301587304,15.96,182.132
2019-09-26,52.182539682539684,16.071428571428573,54.36507936507936,69.65,28.76984126984127,16.071428571428573,42.65873015873016,60.51587301587301,22.02380952380952,16.07,181.461
2019-09-27,58.92857142857143,83.13492063492063,52.97619047619048,63.900000000000006,52.182539682539684,83.13492063492063,31.547619047619047,18.849206349206348,20.436507936507937,17.22,179.209
2019-09-30,52.976190476190474,55.35714285714286,55.35714285714286,68.80000000000001,11.706349206349206,55.35714285714286,38.2936507936508,47.42063492063492,24.404761904761912,16.24,180.915
2019-10-01,50.0,66.86507936507937,52.38095238095238,57.2,22.023809523809522,66.86507936507937,15.674603174603174,8.134920634920634,18.055555555555557,18.56,179.439
2019-10-02,50.0,34.32539682539682,53.96825396825396,48.6,23.61111111111111,34.32539682539682,5.753968253968254,34.72222222222222,12.103174603174608,20.56,176.354
2019-10-03,50.0,39.88095238095239,55.357142857142854,54.39999999999999,43.84920634920635,39.88095238095239,8.928571428571429,37.10317460317461,12.103174603174608,19.12,178.289
2019-10-04,50.0,68.05555555555556,63.09523809523809,64.80000000000001,36.30952380952381,68.05555555555556,23.61111111111111,65.27777777777779,14.087301587301596,17.04,180.915
2019-10-07,50.0,54.563492063492056,66.66666666666666,60.7,22.42063492063492,54.563492063492056,18.849206349206348,50.99206349206349,14.88095238095238,17.86,180.369
2019-10-08,50.0,55.35714285714286,73.61111111111111,49.3,11.706349206349206,55.35714285714286,7.341269841269842,38.69047619047619,10.11904761904762,20.28,177.667
2019-10-09,50.0,25.198412698412696,74.8015873015873,56.8,7.738095238095238,25.198412698412696,14.880952380952381,45.43650793650794,14.88095238095238,18.64,179.401
2019-10-10,50.0,38.2936507936508,77.77777777777777,62.15,27.976190476190478,38.2936507936508,20.436507936507937,63.29365079365079,22.420634920634924,17.57,180.79
2019-10-11,50.0,87.89682539682539,75.5952380952381,72.1,47.023809523809526,87.89682539682539,36.904761904761905,45.03968253968254,33.53174603174604,15.58,183.119
2019-10-14,50.0,54.166666666666664,74.20634920634922,77.15,26.785714285714285,54.166666666666664,35.11904761904761,48.214285714285715,32.73809523809523,14.57,183.1
2019-10-15,65.67460317460318,82.73809523809523,74.2063492063492,82.30000000000001,66.07142857142857,82.73809523809523,50.99206349206349,25.595238095238095,44.64285714285714,13.54,185.428
2019-10-16,67.26190476190477,59.72222222222222,74.8015873015873,81.6,31.150793650793652,59.72222222222222,47.42063492063492,51.388888888888886,39.88095238095239,13.68,184.968
2019-10-17,72.02380952380952,19.246031746031747,75.59523809523809,81.05000000000001,72.42063492063492,19.246031746031747,53.769841269841265,83.13492063492063,44.64285714285714,13.79,185.457
2019-10-18,45.83333333333333,1.7857142857142856,74.8015873015873,78.75,62.89682539682539,1.7857142857142856,50.198412698412696,53.769841269841265,40.27777777777778,14.25,183.674
2019-10-21,49.007936507936506,18.452380952380953,76.19047619047619,80.0,39.08730158730159,18.452380952380953,61.70634920634921,67.65873015873017,51.785714285714285,14.0,185.303
2019-10-22,50.0,16.46825396825397,74.0079365079365,77.69999999999999,44.24603174603175,16.46825396825397,50.99206349206349,64.0873015873016,48.21428571428571,14.46,183.828
2019-10-23,39.48412698412698,45.03968253968254,78.76984126984127,79.95,19.642857142857142,45.03968253968254,55.35714285714286,61.30952380952381,49.404761904761905,14.01,184.182
2019-10-24,50.0,98.21428571428571,78.76984126984127,81.44999999999999,79.96031746031747,98.21428571428571,60.11904761904761,51.78571428571429,51.785714285714285,13.71,185.974
2019-10-25,37.5,99.8015873015873,81.74603174603175,86.75,98.21428571428571,99.8015873015873,60.912698412698404,56.547619047619044,56.547619047619044,12.65,187.459
2019-10-28,58.92857142857143,55.35714285714286,83.13492063492063,84.45,78.37301587301587,55.35714285714286,58.13492063492064,83.53174603174604,66.86507936507937,13.11,189.309
2019-10-29,52.57936507936508,27.976190476190478,82.93650793650794,84.0,52.976190476190474,27.976190476190478,62.10317460317461,61.70634920634921,65.67460317460318,13.2,187.843
2019-10-30,47.817460317460316,3.7698412698412698,83.13492063492063,88.35,56.94444444444444,3.7698412698412698,68.05555555555556,70.83333333333334,62.10317460317461,12.33,188.753
2019-10-31,59.32539682539682,12.896825396825399,81.15079365079364,83.9,33.92857142857143,12.896825396825399,54.563492063492056,57.341269841269835,32.341269841269835,13.22,188.839
2019-11-01,52.57936507936508,70.83333333333334,76.58730158730158,88.5,52.182539682539684,70.83333333333334,67.85714285714286,70.03968253968253,50.198412698412696,12.3,190.554
2019-11-04,37.10317460317461,14.484126984126986,69.04761904761904,85.85,16.071428571428573,14.484126984126986,58.92857142857143,79.56349206349206,60.91269841269841,12.83,191.733
2019-11-05,35.51587301587302,22.42063492063492,68.25396825396825,84.5,0.5952380952380952,22.42063492063492,50.39682539682539,56.94444444444444,68.45238095238095,13.1,191.838
2019-11-06,35.51587301587302,10.515873015873016,68.84920634920636,86.9,2.1825396825396823,10.515873015873016,47.817460317460316,74.8015873015873,63.69047619047619,12.62,191.407
2019-11-07,32.34126984126984,22.42063492063492,76.38888888888889,86.35,27.976190476190478,22.42063492063492,50.595238095238095,64.48412698412699,81.94444444444444,12.73,192.049
2019-11-08,30.753968253968257,1.7857142857142856,73.21428571428572,89.65,14.087301587301587,1.7857142857142856,50.79365079365079,52.57936507936508,85.51587301587301,12.07,192.816
2019-11-11,29.96031746031746,35.11904761904761,75.5952380952381,86.55,52.182539682539684,35.11904761904761,49.801587301587304,81.54761904761905,85.11904761904762,12.69,192.557
2019-11-12,30.357142857142854,16.865079365079367,83.33333333333333,86.6,29.96031746031746,16.865079365079367,52.57936507936508,85.9126984126984,83.92857142857143,12.68,193.113
2019-11-13,28.76984126984127,29.96031746031746,82.53968253968253,85.0,74.0079365079365,29.96031746031746,54.166666666666664,67.65873015873017,79.16666666666666,13.0,193.161
2019-11-14,29.96031746031746,61.30952380952381,79.16666666666666,84.75,68.84920634920636,61.30952380952381,59.32539682539682,86.70634920634922,72.02380952380952,13.05,193.007
2019-11-15,29.166666666666668,90.67460317460318,78.96825396825398,89.75,57.341269841269835,90.67460317460318,66.26984126984127,70.43650793650794,81.54761904761905,12.05,194.425
2019-11-18,31.944444444444443,56.15079365079365,76.98412698412699,87.69999999999999,31.944444444444443,56.15079365079365,64.88095238095238,61.30952380952381,78.76984126984127,12.46,194.579
2019-11-19,32.34126984126984,47.023809523809526,63.69047619047619,85.7,46.230158730158735,47.023809523809526,63.095238095238095,75.9920634920635,74.8015873015873,12.86,194.866
2019-11-20,35.91269841269841,97.42063492063492,60.51587301587302,86.10000000000001,96.23015873015873,97.42063492063492,51.19047619047619,64.0873015873016,62.89682539682539,12.78,193.697
2019-11-21,33.13492063492063,59.72222222222222,52.182539682539684,84.35,36.30952380952381,59.72222222222222,39.48412698412698,38.2936507936508,66.07142857142857,13.13,193.266
2019-11-22,26.38888888888889,34.72222222222222,51.98412698412699,88.3,29.166666666666668,34.72222222222222,39.88095238095239,54.563492063492056,68.45238095238095,12.34,193.39
2019-11-25,19.642857142857142,37.10317460317461,51.98412698412698,90.65,30.753968253968257,37.10317460317461,66.86507936507937,57.738095238095234,75.5952380952381,11.87,195.681
2019-11-26,25.198412698412696,35.11904761904761,55.357142857142854,92.30000000000001,1.3888888888888888,35.11904761904761,73.21428571428571,76.38888888888889,74.4047619047619,11.54,196.054
2019-11-27,27.976190476190478,30.753968253968257,57.53968253968253,91.25,13.293650793650794,30.753968253968257,81.15079365079364,78.37301587301587,84.72222222222223,11.75,197.424
2019-11-29,31.944444444444443,36.30952380952381,60.91269841269841,86.9,22.023809523809522,36.30952380952381,66.66666666666666,65.67460317460318,82.73809523809524,12.62,196.524
2019-12-02,31.944444444444443,45.83333333333333,62.8968253968254,75.45,33.92857142857143,45.83333333333333,33.53174603174603,68.45238095238095,64.48412698412699,14.91,194.512
2019-12-03,36.30952380952381,60.912698412698404,65.67460317460318,70.19999999999999,22.42063492063492,60.912698412698404,24.404761904761905,46.230158730158735,42.261904761904766,15.96,192.988
2019-12-04,37.89682539682539,41.07142857142857,60.51587301587302,76.0,9.325396825396826,41.07142857142857,34.32539682539682,64.48412698412699,55.357142857142854,14.8,193.965
2019-12-05,41.86507936507937,10.119047619047619,68.25396825396825,77.4,6.547619047619048,10.119047619047619,37.5,70.43650793650794,62.10317460317461,14.52,194.349
2019-12-06,58.13492063492064,35.91269841269841,74.8015873015873,81.9,53.769841269841265,35.91269841269841,51.78571428571429,68.84920634920636,79.16666666666666,13.62,196.428
2019-12-09,79.56349206349206,51.388888888888886,76.98412698412699,70.7,68.45238095238095,51.388888888888886,39.88095238095239,78.76984126984127,73.61111111111111,15.86,195.537
2019-12-10,81.15079365079364,47.817460317460316,75.5952380952381,71.6,51.388888888888886,47.817460317460316,33.92857142857143,83.53174603174604,75.5952380952381,15.68,195.374
2019-12-11,70.03968253968253,66.07142857142857,77.97619047619048,75.05,45.83333333333333,66.07142857142857,37.10317460317461,91.46825396825396,66.46825396825398,14.99,196.409
2019-12-12,62.5,84.32539682539682,76.78571428571428,80.3,85.11904761904762,84.32539682539682,50.595238095238095,82.34126984126983,92.65873015873015,13.94,197.875
2019-12-13,88.29365079365078,93.05555555555556,77.97619047619048,86.85,83.13492063492063,93.05555555555556,46.230158730158735,87.5,83.53174603174602,12.63,198.526
2019-12-16,83.53174603174604,79.16666666666666,66.66666666666667,89.3,93.84920634920636,79.16666666666666,66.46825396825396,87.89682539682539,93.45238095238095,12.14,200.519
2019-12-17,80.75396825396825,14.087301587301587,63.492063492063494,88.55000000000001,54.166666666666664,14.087301587301587,66.86507936507937,88.29365079365078,93.45238095238095,12.29,200.634
2019-12-18,62.10317460317461,7.341269841269842,58.730158730158735,87.1,65.67460317460318,7.341269841269842,55.952380952380956,85.9126984126984,93.45238095238095,12.58,200.788
2019-12-19,67.65873015873017,52.976190476190474,46.82539682539683,87.5,74.8015873015873,52.976190476190474,68.84920634920636,89.48412698412699,94.64285714285714,12.5,202.043
2019-12-20,71.23015873015873,74.8015873015873,45.83333333333333,87.45,31.547619047619047,74.8015873015873,79.16666666666666,97.02380952380952,97.81746031746032,12.51,202.857
2019-12-23,75.59523809523809,57.341269841269835,47.22222222222223,86.95,73.21428571428571,57.341269841269835,71.62698412698413,99.8015873015873,98.21428571428571,12.61,203.393
2019-12-24,68.84920634920636,97.42063492063492,48.80952380952381,86.65,99.8015873015873,97.42063492063492,80.35714285714286,98.61111111111111,95.83333333333333,12.67,203.498
2019-12-26,80.75396825396825,99.8015873015873,50.595238095238095,86.75,99.8015873015873,99.8015873015873,83.53174603174604,95.43650793650794,98.21428571428571,12.65,205.294
2019-12-27,87.5,99.8015873015873,63.492063492063494,82.85,99.8015873015873,99.8015873015873,81.94444444444444,96.23015873015873,97.02380952380952,13.43,205.121
2019-12-30,82.34126984126983,98.21428571428571,82.53968253968253,75.9,99.0079365079365,98.21428571428571,66.86507936507937,80.35714285714286,93.84920634920636,14.82,203.777
2019-12-31,59.72222222222222,82.73809523809523,82.14285714285714,81.1,79.56349206349206,82.73809523809523,81.94444444444444,78.37301587301587,90.27777777777777,13.78,204.161
2020-01-02,82.34126984126983,91.07142857142857,84.52380952380952,87.64999999999999,79.96031746031747,91.07142857142857,69.24603174603175,96.23015873015873,90.27777777777777,12.47,207.57
2020-01-03,74.8015873015873,93.84920634920636,83.53174603174602,79.9,93.05555555555556,93.84920634920636,54.761904761904766,86.70634920634922,79.56349206349206,14.02,205.669
2020-01-06,75.1984126984127,64.88095238095238,83.33333333333334,80.75,72.42063492063492,64.88095238095238,46.82539682539682,89.0873015873016,84.72222222222223,13.85,206.994
2020-01-07,56.547619047619044,94.24603174603175,85.31746031746033,81.05000000000001,90.67460317460318,94.24603174603175,30.753968253968257,92.65873015873017,84.72222222222223,13.79,206.965
2020-01-08,59.72222222222222,95.03968253968253,91.66666666666667,82.75,95.43650793650794,95.03968253968253,37.10317460317461,91.86507936507937,89.48412698412699,13.45,208.521
2020-01-09,72.02380952380952,97.42063492063492,93.45238095238096,87.30000000000001,97.02380952380952,97.42063492063492,48.61111111111111,87.10317460317461,90.27777777777777,12.54,210.288
2020-01-10,75.1984126984127,87.10317460317461,94.04761904761905,87.2,88.69047619047619,87.10317460317461,38.88888888888889,81.15079365079364,87.89682539682539,12.56,209.75
2020-01-13,85.51587301587301,89.48412698412699,94.24603174603175,88.4,91.46825396825396,89.48412698412699,57.738095238095234,89.0873015873016,91.46825396825398,12.32,212.17
2020-01-14,71.62698412698413,87.10317460317461,91.86507936507937,88.05,95.83333333333334,87.10317460317461,58.92857142857143,75.9920634920635,89.08730158730158,12.39,211.334
2020-01-15,66.07142857142857,80.35714285714286,90.07936507936508,87.9,81.94444444444444,80.35714285714286,62.10317460317461,76.38888888888889,87.10317460317461,12.42,211.421
2020-01-16,58.13492063492064,89.0873015873016,89.0873015873016,88.4,78.37301587301587,89.0873015873016,83.53174603174604,80.35714285714286,92.65873015873015,12.32,213.447
2020-01-17,73.21428571428571,64.48412698412699,84.12698412698413,89.5,79.16666666666666,64.48412698412699,79.56349206349206,98.61111111111111,98.61111111111111,12.1,214.503
2020-01-21,89.88095238095238,48.214285714285715,78.17460317460318,85.75,88.29365079365078,48.214285714285715,62.301587301587304,99.0079365079365,89.88095238095238,12.85,214.407
2020-01-22,93.45238095238095,91.07142857142857,80.75396825396825,85.45,99.0079365079365,91.07142857142857,57.936507936507944,97.81746031746032,88.69047619047619,12.91,214.974
2020-01-23,97.81746031746032,71.62698412698413,90.67460317460318,85.1,82.34126984126983,71.62698412698413,58.92857142857143,92.65873015873017,87.10317460317461,12.98,215.665
2020-01-24,98.61111111111111,91.07142857142857,93.65079365079364,77.19999999999999,96.62698412698413,91.07142857142857,28.76984126984127,97.02380952380952,77.97619047619048,14.56,213.85
2020-01-27,98.21428571428571,89.0873015873016,96.42857142857143,58.849999999999994,79.96031746031747,89.0873015873016,17.658730158730158,70.83333333333334,43.84920634920635,18.23,209.433
2020-01-28,98.21428571428571,83.13492063492063,95.43650793650794,68.6,83.53174603174604,83.13492063492063,24.801587301587304,87.5,60.11904761904761,16.28,212.65
2020-01-29,97.81746031746032,94.64285714285714,93.65079365079364,68.05,99.0079365079365,94.64285714285714,20.833333333333336,85.11904761904762,51.38888888888889,16.39,212.995
2020-01-30,99.8015873015873,97.02380952380952,91.26984126984127,72.55,98.61111111111111,97.02380952380952,24.404761904761905,73.21428571428571,49.404761904761905,15.49,213.754
2020-01-31,98.61111111111111,97.81746031746032,88.0952380952381,55.8,98.61111111111111,97.81746031746032,8.928571428571429,74.8015873015873,83.13492063492063,18.84,210.364
2020-02-03,97.42063492063492,99.8015873015873,88.4920634920635,60.150000000000006,99.8015873015873,99.8015873015873,16.865079365079367,70.83333333333334,88.2936507936508,17.97,213.543
2020-02-04,99.8015873015873,99.8015873015873,86.11111111111111,69.75,99.8015873015873,99.8015873015873,28.373015873015873,52.182539682539684,99.8015873015873,16.05,218.431
2020-02-05,98.61111111111111,98.61111111111111,87.10317460317461,74.25,97.81746031746032,98.61111111111111,52.976190476190474,87.89682539682539,99.8015873015873,15.15,219.151
2020-02-06,99.8015873015873,97.81746031746032,87.3015873015873,75.19999999999999,97.42063492063492,97.81746031746032,50.0,91.07142857142857,99.8015873015873,14.96,221.042
2020-02-07,99.8015873015873,95.83333333333334,89.28571428571428,72.65,95.03968253968253,95.83333333333334,31.547619047619047,86.70634920634922,99.0079365079365,15.47,220.092
2020-02-10,99.8015873015873,98.21428571428571,92.06349206349206,74.80000000000001,98.61111111111111,98.21428571428571,44.642857142857146,95.43650793650794,99.0079365079365,15.04,222.752
2020-02-11,98.61111111111111,95.83333333333334,97.81746031746033,74.1,95.83333333333334,95.83333333333334,56.15079365079365,98.61111111111111,99.0079365079365,15.18,222.79
2020-02-12,98.21428571428571,91.86507936507937,99.20634920634922,81.3,87.10317460317461,91.86507936507937,75.59523809523809,98.61111111111111,99.8015873015873,13.74,224.96
2020-02-13,97.42063492063492,97.81746031746032,99.4047619047619,79.25,95.43650793650794,97.81746031746032,74.0079365079365,94.64285714285714,99.4047619047619,14.15,224.672
2020-02-14,97.81746031746032,94.64285714285714,99.60317460317461,81.6,91.46825396825396,94.64285714285714,71.23015873015873,97.42063492063492,99.0079365079365,13.68,225.316
2020-02-18,97.81746031746032,93.84920634920636,99.0079365079365,75.85,93.45238095238095,93.84920634920636,54.96031746031746,97.02380952380952,97.42063492063492,14.83,225.402
2020-02-19,98.61111111111111,98.61111111111111,96.62698412698413,78.1,96.62698412698413,98.61111111111111,69.64285714285714,97.42063492063492,97.81746031746032,14.38,227.563
2020-02-20,93.45238095238095,96.23015873015873,97.22222222222223,72.19999999999999,92.26190476190477,96.23015873015873,65.47619047619048,99.0079365079365,96.23015873015873,15.56,225.45
2020-02-21,89.88095238095238,94.24603174603175,91.07142857142857,64.60000000000001,92.26190476190477,94.24603174603175,38.2936507936508,77.97619047619048,93.84920634920636,17.08,221.119
2020-02-24,83.92857142857143,92.26190476190477,85.71428571428572,37.425,92.65873015873017,92.26190476190477,4.9603174603174605,36.30952380952381,57.34126984126984,25.03,212.592
2020-02-25,89.0873015873016,90.27777777777779,72.02380952380952,30.375,87.5,90.27777777777779,0.1984126984126984,5.357142857142857,25.992063492063494,27.85,206.811
2020-02-26,97.81746031746032,83.53174603174604,64.88095238095238,31.099999999999994,81.94444444444444,83.53174603174604,0.3968253968253968,20.436507936507937,22.817460317460316,27.56,207.877
2020-02-27,50.0,87.89682539682539,32.53968253968254,2.1000000000000085,87.10317460317461,87.89682539682539,0.1984126984126984,1.7857142857142856,9.325396825396822,39.16,197.468
2020-02-28,50.0,76.38888888888889,21.42857142857143,0.0,81.54761904761905,76.38888888888889,0.1984126984126984,8.531746031746032,2.5793650793650755,40.11,197.622
2020-03-02,50.0,83.13492063492063,17.658730158730158,16.44999999999999,85.51587301587301,83.13492063492063,0.992063492063492,39.08730158730159,37.5,33.42,207.82
2020-03-03,50.0,88.29365079365078,19.047619047619047,7.950000000000003,89.88095238095238,88.29365079365078,0.992063492063492,42.65873015873016,15.277777777777786,36.82,201.155
2020-03-04,99.40476190476191,61.30952380952381,18.452380952380953,20.025000000000006,79.56349206349206,61.30952380952381,5.753968253968254,29.563492063492063,36.70634920634921,31.99,209.548
2020-03-05,50.0,39.08730158730159,27.38095238095238,0.9500000000000028,60.11904761904761,39.08730158730159,3.373015873015873,47.817460317460316,13.293650793650784,39.62,203.182
2020-03-06,50.0,66.86507936507937,30.95238095238095,0.0,66.07142857142857,66.86507936507937,1.7857142857142856,9.325396825396826,2.9761904761904816,41.94,199.753
2020-03-09,50.0,51.388888888888886,20.634920634920636,0.0,64.0873015873016,51.388888888888886,0.992063492063492,5.753968253968254,0.19841269841269593,54.46,185.878
2020-03-10,50.0,69.24603174603175,18.452380952380953,0.0,62.5,69.24603174603175,1.7857142857142856,22.42063492063492,0.5952380952380878,47.3,195.999
2020-03-11,50.0,51.78571428571429,14.484126984126984,0.0,63.69047619047619,51.78571428571429,0.5952380952380952,15.674603174603174,0.5952380952380878,53.9,187.462
2020-03-12,50.0,70.83333333333334,5.9523809523809526,0.0,82.73809523809523,70.83333333333334,0.1984126984126984,0.1984126984126984,0.19841269841269593,75.47,170.273
2020-03-13,50.0,73.21428571428571,3.571428571428571,0.0,80.35714285714286,73.21428571428571,1.7857142857142856,6.15079365079365,0.9920634920634939,57.83,184.697
2020-03-16,50.0,68.45238095238095,8.730158730158731,0.0,81.15079365079364,68.45238095238095,0.5952380952380952,0.5952380952380952,0.19841269841269593,82.69,162.572
2020-03-17,50.0,69.24603174603175,12.500000000000002,0.0,81.15079365079364,69.24603174603175,3.373015873015873,1.7857142857142856,0.9920634920634939,75.91,174.902
2020-03-18,50.0,52.182539682539684,15.277777777777777,0.0,75.1984126984127,52.182539682539684,3.373015873015873,5.357142857142857,0.9920634920634939,76.45,169.582
2020-03-19,50.0,85.9126984126984,22.81746031746032,0.0,89.0873015873016,85.9126984126984,2.579365079365079,0.992063492063492,0.9920634920634939,72.0,170.6
2020-03-20,50.0,85.51587301587301,25.59523809523809,0.0,85.11904761904762,85.51587301587301,0.992063492063492,0.1984126984126984,0.19841269841269593,66.04,163.917
2020-03-23,50.0,78.37301587301587,27.579365079365076,0.0,85.51587301587301,78.37301587301587,0.992063492063492,1.3888888888888888,0.19841269841269593,61.59,164.035
2020-03-24,50.0,87.10317460317461,35.714285714285715,0.0,85.51587301587301,87.10317460317461,5.952380952380952,5.753968253968254,1.3888888888888857,61.67,176.737
2020-03-25,50.0,70.83333333333334,40.47619047619048,0.0,87.89682539682539,70.83333333333334,6.547619047619048,4.563492063492063,2.1825396825396837,63.95,175.428
2020-03-26,50.0,68.84920634920636,42.65873015873016,0.0,81.54761904761905,68.84920634920636,16.865079365079367,10.912698412698413,4.166666666666657,61.0,184.666
2020-03-27,50.0,66.86507936507937,46.62698412698413,0.0,81.94444444444444,66.86507936507937,9.722222222222223,2.579365079365079,2.9761904761904816,65.54,178.315
2020-03-30,50.0,57.738095238095234,48.21428571428572,0.0,85.11904761904762,57.738095238095234,27.579365079365083,2.1825396825396823,3.7698412698412653,57.08,184.801
2020-03-31,50.0,74.0079365079365,50.39682539682539,0.0,77.18253968253968,74.0079365079365,20.03968253968254,20.436507936507937,5.357142857142861,53.54,183.223
2020-04-01,50.0,69.24603174603175,50.79365079365079,0.0,74.40476190476191,69.24603174603175,10.515873015873016,0.5952380952380952,3.7698412698412653,57.06,175.438
2020-04-02,50.0,69.64285714285714,50.1984126984127,0.0,75.9920634920635,69.64285714285714,23.214285714285715,0.1984126984126984,4.960317460317469,50.91,178.998
2020-04-03,50.0,60.11904761904761,50.0,0.0,81.94444444444444,60.11904761904761,20.03968253968254,2.579365079365079,4.166666666666657,46.8,176.458
2020-04-06,50.0,75.59523809523809,51.19047619047619,0.0,81.54761904761905,75.59523809523809,84.72222222222221,14.880952380952381,7.738095238095227,45.24,189.074
2020-04-07,50.0,82.73809523809523,50.992063492063494,0.0,87.89682539682539,82.73809523809523,97.81746031746032,18.055555555555554,8.134920634920633,46.7,188.997
2020-04-08,50.0,59.72222222222222,52.976190476190474,0.0,71.62698412698413,59.72222222222222,99.8015873015873,28.373015873015873,10.912698412698404,43.35,193.01
2020-04-09,50.0,31.150793650793652,55.75396825396825,0.0,54.166666666666664,31.150793650793652,99.8015873015873,25.992063492063494,12.103174603174608,41.67,193.289
2020-04-13,50.0,88.69047619047619,59.12698412698413,0.0,95.03968253968253,88.69047619047619,99.40476190476191,32.73809523809524,11.706349206349216,41.17,195.377
2020-04-14,50.0,96.62698412698413,64.88095238095238,5.6000000000000085,99.0079365079365,96.62698412698413,99.8015873015873,52.57936507936508,18.849206349206355,37.76,203.874
2020-04-15,50.0,84.72222222222221,69.24603174603175,0.0,96.23015873015873,84.72222222222221,97.81746031746032,39.88095238095239,9.722222222222214,40.84,201.536
2020-04-16,50.0,96.62698412698413,72.42063492063492,0.0,99.0079365079365,96.62698412698413,94.24603174603175,52.57936507936508,10.515873015873012,40.11,205.212
2020-04-17,50.0,75.9920634920635,74.60317460317461,4.625,93.45238095238095,75.9920634920635,98.21428571428571,73.21428571428571,17.261904761904773,38.15,207.175
2020-04-20,50.0,75.9920634920635,78.37301587301587,0.0,91.07142857142857,75.9920634920635,96.62698412698413,57.341269841269835,12.103174603174608,43.83,204.721
2020-04-21,50.0,95.03968253968253,74.0079365079365,0.0,98.61111111111111,95.03968253968253,59.32539682539682,22.817460317460316,8.531746031746039,45.41,197.167
2020-04-22,50.0,69.64285714285714,72.81746031746032,0.0,91.86507936507937,69.64285714285714,80.35714285714286,25.595238095238095,11.30952380952381,41.98,203.018
2020-04-23,50.0,72.81746031746032,72.42063492063492,0.0,88.29365079365078,72.81746031746032,73.61111111111111,35.51587301587302,10.912698412698404,41.38,202.585
2020-04-24,50.0,75.9920634920635,68.84920634920636,10.174999999999997,89.0873015873016,75.9920634920635,88.29365079365078,39.88095238095239,13.293650793650784,35.93,205.779
2020-04-27,50.0,89.88095238095238,69.84126984126985,16.775000000000006,93.84920634920636,89.88095238095238,97.02380952380952,68.05555555555556,20.436507936507937,33.29,207.435
2020-04-28,50.0,72.42063492063492,74.0079365079365,16.075000000000003,85.11904761904762,72.42063492063492,97.02380952380952,73.21428571428571,18.055555555555557,33.57,203.528
2020-04-29,50.0,52.182539682539684,77.97619047619048,21.924999999999997,92.26190476190477,52.182539682539684,95.83333333333334,52.976190476190474,25.198412698412696,31.23,210.745
2020-04-30,50.0,93.84920634920636,84.32539682539682,14.625,97.81746031746032,93.84920634920636,91.07142857142857,82.34126984126983,33.13492063492063,34.15,210.658
2020-05-01,50.0,99.40476190476191,83.92857142857143,7.025000000000006,99.40476190476191,99.40476190476191,46.230158730158735,50.198412698412696,27.579365079365076,37.19,204.721
2020-05-04,50.0,85.9126984126984,75.9920634920635,10.075000000000003,89.88095238095238,85.9126984126984,37.89682539682539,20.833333333333336,28.769841269841265,35.97,207.107
2020-05-05,50.0,84.72222222222221,73.61111111111111,15.974999999999994,85.51587301587301,84.72222222222221,43.84920634920635,62.5,32.341269841269835,33.61,209.455
2020-05-06,50.0,64.48412698412699,77.38095238095238,14.700000000000017,83.53174603174604,64.48412698412699,32.73809523809524,68.45238095238095,32.73809523809523,34.12,210.745
2020-05-07,50.0,35.11904761904761,73.4126984126984,21.400000000000006,68.45238095238095,35.11904761904761,44.642857142857146,50.99206349206349,32.341269841269835,31.44,213.459
2020-05-08,50.0,85.9126984126984,74.2063492063492,30.049999999999997,77.57936507936508,85.9126984126984,78.76984126984127,51.78571428571429,41.07142857142857,27.98,216.384
2020-05-11,50.0,80.75396825396825,83.53174603174604,31.075000000000003,91.46825396825396,80.75396825396825,59.72222222222222,76.38888888888889,46.62698412698413,27.57,218.318
2020-05-12,50.0,78.76984126984127,82.34126984126985,17.400000000000006,79.96031746031747,78.76984126984127,30.357142857142854,58.92857142857143,35.11904761904762,33.04,213.747
2020-05-13,50.0,88.29365079365078,73.80952380952381,11.799999999999997,85.9126984126984,88.29365079365078,19.246031746031747,24.00793650793651,27.182539682539684,35.28,211.072
2020-05-14,50.0,73.21428571428571,73.21428571428572,18.474999999999994,81.94444444444444,73.21428571428571,25.595238095238095,39.48412698412698,30.35714285714286,32.61,213.468
2020-05-15,50.0,76.78571428571429,72.42063492063491,20.275000000000006,70.43650793650794,76.78571428571429,25.198412698412696,52.57936507936508,31.54761904761905,31.89,214.854
2020-05-18,50.0,49.801587301587304,70.03968253968254,26.75,74.0079365079365,49.801587301587304,80.75396825396825,66.46825396825396,55.75396825396825,29.3,218.857
2020-05-19,50.0,70.83333333333334,71.42857142857143,23.674999999999997,81.94444444444444,70.83333333333334,50.99206349206349,75.9920634920635,43.84920634920635,30.53,218.309
2020-05-20,50.0,56.15079365079365,80.35714285714286,30.025000000000006,79.96031746031747,56.15079365079365,77.97619047619048,75.59523809523809,53.37301587301587,27.99,222.668
2020-05-21,50.0,75.59523809523809,84.92063492063491,26.174999999999997,95.03968253968253,75.59523809523809,59.72222222222222,79.16666666666666,48.21428571428571,29.53,220.243
2020-05-22,50.0,87.5,86.30952380952381,29.599999999999994,91.07142857142857,87.5,63.29365079365079,70.83333333333334,47.42063492063492,28.16,221.003
2020-05-26,50.0,40.67460317460318,87.89682539682539,29.974999999999994,60.51587301587301,40.67460317460318,91.46825396825396,80.35714285714286,60.11904761904761,28.01,220.406
2020-05-27,50.0,74.0079365079365,88.29365079365078,30.94999999999999,74.0079365079365,74.0079365079365,95.03968253968253,76.78571428571429,66.46825396825398,27.62,221.609
2020-05-28,78.76984126984127,49.404761904761905,87.30158730158729,28.525000000000006,62.89682539682539,49.404761904761905,96.82539682539682,60.912698412698404,68.05555555555556,28.59,221.321
2020-05-29,77.97619047619048,59.72222222222222,85.71428571428572,31.224999999999994,38.69047619047619,59.72222222222222,97.81746031746032,79.96031746031747,61.7063492063492,27.51,224.564
2020-06-01,50.0,80.35714285714286,86.70634920634922,29.424999999999997,80.35714285714286,80.35714285714286,97.02380952380952,69.24603174603175,90.67460317460318,28.23,225.237
2020-06-02,75.9920634920635,62.5,87.30158730158729,32.900000000000006,67.65873015873017,62.5,97.81746031746032,78.76984126984127,94.24603174603175,26.84,226.748
2020-06-03,62.5,32.34126984126984,84.72222222222223,35.849999999999994,60.51587301587301,32.34126984126984,97.22222222222221,66.86507936507937,97.02380952380952,25.66,227.768
2020-06-04,34.72222222222222,40.67460317460318,87.8968253968254,35.47500000000001,63.29365079365079,40.67460317460318,94.24603174603175,85.11904761904762,97.81746031746032,25.81,226.171
2020-06-05,0.5952380952380952,43.84920634920635,85.11904761904762,38.7,58.92857142857143,43.84920634920635,95.03968253968253,83.13492063492063,99.8015873015873,24.52,230.655
2020-06-08,0.1984126984126984,46.230158730158735,84.12698412698413,35.47500000000001,78.37301587301587,46.230158730158735,97.02380952380952,95.03968253968253,99.8015873015873,25.81,232.445
2020-06-09,0.5952380952380952,70.03968253968253,85.3174603174603,31.075000000000003,93.45238095238095,70.03968253968253,94.44444444444444,90.67460317460318,99.0079365079365,27.57,234.129
2020-06-10,11.706349206349206,90.27777777777779,89.88095238095238,31.075000000000003,98.21428571428571,90.27777777777779,95.43650793650794,95.43650793650794,98.61111111111111,27.57,236.939
2020-06-11,28.373015873015873,77.97619047619048,85.9126984126984,0.0,89.88095238095238,77.97619047619048,17.261904761904763,64.48412698412699,81.94444444444444,40.79,225.199
2020-06-12,3.7698412698412698,91.46825396825396,83.92857142857142,9.774999999999991,97.02380952380952,91.46825396825396,25.595238095238095,45.03968253968254,89.88095238095238,36.09,226.989
2020-06-15,0.5952380952380952,76.78571428571429,81.34920634920636,14.0,88.29365079365078,76.78571428571429,32.93650793650794,79.16666666666666,92.65873015873015,34.4,229.75
2020-06-16,0.992063492063492,82.34126984126983,80.15873015873015,15.824999999999989,86.70634920634922,82.34126984126983,62.89682539682539,85.51587301587301,94.24603174603175,33.67,233.696
2020-06-17,0.5952380952380952,76.38888888888889,79.16666666666666,16.325000000000003,85.9126984126984,76.38888888888889,36.7063492063492,89.48412698412699,93.05555555555556,33.47,234.437
2020-06-18,0.992063492063492,64.48412698412699,80.35714285714286,17.650000000000006,79.56349206349206,64.48412698412699,30.753968253968257,84.32539682539682,92.26190476190476,32.94,235.072
2020-06-19,0.992063492063492,51.78571428571429,82.53968253968254,12.200000000000003,51.78571428571429,51.78571428571429,21.23015873015873,85.11904761904762,91.46825396825398,35.12,235.033
2020-06-22,0.1984126984126984,77.97619047619048,83.53174603174602,20.575000000000003,84.72222222222221,77.97619047619048,20.833333333333336,85.51587301587301,92.26190476190476,31.77,237.852
2020-06-23,3.373015873015873,89.48412698412699,83.73015873015873,21.575000000000003,93.84920634920636,89.48412698412699,20.03968253968254,83.13492063492063,93.45238095238095,31.37,239.877
2020-06-24,22.817460317460316,80.75396825396825,81.74603174603175,15.399999999999991,91.46825396825396,80.75396825396825,9.722222222222223,75.59523809523809,86.7063492063492,33.84,234.932
2020-06-25,22.42063492063492,56.547619047619044,83.13492063492063,19.450000000000003,85.9126984126984,56.547619047619044,12.103174603174603,75.59523809523809,89.88095238095238,32.22,237.168
2020-06-26,16.071428571428573,40.67460317460318,83.73015873015873,13.175000000000011,79.16666666666666,40.67460317460318,9.325396825396826,74.8015873015873,77.18253968253968,34.73,231.567
2020-06-29,3.7698412698412698,59.32539682539682,83.73015873015873,20.549999999999997,99.0079365079365,59.32539682539682,11.30952380952381,57.341269841269835,82.73809523809524,31.78,234.093
2020-06-30,2.976190476190476,88.29365079365078,79.96031746031746,23.924999999999997,95.43650793650794,88.29365079365078,20.03968253968254,87.89682539682539,98.61111111111111,30.43,238.681
2020-07-01,4.166666666666666,82.34126984126983,82.73809523809524,28.44999999999999,98.61111111111111,82.34126984126983,20.833333333333336,80.35714285714286,99.0079365079365,28.62,241.467
2020-07-02,2.579365079365079,97.81746031746032,83.73015873015873,30.799999999999997,99.40476190476191,97.81746031746032,25.992063492063494,78.37301587301587,99.0079365079365,27.68,243.106
2020-07-06,3.373015873015873,99.0079365079365,87.30158730158729,30.14999999999999,99.8015873015873,99.0079365079365,41.269841269841265,80.35714285714286,99.8015873015873,27.94,249.083
2020-07-07,12.896825396825399,97.02380952380952,86.9047619047619,26.424999999999997,99.0079365079365,97.02380952380952,29.563492063492063,78.37301587301587,98.21428571428571,29.43,247.367
2020-07-08,45.03968253968254,94.64285714285714,89.48412698412699,29.80000000000001,97.81746031746032,94.64285714285714,33.92857142857143,83.53174603174604,99.0079365079365,28.08,250.625
2020-07-09,72.42063492063492,98.61111111111111,90.07936507936509,26.849999999999994,96.62698412698413,98.61111111111111,27.976190476190478,82.34126984126983,96.62698412698413,29.26,252.736
2020-07-10,72.81746031746032,99.0079365079365,91.07142857142857,31.775000000000006,99.8015873015873,99.0079365079365,37.5,84.72222222222221,98.61111111111111,27.29,254.462
2020-07-13,50.198412698412696,99.8015873015873,89.6825396825397,19.525000000000006,99.8015873015873,99.8015873015873,31.944444444444443,68.45238095238095,97.42063492063492,32.19,249.227
2020-07-14,28.76984126984127,99.0079365079365,89.28571428571428,26.200000000000003,99.0079365079365,99.0079365079365,58.53174603174603,75.1984126984127,98.21428571428571,29.52,250.991
2020-07-15,2.1825396825396823,93.45238095238095,91.66666666666667,30.599999999999994,96.23015873015873,93.45238095238095,88.69047619047619,93.84920634920636,99.8015873015873,27.76,251.502
2020-07-16,1.7857142857142856,94.64285714285714,93.25396825396825,30.0,98.61111111111111,94.64285714285714,84.72222222222221,94.24603174603175,99.0079365079365,28.0,249.786
2020-07-17,4.166666666666666,52.976190476190474,93.05555555555556,35.8,95.43650793650794,52.976190476190474,88.4920634920635,89.88095238095238,99.4047619047619,25.68,250.076
2020-07-20,8.134920634920634,99.40476190476191,95.43650793650794,38.849999999999994,99.0079365079365,99.40476190476191,84.12698412698413,94.24603174603175,99.8015873015873,24.46,257.171
2020-07-21,6.15079365079365,97.42063492063492,96.82539682539684,37.9,95.83333333333334,97.42063492063492,91.46825396825396,95.83333333333334,99.4047619047619,24.84,254.491
2020-07-22,3.7698412698412698,97.42063492063492,96.42857142857143,39.2,95.83333333333334,97.42063492063492,91.86507936507937,96.23015873015873,99.8015873015873,24.32,255.387
2020-07-23,0.992063492063492,99.8015873015873,95.03968253968253,34.8,99.0079365079365,99.8015873015873,88.29365079365078,86.30952380952381,97.02380952380952,26.08,248.716
2020-07-24,1.3888888888888888,99.8015873015873,95.23809523809524,35.400000000000006,99.40476190476191,99.8015873015873,77.18253968253968,77.97619047619048,94.64285714285714,25.84,246.355
2020-07-27,8.531746031746032,98.21428571428571,96.23015873015873,38.150000000000006,95.03968253968253,98.21428571428571,77.18253968253968,99.40476190476191,98.21428571428571,24.74,250.75
2020-07-28,43.84920634920635,94.64285714285714,94.44444444444444,36.4,90.67460317460318,94.64285714285714,55.75396825396825,96.23015873015873,94.64285714285714,25.44,247.56
2020-07-29,52.57936507936508,81.94444444444444,94.04761904761904,39.75,85.9126984126984,81.94444444444444,83.92857142857143,91.86507936507937,97.02380952380952,24.1,250.413
2020-07-30,21.626984126984127,91.07142857142857,95.83333333333334,38.099999999999994,90.67460317460318,91.07142857142857,56.94444444444444,92.26190476190477,93.84920634920636,24.76,251.724
2020-07-31,18.849206349206348,97.02380952380952,96.82539682539684,38.849999999999994,99.0079365079365,97.02380952380952,53.96825396825397,99.8015873015873,98.61111111111111,24.46,256.216
2020-08-03,23.61111111111111,98.61111111111111,95.43650793650794,39.3,98.21428571428571,98.61111111111111,58.53174603174603,94.24603174603175,99.8015873015873,24.28,259.677
2020-08-04,13.293650793650794,96.23015873015873,98.41269841269842,40.599999999999994,95.03968253968253,96.23015873015873,65.87301587301587,99.0079365079365,99.0079365079365,23.76,260.641
2020-08-05,6.547619047619048,64.0873015873016,98.61111111111111,42.525000000000006,87.5,64.0873015873016,75.9920634920635,88.69047619047619,99.8015873015873,22.99,261.287
2020-08-06,21.23015873015873,91.07142857142857,99.60317460317461,43.375,92.65873015873017,91.07142857142857,66.86507936507937,95.43650793650794,99.8015873015873,22.65,264.747
2020-08-07,23.61111111111111,87.89682539682539,99.8015873015873,44.474999999999994,94.24603174603175,87.89682539682539,77.57936507936508,99.8015873015873,99.8015873015873,22.21,261.692
2020-08-10,4.166666666666666,93.05555555555556,99.8015873015873,44.675000000000004,88.69047619047619,93.05555555555556,80.75396825396825,99.8015873015873,99.8015873015873,22.13,260.573
2020-08-11,0.1984126984126984,79.96031746031747,99.60317460317461,39.925,86.30952380952381,79.96031746031747,64.88095238095238,99.40476190476191,99.8015873015873,24.03,255.638
2020-08-12,0.1984126984126984,98.21428571428571,99.20634920634922,44.3,97.42063492063492,98.21428571428571,81.94444444444444,97.42063492063492,99.8015873015873,22.28,262.068
2020-08-13,1.3888888888888888,99.8015873015873,99.20634920634922,44.675000000000004,99.0079365079365,99.8015873015873,78.17460317460318,99.0079365079365,99.8015873015873,22.13,262.665
2020-08-14,0.5952380952380952,97.81746031746032,97.61904761904762,44.875,95.83333333333334,97.81746031746032,73.21428571428571,99.8015873015873,99.8015873015873,22.05,262.357
2020-08-17,10.912698412698413,98.21428571428571,94.24603174603175,46.625,95.43650793650794,98.21428571428571,75.9920634920635,99.8015873015873,99.0079365079365,21.35,265.403
2020-08-18,14.880952380952381,98.61111111111111,93.65079365079364,46.224999999999994,97.02380952380952,98.61111111111111,61.30952380952381,83.13492063492063,98.21428571428571,21.51,267.958
2020-08-19,16.865079365079367,96.23015873015873,91.26984126984127,43.650000000000006,94.64285714285714,96.23015873015873,44.24603174603175,79.96031746031747,97.81746031746032,22.54,266.155
2020-08-20,38.69047619047619,99.8015873015873,85.31746031746032,43.2,99.40476190476191,99.8015873015873,34.32539682539682,64.48412698412699,97.42063492063492,22.72,269.847
2020-08-21,52.976190476190474,99.8015873015873,78.57142857142857,43.650000000000006,99.8015873015873,99.8015873015873,29.96031746031746,73.61111111111111,97.42063492063492,22.54,271.717
2020-08-24,68.45238095238095,99.40476190476191,82.73809523809524,44.074999999999996,99.40476190476191,99.40476190476191,48.214285714285715,93.84920634920636,99.8015873015873,22.37,273.414
2020-08-25,76.78571428571429,96.23015873015873,84.12698412698413,44.925,97.42063492063492,96.23015873015873,43.84920634920635,92.26190476190477,99.8015873015873,22.03,275.563
2020-08-26,77.18253968253968,96.62698412698413,86.11111111111111,41.825,99.8015873015873,96.62698412698413,39.08730158730159,82.73809523809523,99.8015873015873,23.27,281.444
2020-08-27,73.61111111111111,97.81746031746032,90.47619047619048,38.825,98.61111111111111,97.81746031746032,50.99206349206349,82.34126984126983,99.8015873015873,24.47,280.566
2020-08-28,76.38888888888889,99.0079365079365,94.64285714285714,42.599999999999994,97.02380952380952,99.0079365079365,56.94444444444444,93.45238095238095,99.8015873015873,22.96,281.993
2020-08-31,77.57936507936508,99.40476190476191,90.87301587301587,33.974999999999994,98.61111111111111,99.40476190476191,39.48412698412698,78.37301587301587,99.4047619047619,26.41,284.258
2020-09-01,81.54761904761905,96.62698412698413,88.0952380952381,34.7,95.43650793650794,96.62698412698413,39.88095238095239,83.92857142857143,99.0079365079365,26.12,289.117
2020-09-02,83.13492063492063,97.02380952380952,89.68253968253967,33.575,93.45238095238095,97.02380952380952,87.10317460317461,82.34126984126983,99.8015873015873,26.57,291.855
2020-09-03,82.73809523809523,96.62698412698413,81.15079365079364,16.0,93.45238095238095,96.62698412698413,25.992063492063494,29.166666666666668,97.02380952380952,33.6,277.057
2020-09-04,85.51587301587301,99.40476190476191,70.63492063492063,23.125,98.61111111111111,99.40476190476191,22.42063492063492,19.246031746031747,97.42063492063492,30.75,273.365
2020-09-08,77.18253968253968,95.03968253968253,66.66666666666666,21.349999999999994,90.67460317460318,95.03968253968253,11.904761904761903,21.626984126984127,93.45238095238095,31.46,260.226
2020-09-09,74.0079365079365,94.64285714285714,59.72222222222222,27.974999999999994,89.48412698412699,94.64285714285714,19.642857142857142,48.61111111111111,96.62698412698413,28.81,267.871
2020-09-10,62.10317460317461,93.84920634920636,53.57142857142857,25.724999999999994,91.07142857142857,93.84920634920636,13.293650793650794,43.452380952380956,92.26190476190476,29.71,262.53
2020-09-11,65.67460317460318,93.84920634920636,54.76190476190476,32.825,87.5,93.84920634920636,16.26984126984127,11.706349206349206,91.46825396825398,26.87,260.708
2020-09-14,64.88095238095238,92.65873015873017,55.75396825396825,35.375,92.65873015873017,92.65873015873017,29.365079365079367,25.198412698412696,95.83333333333333,25.85,265.249
2020-09-15,69.64285714285714,96.62698412698413,64.0873015873016,36.025000000000006,93.84920634920636,96.62698412698413,31.944444444444443,62.5,95.83333333333333,25.59,269.008
2020-09-16,52.57936507936508,86.30952380952381,64.68253968253968,34.900000000000006,82.73809523809523,86.30952380952381,35.714285714285715,43.84920634920635,95.43650793650794,26.04,264.719
2020-09-17,36.30952380952381,90.27777777777779,60.51587301587302,33.849999999999994,87.5,90.27777777777779,28.373015873015873,28.76984126984127,93.45238095238095,26.46,260.583
2020-09-18,28.373015873015873,87.89682539682539,61.11111111111111,35.42500000000001,78.76984126984127,87.89682539682539,21.23015873015873,19.642857142857142,89.88095238095238,25.83,257.257
2020-09-21,51.78571428571429,90.67460317460318,58.92857142857142,30.549999999999997,90.27777777777779,90.67460317460318,8.928571428571429,14.087301587301587,89.08730158730158,27.78,258.25
2020-09-22,54.166666666666664,94.64285714285714,56.15079365079365,32.849999999999994,93.84920634920636,94.64285714285714,12.103174603174603,40.67460317460318,89.08730158730158,26.86,263.048
2020-09-23,29.563492063492063,94.24603174603175,56.349206349206355,28.55000000000001,88.29365079365078,94.24603174603175,6.944444444444445,14.880952380952381,87.5,28.58,255.016
2020-09-24,30.753968253968257,94.64285714285714,54.76190476190476,28.724999999999994,93.05555555555556,94.64285714285714,7.341269841269842,4.166666666666666,87.5,28.51,256.203
2020-09-25,49.404761904761905,89.0873015873016,54.76190476190476,34.05,87.5,89.0873015873016,13.293650793650794,16.46825396825397,88.69047619047619,26.38,262.16
2020-09-28,53.37301587301587,85.51587301587301,54.76190476190476,34.52499999999999,83.13492063492063,85.51587301587301,25.992063492063494,35.11904761904761,91.46825396825398,26.19,267.605
2020-09-29,56.15079365079365,86.30952380952381,56.15079365079366,34.325,83.13492063492063,86.30952380952381,23.015873015873016,51.388888888888886,88.69047619047619,26.27,266.398
2020-09-30,48.61111111111111,81.15079365079364,56.15079365079365,34.075,74.8015873015873,81.15079365079364,32.34126984126984,45.03968253968254,95.03968253968254,26.37,268.222
2020-10-01,53.769841269841265,81.94444444444444,60.714285714285715,33.25,78.76984126984127,81.94444444444444,34.12698412698413,51.388888888888886,95.43650793650794,26.7,272.48
2020-10-02,15.674603174603174,88.29365079365078,61.9047619047619,30.92500000000001,89.0873015873016,88.29365079365078,43.05555555555556,23.214285714285715,94.24603174603175,27.63,264.815
2020-10-05,10.912698412698413,79.96031746031747,67.06349206349206,30.099999999999994,75.59523809523809,79.96031746031747,82.53968253968253,58.53174603174603,98.21428571428571,27.96,270.462
2020-10-06,6.15079365079365,85.51587301587301,63.095238095238095,26.299999999999997,82.73809523809523,85.51587301587301,58.13492063492064,34.72222222222222,96.62698412698413,29.48,265.635
2020-10-07,1.7857142857142856,76.38888888888889,66.26984126984127,29.85000000000001,76.78571428571429,76.38888888888889,85.9126984126984,56.547619047619044,99.4047619047619,28.06,270.23
2020-10-08,2.579365079365079,78.76984126984127,73.01587301587301,34.10000000000001,71.23015873015873,78.76984126984127,91.66666666666666,76.38888888888889,99.4047619047619,26.36,271.669
2020-10-09,8.531746031746032,81.94444444444444,76.5873015873016,37.5,71.23015873015873,81.94444444444444,92.06349206349206,78.76984126984127,99.8015873015873,25.0,275.82
2020-10-12,14.484126984126986,92.26190476190477,70.83333333333333,37.325,96.23015873015873,92.26190476190477,93.05555555555556,69.24603174603175,99.8015873015873,25.07,284.335
2020-10-13,49.007936507936506,87.89682539682539,73.8095238095238,34.825,83.53174603174604,87.89682539682539,88.69047619047619,88.29365079365078,99.0079365079365,26.07,284.325
2020-10-14,44.642857142857146,85.11904761904762,78.76984126984127,34.0,84.32539682539682,85.11904761904762,87.6984126984127,73.21428571428571,97.81746031746032,26.4,281.95
2020-10-15,31.944444444444443,77.18253968253968,75.7936507936508,32.575,72.81746031746032,77.18253968253968,87.89682539682539,57.341269841269835,98.61111111111111,26.97,280.058
2020-10-16,13.690476190476192,71.23015873015873,70.23809523809524,31.474999999999994,71.23015873015873,71.23015873015873,85.9126984126984,83.13492063492063,98.61111111111111,27.41,278.523
2020-10-19,22.023809523809522,78.76984126984127,74.4047619047619,27.049999999999997,71.23015873015873,78.76984126984127,50.198412698412696,60.51587301587301,96.23015873015873,29.18,273.976
2020-10-20,23.61111111111111,74.40476190476191,78.17460317460318,26.625,74.40476190476191,74.40476190476191,58.13492063492064,56.547619047619044,98.61111111111111,29.35,274.565
2020-10-21,44.642857142857146,56.15079365079365,70.83333333333333,28.375,75.1984126984127,56.15079365079365,41.269841269841265,54.563492063492056,99.0079365079365,28.65,274.353
2020-10-22,30.753968253968257,70.83333333333334,72.02380952380952,29.724999999999994,61.30952380952381,70.83333333333334,45.43650793650794,45.03968253968254,99.4047619047619,28.11,274.343
2020-10-23,21.626984126984127,72.42063492063492,75.39682539682539,31.125,65.27777777777779,72.42063492063492,46.42857142857143,63.69047619047619,99.0079365079365,27.55,274.884
2020-10-26,30.753968253968257,77.57936507936508,74.20634920634922,18.849999999999994,68.84920634920636,77.57936507936508,20.634920634920633,48.61111111111111,94.24603174603175,32.46,270.761
2020-10-27,54.166666666666664,74.8015873015873,70.03968253968253,16.625,66.86507936507937,74.8015873015873,14.484126984126986,43.05555555555556,91.86507936507937,33.35,272.876
2020-10-28,36.30952380952381,64.48412698412699,63.492063492063494,0.0,58.13492063492064,64.48412698412699,8.928571428571429,19.642857142857142,87.5,40.28,262.237
2020-10-29,24.404761904761905,63.69047619047619,55.95238095238095,6.0249999999999915,68.45238095238095,63.69047619047619,10.119047619047619,19.246031746031747,91.46825396825398,37.59,266.823
2020-10-30,50.0,70.43650793650794,46.230158730158735,4.949999999999989,80.75396825396825,70.43650793650794,9.722222222222223,14.880952380952381,90.27777777777777,38.02,260.055
2020-11-02,5.753968253968254,62.89682539682539,40.67460317460317,7.174999999999983,64.88095238095238,62.89682539682539,16.46825396825397,15.674603174603174,94.64285714285714,37.13,260.634
2020-11-03,5.357142857142857,60.912698412698404,37.698412698412696,11.125,61.70634920634921,60.912698412698404,28.76984126984127,14.087301587301587,98.61111111111111,35.55,265.143
2020-11-04,12.896825396825399,53.769841269841265,36.7063492063492,26.075000000000003,64.48412698412699,53.769841269841265,29.563492063492063,27.579365079365083,98.21428571428571,29.57,276.978
2020-11-05,27.976190476190478,70.03968253968253,40.67460317460318,31.05000000000001,60.51587301587301,70.03968253968253,60.11904761904761,62.89682539682539,99.8015873015873,27.58,284.2
2020-11-06,45.43650793650794,70.03968253968253,47.817460317460316,37.85,62.10317460317461,70.03968253968253,48.41269841269841,56.15079365079365,99.8015873015873,24.86,284.412
2020-11-09,12.896825396825399,33.13492063492063,44.84126984126984,35.625,27.976190476190478,33.13492063492063,76.38888888888889,51.388888888888886,99.8015873015873,25.75,278.6
2020-11-10,3.7698412698412698,54.563492063492056,47.817460317460316,38.0,51.78571428571429,54.563492063492056,77.38095238095238,24.00793650793651,99.8015873015873,24.8,273.609
2020-11-11,6.944444444444445,57.341269841269835,57.936507936507944,41.375,41.46825396825397,57.341269841269835,88.09523809523809,73.61111111111111,99.8015873015873,23.45,279.73
2020-11-12,14.087301587301587,60.51587301587301,61.507936507936506,36.625,39.08730158730159,60.51587301587301,79.96031746031747,65.67460317460318,98.61111111111111,25.35,278.417
2020-11-13,6.944444444444445,60.912698412698404,61.904761904761905,42.24999999999999,36.30952380952381,60.912698412698404,89.0873015873016,67.26190476190477,98.61111111111111,23.1,280.859
2020-11-16,0.1984126984126984,40.27777777777778,72.81746031746033,43.875,38.2936507936508,40.27777777777778,89.48412698412699,93.45238095238095,99.4047619047619,22.45,283.051
2020-11-17,0.1984126984126984,62.5,77.57936507936509,43.224999999999994,56.15079365079365,62.5,88.4920634920635,79.56349206349206,98.21428571428571,22.71,282.153
2020-11-18,0.1984126984126984,74.0079365079365,67.65873015873015,40.4,70.03968253968253,74.0079365079365,79.76190476190477,64.0873015873016,97.42063492063492,23.84,280.068
2020-11-19,0.1984126984126984,77.18253968253968,61.7063492063492,42.225,67.26190476190477,77.18253968253968,80.75396825396825,71.23015873015873,97.02380952380952,23.11,282.259
2020-11-20,0.5952380952380952,54.563492063492056,58.53174603174603,40.75,40.27777777777778,54.563492063492056,76.78571428571429,68.84920634920636,96.23015873015873,23.7,280.328
2020-11-23,0.1984126984126984,75.9920634920635,56.547619047619044,43.35,68.05555555555556,75.9920634920635,76.78571428571429,79.56349206349206,96.62698412698413,22.66,280.338
2020-11-24,0.1984126984126984,57.341269841269835,55.55555555555556,45.9,45.43650793650794,57.341269841269835,85.51587301587301,74.40476190476191,98.61111111111111,21.64,284.277
2020-11-25,0.5952380952380952,80.35714285714286,60.317460317460316,46.875,66.46825396825396,80.35714285714286,80.95238095238095,85.9126984126984,98.21428571428571,21.25,286.024
2020-11-27,0.992063492063492,85.9126984126984,62.698412698412696,47.9,82.73809523809523,85.9126984126984,82.93650793650794,97.02380952380952,97.42063492063492,20.84,288.66
2020-11-30,1.3888888888888888,60.51587301587301,65.87301587301587,48.575,51.78571428571429,60.51587301587301,73.21428571428571,81.15079365079364,98.21428571428571,20.57,289.248
2020-12-01,0.992063492063492,59.72222222222222,65.67460317460318,48.075,67.65873015873017,59.72222222222222,75.59523809523809,82.73809523809523,99.8015873015873,20.77,292.956
2020-12-02,1.7857142857142856,73.21428571428571,67.26190476190476,47.074999999999996,71.23015873015873,73.21428571428571,64.0873015873016,90.67460317460318,99.8015873015873,21.17,293.332
2020-12-03,2.976190476190476,57.738095238095234,68.05555555555554,46.8,52.182539682539684,57.738095238095234,59.12698412698413,97.42063492063492,99.4047619047619,21.28,293.747
2020-12-04,2.976190476190476,56.94444444444444,65.87301587301587,48.025000000000006,33.92857142857143,56.94444444444444,69.24603174603175,85.51587301587301,99.8015873015873,20.79,294.944
2020-12-07,4.166666666666666,81.15079365079364,69.24603174603175,46.75,68.05555555555556,81.15079365079364,57.341269841269835,97.02380952380952,99.4047619047619,21.3,296.614
2020-12-08,3.7698412698412698,84.32539682539682,72.61904761904762,48.3,73.61111111111111,84.32539682539682,63.29365079365079,93.84920634920636,99.0079365079365,20.68,297.618
2020-12-09,2.976190476190476,82.34126984126983,71.42857142857143,44.325,73.61111111111111,82.34126984126983,53.769841269841265,74.0079365079365,98.61111111111111,22.27,290.88
2020-12-10,4.563492063492063,78.76984126984127,72.22222222222223,43.7,59.72222222222222,78.76984126984127,39.48412698412698,64.88095238095238,97.81746031746032,22.52,292.048
2020-12-11,6.15079365079365,70.43650793650794,73.21428571428571,41.725,68.45238095238095,70.43650793650794,35.91269841269841,73.61111111111111,96.62698412698413,23.31,291.401
2020-12-14,5.357142857142857,69.24603174603175,69.04761904761904,38.2,54.96031746031746,69.24603174603175,27.18253968253968,90.27777777777779,96.23015873015873,24.72,293.515
2020-12-15,7.341269841269842,74.8015873015873,63.888888888888886,42.775,67.26190476190477,74.8015873015873,47.023809523809526,94.64285714285714,97.81746031746032,22.89,296.653
2020-12-16,8.928571428571429,76.78571428571429,63.095238095238095,43.75,56.15079365079365,76.78571428571429,41.86507936507937,91.07142857142857,98.80952380952381,22.5,298.284
2020-12-17,8.531746031746032,78.76984126984127,63.2936507936508,45.175,59.72222222222222,78.76984126984127,53.37301587301587,99.40476190476191,99.4047619047619,21.93,300.235
2020-12-18,5.357142857142857,96.62698412698413,62.1031746031746,46.075,88.69047619047619,96.62698412698413,44.24603174603175,98.61111111111111,99.0079365079365,21.57,299.327
2020-12-21,5.357142857142857,81.15079365079364,61.70634920634921,37.1,58.53174603174603,81.15079365079364,35.11904761904761,82.34126984126983,98.61111111111111,25.16,298.767
2020-12-22,8.134920634920634,85.11904761904762,62.5,39.425,73.61111111111111,85.11904761904762,29.166666666666668,91.07142857142857,96.23015873015873,24.23,299.58
2020-12-23,5.357142857142857,57.738095238095234,62.5,41.725,53.769841269841265,57.738095238095234,35.91269841269841,86.30952380952381,98.61111111111111,23.31,298.071
2020-12-24,5.357142857142857,89.0873015873016,63.095238095238095,46.175,84.72222222222221,89.0873015873016,40.67460317460318,98.61111111111111,98.21428571428571,21.53,299.386
2020-12-28,9.325396825396826,85.9126984126984,72.42063492063492,45.75,83.53174603174604,85.9126984126984,43.452380952380956,89.0873015873016,99.8015873015873,21.7,302.404
2020-12-29,9.722222222222223,83.53174603174604,72.81746031746032,42.300000000000004,77.57936507936508,83.53174603174604,32.34126984126984,70.03968253968253,99.4047619047619,23.08,302.675
2020-12-30,6.15079365079365,87.5,64.88095238095238,43.075,81.54761904761905,87.5,43.05555555555556,86.30952380952381,98.61111111111111,22.77,302.684
2020-12-31,3.7698412698412698,89.0873015873016,58.13492063492063,43.125,81.15079365079364,89.0873015873016,64.48412698412699,75.9920634920635,99.8015873015873,22.75,303.429
2021-01-04,10.912698412698413,81.54761904761905,52.579365079365076,32.575,58.53174603174603,81.54761904761905,24.801587301587304,61.70634920634921,99.4047619047619,26.97,299.145
2021-01-05,10.912698412698413,58.53174603174603,49.40476190476191,36.65,35.91269841269841,58.53174603174603,36.7063492063492,63.29365079365079,99.8015873015873,25.34,301.611
2021-01-06,3.7698412698412698,50.595238095238095,47.22222222222222,37.325,47.023809523809526,50.595238095238095,65.67460317460318,56.15079365079365,99.8015873015873,25.07,297.433
2021-01-07,7.341269841269842,68.84920634920636,45.039682539682545,44.074999999999996,55.75396825396825,68.84920634920636,68.45238095238095,69.64285714285714,99.8015873015873,22.37,304.628
2021-01-08,12.103174603174603,89.0873015873016,45.03968253968254,46.1,79.56349206349206,89.0873015873016,72.81746031746032,63.29365079365079,99.8015873015873,21.56,308.545
2021-01-11,5.753968253968254,81.54761904761905,47.420634920634924,39.800000000000004,77.18253968253968,81.54761904761905,58.92857142857143,37.89682539682539,99.4047619047619,24.08,304.087
2021-01-12,0.5952380952380952,68.05555555555556,53.57142857142857,41.675000000000004,51.388888888888886,68.05555555555556,55.75396825396825,74.8015873015873,99.4047619047619,23.33,303.603
2021-01-13,1.3888888888888888,69.24603174603175,57.53968253968254,44.474999999999994,45.83333333333333,69.24603174603175,58.53174603174603,72.42063492063492,98.61111111111111,22.21,305.653
2021-01-14,0.5952380952380952,53.769841269841265,63.2936507936508,41.875,33.13492063492063,53.769841269841265,52.182539682539684,87.10317460317461,98.61111111111111,23.25,304.019
2021-01-15,2.1825396825396823,55.35714285714286,53.76984126984128,39.15,39.08730158730159,55.35714285714286,47.42063492063492,59.32539682539682,97.42063492063492,24.34,301.611
2021-01-19,3.373015873015873,41.86507936507937,56.54761904761905,41.900000000000006,28.76984126984127,41.86507936507937,50.595238095238095,87.10317460317461,97.81746031746032,23.24,306.011
2021-01-20,8.134920634920634,50.99206349206349,51.98412698412698,46.050000000000004,70.43650793650794,50.99206349206349,70.03968253968253,64.48412698412699,98.21428571428571,21.58,313.129
2021-01-21,13.690476190476192,62.10317460317461,50.3968253968254,46.7,50.99206349206349,62.10317460317461,53.769841269841265,71.23015873015873,99.8015873015873,21.32,315.634
2021-01-22,13.293650793650794,73.21428571428571,48.41269841269842,45.225,48.61111111111111,73.21428571428571,41.86507936507937,80.75396825396825,97.42063492063492,21.91,314.725
2021-01-25,17.658730158730158,79.16666666666666,54.36507936507937,42.025,56.94444444444444,79.16666666666666,41.07142857142857,57.341269841269835,96.62698412698413,23.19,317.327
2021-01-26,19.642857142857142,52.976190476190474,52.976190476190474,42.45,36.30952380952381,52.976190476190474,29.166666666666668,79.96031746031747,95.83333333333333,23.02,317.791
2021-01-27,17.658730158730158,52.182539682539684,48.61111111111111,6.974999999999994,34.72222222222222,52.182539682539684,15.674603174603174,43.84920634920635,94.64285714285714,37.21,308.932
2021-01-28,14.484126984126986,52.57936507936508,39.48412698412699,24.474999999999994,32.34126984126984,52.57936507936508,18.849206349206348,27.976190476190478,94.64285714285714,30.21,310.76
2021-01-29,16.071428571428573,44.642857142857146,33.33333333333333,17.27499999999999,39.88095238095239,44.642857142857146,12.896825396825399,35.91269841269841,94.24603174603175,33.09,304.222
2021-02-01,17.658730158730158,52.57936507936508,28.373015873015873,24.400000000000006,42.26190476190476,52.57936507936508,17.658730158730158,36.30952380952381,83.53174603174602,30.24,311.824
2021-02-02,21.23015873015873,49.404761904761905,25.595238095238095,36.10000000000001,40.27777777777778,49.404761904761905,25.595238095238095,57.341269841269835,85.51587301587301,25.56,316.911
2021-02-03,25.992063492063494,46.230158730158735,28.373015873015873,42.725,55.75396825396825,46.230158730158735,25.992063492063494,67.26190476190477,88.2936507936508,22.91,315.654
2021-02-04,27.976190476190478,27.18253968253968,33.53174603174603,45.575,21.626984126984127,27.18253968253968,43.84920634920635,52.976190476190474,91.46825396825398,21.77,319.387
2021-02-05,16.071428571428573,41.07142857142857,39.285714285714285,47.824999999999996,14.484126984126986,41.07142857142857,52.182539682539684,80.35714285714286,92.26190476190476,20.87,320.47
2021-02-08,12.5,43.84920634920635,48.01587301587302,46.900000000000006,24.801587301587304,43.84920634920635,71.23015873015873,81.54761904761905,93.05555555555556,21.24,322.617
2021-02-09,10.119047619047619,37.5,52.97619047619048,45.925000000000004,13.690476190476192,37.5,66.07142857142857,58.53174603174603,92.65873015873015,21.63,322.549
2021-02-10,24.801587301587304,67.65873015873017,54.36507936507937,45.025000000000006,42.26190476190476,67.65873015873017,71.62698412698413,51.388888888888886,91.07142857142857,21.99,321.814
2021-02-11,31.150793650793652,55.35714285714286,69.64285714285714,46.875,25.992063492063494,55.35714285714286,67.65873015873017,60.912698412698404,91.07142857142857,21.25,323.584
2021-02-12,23.61111111111111,53.769841269841265,67.06349206349206,50.150000000000006,32.73809523809524,53.769841269841265,68.45238095238095,72.81746031746032,93.05555555555556,19.97,325.393
2021-02-16,20.03968253968254,37.5,62.5,46.35,13.690476190476192,37.5,60.51587301587301,76.38888888888889,94.24603174603175,21.46,324.513
2021-02-17,24.801587301587304,60.51587301587301,63.492063492063494,46.25,31.547619047619047,60.51587301587301,55.75396825396825,59.32539682539682,93.45238095238095,21.5,322.955
2021-02-18,32.73809523809524,46.62698412698413,57.73809523809523,43.775000000000006,30.357142857142854,46.62698412698413,56.94444444444444,44.642857142857146,93.05555555555556,22.49,321.543
2021-02-19,27.976190476190478,49.404761904761905,43.25396825396825,44.875,26.785714285714285,49.404761904761905,54.563492063492056,66.86507936507937,94.24603174603175,22.05,320.141
2021-02-22,22.023809523809522,57.341269841269835,41.07142857142857,41.375,32.34126984126984,57.341269841269835,43.65079365079365,45.03968253968254,94.24603174603175,23.45,311.843
2021-02-23,21.626984126984127,80.75396825396825,31.746031746031747,42.225,52.57936507936508,80.75396825396825,40.67460317460318,24.801587301587304,94.24603174603175,23.11,310.915
2021-02-24,19.642857142857142,50.99206349206349,28.174603174603178,46.65,27.579365079365083,50.99206349206349,48.214285714285715,37.5,96.62698412698413,21.34,313.478
2021-02-25,24.801587301587304,73.61111111111111,25.1984126984127,27.775000000000006,38.69047619047619,73.61111111111111,33.53174603174603,27.579365079365083,99.8015873015873,28.89,302.549
2021-02-26,31.944444444444443,61.70634920634921,21.03174603174603,30.125,26.785714285714285,61.70634920634921,27.18253968253968,17.261904761904763,93.05555555555556,27.95,303.816
2021-03-01,27.579365079365083,47.817460317460316,20.238095238095237,41.625,16.865079365079367,47.817460317460316,41.46825396825397,58.53174603174603,81.15079365079364,23.35,312.955
2021-03-02,23.61111111111111,39.08730158730159,24.007936507936506,39.75,10.515873015873016,39.08730158730159,37.5,63.29365079365079,76.78571428571428,24.1,307.936
2021-03-03,13.690476190476192,44.642857142857146,21.03174603174603,33.32499999999999,19.246031746031747,44.642857142857146,28.373015873015873,22.817460317460316,75.9920634920635,26.67,299.0
2021-03-04,13.690476190476192,70.03968253968253,19.841269841269842,28.575000000000003,45.03968253968254,70.03968253968253,18.452380952380953,9.325396825396826,76.78571428571428,28.57,294.106
2021-03-05,10.912698412698413,81.15079365079364,18.253968253968253,38.35,54.563492063492056,81.15079365079364,37.5,8.531746031746032,85.11904761904762,24.66,298.535
2021-03-08,6.15079365079365,57.341269841269835,14.88095238095238,36.325,29.96031746031746,57.341269841269835,41.86507936507937,15.674603174603174,85.91269841269842,25.47,290.083
2021-03-09,21.626984126984127,74.40476190476191,9.920634920634921,39.925,47.42063492063492,74.40476190476191,47.023809523809526,15.674603174603174,86.30952380952381,24.03,301.524
2021-03-10,18.849206349206348,62.89682539682539,9.920634920634921,43.6,43.452380952380956,62.89682539682539,57.53968253968254,37.89682539682539,86.30952380952381,22.56,300.663
2021-03-11,20.833333333333336,45.43650793650794,11.904761904761905,45.225,27.976190476190478,45.43650793650794,68.84920634920636,35.91269841269841,89.08730158730158,21.91,307.588
2021-03-12,20.833333333333336,30.357142857142854,17.261904761904763,48.275,33.53174603174603,30.357142857142854,74.8015873015873,52.57936507936508,90.67460317460318,20.69,305.093
2021-03-15,19.642857142857142,28.76984126984127,22.619047619047617,49.925,20.436507936507937,28.76984126984127,86.30952380952381,76.78571428571429,90.67460317460318,20.03,308.352
2021-03-16,22.42063492063492,44.24603174603175,31.944444444444446,51.050000000000004,29.96031746031746,44.24603174603175,79.16666666666666,68.05555555555556,89.88095238095238,19.79,310.044
2021-03-17,19.246031746031747,56.547619047619044,32.341269841269835,53.849999999999994,31.150793650793652,56.547619047619044,83.53174603174604,52.976190476190474,91.86507936507937,19.23,311.321
2021-03-18,16.865079365079367,33.92857142857143,34.12698412698413,46.050000000000004,15.674603174603174,33.92857142857143,51.78571428571429,69.64285714285714,93.45238095238095,21.58,301.785
2021-03-19,12.5,10.912698412698413,30.95238095238095,47.625,1.3888888888888888,10.912698412698413,48.214285714285715,31.944444444444443,93.84920634920636,20.95,302.849
2021-03-22,20.833333333333336,47.817460317460316,28.96825396825397,55.60000000000001,34.72222222222222,47.817460317460316,51.587301587301596,56.94444444444444,93.45238095238095,18.88,308.528
2021-03-23,27.18253968253968,37.10317460317461,27.57936507936508,49.25,20.833333333333336,37.10317460317461,25.992063492063494,52.57936507936508,86.7063492063492,20.3,307.182
2021-03-24,21.23015873015873,43.84920634920635,26.19047619047619,47.0,25.595238095238095,43.84920634920635,24.801587301587304,41.86507936507937,86.30952380952381,21.2,302.001
2021-03-25,11.706349206349206,53.37301587301587,23.61111111111111,50.95,35.51587301587302,53.37301587301587,40.67460317460318,31.547619047619047,86.7063492063492,19.81,301.478
2021-03-26,13.690476190476192,30.753968253968257,29.76190476190476,55.7,25.198412698412696,30.753968253968257,75.59523809523809,69.24603174603175,93.45238095238095,18.86,306.0
2021-03-29,18.055555555555554,19.246031746031747,30.357142857142858,48.150000000000006,18.055555555555554,19.246031746031747,56.15079365079365,59.32539682539682,96.62698412698413,20.74,305.913
2021-03-30,7.738095238095238,34.72222222222222,30.158730158730158,51.95,37.5,34.72222222222222,64.0873015873016,62.5,96.23015873015873,19.61,304.374
2021-03-31,8.928571428571429,43.05555555555556,32.93650793650794,53.00000000000001,24.00793650793651,43.05555555555556,59.72222222222222,77.97619047619048,74.8015873015873,19.4,309.031
2021-04-01,16.071428571428573,52.976190476190474,39.285714285714285,63.35000000000001,25.992063492063494,52.976190476190474,79.16666666666666,93.05555555555556,74.4047619047619,17.33,314.299
2021-04-05,25.198412698412696,64.48412698412699,42.85714285714286,60.449999999999996,50.99206349206349,64.48412698412699,86.30952380952381,95.43650793650794,82.34126984126985,17.91,320.574
2021-04-06,21.23015873015873,42.65873015873016,46.62698412698412,59.4,16.46825396825397,42.65873015873016,86.30952380952381,92.26190476190477,78.76984126984127,18.12,320.351
2021-04-07,28.373015873015873,45.03968253968254,48.41269841269842,64.2,37.5,45.03968253968254,79.56349206349206,72.42063492063492,79.56349206349206,17.16,321.126
2021-04-08,46.230158730158735,32.73809523809524,54.36507936507937,65.25,24.404761904761905,32.73809523809524,77.57936507936508,93.84920634920636,76.78571428571428,16.95,324.477
2021-04-09,44.24603174603175,51.388888888888886,54.166666666666664,66.54999999999998,39.88095238095239,51.388888888888886,84.32539682539682,81.54761904761905,81.54761904761905,16.69,326.442
2021-04-12,39.08730158730159,81.15079365079364,54.761904761904766,65.44999999999999,55.35714285714286,81.15079365079364,86.90476190476191,92.26190476190477,83.13492063492063,16.91,326.016
2021-04-13,49.007936507936506,80.75396825396825,56.34920634920635,66.75,61.30952380952381,80.75396825396825,80.75396825396825,94.64285714285714,79.96031746031746,16.65,329.822
2021-04-14,51.388888888888886,70.83333333333334,61.7063492063492,65.05000000000001,58.13492063492064,70.83333333333334,90.67460317460318,95.03968253968253,78.37301587301587,16.99,325.861
2021-04-15,47.817460317460316,37.89682539682539,59.92063492063492,67.15,51.388888888888886,37.89682539682539,91.07142857142857,75.59523809523809,74.0079365079365,16.57,330.8
2021-04-16,53.769841269841265,18.055555555555554,57.93650793650794,68.75,12.5,18.055555555555554,92.26190476190477,98.61111111111111,79.16666666666666,16.25,331.187
2021-04-19,52.976190476190474,64.88095238095238,57.738095238095234,63.550000000000004,41.46825396825397,64.88095238095238,86.30952380952381,88.29365079365078,78.76984126984127,17.29,328.156
2021-04-20,51.388888888888886,25.595238095238095,55.952380952380956,56.6,35.91269841269841,25.595238095238095,57.341269841269835,78.76984126984127,71.23015873015873,18.68,325.765
2021-04-21,39.48412698412698,19.642857142857142,52.38095238095238,62.5,30.753968253968257,19.642857142857142,81.94444444444444,78.76984126984127,75.9920634920635,17.5,328.553
2021-04-22,31.547619047619047,31.944444444444443,49.801587301587304,56.449999999999996,18.452380952380953,31.944444444444443,56.547619047619044,50.595238095238095,69.24603174603175,18.71,324.593
2021-04-23,31.150793650793652,42.26190476190476,48.61111111111111,63.35000000000001,33.13492063492063,42.26190476190476,73.61111111111111,75.1984126984127,77.18253968253968,17.33,328.679
2021-04-26,28.373015873015873,56.547619047619044,46.03174603174603,61.8,43.452380952380956,56.547619047619044,77.77777777777779,75.1984126984127,77.97619047619048,17.64,330.819
2021-04-27,23.214285714285715,36.7063492063492,48.611111111111114,62.2,39.48412698412698,36.7063492063492,71.62698412698413,87.5,82.73809523809524,17.56,329.386
2021-04-28,24.00793650793651,41.86507936507937,53.96825396825396,63.599999999999994,74.8015873015873,41.86507936507937,62.5,98.61111111111111,82.34126984126985,17.28,328.273
2021-04-29,24.404761904761905,62.5,59.32539682539682,61.95,74.8015873015873,62.5,69.24603174603175,94.64285714285714,84.72222222222223,17.61,329.454
2021-04-30,28.76984126984127,55.35714285714286,58.92857142857143,56.95,57.738095238095234,55.35714285714286,41.46825396825397,88.69047619047619,58.13492063492063,18.61,327.295
2021-05-03,18.849206349206348,34.72222222222222,59.12698412698413,58.45000000000001,35.91269841269841,34.72222222222222,59.32539682539682,98.61111111111111,57.73809523809524,18.31,325.552
2021-05-04,10.912698412698413,40.27777777777778,56.94444444444445,52.599999999999994,38.69047619047619,40.27777777777778,39.08730158730159,60.11904761904761,54.56349206349206,19.48,319.693
2021-05-05,11.30952380952381,9.325396825396826,54.960317460317455,54.25000000000001,4.9603174603174605,9.325396825396826,34.72222222222222,68.45238095238095,53.769841269841265,19.15,318.618
2021-05-06,15.674603174603174,16.865079365079367,52.182539682539684,58.05,12.5,16.865079365079367,40.27777777777778,73.61111111111111,54.96031746031746,18.39,321.02
2021-05-07,14.087301587301587,23.214285714285715,56.349206349206355,66.54999999999998,14.484126984126986,23.214285714285715,59.12698412698413,86.70634920634922,58.13492063492063,16.69,323.625
2021-05-10,12.103174603174603,28.76984126984127,54.76190476190476,51.7,20.03968253968254,28.76984126984127,45.03968253968254,93.84920634920636,56.547619047619044,19.66,315.452
2021-05-11,15.277777777777779,60.912698412698404,53.76984126984127,45.4,35.91269841269841,60.912698412698404,29.166666666666668,50.595238095238095,54.56349206349206,21.84,315.016
2021-05-12,23.61111111111111,45.03968253968254,40.476190476190474,31.025000000000006,26.38888888888889,45.03968253968254,8.928571428571429,17.261904761904763,51.38888888888889,27.59,306.862
2021-05-13,19.642857142857142,48.214285714285715,36.507936507936506,42.175000000000004,30.753968253968257,48.214285714285715,18.849206349206348,42.26190476190476,52.182539682539684,23.13,309.235
2021-05-14,22.023809523809522,45.03968253968254,32.34126984126984,55.95,29.96031746031746,45.03968253968254,30.357142857142854,61.30952380952381,54.56349206349206,18.81,316.062
2021-05-17,22.42063492063492,30.753968253968257,30.952380952380956,51.400000000000006,23.214285714285715,30.753968253968257,25.992063492063494,62.5,54.16666666666667,19.72,314.144
2021-05-18,20.436507936507937,13.690476190476192,31.746031746031743,46.65,6.547619047619048,13.690476190476192,17.658730158730158,73.61111111111111,50.992063492063494,21.34,312.024
2021-05-19,23.61111111111111,25.198412698412696,37.3015873015873,44.55,11.30952380952381,25.198412698412696,10.912698412698413,37.10317460317461,53.769841269841265,22.18,312.382
2021-05-20,40.27777777777778,30.753968253968257,39.48412698412698,48.324999999999996,6.15079365079365,30.753968253968257,20.833333333333336,71.23015873015873,53.37301587301587,20.67,318.424
2021-05-21,47.023809523809526,33.13492063492063,40.07936507936508,49.625,18.055555555555554,33.13492063492063,23.214285714285715,79.96031746031747,52.57936507936508,20.15,316.662
2021-05-24,54.563492063492056,52.182539682539684,40.47619047619048,58.00000000000001,35.11904761904761,52.182539682539684,43.05555555555556,67.26190476190477,55.357142857142854,18.4,321.988
2021-05-25,61.30952380952381,24.801587301587304,41.66666666666667,55.8,8.928571428571429,24.801587301587304,27.18253968253968,70.43650793650794,48.611111111111114,18.84,322.433
2021-05-26,60.912698412698404,17.658730158730158,45.238095238095234,63.2,2.976190476190476,17.658730158730158,32.73809523809524,47.817460317460316,51.19047619047619,17.36,323.557
2021-05-27,54.96031746031746,2.579365079365079,44.44444444444444,66.30000000000001,0.1984126984126984,2.579365079365079,44.047619047619044,70.03968253968253,55.357142857142854,16.74,322.346
2021-05-28,52.57936507936508,46.230158730158735,44.841269841269835,66.19999999999999,8.928571428571429,46.230158730158735,49.404761904761905,86.30952380952381,52.57936507936508,16.76,323.363
2021-06-01,50.595238095238095,10.515873015873016,47.023809523809526,60.50000000000001,2.1825396825396823,10.515873015873016,48.214285714285715,72.81746031746032,42.658730158730165,17.9,322.288
2021-06-02,62.10317460317461,14.087301587301587,46.031746031746025,62.6,2.976190476190476,14.087301587301587,46.62698412698413,65.67460317460318,41.86507936507936,17.48,322.918
2021-06-03,57.341269841269835,40.67460317460318,49.20634920634921,59.800000000000004,6.944444444444445,40.67460317460318,41.07142857142857,66.46825396825396,42.261904761904766,18.04,319.557
2021-06-04,69.24603174603175,45.83333333333333,46.62698412698413,67.89999999999999,19.246031746031747,45.83333333333333,53.37301587301587,44.24603174603175,41.07142857142857,16.42,324.98
2021-06-07,78.37301587301587,8.134920634920634,40.079365079365076,67.89999999999999,32.34126984126984,8.134920634920634,41.46825396825397,45.43650793650794,41.46825396825397,16.42,325.949
2021-06-08,66.07142857142857,9.722222222222223,40.476190476190474,64.65,8.531746031746032,9.722222222222223,43.452380952380956,54.96031746031746,38.69047619047619,17.07,326.104
2021-06-09,72.02380952380952,2.976190476190476,41.86507936507937,60.55,1.3888888888888888,2.976190476190476,34.32539682539682,88.69047619047619,35.51587301587301,17.89,326.181
2021-06-10,72.02380952380952,14.484126984126986,42.46031746031746,69.5,6.15079365079365,14.484126984126986,37.5,57.341269841269835,32.73809523809523,16.1,329.58
2021-06-11,77.18253968253968,6.15079365079365,47.42063492063492,71.75,2.976190476190476,6.15079365079365,45.03968253968254,87.10317460317461,35.11904761904762,15.65,330.442
2021-06-14,83.92857142857143,17.261904761904763,61.7063492063492,68.05,6.547619047619048,17.261904761904763,31.746031746031743,98.21428571428571,39.48412698412699,16.39,333.608
2021-06-15,74.0079365079365,2.579365079365079,60.11904761904761,64.9,2.1825396825396823,2.579365079365079,35.11904761904761,85.9126984126984,38.29365079365079,17.02,331.429
2021-06-16,77.57936507936508,10.515873015873016,57.73809523809524,59.25000000000001,8.134920634920634,10.515873015873016,17.46031746031746,76.38888888888889,40.67460317460318,18.15,330.219
2021-06-17,90.67460317460318,30.357142857142854,52.182539682539684,61.25,30.753968253968257,30.357142857142854,13.293650793650794,77.18253968253968,36.30952380952381,17.75,334.412
2021-06-18,92.65873015873017,5.753968253968254,50.198412698412696,48.25,2.976190476190476,5.753968253968254,5.753968253968254,89.48412698412699,27.579365079365076,20.7,331.788
2021-06-21,82.73809523809523,22.023809523809522,46.62698412698412,60.55,23.214285714285715,22.023809523809522,13.293650793650794,91.07142857142857,34.32539682539682,17.89,333.85
2021-06-22,79.96031746031747,25.198412698412696,46.82539682539683,66.69999999999999,21.626984126984127,25.198412698412696,12.103174603174603,68.45238095238095,35.51587301587301,16.66,336.962
2021-06-23,84.32539682539682,18.452380952380953,49.007936507936506,68.4,28.76984126984127,18.452380952380953,10.714285714285714,90.27777777777779,36.30952380952381,16.32,337.126
2021-06-24,89.0873015873016,58.53174603174603,54.36507936507937,70.14999999999999,47.023809523809526,58.53174603174603,16.46825396825397,77.18253968253968,38.29365079365079,15.97,339.211
2021-06-25,87.89682539682539,4.166666666666666,59.72222222222222,71.9,0.5952380952380952,4.166666666666666,26.984126984126984,94.64285714285714,43.452380952380956,15.62,338.794
2021-06-28,89.48412698412699,8.531746031746032,62.5,71.2,24.00793650793651,8.531746031746032,18.055555555555554,99.0079365079365,39.48412698412699,15.76,342.914
2021-06-29,92.65873015873017,5.357142857142857,66.07142857142857,69.9,12.896825396825399,5.357142857142857,17.857142857142858,96.62698412698413,39.88095238095239,16.02,344.155
2021-06-30,89.0873015873016,17.658730158730158,61.70634920634921,70.85,10.515873015873016,17.658730158730158,20.634920634920633,99.40476190476191,16.46825396825396,15.83,343.612
2021-07-01,85.9126984126984,32.34126984126984,57.93650793650794,72.6,15.674603174603174,32.34126984126984,35.317460317460316,99.0079365079365,21.626984126984127,15.48,343.748
2021-07-02,84.32539682539682,75.59523809523809,58.730158730158735,74.65,65.27777777777779,75.59523809523809,39.48412698412698,99.8015873015873,21.230158730158735,15.07,347.694
2021-07-06,92.65873015873017,74.0079365079365,58.53174603174604,67.8,60.912698412698404,74.0079365079365,22.023809523809522,88.29365079365078,12.896825396825392,16.44,349.196
2021-07-07,91.07142857142857,68.05555555555556,56.54761904761905,69.0,49.801587301587304,68.05555555555556,32.34126984126984,77.57936507936508,11.706349206349216,16.2,349.933
2021-07-08,89.48412698412699,56.94444444444444,61.7063492063492,55.0,50.99206349206349,56.94444444444444,16.071428571428573,79.16666666666666,9.722222222222214,19.0,347.82
2021-07-09,81.54761904761905,44.642857142857146,56.54761904761905,69.1,39.08730158730159,44.642857142857146,52.38095238095239,94.64285714285714,16.07142857142857,16.18,349.991
2021-07-12,83.92857142857143,22.42063492063492,59.52380952380953,69.14999999999999,31.547619047619047,22.42063492063492,62.5,99.8015873015873,18.849206349206355,16.17,351.358
2021-07-13,86.70634920634922,43.05555555555556,66.26984126984127,64.4,50.99206349206349,43.05555555555556,31.547619047619047,90.67460317460318,21.230158730158735,17.12,351.358
2021-07-14,93.45238095238095,39.48412698412698,70.63492063492063,68.35000000000001,45.43650793650794,39.48412698412698,30.357142857142854,95.03968253968253,15.674603174603178,16.33,351.989
2021-07-15,91.46825396825396,43.05555555555556,74.60317460317461,64.94999999999999,41.86507936507937,43.05555555555556,29.96031746031746,77.97619047619048,9.722222222222214,17.01,349.516
2021-07-16,91.86507936507937,18.849206349206348,75.7936507936508,57.75,51.388888888888886,18.849206349206348,18.055555555555554,78.37301587301587,8.134920634920633,18.45,346.686
2021-07-19,93.45238095238095,10.515873015873016,72.61904761904762,43.75,35.51587301587302,10.515873015873016,5.753968253968254,88.29365079365078,1.7857142857142918,22.5,343.845
2021-07-20,90.27777777777779,19.642857142857142,66.66666666666667,51.349999999999994,68.45238095238095,19.642857142857142,17.261904761904763,85.51587301587301,5.357142857142861,19.73,347.839
2021-07-21,91.86507936507937,5.357142857142857,60.11904761904762,60.449999999999996,18.849206349206348,5.357142857142857,32.142857142857146,93.84920634920636,9.325396825396822,17.91,350.525
2021-07-22,94.64285714285714,53.37301587301587,58.92857142857143,61.55,30.357142857142854,53.37301587301587,21.626984126984127,86.70634920634922,7.738095238095227,17.69,352.842
2021-07-23,95.03968253968253,7.738095238095238,61.507936507936506,64.0,54.563492063492056,7.738095238095238,45.83333333333333,87.89682539682539,11.30952380952381,17.2,356.962
2021-07-26,94.64285714285714,11.30952380952381,66.86507936507937,62.10000000000001,52.57936507936508,11.30952380952381,53.37301587301587,96.23015873015873,11.706349206349216,17.58,357.243
2021-07-27,93.45238095238095,54.96031746031746,74.0079365079365,53.2,74.0079365079365,54.96031746031746,44.047619047619044,92.26190476190477,7.738095238095227,19.36,353.307
2021-07-28,92.65873015873017,11.30952380952381,78.76984126984127,58.45000000000001,78.76984126984127,11.30952380952381,44.24603174603175,90.27777777777779,8.531746031746039,18.31,354.664
2021-07-29,91.46825396825396,66.07142857142857,82.73809523809524,61.50000000000001,78.37301587301587,66.07142857142857,68.05555555555556,95.83333333333334,10.11904761904762,17.7,355.294
2021-07-30,89.48412698412699,70.43650793650794,82.14285714285714,58.80000000000001,74.40476190476191,70.43650793650794,49.801587301587304,76.38888888888889,5.753968253968253,18.24,353.443
2021-08-02,91.46825396825396,27.579365079365083,83.13492063492063,52.699999999999996,67.65873015873017,27.579365079365083,38.69047619047619,95.83333333333334,0.5952380952380878,19.46,353.472
2021-08-03,94.64285714285714,16.865079365079367,84.32539682539684,59.800000000000004,54.563492063492056,16.865079365079367,63.29365079365079,91.46825396825396,0.9920634920634939,18.04,355.614
2021-08-04,95.83333333333334,19.642857142857142,83.13492063492063,60.150000000000006,72.02380952380952,19.642857142857142,31.547619047619047,93.05555555555556,0.9920634920634939,17.97,356.128
2021-08-05,94.64285714285714,3.7698412698412698,81.15079365079364,63.599999999999994,34.72222222222222,3.7698412698412698,61.30952380952381,93.05555555555556,1.7857142857142918,17.28,358.387
2021-08-06,94.64285714285714,12.896825396825399,83.92857142857142,69.25,37.89682539682539,12.896825396825399,71.62698412698413,93.45238095238095,3.7698412698412653,16.15,356.817
2021-08-09,96.23015873015873,8.928571428571429,78.76984126984127,66.4,60.51587301587301,8.928571428571429,57.738095238095234,86.70634920634922,4.166666666666657,16.72,357.476
2021-08-10,94.64285714285714,12.896825396825399,79.36507936507937,66.05000000000001,45.03968253968254,12.896825396825399,62.10317460317461,96.62698412698413,7.738095238095227,16.79,355.644
2021-08-11,91.86507936507937,5.357142857142857,77.57936507936508,69.7,32.73809523809524,5.357142857142857,73.21428571428571,90.67460317460318,8.134920634920633,16.06,355.033
2021-08-12,94.64285714285714,34.72222222222222,77.38095238095238,72.05000000000001,50.99206349206349,34.72222222222222,71.62698412698413,99.0079365079365,9.325396825396822,15.59,356.312
2021-08-13,95.43650793650794,49.404761904761905,80.95238095238096,72.75,52.976190476190474,49.404761904761905,73.61111111111111,99.40476190476191,4.563492063492063,15.45,357.563
2021-08-16,95.43650793650794,46.62698412698413,81.15079365079364,69.39999999999999,64.88095238095238,46.62698412698413,71.82539682539682,89.0873015873016,3.3730158730158735,16.12,357.718
2021-08-17,96.23015873015873,27.579365079365083,79.36507936507937,60.449999999999996,50.99206349206349,27.579365079365083,39.285714285714285,77.97619047619048,2.5793650793650755,17.91,354.567
2021-08-18,94.64285714285714,31.944444444444443,75.7936507936508,46.075,42.26190476190476,31.944444444444443,16.46825396825397,78.37301587301587,2.1825396825396837,21.57,351.155
2021-08-19,94.64285714285714,56.15079365079365,72.42063492063492,45.824999999999996,47.42063492063492,56.15079365079365,12.5,76.78571428571429,1.7857142857142918,21.67,352.851
2021-08-20,96.62698412698413,65.67460317460318,68.84920634920636,57.2,55.35714285714286,65.67460317460318,25.198412698412696,90.27777777777779,3.3730158730158735,18.56,356.506
2021-08-23,93.84920634920636,69.24603174603175,69.64285714285714,64.25,59.72222222222222,69.24603174603175,36.11111111111111,86.30952380952381,4.960317460317469,17.15,361.838
2021-08-24,90.67460317460318,62.5,72.61904761904762,63.900000000000006,11.706349206349206,62.5,49.801587301587304,91.86507936507937,8.531746031746039,17.22,362.944
2021-08-25,89.88095238095238,60.11904761904761,78.17460317460318,66.05000000000001,11.30952380952381,60.11904761904761,60.317460317460316,88.29365079365078,16.07142857142857,16.79,363.361
2021-08-26,93.84920634920636,63.69047619047619,78.57142857142857,55.8,6.15079365079365,63.69047619047619,32.73809523809524,70.83333333333334,12.103174603174608,18.84,361.053
2021-08-27,92.65873015873017,39.88095238095239,76.5873015873016,68.05,29.563492063492063,39.88095238095239,71.23015873015873,86.30952380952381,13.293650793650784,16.39,364.563
2021-08-30,97.42063492063492,59.32539682539682,79.76190476190476,69.05,74.0079365079365,59.32539682539682,66.86507936507937,92.26190476190477,14.087301587301596,16.19,368.654
2021-08-31,97.42063492063492,37.5,77.77777777777777,67.6,16.865079365079367,37.5,69.24603174603175,97.81746031746032,3.3730158730158735,16.48,368.353
2021-09-01,98.21428571428571,12.103174603174603,80.35714285714286,69.45,20.833333333333336,12.103174603174603,58.92857142857143,99.40476190476191,3.7698412698412653,16.11,368.964
2021-09-02,95.03968253968253,1.7857142857142856,82.53968253968253,67.95,12.896825396825399,1.7857142857142856,79.56349206349206,96.62698412698413,3.7698412698412653,16.41,368.79
2021-09-03,96.23015873015873,18.055555555555554,86.11111111111111,67.95,33.53174603174603,18.055555555555554,60.912698412698404,97.81746031746032,5.357142857142861,16.41,369.924
2021-09-07,99.40476190476191,8.928571428571429,86.11111111111111,59.3,21.626984126984127,8.928571428571429,23.61111111111111,99.40476190476191,8.531746031746039,18.14,370.447
2021-09-08,98.21428571428571,19.642857142857142,91.66666666666667,60.199999999999996,23.214285714285715,19.642857142857142,24.00793650793651,97.02380952380952,5.357142857142861,17.96,369.158
2021-09-09,95.83333333333334,5.357142857142857,91.07142857142857,55.99999999999999,8.531746031746032,5.357142857142857,16.071428571428573,92.26190476190477,2.1825396825396837,18.8,367.888
2021-09-10,94.64285714285714,24.404761904761905,85.51587301587301,47.625,52.182539682539684,24.404761904761905,7.738095238095238,93.84920634920636,2.9761904761904816,20.95,365.096
2021-09-13,89.88095238095238,42.65873015873016,84.72222222222223,53.15,36.7063492063492,42.65873015873016,10.912698412698413,83.53174603174604,2.9761904761904816,19.37,364.844
2021-09-14,92.65873015873017,20.436507936507937,81.15079365079364,52.699999999999996,14.087301587301587,20.436507936507937,6.944444444444445,77.97619047619048,0.5952380952380878,19.46,363.807
2021-09-15,91.46825396825396,13.690476190476192,72.22222222222221,59.1,11.706349206349206,13.690476190476192,13.690476190476192,88.69047619047619,2.5793650793650755,18.18,366.511
2021-09-16,85.51587301587301,20.833333333333336,64.68253968253968,56.55,5.753968253968254,20.833333333333336,11.706349206349206,85.9126984126984,4.960317460317469,18.69,366.763
2021-09-17,81.94444444444444,0.992063492063492,60.51587301587302,47.975,3.7698412698412698,0.992063492063492,4.9603174603174605,93.45238095238095,3.3730158730158735,20.81,362.42
2021-09-20,84.32539682539682,38.69047619047619,55.95238095238095,35.724999999999994,46.62698412698413,38.69047619047619,2.1825396825396823,89.0873015873016,0.19841269841269593,25.71,354.931
2021-09-21,83.53174603174604,12.896825396825399,53.17460317460318,39.1,12.103174603174603,12.896825396825399,2.1825396825396823,58.92857142857143,0.5952380952380878,24.36,355.368
2021-09-22,81.54761904761905,2.976190476190476,54.960317460317455,47.824999999999996,35.91269841269841,2.976190476190476,4.166666666666666,84.72222222222221,0.9920634920634939,20.87,358.687
2021-09-23,79.16666666666666,10.119047619047619,61.111111111111114,56.85000000000001,4.166666666666666,10.119047619047619,12.103174603174603,95.83333333333334,9.325396825396822,18.63,361.997
2021-09-24,82.73809523809523,36.7063492063492,64.48412698412699,61.25,41.07142857142857,36.7063492063492,10.515873015873016,85.11904761904762,14.484126984126988,17.75,362.337
2021-09-27,69.64285714285714,60.51587301587301,73.21428571428571,56.199999999999996,54.563492063492056,60.51587301587301,8.531746031746032,97.81746031746032,14.484126984126988,18.76,359.444
2021-09-28,66.46825396825396,58.13492063492064,75.1984126984127,41.875,66.07142857142857,58.13492063492064,3.7698412698412698,95.03968253968253,10.515873015873012,23.25,349.273
2021-09-29,66.86507936507937,27.18253968253968,77.77777777777777,43.6,39.48412698412698,27.18253968253968,5.357142857142857,86.70634920634922,12.5,22.56,348.7
2021-09-30,70.83333333333334,8.531746031746032,75.1984126984127,42.15,17.658730158730158,8.531746031746032,2.579365079365079,84.72222222222221,0.19841269841269593,23.14,347.419
2021-10-01,66.86507936507937,3.7698412698412698,75.39682539682539,47.125,49.801587301587304,3.7698412698412698,5.952380952380952,90.67460317460318,1.3888888888888857,21.15,349.574
2021-10-04,50.0,18.452380952380953,67.85714285714286,42.599999999999994,78.37301587301587,18.452380952380953,4.9603174603174605,85.51587301587301,0.19841269841269593,22.96,342.236
2021-10-05,60.912698412698404,4.166666666666666,63.888888888888886,46.75,49.801587301587304,4.166666666666666,8.928571428571429,63.69047619047619,2.9761904761904816,21.3,346.856
2021-10-06,60.912698412698404,14.484126984126986,61.507936507936506,47.5,28.373015873015873,14.484126984126986,11.706349206349206,77.97619047619048,4.563492063492063,21.0,349.079
2021-10-07,62.5,9.722222222222223,66.46825396825396,52.300000000000004,35.11904761904761,9.722222222222223,28.76984126984127,73.21428571428571,9.722222222222214,19.54,352.282
2021-10-08,62.5,15.277777777777779,68.05555555555556,56.15,21.626984126984127,15.277777777777779,21.626984126984127,87.10317460317461,10.912698412698404,18.77,350.525
2021-10-11,57.341269841269835,6.944444444444445,67.85714285714286,50.0,9.325396825396826,6.944444444444445,16.46825396825397,49.801587301587304,8.134920634920633,20.0,347.837
2021-10-12,50.0,17.658730158730158,73.01587301587301,50.74999999999999,36.7063492063492,17.658730158730158,16.46825396825397,71.23015873015873,5.357142857142861,19.85,346.623
2021-10-13,56.15079365079365,16.071428571428573,69.84126984126985,56.8,11.30952380952381,16.071428571428573,21.626984126984127,61.30952380952381,5.357142857142861,18.64,349.399
2021-10-14,56.547619047619044,11.30952380952381,65.27777777777777,65.7,7.341269841269842,11.30952380952381,73.80952380952381,73.61111111111111,9.325396825396822,16.86,355.834
2021-10-15,56.94444444444444,8.928571428571429,61.30952380952381,68.5,44.24603174603175,8.928571428571429,81.54761904761905,77.57936507936508,19.64285714285714,16.3,358.076
2021-10-18,62.10317460317461,35.51587301587302,58.333333333333336,68.45,65.27777777777779,35.51587301587302,80.35714285714286,80.75396825396825,22.02380952380952,16.31,361.677
2021-10-19,64.0873015873016,23.214285714285715,63.293650793650784,71.5,45.83333333333333,23.214285714285715,90.27777777777779,97.42063492063492,29.166666666666657,15.7,364.414
2021-10-20,59.72222222222222,0.1984126984126984,74.8015873015873,72.55,20.436507936507937,0.1984126984126984,96.62698412698413,99.40476190476191,29.96031746031747,15.49,363.938
2021-10-21,58.53174603174603,34.72222222222222,83.73015873015873,74.95,77.18253968253968,34.72222222222222,97.42063492063492,93.84920634920636,31.944444444444443,15.01,366.161
2021-10-22,54.96031746031746,33.13492063492063,92.06349206349205,72.85000000000001,86.30952380952381,33.13492063492063,97.22222222222221,95.43650793650794,31.944444444444443,15.43,363.084
2021-10-25,62.10317460317461,93.05555555555556,97.81746031746032,73.8,99.8015873015873,93.05555555555556,93.05555555555556,97.02380952380952,32.341269841269835,15.24,366.801
2021-10-26,64.48412698412699,96.23015873015873,98.4126984126984,70.1,99.8015873015873,96.23015873015873,92.85714285714286,87.10317460317461,32.341269841269835,15.98,367.956
2021-10-27,70.43650793650794,75.59523809523809,95.23809523809524,65.1,96.23015873015873,75.59523809523809,62.89682539682539,90.27777777777779,24.404761904761912,16.98,368.81
2021-10-28,72.02380952380952,77.18253968253968,96.23015873015873,67.35,95.03968253968253,77.18253968253968,77.97619047619048,94.24603174603175,29.96031746031747,16.53,372.906
2021-10-29,74.8015873015873,81.94444444444444,94.24603174603175,68.69999999999999,92.65873015873017,81.94444444444444,64.88095238095238,99.8015873015873,29.563492063492063,16.26,374.74
2021-11-01,70.03968253968253,99.0079365079365,98.4126984126984,67.95,99.40476190476191,99.0079365079365,78.37301587301587,97.02380952380952,17.261904761904773,16.41,376.021
2021-11-02,68.84920634920636,85.11904761904762,99.60317460317461,69.85,91.86507936507937,85.11904761904762,74.8015873015873,99.8015873015873,17.658730158730165,16.03,377.594
2021-11-03,69.24603174603175,78.76984126984127,99.8015873015873,74.5,82.73809523809523,78.76984126984127,80.75396825396825,96.23015873015873,26.388888888888886,15.1,381.602
2021-11-04,75.9920634920635,97.42063492063492,99.8015873015873,72.80000000000001,97.81746031746032,97.42063492063492,65.07936507936508,99.40476190476191,21.230158730158735,15.44,386.494
2021-11-05,71.23015873015873,84.72222222222221,99.8015873015873,67.6,91.46825396825396,84.72222222222221,77.77777777777779,99.0079365079365,14.087301587301596,16.48,386.862
2021-11-08,72.81746031746032,97.81746031746032,99.60317460317461,63.900000000000006,93.84920634920636,97.81746031746032,76.5873015873016,98.21428571428571,22.02380952380952,17.22,386.338
2021-11-09,73.61111111111111,99.8015873015873,99.20634920634922,61.099999999999994,99.8015873015873,99.8015873015873,65.67460317460318,94.24603174603175,14.087301587301596,17.78,383.679
2021-11-10,68.84920634920636,99.0079365079365,98.61111111111111,56.35,97.81746031746032,99.0079365079365,59.32539682539682,89.0873015873016,21.230158730158735,18.73,378.04
2021-11-11,66.07142857142857,81.15079365079364,97.81746031746032,61.7,87.10317460317461,81.15079365079364,51.78571428571429,97.02380952380952,21.626984126984127,17.66,379.088
2021-11-12,66.46825396825396,87.89682539682539,97.61904761904762,68.55000000000001,85.51587301587301,87.89682539682539,56.15079365079365,99.40476190476191,29.96031746031747,16.29,383.077
2021-11-15,64.0873015873016,89.0873015873016,98.01587301587301,67.55000000000001,90.67460317460318,89.0873015873016,60.912698412698404,99.40476190476191,33.92857142857143,16.49,382.99
2021-11-16,67.26190476190477,84.72222222222221,98.01587301587301,68.14999999999999,64.0873015873016,84.72222222222221,56.15079365079365,99.40476190476191,35.51587301587301,16.37,385.717
2021-11-17,66.46825396825396,88.69047619047619,98.01587301587301,64.45,87.5,88.69047619047619,39.08730158730159,99.8015873015873,32.341269841269835,17.11,385.921
2021-11-18,71.62698412698413,98.61111111111111,98.4126984126984,62.05,94.64285714285714,98.61111111111111,29.96031746031746,99.8015873015873,33.53174603174604,17.59,389.92
2021-11-19,75.1984126984127,87.10317460317461,98.01587301587301,60.449999999999996,78.76984126984127,87.10317460317461,18.253968253968253,99.0079365079365,27.182539682539684,17.91,392.094
2021-11-22,72.02380952380952,97.42063492063492,97.42063492063491,54.14999999999999,93.84920634920636,97.42063492063492,23.61111111111111,98.21428571428571,35.51587301587301,19.17,387.542
2021-11-23,72.02380952380952,98.61111111111111,97.02380952380952,53.1,90.27777777777779,98.61111111111111,31.547619047619047,96.62698412698413,39.88095238095239,19.38,385.775
2021-11-24,74.40476190476191,94.64285714285714,98.01587301587301,57.10000000000001,79.96031746031747,94.64285714285714,29.166666666666668,99.8015873015873,37.89682539682539,18.58,387.018
2021-11-26,79.56349206349206,20.436507936507937,95.63492063492063,28.44999999999999,60.912698412698404,20.436507936507937,1.7857142857142856,95.83333333333334,6.150793650793645,28.62,379.68
2021-11-29,77.18253968253968,61.30952380952381,95.23809523809524,42.599999999999994,68.84920634920636,61.30952380952381,7.738095238095238,93.45238095238095,17.658730158730165,22.96,387.92
2021-11-30,85.51587301587301,46.62698412698413,95.03968253968254,32.025000000000006,32.73809523809524,46.62698412698413,0.1984126984126984,98.21428571428571,0.19841269841269593,27.19,382.223
2021-12-01,85.9126984126984,89.48412698412699,94.24603174603175,22.19999999999999,73.21428571428571,89.48412698412699,0.1984126984126984,93.84920634920636,0.19841269841269593,31.12,375.721
2021-12-02,81.54761904761905,79.56349206349206,93.84920634920636,30.125,63.29365079365079,79.56349206349206,2.976190476190476,93.84920634920636,0.9920634920634939,27.95,378.428
2021-12-03,74.8015873015873,89.88095238095238,94.64285714285714,23.32499999999999,77.18253968253968,89.88095238095238,4.166666666666666,98.61111111111111,0.19841269841269593,30.67,371.848
2021-12-06,64.48412698412699,86.70634920634922,95.23809523809524,32.05,77.18253968253968,86.70634920634922,10.119047619047619,93.05555555555556,1.7857142857142918,27.18,374.828
2021-12-07,68.05555555555556,88.69047619047619,96.42857142857142,45.275,66.86507936507937,88.69047619047619,39.48412698412698,95.43650793650794,4.563492063492063,21.89,386.115
2021-12-08,71.23015873015873,77.97619047619048,97.42063492063491,50.50000000000001,62.10317460317461,77.97619047619048,56.94444444444444,93.05555555555556,7.738095238095227,19.9,387.843
2021-12-09,74.40476190476191,87.10317460317461,96.62698412698413,46.050000000000004,74.40476190476191,87.10317460317461,34.72222222222222,82.73809523809523,4.166666666666657,21.58,382.136
2021-12-10,77.57936507936508,93.84920634920636,94.84126984126985,56.55,86.70634920634922,93.84920634920636,51.78571428571429,87.89682539682539,7.738095238095227,18.69,386.29
2021-12-13,72.81746031746032,91.46825396825396,92.06349206349206,49.225,84.72222222222221,91.46825396825396,30.952380952380953,81.94444444444444,2.5793650793650755,20.31,380.709
2021-12-14,72.02380952380952,89.48412698412699,89.0873015873016,45.275,82.34126984126983,89.48412698412699,18.849206349206348,77.97619047619048,2.1825396825396837,21.89,376.769
2021-12-15,77.97619047619048,88.29365079365078,86.30952380952382,53.550000000000004,85.51587301587301,88.29365079365078,43.452380952380956,75.59523809523809,7.738095238095227,19.29,385.358
2021-12-16,67.65873015873017,89.0873015873016,84.72222222222223,48.575,76.78571428571429,89.0873015873016,41.46825396825397,82.73809523809523,3.3730158730158735,20.57,375.449
2021-12-17,74.8015873015873,50.198412698412696,82.14285714285714,46.075,14.087301587301587,50.198412698412696,18.055555555555554,81.15079365079364,2.1825396825396837,21.57,373.576
2021-12-20,70.43650793650794,57.738095238095234,83.53174603174602,42.824999999999996,43.452380952380956,57.738095238095234,7.738095238095238,79.16666666666666,1.3888888888888857,22.87,369.952
2021-12-21,67.26190476190477,90.67460317460318,87.5,47.474999999999994,70.03968253968253,90.67460317460318,37.10317460317461,91.07142857142857,5.357142857142861,21.01,378.232
2021-12-22,77.18253968253968,96.23015873015873,90.07936507936508,56.85000000000001,93.45238095238095,96.23015873015873,63.69047619047619,95.43650793650794,6.944444444444443,18.63,382.838
2021-12-23,75.59523809523809,96.23015873015873,92.46031746031747,60.199999999999996,93.05555555555556,96.23015873015873,88.69047619047619,91.86507936507937,12.5,17.96,385.724
2021-12-27,84.72222222222221,99.40476190476191,95.03968253968254,61.6,97.02380952380952,99.40476190476191,99.40476190476191,98.61111111111111,18.45238095238095,17.68,392.099
2021-12-28,87.10317460317461,97.81746031746032,97.81746031746033,62.300000000000004,98.21428571428571,97.81746031746032,99.8015873015873,96.62698412698413,19.64285714285714,17.54,390.282
2021-12-29,85.9126984126984,93.45238095238095,96.62698412698413,65.25,90.67460317460318,93.45238095238095,98.61111111111111,88.69047619047619,26.388888888888886,16.95,390.224
2021-12-30,79.96031746031747,93.05555555555556,95.23809523809524,63.35000000000001,87.89682539682539,93.05555555555556,97.81746031746032,97.81746031746032,21.626984126984127,17.33,389.058
2021-12-31,78.76984126984127,84.72222222222221,93.45238095238096,63.900000000000006,87.89682539682539,84.72222222222221,97.02380952380952,93.84920634920636,5.357142857142861,17.22,386.628
2022-01-03,89.88095238095238,94.24603174603175,92.85714285714286,67.0,91.07142857142857,94.24603174603175,88.69047619047619,98.21428571428571,14.484126984126988,16.6,390.35
2022-01-04,77.97619047619048,89.48412698412699,92.26190476190476,65.44999999999999,76.78571428571429,89.48412698412699,87.5,99.0079365079365,18.849206349206355,16.91,385.287
2022-01-05,66.86507936507937,77.57936507936508,92.06349206349206,51.349999999999994,61.30952380952381,77.57936507936508,44.642857142857146,83.53174603174604,12.896825396825392,19.73,373.451
2022-01-06,59.32539682539682,80.35714285714286,91.07142857142858,51.95,74.40476190476191,80.35714285714286,48.214285714285715,84.32539682539682,14.087301587301596,19.61,373.188
2022-01-07,56.15079365079365,72.81746031746032,91.46825396825398,56.199999999999996,49.404761904761905,72.81746031746032,32.93650793650794,76.78571428571429,15.277777777777786,18.76,369.146
2022-01-10,63.69047619047619,85.11904761904762,90.47619047619047,53.00000000000001,73.61111111111111,85.11904761904762,26.785714285714285,79.96031746031747,18.055555555555557,19.4,369.389
2022-01-11,70.83333333333334,74.40476190476191,91.26984126984127,57.95,49.007936507936506,74.40476190476191,33.13492063492063,86.70634920634922,21.626984126984127,18.41,374.937
2022-01-12,70.03968253968253,80.35714285714286,91.26984126984127,61.89999999999999,69.24603174603175,80.35714285714286,33.92857142857143,77.97619047619048,22.817460317460316,17.62,376.424
2022-01-13,52.57936507936508,93.45238095238095,82.53968253968253,49.225,83.92857142857143,93.45238095238095,28.373015873015873,11.706349206349206,8.531746031746039,20.31,367.008
2022-01-14,51.388888888888886,56.94444444444444,70.03968253968254,54.04999999999999,40.67460317460318,56.94444444444444,19.642857142857142,16.865079365079367,16.865079365079367,19.19,369.291
2022-01-18,46.62698412698413,42.26190476190476,59.920634920634924,43.025000000000006,34.32539682539682,42.26190476190476,8.134920634920634,8.531746031746032,15.277777777777786,22.79,360.098
2022-01-19,45.83333333333333,70.83333333333334,48.611111111111114,40.375,59.72222222222222,70.83333333333334,5.357142857142857,8.531746031746032,6.944444444444443,23.85,356.143
2022-01-20,50.0,67.65873015873017,34.32539682539682,36.025000000000006,58.13492063492064,67.65873015873017,2.579365079365079,3.7698412698412698,3.7698412698412653,25.59,351.517
2022-01-21,50.0,66.46825396825396,28.57142857142857,27.875,90.67460317460318,66.46825396825396,0.992063492063492,4.166666666666666,0.5952380952380878,28.85,341.77
2022-01-24,50.0,86.30952380952381,24.404761904761905,25.25,89.0873015873016,86.30952380952381,0.992063492063492,10.119047619047619,1.3888888888888857,29.9,343.335
2022-01-25,50.0,68.05555555555556,24.404761904761905,22.099999999999994,64.48412698412699,68.05555555555556,0.5952380952380952,4.166666666666666,0.5952380952380878,31.16,335.376
2022-01-26,50.0,82.34126984126983,23.80952380952381,20.099999999999994,76.78571428571429,82.34126984126983,0.1984126984126984,4.166666666666666,2.1825396825396837,31.96,334.851
2022-01-27,50.0,83.13492063492063,28.571428571428573,23.775000000000006,81.15079365079364,83.13492063492063,0.992063492063492,2.976190476190476,0.19841269841269593,30.49,331.479
2022-01-28,50.0,87.89682539682539,31.15079365079365,30.849999999999994,87.5,87.89682539682539,3.968253968253968,9.325396825396826,3.3730158730158735,27.66,341.877
2022-01-31,50.0,65.27777777777779,26.984126984126984,37.925000000000004,70.43650793650794,65.27777777777779,7.936507936507936,7.738095238095238,9.722222222222214,24.83,352.81
2022-02-01,50.0,23.214285714285715,24.603174603174605,45.099999999999994,73.21428571428571,23.214285714285715,12.5,9.722222222222223,15.277777777777786,21.96,355.21
2022-02-02,50.0,38.2936507936508,25.396825396825395,44.775,97.42063492063492,38.2936507936508,32.73809523809524,3.373015873015873,16.46825396825396,22.09,358.096
2022-02-03,50.0,51.388888888888886,19.642857142857146,39.125,98.61111111111111,51.388888888888886,15.277777777777779,0.992063492063492,8.531746031746039,24.35,343.578
2022-02-04,50.0,68.05555555555556,16.865079365079364,41.95,95.43650793650794,68.05555555555556,19.246031746031747,1.3888888888888888,23.214285714285708,23.22,347.912
2022-02-07,50.0,12.896825396825399,24.206349206349206,42.85,86.30952380952381,12.896825396825399,22.61904761904762,2.579365079365079,18.45238095238095,22.86,345.113
2022-02-08,50.0,10.119047619047619,29.563492063492067,46.4,67.26190476190477,10.119047619047619,37.10317460317461,3.373015873015873,32.73809523809523,21.44,348.991
2022-02-09,50.0,30.753968253968257,30.95238095238095,50.199999999999996,72.02380952380952,30.753968253968257,76.78571428571429,6.944444444444445,41.46825396825397,19.96,356.386
2022-02-10,50.0,52.57936507936508,32.34126984126984,40.225,59.72222222222222,52.57936507936508,34.72222222222222,1.7857142857142856,40.27777777777778,23.91,348.32
2022-02-11,50.0,62.5,34.126984126984134,31.599999999999994,63.29365079365079,62.5,18.452380952380953,0.1984126984126984,10.515873015873012,27.36,337.271
2022-02-14,50.0,50.198412698412696,34.92063492063492,29.17500000000001,54.96031746031746,50.198412698412696,14.880952380952381,0.1984126984126984,15.277777777777786,28.33,337.689
2022-02-15,50.0,77.57936507936508,35.714285714285715,35.75,61.70634920634921,77.57936507936508,35.11904761904761,2.1825396825396823,36.70634920634921,25.7,346.085
2022-02-16,50.0,64.48412698412699,37.301587301587304,39.275000000000006,60.912698412698404,64.48412698412699,37.10317460317461,3.373015873015873,35.912698412698404,24.29,345.997
2022-02-17,50.0,75.59523809523809,37.1031746031746,29.724999999999994,62.89682539682539,75.59523809523809,12.896825396825399,0.5952380952380952,11.30952380952381,28.11,335.706
2022-02-18,50.0,69.64285714285714,37.1031746031746,30.625,61.70634920634921,69.64285714285714,10.912698412698413,0.1984126984126984,5.357142857142861,27.75,331.877
2022-02-22,50.0,80.35714285714286,38.492063492063494,27.974999999999994,69.24603174603175,80.35714285714286,5.753968253968254,0.5952380952380952,4.960317460317469,28.81,328.544
2022-02-23,50.0,81.15079365079364,37.698412698412696,22.450000000000003,62.89682539682539,81.15079365079364,3.7698412698412698,1.3888888888888888,2.9761904761904816,31.02,320.128
2022-02-24,50.0,79.16666666666666,35.51587301587302,24.200000000000003,66.46825396825396,79.16666666666666,4.166666666666666,2.976190476190476,6.150793650793645,30.32,330.886
2022-02-25,50.0,35.11904761904761,36.904761904761905,31.025000000000006,51.78571428571429,35.11904761904761,21.626984126984127,6.944444444444445,13.69047619047619,27.59,336.017
2022-02-28,50.0,22.817460317460316,37.301587301587304,24.625,26.38888888888889,22.817460317460316,14.087301587301587,2.579365079365079,6.547619047619051,30.15,337.018
2022-03-01,50.0,23.61111111111111,36.507936507936506,16.69999999999999,6.547619047619048,23.61111111111111,8.928571428571429,2.1825396825396823,0.19841269841269593,33.32,331.858
2022-03-02,50.0,39.08730158730159,36.30952380952381,23.150000000000006,19.246031746031747,39.08730158730159,25.595238095238095,8.531746031746032,9.325396825396822,30.74,337.426
2022-03-03,50.0,29.563492063492063,39.08730158730159,23.799999999999997,17.658730158730158,29.563492063492063,32.73809523809524,3.373015873015873,8.134920634920633,30.48,332.606
2022-03-04,50.0,11.706349206349206,39.285714285714285,20.049999999999997,9.722222222222223,11.706349206349206,25.198412698412696,2.579365079365079,2.1825396825396837,31.98,327.786
2022-03-07,50.0,4.563492063492063,38.2936507936508,8.875,5.357142857142857,4.563492063492063,12.103174603174603,0.992063492063492,0.19841269841269593,36.45,315.697
2022-03-08,50.0,25.198412698412696,37.698412698412696,12.174999999999983,42.26190476190476,25.198412698412696,6.944444444444445,2.1825396825396823,0.5952380952380878,35.13,314.23
2022-03-09,50.0,16.071428571428573,36.904761904761905,18.875,39.88095238095239,16.071428571428573,18.452380952380953,2.579365079365079,8.134920634920633,32.45,325.541
2022-03-10,50.0,64.88095238095238,34.72222222222222,24.424999999999997,64.48412698412699,64.88095238095238,15.674603174603174,4.166666666666666,8.92857142857143,30.23,321.926
2022-03-11,50.0,48.61111111111111,32.73809523809524,23.125,49.801587301587304,48.61111111111111,12.103174603174603,1.3888888888888888,6.150793650793645,30.75,315.25
2022-03-14,50.0,34.32539682539682,34.32539682539683,20.575000000000003,25.595238095238095,34.32539682539682,12.103174603174603,2.1825396825396823,12.103174603174608,31.77,309.196
2022-03-15,50.0,51.388888888888886,31.746031746031743,25.42500000000001,44.24603174603175,51.388888888888886,25.992063492063494,2.1825396825396823,27.182539682539684,29.83,318.894
2022-03-16,50.0,64.48412698412699,31.74603174603174,33.32499999999999,51.388888888888886,64.48412698412699,74.0079365079365,8.928571428571429,56.547619047619044,26.67,330.721
2022-03-17,50.0,45.03968253968254,29.166666666666664,35.82499999999999,40.67460317460318,45.03968253968254,91.86507936507937,9.325396825396826,64.88095238095238,25.67,334.725
2022-03-18,50.0,18.452380952380953,28.174603174603174,40.324999999999996,10.119047619047619,18.452380952380953,96.62698412698413,6.944444444444445,65.27777777777777,23.87,341.576
2022-03-21,50.0,64.48412698412699,30.357142857142858,41.175,66.46825396825396,64.48412698412699,96.23015873015873,7.341269841269842,72.81746031746032,23.53,340.626
2022-03-22,50.0,82.34126984126983,33.73015873015873,42.65,84.72222222222221,82.34126984126983,99.8015873015873,11.30952380952381,79.96031746031746,22.94,347.32
2022-03-23,50.0,95.43650793650794,36.30952380952381,41.075,91.86507936507937,95.43650793650794,84.32539682539682,6.547619047619048,72.81746031746032,23.57,342.329
2022-03-24,50.0,96.23015873015873,44.047619047619044,45.824999999999996,94.24603174603175,96.23015873015873,91.46825396825396,12.5,77.97619047619048,21.67,349.937
2022-03-25,50.0,84.72222222222221,46.23015873015873,47.975,86.30952380952381,84.72222222222221,97.02380952380952,11.30952380952381,82.34126984126985,20.81,349.646
2022-03-28,50.0,93.05555555555556,47.42063492063492,51.85000000000001,94.24603174603175,93.05555555555556,98.21428571428571,14.880952380952381,82.73809523809524,19.63,355.055
2022-03-29,50.0,76.38888888888889,48.01587301587301,55.50000000000001,71.23015873015873,76.38888888888889,99.8015873015873,17.261904761904763,83.13492063492063,18.9,361.166
2022-03-30,50.0,89.88095238095238,47.61904761904762,53.35000000000001,77.18253968253968,89.88095238095238,99.0079365079365,13.690476190476192,82.34126984126985,19.33,357.177
2022-03-31,50.0,66.46825396825396,44.24603174603175,48.6,41.86507936507937,66.46825396825396,86.70634920634922,14.087301587301587,82.34126984126985,20.56,352.749
2022-04-01,50.0,71.23015873015873,43.05555555555556,51.85000000000001,54.166666666666664,71.23015873015873,86.30952380952381,13.690476190476192,83.13492063492063,19.63,352.078
2022-04-04,50.0,79.16666666666666,40.27777777777778,57.15,76.38888888888889,79.16666666666666,86.70634920634922,19.642857142857142,84.72222222222223,18.57,359.327
2022-04-05,50.0,77.57936507936508,41.468253968253975,47.425,52.976190476190474,77.57936507936508,63.29365079365079,14.880952380952381,87.10317460317461,21.03,351.348
2022-04-06,50.0,83.53174603174604,45.43650793650794,44.75,73.61111111111111,83.53174603174604,46.62698412698413,12.103174603174603,89.08730158730158,22.1,343.72
2022-04-07,50.0,66.86507936507937,49.00793650793651,46.125,52.57936507936508,66.86507936507937,44.642857142857146,12.5,94.24603174603175,21.55,344.537
2022-04-08,50.0,47.023809523809526,49.404761904761905,47.1,30.357142857142854,47.023809523809526,44.24603174603175,12.5,94.64285714285714,21.16,339.721
2022-04-11,50.0,56.15079365079365,47.02380952380952,39.074999999999996,52.57936507936508,56.15079365079365,31.150793650793652,5.753968253968254,94.64285714285714,24.37,331.684
2022-04-12,50.0,67.65873015873017,47.42063492063492,39.349999999999994,58.92857142857143,67.65873015873017,23.61111111111111,6.15079365079365,91.07142857142857,24.26,330.283
2022-04-13,50.0,51.388888888888886,45.833333333333336,45.45,40.27777777777778,51.388888888888886,35.91269841269841,10.515873015873016,94.64285714285714,21.82,336.997
2022-04-14,50.0,28.373015873015873,40.27777777777777,43.25,25.992063492063494,28.373015873015873,26.58730158730159,4.166666666666666,95.83333333333333,22.7,329.29
2022-04-18,50.0,50.595238095238095,39.48412698412698,44.574999999999996,43.452380952380956,50.595238095238095,20.436507936507937,3.7698412698412698,96.62698412698413,22.17,329.543
2022-04-19,50.0,18.055555555555554,41.46825396825396,46.574999999999996,36.30952380952381,18.055555555555554,42.26190476190476,12.5,98.61111111111111,21.37,336.909
2022-04-20,50.0,13.690476190476192,42.06349206349206,49.2,87.5,13.690476190476192,60.912698412698404,11.706349206349206,97.42063492063492,20.32,331.995
2022-04-21,50.0,37.5,42.06349206349206,43.3,83.53174603174604,37.5,39.08730158730159,4.166666666666666,97.02380952380952,22.68,325.126
2022-04-22,50.0,16.865079365079367,43.05555555555556,29.474999999999994,60.51587301587301,16.865079365079367,6.15079365079365,0.1984126984126984,93.05555555555556,28.21,316.612
2022-04-25,50.0,25.595238095238095,43.25396825396825,32.45,39.48412698412698,25.595238095238095,5.753968253968254,5.357142857142857,86.30952380952381,27.02,320.679
2022-04-26,50.0,72.81746031746032,43.45238095238095,16.19999999999999,87.89682539682539,72.81746031746032,2.579365079365079,0.1984126984126984,81.94444444444444,33.52,308.575
2022-04-27,50.0,22.42063492063492,40.67460317460317,21.0,79.16666666666666,22.42063492063492,4.563492063492063,0.1984126984126984,83.53174603174602,31.6,308.206
2022-04-28,50.0,59.72222222222222,40.476190476190474,25.025000000000006,90.27777777777779,59.72222222222222,10.515873015873016,4.563492063492063,90.67460317460318,29.99,319.152
2022-04-29,50.0,60.11904761904761,40.67460317460317,16.5,78.76984126984127,60.11904761904761,0.992063492063492,0.1984126984126984,83.53174603174602,33.4,304.79
2022-05-02,50.0,46.230158730158735,37.89682539682539,19.14999999999999,62.5,46.230158730158735,2.579365079365079,0.992063492063492,95.83333333333333,32.34,309.879
2022-05-03,50.0,45.03968253968254,37.50000000000001,26.875,36.30952380952381,45.03968253968254,5.753968253968254,1.7857142857142856,96.62698412698413,29.25,310.21
2022-05-04,50.0,79.56349206349206,38.095238095238095,36.449999999999996,76.78571428571429,79.56349206349206,28.373015873015873,10.912698412698413,98.61111111111111,25.42,320.699
2022-05-05,50.0,81.15079365079364,34.920634920634924,22.0,79.96031746031747,81.15079365079364,7.738095238095238,0.1984126984126984,96.62698412698413,31.2,304.547
2022-05-06,50.0,63.69047619047619,36.11111111111111,24.525000000000006,65.27777777777779,63.69047619047619,5.753968253968254,0.1984126984126984,97.81746031746032,30.19,300.899
2022-05-09,50.0,59.72222222222222,37.1031746031746,13.125,47.023809523809526,59.72222222222222,0.1984126984126984,0.1984126984126984,84.72222222222223,34.75,289.125
2022-05-10,50.0,58.53174603174603,38.492063492063494,17.525000000000006,46.62698412698413,58.53174603174603,0.1984126984126984,0.5952380952380952,83.92857142857143,32.99,292.638
2022-05-11,50.0,72.42063492063492,39.08730158730159,18.599999999999994,72.42063492063492,72.42063492063492,0.1984126984126984,0.5952380952380952,74.0079365079365,32.56,283.959
2022-05-12,50.0,80.35714285714286,45.23809523809524,20.575000000000003,85.11904761904762,80.35714285714286,2.579365079365079,1.7857142857142856,72.81746031746032,31.77,283.287
2022-05-13,50.0,78.37301587301587,46.82539682539683,27.82499999999999,67.65873015873017,78.37301587301587,8.333333333333332,2.579365079365079,83.92857142857143,28.87,293.786
2022-05-16,50.0,62.10317460317461,50.0,31.325000000000003,64.88095238095238,62.10317460317461,8.928571428571429,2.1825396825396823,80.35714285714286,27.47,290.38
2022-05-17,50.0,66.46825396825396,50.5952380952381,34.75,51.388888888888886,66.46825396825396,26.58730158730159,2.579365079365079,88.69047619047619,26.1,297.902
2022-05-18,50.0,53.37301587301587,50.198412698412696,22.599999999999994,43.05555555555556,53.37301587301587,7.341269841269842,0.1984126984126984,73.61111111111111,30.96,283.278
2022-05-19,50.0,68.05555555555556,49.801587301587304,26.625,44.642857142857146,68.05555555555556,7.341269841269842,0.1984126984126984,72.42063492063491,29.35,281.76
2022-05-20,50.0,84.72222222222221,50.0,26.424999999999997,66.86507936507937,84.72222222222221,11.507936507936508,0.992063492063492,68.84920634920636,29.43,280.884
2022-05-23,50.0,70.03968253968253,50.0,28.799999999999997,68.45238095238095,70.03968253968253,22.023809523809522,2.579365079365079,76.78571428571428,28.48,285.554
2022-05-24,50.0,45.83333333333333,50.0,26.375,75.9920634920635,45.83333333333333,20.03968253968254,0.5952380952380952,72.81746031746032,29.45,279.483
2022-05-25,50.0,60.912698412698404,50.1984126984127,29.075000000000003,54.166666666666664,60.912698412698404,33.33333333333333,4.563492063492063,74.0079365079365,28.37,283.394
2022-05-26,50.0,80.35714285714286,50.3968253968254,31.25,70.83333333333334,80.35714285714286,75.59523809523809,7.341269841269842,78.76984126984127,27.5,291.246
2022-05-27,50.0,79.96031746031747,51.388888888888886,35.7,55.35714285714286,79.96031746031747,96.23015873015873,9.325396825396826,87.5,25.72,300.753
2022-05-31,50.0,7.738095238095238,50.992063492063494,34.52499999999999,3.373015873015873,7.738095238095238,92.26190476190477,7.738095238095238,93.45238095238095,26.19,299.955
2022-06-01,50.0,66.46825396825396,50.992063492063494,35.77499999999999,72.02380952380952,66.46825396825396,83.92857142857143,7.738095238095238,94.64285714285714,25.69,297.736
2022-06-02,50.0,91.46825396825396,51.98412698412699,38.2,87.10317460317461,91.46825396825396,97.42063492063492,9.722222222222223,98.21428571428571,24.72,305.89
2022-06-03,50.0,95.03968253968253,51.785714285714285,38.025000000000006,91.86507936507937,95.03968253968253,89.68253968253968,4.9603174603174605,95.43650793650794,24.79,297.931
2022-06-06,50.0,74.0079365079365,52.579365079365076,37.325,87.5,74.0079365079365,90.67460317460318,8.134920634920634,98.21428571428571,25.07,298.923
2022-06-07,29.166666666666668,21.626984126984127,53.17460317460318,39.95,55.75396825396825,21.626984126984127,95.83333333333334,8.134920634920634,97.81746031746032,24.02,301.502
2022-06-08,50.0,45.03968253968254,51.98412698412699,40.099999999999994,41.46825396825397,45.03968253968254,78.76984126984127,6.944444444444445,97.42063492063492,23.96,299.332
2022-06-09,50.0,65.67460317460318,50.992063492063494,34.775000000000006,49.404761904761905,65.67460317460318,26.785714285714285,1.7857142857142856,91.86507936507937,26.09,291.315
2022-06-10,50.0,49.007936507936506,48.214285714285715,30.625,41.07142857142857,49.007936507936506,5.158730158730158,0.1984126984126984,88.69047619047619,27.75,281.04
2022-06-13,50.0,46.230158730158735,42.658730158730165,14.949999999999989,28.373015873015873,46.230158730158735,0.1984126984126984,0.1984126984126984,90.67460317460318,34.02,267.972
2022-06-14,50.0,18.452380952380953,40.27777777777778,18.275000000000006,14.484126984126986,18.452380952380953,0.5952380952380952,0.992063492063492,92.65873015873015,32.69,268.459
2022-06-15,50.0,40.27777777777778,41.07142857142857,25.950000000000003,44.642857142857146,40.27777777777778,0.992063492063492,4.9603174603174605,88.2936507936508,29.62,275.163
2022-06-16,50.0,30.357142857142854,41.269841269841265,17.625,14.880952380952381,30.357142857142854,0.1984126984126984,0.5952380952380952,79.16666666666666,32.95,264.061
2022-06-17,50.0,0.1984126984126984,43.65079365079366,22.174999999999997,0.1984126984126984,0.1984126984126984,0.5952380952380952,1.7857142857142856,77.97619047619048,31.13,267.272
2022-06-21,50.0,27.18253968253968,46.42857142857143,24.525000000000006,46.230158730158735,27.18253968253968,2.1825396825396823,5.753968253968254,86.30952380952381,30.19,274.015
2022-06-22,50.0,20.03968253968254,46.03174603174604,27.625,25.198412698412696,20.03968253968254,2.976190476190476,4.563492063492063,80.35714285714286,28.95,273.616
2022-06-23,50.0,26.38888888888889,46.42857142857143,27.375,27.18253968253968,26.38888888888889,12.5,5.753968253968254,79.96031746031746,29.05,277.691
2022-06-24,50.0,0.992063492063492,45.43650793650793,31.924999999999997,4.166666666666666,0.992063492063492,28.76984126984127,10.119047619047619,87.89682539682539,27.23,287.205
2022-06-27,50.0,37.5,47.61904761904762,32.625,45.03968253968254,37.5,27.976190476190478,10.515873015873016,90.67460317460318,26.95,285.1
2022-06-28,50.0,52.976190476190474,48.21428571428572,29.099999999999994,38.2936507936508,52.976190476190474,16.071428571428573,3.7698412698412698,84.72222222222223,28.36,276.414
2022-06-29,50.0,49.404761904761905,50.992063492063494,29.599999999999994,42.65873015873016,49.404761904761905,18.849206349206348,3.7698412698412698,80.35714285714286,28.16,276.667
2022-06-30,50.0,40.67460317460318,49.40476190476191,28.224999999999994,46.230158730158735,40.67460317460318,19.642857142857142,3.7698412698412698,79.56349206349206,28.71,273.235
2022-07-01,50.0,52.976190476190474,52.182539682539684,33.25,37.5,52.976190476190474,38.095238095238095,6.547619047619048,77.57936507936508,26.7,275.039
2022-07-05,50.0,49.007936507936506,52.38095238095238,31.150000000000006,31.547619047619047,49.007936507936506,39.08730158730159,10.515873015873016,75.5952380952381,27.54,279.748
2022-07-06,50.0,31.150793650793652,53.57142857142857,33.175,31.944444444444443,31.150793650793652,49.007936507936506,14.484126984126986,81.15079365079364,26.73,281.541
2022-07-07,50.0,39.88095238095239,53.57142857142858,34.8,37.5,39.88095238095239,75.9920634920635,11.706349206349206,87.89682539682539,26.08,287.566
2022-07-08,50.0,74.40476190476191,54.16666666666667,38.4,86.30952380952381,74.40476190476191,71.23015873015873,10.912698412698413,93.45238095238095,24.64,287.927
2022-07-11,50.0,76.38888888888889,52.182539682539684,34.57499999999999,81.15079365079364,76.38888888888889,62.89682539682539,3.373015873015873,83.13492063492063,26.17,281.775
2022-07-12,50.0,69.24603174603175,50.198412698412696,31.775000000000006,54.166666666666664,69.24603174603175,56.34920634920635,3.7698412698412698,78.76984126984127,27.29,279.046
2022-07-13,50.0,59.72222222222222,48.611111111111114,32.95,75.1984126984127,59.72222222222222,44.642857142857146,1.3888888888888888,74.8015873015873,26.82,278.471
2022-07-14,50.0,29.96031746031746,48.41269841269841,34.0,31.944444444444443,29.96031746031746,31.944444444444443,5.357142857142857,76.78571428571428,26.4,279.465
2022-07-15,50.0,10.119047619047619,47.81746031746032,39.425,21.626984126984127,10.119047619047619,70.03968253968253,12.896825396825399,81.54761904761905,24.23,284.534
2022-07-18,50.0,46.230158730158735,49.404761904761905,36.75,67.26190476190477,46.230158730158735,50.595238095238095,7.341269841269842,79.96031746031746,25.3,282.126
2022-07-19,50.0,50.198412698412696,49.007936507936506,38.75,56.547619047619044,50.198412698412696,90.27777777777779,14.087301587301587,90.27777777777777,24.5,290.803
2022-07-20,50.0,46.62698412698413,52.18253968253969,40.300000000000004,78.76984126984127,46.62698412698413,87.5,20.833333333333336,94.24603174603175,23.88,295.414
2022-07-21,50.0,80.35714285714286,55.952380952380956,42.225,88.69047619047619,80.35714285714286,89.0873015873016,14.880952380952381,89.48412698412699,23.11,299.654
2022-07-22,50.0,66.46825396825396,56.74603174603175,42.425,89.88095238095238,66.46825396825396,86.30952380952381,8.134920634920634,79.96031746031746,23.03,294.4
2022-07-25,50.0,36.30952380952381,56.94444444444444,41.6,46.230158730158735,36.30952380952381,92.65873015873017,8.134920634920634,81.54761904761905,23.36,292.723
2022-07-26,50.0,34.72222222222222,55.357142857142854,38.275,40.27777777777778,34.72222222222222,86.90476190476191,6.15079365079365,76.38888888888889,24.69,286.971
2022-07-27,50.0,56.547619047619044,53.96825396825397,41.900000000000006,72.42063492063492,56.547619047619044,95.23809523809523,16.865079365079367,83.53174603174602,23.24,299.099
2022-07-28,50.0,47.023809523809526,53.96825396825397,44.175000000000004,59.32539682539682,47.023809523809526,94.64285714285714,24.404761904761905,81.94444444444444,22.33,302.023
2022-07-29,50.0,62.10317460317461,53.17460317460317,46.675000000000004,70.03968253968253,62.10317460317461,96.62698412698413,23.214285714285715,84.72222222222223,21.33,307.531
2022-08-01,66.46825396825396,85.11904761904762,52.38095238095238,42.9,85.9126984126984,85.11904761904762,95.83333333333334,17.658730158730158,83.13492063492063,22.84,307.346
2022-08-02,50.0,68.45238095238095,56.150793650793645,40.175,59.32539682539682,68.45238095238095,89.48412698412699,15.674603174603174,90.67460317460318,23.93,306.43
2022-08-03,50.0,69.64285714285714,57.539682539682545,45.125,62.89682539682539,69.64285714285714,92.46031746031747,25.198412698412696,95.03968253968254,21.95,314.775
2022-08-04,50.0,59.32539682539682,60.714285714285715,46.4,38.2936507936508,59.32539682539682,88.09523809523809,24.404761904761905,92.65873015873015,21.44,316.247
2022-08-05,79.16666666666666,89.88095238095238,60.317460317460316,47.125,76.38888888888889,89.88095238095238,88.69047619047619,18.849206349206348,99.0079365079365,21.15,313.663
2022-08-08,68.45238095238095,93.45238095238095,60.714285714285715,46.775000000000006,88.69047619047619,93.45238095238095,90.27777777777779,20.03968253968254,95.43650793650794,21.29,312.649
2022-08-09,74.40476190476191,91.86507936507937,60.317460317460316,45.575,64.0873015873016,91.86507936507937,86.70634920634922,11.30952380952381,96.62698412698413,21.77,309.111
2022-08-10,66.46825396825396,79.56349206349206,60.31746031746032,51.300000000000004,70.83333333333334,79.56349206349206,96.23015873015873,29.96031746031746,99.4047619047619,19.74,317.738
2022-08-11,64.48412698412699,27.976190476190478,59.72222222222222,49.5,30.357142857142854,27.976190476190478,97.42063492063492,25.198412698412696,99.8015873015873,20.2,315.935
2022-08-12,73.61111111111111,71.62698412698413,61.30952380952381,52.349999999999994,66.46825396825396,71.62698412698413,99.40476190476191,33.13492063492063,99.8015873015873,19.53,322.086
2022-08-15,76.78571428571429,62.5,59.523809523809526,50.25000000000001,62.10317460317461,62.5,99.0079365079365,33.92857142857143,99.4047619047619,19.95,324.689
2022-08-16,74.8015873015873,73.21428571428571,56.34920634920634,51.55,66.46825396825396,73.21428571428571,98.61111111111111,27.579365079365083,99.8015873015873,19.69,323.929
2022-08-17,81.94444444444444,85.51587301587301,58.13492063492064,50.50000000000001,56.94444444444444,85.51587301587301,92.85714285714286,25.595238095238095,99.8015873015873,19.9,320.234
2022-08-18,85.11904761904762,64.0873015873016,54.36507936507936,52.20000000000001,28.373015873015873,64.0873015873016,96.03174603174604,25.992063492063494,99.8015873015873,19.56,321.004
2022-08-19,89.48412698412699,32.73809523809524,53.17460317460318,48.5,31.944444444444443,32.73809523809524,78.76984126984127,16.865079365079367,99.8015873015873,20.6,314.745
2022-08-22,89.48412698412699,49.404761904761905,49.2063492063492,40.5,22.817460317460316,49.404761904761905,42.26190476190476,14.087301587301587,98.61111111111111,23.8,306.459
2022-08-23,83.53174603174604,37.5,49.20634920634921,39.725,33.13492063492063,37.5,32.53968253968254,12.5,98.61111111111111,24.11,306.205
2022-08-24,83.53174603174604,47.023809523809526,47.222222222222214,42.95,31.944444444444443,47.023809523809526,34.72222222222222,17.261904761904763,99.8015873015873,22.82,307.093
2022-08-25,85.9126984126984,70.43650793650794,48.611111111111114,45.55,58.53174603174603,70.43650793650794,59.72222222222222,30.357142857142854,99.4047619047619,21.78,312.523
2022-08-26,84.72222222222221,75.1984126984127,49.007936507936506,36.10000000000001,63.69047619047619,75.1984126984127,14.484126984126986,9.325396825396826,95.03968253968254,25.56,299.713
2022-08-29,50.0,35.91269841269841,52.18253968253969,34.474999999999994,35.51587301587302,35.91269841269841,11.706349206349206,2.1825396825396823,95.83333333333333,26.21,296.759
2022-08-30,50.0,44.642857142857146,49.801587301587304,34.474999999999994,24.00793650793651,44.642857142857146,4.166666666666666,3.7698412698412698,94.24603174603175,26.21,293.454
2022-08-31,50.0,17.658730158730158,51.587301587301596,35.325,7.341269841269842,17.658730158730158,2.1825396825396823,9.722222222222223,95.03968253968254,25.87,291.748
2022-09-01,50.0,68.45238095238095,50.595238095238095,36.10000000000001,45.03968253968254,68.45238095238095,3.373015873015873,7.341269841269842,98.61111111111111,25.56,291.875
2022-09-02,50.0,66.07142857142857,50.595238095238095,36.325,31.547619047619047,66.07142857142857,2.1825396825396823,6.547619047619048,94.64285714285714,25.47,287.751
2022-09-06,50.0,20.436507936507937,51.785714285714285,32.724999999999994,8.928571428571429,20.436507936507937,1.984126984126984,4.563492063492063,97.81746031746032,26.91,285.685
2022-09-07,50.0,27.18253968253968,52.97619047619048,38.4,14.484126984126986,27.18253968253968,13.293650793650794,14.880952380952381,99.0079365079365,24.64,291.456
2022-09-08,50.0,26.38888888888889,53.76984126984127,40.975,14.880952380952381,26.38888888888889,26.785714285714285,16.071428571428573,99.8015873015873,23.61,292.967
2022-09-09,60.51587301587301,28.373015873015873,52.38095238095238,43.025000000000006,12.103174603174603,28.373015873015873,50.198412698412696,10.912698412698413,99.8015873015873,22.79,299.372
2022-09-12,66.07142857142857,37.89682539682539,52.579365079365076,40.324999999999996,16.865079365079367,37.89682539682539,71.03174603174604,18.452380952380953,99.8015873015873,23.87,302.93
2022-09-13,56.94444444444444,68.45238095238095,47.22222222222222,31.825000000000003,45.03968253968254,68.45238095238095,14.682539682539684,0.5952380952380952,99.0079365079365,27.27,286.318
2022-09-14,58.53174603174603,25.595238095238095,42.26190476190476,34.599999999999994,14.087301587301587,25.595238095238095,21.23015873015873,0.5952380952380952,99.0079365079365,26.16,288.59
2022-09-15,50.198412698412696,43.452380952380956,39.285714285714285,34.325,33.13492063492063,43.452380952380956,19.841269841269842,1.7857142857142856,98.21428571428571,26.27,283.784
2022-09-16,50.595238095238095,2.976190476190476,39.08730158730159,34.25,2.1825396825396823,2.976190476190476,12.3015873015873,0.992063492063492,97.42063492063492,26.3,282.048
2022-09-19,51.388888888888886,38.2936507936508,39.88095238095238,35.599999999999994,26.38888888888889,38.2936507936508,22.61904761904762,5.357142857142857,99.0079365079365,25.76,284.244
2022-09-20,48.214285714285715,55.35714285714286,43.05555555555556,32.099999999999994,35.91269841269841,55.35714285714286,10.912698412698413,8.531746031746032,99.0079365079365,27.16,281.978
2022-09-21,49.007936507936506,61.30952380952381,47.023809523809526,30.025000000000006,52.57936507936508,61.30952380952381,4.166666666666666,8.134920634920634,93.84920634920636,27.99,276.929
2022-09-22,50.0,63.29365079365079,48.41269841269841,31.625,33.13492063492063,63.29365079365079,2.1825396825396823,1.7857142857142856,98.21428571428571,27.35,273.521
2022-09-23,50.0,24.404761904761905,49.20634920634921,25.19999999999999,7.738095238095238,24.404761904761905,0.5952380952380952,2.976190476190476,94.24603174603175,29.92,269.068
2022-09-26,50.0,21.23015873015873,49.2063492063492,19.35000000000001,7.738095238095238,21.23015873015873,0.1984126984126984,0.5952380952380952,98.61111111111111,32.26,267.954
2022-09-27,50.0,23.214285714285715,50.1984126984127,18.5,13.690476190476192,23.214285714285715,0.992063492063492,7.738095238095238,99.4047619047619,32.6,268.062
2022-09-28,50.0,15.674603174603174,49.40476190476191,24.549999999999997,22.023809523809522,15.674603174603174,6.746031746031746,16.071428571428573,95.83333333333333,30.18,273.394
2022-09-29,50.0,52.976190476190474,49.007936507936506,20.400000000000006,50.198412698412696,52.976190476190474,2.976190476190476,3.373015873015873,92.26190476190476,31.84,265.513
2022-09-30,50.0,17.261904761904763,45.43650793650794,20.94999999999999,8.134920634920634,17.261904761904763,1.5873015873015872,0.5952380952380952,94.64285714285714,31.62,261.011
2022-10-03,50.0,42.65873015873016,46.23015873015873,24.75,20.03968253968254,42.65873015873016,14.484126984126986,9.722222222222223,94.24603174603175,30.1,267.134
2022-10-04,50.0,44.24603174603175,45.238095238095234,27.325000000000003,25.595238095238095,44.24603174603175,52.182539682539684,14.880952380952381,98.61111111111111,29.07,275.533
2022-10-05,50.0,39.48412698412698,49.404761904761905,28.625,26.785714285714285,39.48412698412698,50.0,17.261904761904763,99.4047619047619,28.55,275.386
2022-10-06,50.0,16.865079365079367,51.19047619047619,23.700000000000003,14.087301587301587,16.865079365079367,40.27777777777778,12.103174603174603,99.4047619047619,30.52,273.218
2022-10-07,50.0,42.26190476190476,53.76984126984127,21.599999999999994,29.96031746031746,42.26190476190476,20.03968253968254,0.992063492063492,97.81746031746032,31.36,262.808
2022-10-10,50.0,64.0873015873016,51.98412698412699,18.875,16.865079365079367,64.0873015873016,24.801587301587304,0.1984126984126984,96.62698412698413,32.45,260.18
2022-10-11,50.0,27.976190476190478,50.1984126984127,15.924999999999997,6.944444444444445,27.976190476190478,25.198412698412696,0.5952380952380952,97.02380952380952,33.63,256.606
2022-10-12,50.0,12.103174603174603,50.0,16.075000000000003,6.15079365079365,12.103174603174603,20.634920634920633,0.1984126984126984,93.84920634920636,33.57,256.518
2022-10-13,50.0,40.67460317460318,49.801587301587304,20.14999999999999,20.436507936507937,40.67460317460318,44.642857142857146,6.547619047619048,99.8015873015873,31.94,262.534
2022-10-14,50.0,22.42063492063492,50.1984126984127,19.94999999999999,18.452380952380953,22.42063492063492,27.976190476190478,2.579365079365079,98.21428571428571,32.02,254.643
2022-10-17,50.0,11.706349206349206,49.6031746031746,21.575000000000003,10.912698412698413,11.706349206349206,56.547619047619044,2.1825396825396823,99.8015873015873,31.37,263.052
2022-10-18,50.0,18.452380952380953,50.0,23.75,18.452380952380953,18.452380952380953,74.8015873015873,19.246031746031747,99.8015873015873,30.5,265.132
2022-10-19,50.0,0.992063492063492,50.595238095238095,23.099999999999994,14.087301587301587,0.992063492063492,62.89682539682539,8.928571428571429,99.8015873015873,30.76,264.165
2022-10-20,50.0,17.658730158730158,50.595238095238095,25.049999999999997,10.912698412698413,17.658730158730158,43.452380952380956,6.547619047619048,99.8015873015873,29.98,262.817
2022-10-21,50.0,1.3888888888888888,52.579365079365076,25.775000000000006,3.373015873015873,1.3888888888888888,69.84126984126983,17.658730158730158,99.8015873015873,29.69,268.98
2022-10-24,50.0,7.738095238095238,55.55555555555556,25.375,15.277777777777779,7.738095238095238,76.19047619047619,25.595238095238095,99.8015873015873,29.85,271.939
2022-10-25,50.0,6.547619047619048,56.74603174603175,28.849999999999994,7.341269841269842,6.547619047619048,95.03968253968253,33.92857142857143,99.4047619047619,28.46,277.564
2022-10-26,50.0,10.119047619047619,57.341269841269835,31.799999999999997,71.62698412698413,10.119047619047619,90.47619047619048,18.452380952380953,98.61111111111111,27.28,271.431
2022-10-27,50.0,3.373015873015873,58.53174603174603,31.525000000000006,79.96031746031747,3.373015873015873,88.09523809523809,14.484126984126986,97.81746031746032,27.39,266.489
2022-10-28,50.0,49.404761904761905,59.32539682539682,35.625,78.76984126984127,49.404761904761905,97.02380952380952,26.785714285714285,99.0079365079365,25.75,274.644
2022-10-31,50.0,1.3888888888888888,57.53968253968254,35.30000000000001,6.547619047619048,1.3888888888888888,93.05555555555556,28.76984126984127,99.8015873015873,25.88,271.451
2022-11-01,50.0,4.166666666666666,54.960317460317455,35.47500000000001,25.992063492063494,4.166666666666666,96.03174603174604,22.42063492063492,99.4047619047619,25.81,268.677
2022-11-02,50.0,8.134920634920634,53.17460317460317,35.349999999999994,7.341269841269842,8.134920634920634,76.38888888888889,5.357142857142857,98.61111111111111,25.86,259.467
2022-11-03,50.0,12.103174603174603,49.2063492063492,36.75,6.15079365079365,12.103174603174603,72.22222222222221,0.992063492063492,98.21428571428571,25.3,254.399
2022-11-04,50.0,43.05555555555556,50.992063492063494,38.625,17.658730158730158,43.05555555555556,79.36507936507937,15.674603174603174,99.0079365079365,24.55,258.491
2022-11-07,50.0,13.690476190476192,51.38888888888889,39.125,9.722222222222223,13.690476190476192,81.74603174603175,17.658730158730158,99.8015873015873,24.35,261.333
2022-11-08,50.0,28.76984126984127,52.579365079365076,36.150000000000006,18.849206349206348,28.76984126984127,81.54761904761905,29.96031746031746,99.0079365079365,25.54,263.237
2022-11-09,50.0,6.547619047619048,51.19047619047619,34.775000000000006,44.24603174603175,6.547619047619048,72.42063492063492,3.373015873015873,97.42063492063492,26.09,257.163
2022-11-10,50.0,49.801587301587304,54.36507936507937,41.175,33.13492063492063,49.801587301587304,96.62698412698413,37.5,97.02380952380952,23.53,276.138
2022-11-11,50.0,10.912698412698413,57.53968253968254,43.7,6.15079365079365,10.912698412698413,91.26984126984127,54.166666666666664,97.81746031746032,22.52,281.226
2022-11-14,50.0,13.293650793650794,59.722222222222214,40.675,14.880952380952381,13.293650793650794,85.31746031746032,37.89682539682539,97.81746031746032,23.73,278.765
2022-11-15,50.0,18.452380952380953,62.301587301587304,38.650000000000006,15.674603174603174,18.452380952380953,87.10317460317461,39.08730158730159,97.02380952380952,24.54,282.623
2022-11-16,50.0,25.595238095238095,64.88095238095238,39.725,5.753968253968254,25.595238095238095,82.34126984126983,22.023809523809522,93.05555555555556,24.11,278.765
2022-11-17,50.0,38.2936507936508,67.26190476190476,40.175,14.087301587301587,38.2936507936508,80.15873015873017,26.38888888888889,93.84920634920636,23.93,278.15
2022-11-18,50.0,16.071428571428573,61.7063492063492,42.199999999999996,3.373015873015873,16.071428571428573,83.33333333333334,37.89682539682539,96.23015873015873,23.12,278.16
2022-11-21,50.0,4.9603174603174605,58.73015873015873,44.1,8.928571428571429,4.9603174603174605,82.53968253968253,16.46825396825397,95.83333333333333,22.36,275.298
2022-11-22,50.0,8.928571428571429,55.55555555555556,46.775000000000006,0.5952380952380952,8.928571428571429,89.48412698412699,45.43650793650794,95.83333333333333,21.29,279.263
2022-11-23,50.0,65.27777777777779,56.547619047619044,49.125,43.84920634920635,65.27777777777779,92.06349206349206,43.84920634920635,94.24603174603175,20.35,282.066
2022-11-25,50.0,52.182539682539684,52.57936507936509,48.75,24.00793650793651,52.182539682539684,91.86507936507937,39.48412698412698,92.65873015873015,20.5,280.211
2022-11-28,50.0,16.071428571428573,51.785714285714285,44.474999999999994,2.976190476190476,16.071428571428573,72.02380952380952,24.00793650793651,91.07142857142857,22.21,276.099
2022-11-29,50.0,16.46825396825397,52.976190476190474,45.275,4.9603174603174605,16.46825396825397,72.42063492063492,17.261904761904763,91.46825396825398,21.89,274.009
2022-11-30,25.992063492063494,2.976190476190476,49.20634920634921,48.550000000000004,0.5952380952380952,2.976190476190476,97.02380952380952,54.166666666666664,99.4047619047619,20.58,286.5
2022-12-01,17.658730158730158,13.690476190476192,48.21428571428572,50.8,6.15079365079365,13.690476190476192,89.28571428571429,62.5,95.43650793650794,19.84,286.852
2022-12-02,23.214285714285715,7.341269841269842,47.22222222222222,54.7,5.753968253968254,7.341269841269842,83.92857142857143,37.5,92.65873015873015,19.06,285.709
2022-12-05,27.976190476190478,4.166666666666666,48.80952380952381,48.125,2.579365079365079,4.166666666666666,62.5,39.88095238095239,92.26190476190476,20.75,280.914
2022-12-06,50.0,3.7698412698412698,45.83333333333333,44.574999999999996,2.579365079365079,3.7698412698412698,46.62698412698413,22.817460317460316,87.89682539682539,22.17,275.093
2022-12-07,50.0,2.1825396825396823,50.595238095238095,43.3,1.3888888888888888,2.1825396825396823,39.48412698412698,16.865079365079367,86.30952380952381,22.68,273.97
2022-12-08,50.0,33.13492063492063,52.182539682539684,44.275000000000006,13.293650793650794,33.13492063492063,47.42063492063492,41.07142857142857,87.89682539682539,22.29,277.213
2022-12-09,50.0,27.18253968253968,50.59523809523809,42.925000000000004,25.198412698412696,27.18253968253968,35.317460317460316,12.5,88.69047619047619,22.83,275.445
2022-12-12,38.69047619047619,24.801587301587304,46.03174603174603,37.5,10.912698412698413,24.801587301587304,59.32539682539682,17.658730158730158,92.26190476190476,25.0,278.902
2022-12-13,31.150793650793652,35.11904761904761,52.57936507936508,43.625,28.373015873015873,35.11904761904761,62.89682539682539,56.15079365079365,89.08730158730158,22.55,281.9
2022-12-14,38.69047619047619,17.658730158730158,52.97619047619047,47.15,14.484126984126986,17.658730158730158,58.53174603174603,46.230158730158735,87.89682539682539,21.14,279.81
2022-12-15,27.18253968253968,20.03968253968254,38.492063492063494,42.925000000000004,11.30952380952381,20.03968253968254,26.984126984126984,18.452380952380953,83.92857142857143,22.83,270.415
2022-12-16,50.0,0.992063492063492,35.714285714285715,43.449999999999996,0.5952380952380952,0.992063492063492,13.293650793650794,14.880952380952381,83.13492063492063,22.62,267.837
2022-12-19,50.0,47.023809523809526,35.11904761904762,43.949999999999996,18.055555555555554,47.023809523809526,9.722222222222223,6.944444444444445,83.92857142857143,22.42,264.073
2022-12-20,20.436507936507937,47.817460317460316,28.769841269841272,46.3,25.595238095238095,47.817460317460316,11.706349206349206,16.071428571428573,86.30952380952381,21.48,263.868
2022-12-21,6.944444444444445,47.023809523809526,24.8015873015873,49.825,25.595238095238095,47.023809523809526,27.579365079365083,24.00793650793651,88.2936507936508,20.07,267.696
2022-12-22,4.9603174603174605,94.24603174603175,27.38095238095238,45.075,62.10317460317461,94.24603174603175,16.666666666666664,22.817460317460316,85.11904761904762,21.97,261.146
2022-12-23,2.579365079365079,91.46825396825396,38.492063492063494,47.824999999999996,89.0873015873016,91.46825396825396,29.563492063492063,4.9603174603174605,89.08730158730158,20.87,261.734
2022-12-27,0.992063492063492,87.89682539682539,42.460317460317455,45.875,80.75396825396825,87.89682539682539,31.944444444444443,1.7857142857142856,93.45238095238095,21.65,258.033
2022-12-28,3.373015873015873,93.84920634920636,42.261904761904766,44.65,91.86507936507937,93.84920634920636,15.277777777777779,2.976190476190476,90.27777777777777,22.14,254.626
2022-12-29,4.9603174603174605,97.02380952380952,42.65873015873016,46.4,97.02380952380952,97.02380952380952,36.507936507936506,13.690476190476192,95.43650793650794,21.44,260.833
2022-12-30,8.531746031746032,66.46825396825396,40.07936507936508,45.824999999999996,78.37301587301587,66.46825396825396,32.34126984126984,11.30952380952381,97.02380952380952,21.67,260.676
2023-01-03,7.738095238095238,43.452380952380956,36.111111111111114,42.75,45.03968253968254,43.452380952380956,36.30952380952381,29.166666666666668,97.42063492063492,22.9,258.914
2023-01-04,4.9603174603174605,22.42063492063492,34.920634920634924,44.974999999999994,19.642857142857142,22.42063492063492,58.92857142857143,12.896825396825399,93.84920634920636,22.01,260.148
2023-01-05,2.579365079365079,19.642857142857142,34.32539682539683,43.849999999999994,9.722222222222223,19.642857142857142,43.25396825396825,5.753968253968254,88.69047619047619,22.46,256.075
2023-01-06,1.7857142857142856,36.7063492063492,35.91269841269841,47.175000000000004,26.38888888888889,36.7063492063492,70.43650793650794,18.849206349206348,86.30952380952381,21.13,263.143
2023-01-09,5.357142857142857,24.801587301587304,45.238095238095234,45.075,4.9603174603174605,24.801587301587304,68.65079365079364,22.023809523809522,84.72222222222223,21.97,264.847
2023-01-10,5.753968253968254,12.103174603174603,45.833333333333336,48.550000000000004,23.61111111111111,12.103174603174603,72.42063492063492,22.023809523809522,95.03968253968254,20.58,267.089
2023-01-11,7.738095238095238,27.18253968253968,43.05555555555556,47.275,15.277777777777779,27.18253968253968,83.13492063492063,36.7063492063492,94.64285714285714,21.09,271.709
2023-01-12,6.15079365079365,39.88095238095239,51.58730158730159,55.85000000000001,27.976190476190478,39.88095238095239,81.94444444444444,35.51587301587302,84.72222222222223,18.83,273.178
2023-01-13,5.357142857142857,25.595238095238095,53.37301587301587,58.24999999999999,21.23015873015873,25.595238095238095,85.71428571428571,33.92857142857143,91.86507936507937,18.35,275.057
2023-01-17,6.944444444444445,8.134920634920634,49.6031746031746,53.2,11.706349206349206,8.134920634920634,81.15079365079364,36.30952380952381,95.83333333333333,19.36,275.615
2023-01-18,2.1825396825396823,10.912698412698413,44.64285714285714,49.15,8.928571428571429,10.912698412698413,65.27777777777779,18.849206349206348,77.97619047619048,20.34,272.032
2023-01-19,9.722222222222223,4.9603174603174605,44.84126984126984,48.7,14.087301587301587,4.9603174603174605,56.94444444444444,12.5,77.57936507936508,20.52,269.36
2023-01-20,4.9603174603174605,1.7857142857142856,29.960317460317462,50.74999999999999,27.18253968253968,1.7857142857142856,65.67460317460318,25.992063492063494,86.30952380952381,19.85,276.731
2023-01-23,1.7857142857142856,76.38888888888889,31.547619047619044,50.95,73.61111111111111,76.38888888888889,70.43650793650794,47.023809523809526,96.62698412698413,19.81,282.879
2023-01-24,1.3888888888888888,50.198412698412696,33.333333333333336,54.0,67.65873015873017,50.198412698412696,70.23809523809523,44.642857142857146,89.88095238095238,19.2,282.302
2023-01-25,0.992063492063492,69.24603174603175,39.28571428571429,54.60000000000001,78.76984126984127,69.24603174603175,68.05555555555556,49.007936507936506,90.67460317460318,19.08,281.675
2023-01-26,5.357142857142857,87.5,50.0,56.35,58.92857142857143,87.5,72.02380952380952,62.10317460317461,97.81746031746032,18.73,287.167
2023-01-27,20.436507936507937,98.61111111111111,62.698412698412696,57.44999999999999,97.81746031746032,98.61111111111111,69.64285714285714,56.94444444444444,98.21428571428571,18.51,290.026
2023-01-30,27.976190476190478,85.11904761904762,60.71428571428571,50.3,76.38888888888889,85.11904761904762,60.912698412698404,37.89682539682539,97.42063492063492,19.94,284.162
2023-01-31,17.261904761904763,24.801587301587304,56.34920634920635,53.00000000000001,16.865079365079367,24.801587301587304,72.81746031746032,60.51587301587301,98.61111111111111,19.4,288.42
2023-02-01,25.595238095238095,83.13492063492063,60.11904761904762,60.64999999999999,78.76984126984127,83.13492063492063,75.59523809523809,61.70634920634921,95.83333333333333,17.87,294.587
2023-02-02,48.214285714285715,41.86507936507937,58.13492063492063,56.35,95.43650793650794,41.86507936507937,70.43650793650794,65.27777777777779,98.61111111111111,18.73,305.16
2023-02-03,53.769841269841265,87.10317460317461,57.34126984126984,58.35000000000001,99.40476190476191,87.10317460317461,62.10317460317461,53.37301587301587,99.8015873015873,18.33,299.737
2023-02-06,67.65873015873017,75.1984126984127,65.87301587301587,52.85,88.29365079365078,75.1984126984127,58.13492063492064,55.35714285714286,99.8015873015873,19.43,297.201
2023-02-07,74.8015873015873,94.64285714285714,74.2063492063492,56.7,98.21428571428571,94.64285714285714,62.5,74.40476190476191,99.8015873015873,18.66,303.359
2023-02-08,71.23015873015873,83.92857142857143,69.84126984126985,51.85000000000001,99.40476190476191,83.92857142857143,56.547619047619044,58.13492063492064,99.4047619047619,19.63,297.965
2023-02-09,72.02380952380952,66.46825396825396,70.83333333333334,48.224999999999994,99.0079365079365,66.46825396825396,49.801587301587304,50.99206349206349,99.0079365079365,20.71,295.331
2023-02-10,75.59523809523809,77.18253968253968,68.84920634920636,48.675,91.07142857142857,77.18253968253968,52.57936507936508,31.944444444444443,99.4047619047619,20.53,293.393
2023-02-13,73.61111111111111,87.5,63.2936507936508,49.15,93.84920634920636,87.5,65.67460317460318,64.48412698412699,99.8015873015873,20.34,298.092
2023-02-14,75.9920634920635,99.8015873015873,63.0952380952381,55.45,99.40476190476191,99.8015873015873,57.738095238095234,64.0873015873016,99.8015873015873,18.91,300.295
2023-02-15,69.24603174603175,94.64285714285714,66.66666666666666,58.849999999999994,92.26190476190477,94.64285714285714,60.51587301587301,67.26190476190477,99.8015873015873,18.23,302.595
2023-02-16,67.65873015873017,98.21428571428571,66.86507936507937,49.574999999999996,93.45238095238095,98.21428571428571,49.801587301587304,53.37301587301587,99.4047619047619,20.17,296.917
2023-02-17,59.32539682539682,78.37301587301587,63.09523809523809,49.95,73.21428571428571,78.37301587301587,47.817460317460316,48.61111111111111,98.61111111111111,20.02,294.822
2023-02-21,58.13492063492064,66.46825396825396,56.74603174603175,42.824999999999996,54.96031746031746,66.46825396825396,23.61111111111111,37.5,99.0079365079365,22.87,287.842
2023-02-22,62.10317460317461,90.67460317460318,46.03174603174603,44.275000000000006,75.59523809523809,90.67460317460318,22.817460317460316,43.05555555555556,98.21428571428571,22.29,288.058
2023-02-23,71.62698412698413,95.83333333333334,38.095238095238095,47.15,89.48412698412699,95.83333333333334,25.198412698412696,50.99206349206349,97.42063492063492,21.14,290.574
2023-02-24,50.0,71.62698412698413,32.34126984126984,45.824999999999996,63.29365079365079,71.62698412698413,18.849206349206348,31.547619047619047,97.42063492063492,21.67,285.708
2023-02-27,50.0,77.57936507936508,30.158730158730158,47.625,62.10317460317461,77.57936507936508,18.650793650793652,42.65873015873016,97.02380952380952,20.95,287.754
2023-02-28,50.0,12.103174603174603,28.57142857142857,48.25,12.103174603174603,12.103174603174603,15.674603174603174,30.753968253968257,95.83333333333333,20.7,287.382
2023-03-01,65.27777777777779,70.43650793650794,24.007936507936506,48.550000000000004,59.32539682539682,70.43650793650794,17.261904761904763,35.11904761904761,99.0079365079365,20.58,285.072
2023-03-02,74.0079365079365,92.26190476190477,23.80952380952381,52.050000000000004,71.62698412698413,92.26190476190477,29.166666666666668,43.84920634920635,99.8015873015873,19.59,287.431
2023-03-03,50.0,74.40476190476191,28.373015873015873,57.550000000000004,74.40476190476191,74.40476190476191,39.08730158730159,72.81746031746032,99.4047619047619,18.49,293.374
2023-03-06,50.0,62.10317460317461,30.555555555555557,56.95,57.341269841269835,62.10317460317461,37.5,57.738095238095234,99.4047619047619,18.61,293.706
2023-03-07,50.0,55.35714285714286,32.93650793650794,52.050000000000004,59.32539682539682,55.35714285714286,26.785714285714285,40.27777777777778,97.81746031746032,19.59,290.104
2023-03-08,75.59523809523809,91.07142857142857,37.10317460317461,54.45,73.61111111111111,91.07142857142857,30.753968253968257,43.452380952380956,98.21428571428571,19.11,291.553
2023-03-09,50.0,52.57936507936508,34.523809523809526,43.475,52.182539682539684,52.57936507936508,11.30952380952381,31.547619047619047,92.26190476190476,22.61,286.501
2023-03-10,50.0,26.38888888888889,28.96825396825397,38.0,35.91269841269841,26.38888888888889,6.944444444444445,20.436507936507937,85.51587301587301,24.8,282.478
2023-03-13,50.0,30.753968253968257,26.58730158730159,33.7,18.849206349206348,30.753968253968257,9.722222222222223,25.198412698412696,68.84920634920636,26.52,284.573
2023-03-14,99.0079365079365,6.547619047619048,27.38095238095238,40.675,20.436507936507937,6.547619047619048,24.00793650793651,50.198412698412696,86.7063492063492,23.73,291.112
2023-03-15,50.0,5.753968253968254,27.182539682539684,34.64999999999999,27.579365079365083,5.753968253968254,22.42063492063492,60.11904761904761,69.64285714285714,26.14,292.639
2023-03-16,50.0,30.753968253968257,32.73809523809524,42.525000000000006,64.88095238095238,30.753968253968257,32.73809523809524,74.0079365079365,84.32539682539682,22.99,300.354
2023-03-17,50.0,10.119047619047619,34.32539682539682,36.224999999999994,1.3888888888888888,10.119047619047619,26.984126984126984,62.5,64.48412698412699,25.51,298.934
2023-03-20,99.40476190476191,42.26190476190476,37.89682539682539,39.625,55.75396825396825,42.26190476190476,34.72222222222222,73.21428571428571,72.02380952380952,24.15,299.995
2023-03-21,99.0079365079365,63.69047619047619,41.46825396825397,46.550000000000004,79.16666666666666,63.69047619047619,38.2936507936508,84.72222222222221,88.2936507936508,21.38,304.28
2023-03-22,99.8015873015873,95.43650793650794,42.261904761904766,44.349999999999994,96.62698412698413,95.43650793650794,25.793650793650798,66.46825396825396,70.43650793650794,22.26,300.142
2023-03-23,99.8015873015873,50.198412698412696,43.45238095238095,43.475,84.32539682539682,50.198412698412696,28.968253968253972,43.84920634920635,64.88095238095238,22.61,303.701
2023-03-24,99.40476190476191,34.72222222222222,46.82539682539682,45.650000000000006,49.801587301587304,34.72222222222222,36.30952380952381,64.88095238095238,65.27777777777777,21.74,304.819
2023-03-27,99.0079365079365,43.452380952380956,47.61904761904762,48.5,39.48412698412698,43.452380952380956,39.88095238095239,76.38888888888889,82.73809523809524,20.6,302.731
2023-03-28,98.21428571428571,61.30952380952381,43.25396825396825,50.150000000000006,43.452380952380956,61.30952380952381,43.84920634920635,59.72222222222222,84.32539682539682,19.97,301.123
2023-03-29,99.0079365079365,90.67460317460318,42.26190476190476,54.39999999999999,52.976190476190474,90.67460317460318,60.11904761904761,66.46825396825396,89.48412698412699,19.12,306.613
2023-03-30,98.21428571428571,74.0079365079365,47.817460317460316,54.900000000000006,60.51587301587301,74.0079365079365,69.64285714285714,81.94444444444444,89.88095238095238,19.02,309.516
2023-03-31,97.81746031746032,84.72222222222221,44.04761904761905,56.50000000000001,70.03968253968253,84.72222222222221,95.43650793650794,67.26190476190477,89.48412698412699,18.7,314.663
2023-04-03,98.61111111111111,46.230158730158735,45.03968253968254,57.24999999999999,44.642857142857146,46.230158730158735,98.21428571428571,87.5,86.30952380952381,18.55,313.898
2023-04-04,99.8015873015873,34.72222222222222,46.23015873015873,55.0,29.96031746031746,34.72222222222222,75.59523809523809,72.81746031746032,78.37301587301587,19.0,312.839
2023-04-05,99.8015873015873,34.72222222222222,47.02380952380952,54.60000000000001,33.53174603174603,34.72222222222222,70.83333333333334,70.43650793650794,68.45238095238095,19.08,309.751
2023-04-06,99.8015873015873,42.26190476190476,46.42857142857142,58.00000000000001,68.45238095238095,42.26190476190476,69.64285714285714,69.64285714285714,71.23015873015873,18.4,311.839
2023-04-10,99.40476190476191,91.86507936507937,52.77777777777778,55.150000000000006,83.13492063492063,91.86507936507937,81.54761904761905,91.86507936507937,85.11904761904762,18.97,311.663
2023-04-11,98.61111111111111,54.166666666666664,50.0,54.49999999999999,45.03968253968254,54.166666666666664,83.33333333333334,84.32539682539682,85.51587301587301,19.1,309.663
2023-04-12,98.61111111111111,74.8015873015873,50.198412698412696,54.55,69.24603174603175,74.8015873015873,74.0079365079365,76.78571428571429,82.73809523809524,19.09,306.927
2023-04-13,99.40476190476191,49.007936507936506,44.84126984126984,61.0,43.84920634920635,49.007936507936506,84.72222222222221,67.26190476190477,89.88095238095238,17.8,312.937
2023-04-14,99.40476190476191,10.515873015873016,44.64285714285714,64.65,49.404761904761905,10.515873015873016,74.0079365079365,70.43650793650794,90.67460317460318,17.07,312.349
2023-04-17,97.81746031746032,13.293650793650794,43.25396825396825,65.25,32.73809523809524,13.293650793650794,85.11904761904762,89.88095238095238,91.86507936507937,16.95,312.614
2023-04-18,97.81746031746032,14.880952380952381,45.43650793650793,65.85000000000001,42.65873015873016,14.880952380952381,87.89682539682539,93.05555555555556,91.46825396825398,16.83,312.633
2023-04-19,97.42063492063492,29.96031746031746,43.45238095238095,67.69999999999999,52.57936507936508,29.96031746031746,76.5873015873016,71.23015873015873,91.86507936507937,16.46,312.486
2023-04-20,96.23015873015873,88.29365079365078,43.65079365079365,64.14999999999999,69.24603174603175,88.29365079365078,66.07142857142857,60.912698412698404,89.48412698412699,17.17,310.104
2023-04-21,95.83333333333334,20.436507936507937,41.07142857142858,66.15,21.23015873015873,20.436507936507937,61.50793650793651,62.5,89.48412698412699,16.77,310.427
2023-04-24,95.43650793650794,51.78571428571429,38.492063492063494,65.55,55.35714285714286,51.78571428571429,58.13492063492064,61.30952380952381,88.69047619047619,16.89,309.78
2023-04-25,94.64285714285714,49.404761904761905,34.12698412698413,56.199999999999996,35.11904761904761,49.404761904761905,42.857142857142854,65.67460317460318,75.1984126984127,18.76,303.937
2023-04-26,99.0079365079365,62.5,30.952380952380953,55.8,83.13492063492063,62.5,32.34126984126984,46.62698412698413,75.9920634920635,18.84,305.78
2023-04-27,99.40476190476191,44.642857142857146,31.944444444444443,64.85,90.27777777777779,44.642857142857146,47.42063492063492,68.05555555555556,88.69047619047619,17.03,314.094
2023-04-28,97.81746031746032,40.27777777777778,32.142857142857146,71.1,53.37301587301587,40.27777777777778,52.976190476190474,64.0873015873016,87.10317460317461,15.78,316.261
2023-05-01,98.21428571428571,58.13492063492064,35.51587301587302,69.60000000000001,67.65873015873017,58.13492063492064,52.57936507936508,87.5,90.67460317460318,16.08,315.898
2023-05-02,99.8015873015873,26.38888888888889,34.92063492063492,61.099999999999994,25.198412698412696,26.38888888888889,39.08730158730159,63.69047619047619,80.75396825396825,17.78,313.143
2023-05-03,50.0,27.579365079365083,41.07142857142858,58.300000000000004,43.05555555555556,27.579365079365083,35.11904761904761,81.15079365079364,70.83333333333333,18.34,311.094
2023-05-04,50.0,26.38888888888889,37.5,49.775,8.134920634920634,26.38888888888889,34.32539682539682,45.03968253968254,62.89682539682539,20.09,309.996
2023-05-05,98.61111111111111,87.10317460317461,37.301587301587304,64.05,68.84920634920636,87.10317460317461,47.023809523809526,63.69047619047619,81.94444444444444,17.19,316.585
2023-05-08,99.40476190476191,83.92857142857143,36.507936507936506,65.1,66.46825396825396,83.92857142857143,46.230158730158735,85.11904761904762,86.7063492063492,16.98,317.369
2023-05-09,50.0,43.452380952380956,38.88888888888889,61.449999999999996,32.73809523809524,43.452380952380956,43.05555555555556,71.62698412698413,86.30952380952381,17.71,315.359
2023-05-10,99.8015873015873,82.34126984126983,40.476190476190474,65.29999999999998,88.69047619047619,82.34126984126983,44.24603174603175,96.23015873015873,80.35714285714286,16.94,318.791
2023-05-11,99.8015873015873,29.166666666666668,42.26190476190476,65.35,91.07142857142857,29.166666666666668,39.48412698412698,68.45238095238095,75.9920634920635,16.93,319.83
2023-05-12,99.40476190476191,87.10317460317461,44.64285714285714,64.85,86.70634920634922,87.10317460317461,39.88095238095239,86.30952380952381,81.54761904761905,17.03,318.683
2023-05-15,98.21428571428571,61.30952380952381,46.82539682539683,64.4,31.944444444444443,61.30952380952381,44.642857142857146,87.89682539682539,85.51587301587301,17.12,320.409
2023-05-16,50.0,87.10317460317461,46.230158730158735,60.05000000000001,85.11904761904762,87.10317460317461,30.753968253968257,60.51587301587301,86.30952380952381,17.99,320.771
2023-05-17,99.8015873015873,85.11904761904762,44.44444444444444,65.65,60.51587301587301,85.11904761904762,41.46825396825397,88.69047619047619,89.08730158730158,16.87,324.654
2023-05-18,99.8015873015873,93.45238095238095,48.80952380952381,69.75,89.88095238095238,93.45238095238095,48.01587301587302,93.05555555555556,93.05555555555556,16.05,330.684
2023-05-19,99.8015873015873,83.53174603174604,46.42857142857143,65.95000000000002,74.40476190476191,83.53174603174604,47.023809523809526,84.32539682539682,95.83333333333333,16.81,329.939
2023-05-22,99.0079365079365,83.92857142857143,48.61111111111111,63.949999999999996,85.9126984126984,83.92857142857143,49.2063492063492,99.0079365079365,96.23015873015873,17.21,331.047
2023-05-23,98.61111111111111,91.07142857142857,48.80952380952381,57.349999999999994,68.05555555555556,91.07142857142857,33.92857142857143,84.32539682539682,91.86507936507937,18.53,326.85
2023-05-24,99.40476190476191,99.0079365079365,49.404761904761905,49.925,88.29365079365078,99.0079365079365,26.58730158730159,91.86507936507937,91.07142857142857,20.03,325.174
2023-05-25,99.8015873015873,99.8015873015873,49.6031746031746,54.3,99.8015873015873,99.8015873015873,28.373015873015873,95.43650793650794,98.61111111111111,19.14,333.086
2023-05-26,99.8015873015873,99.8015873015873,50.7936507936508,60.25,98.21428571428571,99.8015873015873,35.714285714285715,99.8015873015873,99.0079365079365,17.95,341.597
2023-05-30,99.8015873015873,99.40476190476191,54.16666666666667,62.699999999999996,97.42063492063492,99.40476190476191,33.730158730158735,99.8015873015873,94.64285714285714,17.46,343.146
2023-05-31,99.8015873015873,79.56349206349206,53.57142857142857,60.29999999999999,18.849206349206348,79.56349206349206,28.76984126984127,96.62698412698413,88.69047619047619,17.94,341.195
2023-06-01,99.8015873015873,98.61111111111111,52.77777777777778,71.75,89.88095238095238,98.61111111111111,33.13492063492063,99.40476190476191,88.69047619047619,15.65,345.136
2023-06-02,98.61111111111111,93.84920634920636,51.19047619047619,77.0,79.96031746031747,93.84920634920636,62.10317460317461,99.8015873015873,97.02380952380952,14.6,347.725
2023-06-05,97.42063492063492,98.61111111111111,51.58730158730159,76.35,95.43650793650794,98.61111111111111,57.738095238095234,98.61111111111111,96.23015873015873,14.73,347.97
2023-06-06,97.02380952380952,95.03968253968253,50.5952380952381,80.19999999999999,89.88095238095238,95.03968253968253,62.10317460317461,98.21428571428571,97.42063492063492,13.96,347.911
2023-06-07,94.24603174603175,97.81746031746032,52.182539682539684,80.3,98.21428571428571,97.81746031746032,72.42063492063492,97.02380952380952,99.4047619047619,13.94,342.008
2023-06-08,94.64285714285714,98.61111111111111,52.579365079365076,81.75,95.83333333333334,98.61111111111111,72.02380952380952,97.81746031746032,97.81746031746032,13.65,346.254
2023-06-09,93.05555555555556,99.40476190476191,51.19047619047619,80.85,99.8015873015873,99.40476190476191,72.42063492063492,97.81746031746032,99.0079365079365,13.83,347.577
2023-06-12,88.69047619047619,98.21428571428571,50.0,74.95,93.05555555555556,98.21428571428571,79.96031746031747,98.61111111111111,99.8015873015873,15.01,353.45
2023-06-13,83.53174603174604,98.21428571428571,50.992063492063494,76.95,98.21428571428571,98.21428571428571,87.89682539682539,99.8015873015873,99.8015873015873,14.61,356.166
2023-06-14,80.75396825396825,97.42063492063492,51.38888888888889,80.6,96.62698412698413,97.42063492063492,81.94444444444444,99.8015873015873,99.4047619047619,13.88,358.755
2023-06-15,79.96031746031747,97.42063492063492,50.7936507936508,77.5,95.43650793650794,97.42063492063492,98.61111111111111,99.0079365079365,99.0079365079365,14.5,363.03
2023-06-16,76.38888888888889,87.5,50.1984126984127,82.30000000000001,56.547619047619044,87.5,98.21428571428571,99.0079365079365,99.0079365079365,13.54,360.745
2023-06-20,79.56349206349206,94.64285714285714,50.1984126984127,80.6,88.69047619047619,94.64285714285714,79.96031746031747,97.42063492063492,98.21428571428571,13.88,360.229
2023-06-21,77.97619047619048,97.81746031746032,49.6031746031746,84.0,99.40476190476191,97.81746031746032,78.37301587301587,97.42063492063492,97.81746031746032,13.2,355.32
2023-06-22,78.76984126984127,97.81746031746032,49.2063492063492,85.45,99.40476190476191,97.81746031746032,65.67460317460318,98.21428571428571,98.61111111111111,12.91,359.512
2023-06-23,75.59523809523809,71.62698412698413,49.007936507936506,82.8,47.023809523809526,71.62698412698413,51.78571428571429,97.81746031746032,97.42063492063492,13.44,355.948
2023-06-26,72.81746031746032,96.23015873015873,50.0,78.75,99.40476190476191,96.23015873015873,56.15079365079365,98.61111111111111,95.83333333333333,14.25,351.176
2023-06-27,74.0079365079365,93.05555555555556,51.19047619047619,81.3,94.24603174603175,93.05555555555556,66.86507936507937,98.61111111111111,97.81746031746032,13.74,357.215
2023-06-28,75.9920634920635,95.03968253968253,52.38095238095238,82.85,95.03968253968253,95.03968253968253,60.51587301587301,98.61111111111111,97.02380952380952,13.43,357.912
2023-06-29,73.61111111111111,88.69047619047619,52.57936507936508,82.30000000000001,79.96031746031747,88.69047619047619,69.24603174603175,96.62698412698413,99.8015873015873,13.54,357.195
2023-06-30,75.1984126984127,86.30952380952381,51.785714285714285,82.05,75.9920634920635,86.30952380952381,79.16666666666666,99.0079365079365,99.4047619047619,13.59,362.703
2023-07-03,74.40476190476191,96.62698412698413,52.57936507936508,82.15,99.0079365079365,96.62698412698413,92.26190476190477,99.8015873015873,99.8015873015873,13.57,363.557
2023-07-05,74.0079365079365,73.21428571428571,52.38095238095238,79.1,84.72222222222221,73.21428571428571,80.75396825396825,98.61111111111111,99.8015873015873,14.18,363.547
2023-07-06,72.02380952380952,68.84920634920636,51.38888888888889,72.80000000000001,81.94444444444444,68.84920634920636,53.769841269841265,97.02380952380952,99.8015873015873,15.44,360.779
2023-07-07,69.64285714285714,70.03968253968253,50.1984126984127,75.85,74.8015873015873,70.03968253968253,53.37301587301587,97.02380952380952,99.4047619047619,14.83,359.581
2023-07-10,68.45238095238095,90.27777777777779,50.3968253968254,74.65,93.45238095238095,90.27777777777779,67.85714285714286,95.83333333333334,99.0079365079365,15.07,359.699
2023-07-11,68.45238095238095,70.43650793650794,50.3968253968254,75.8,67.26190476190477,70.43650793650794,84.32539682539682,99.40476190476191,99.0079365079365,14.84,361.476
2023-07-12,69.64285714285714,86.30952380952381,51.1904761904762,82.30000000000001,81.54761904761905,86.30952380952381,85.51587301587301,99.40476190476191,97.81746031746032,13.54,366.041
2023-07-13,70.03968253968253,74.40476190476191,50.3968253968254,81.95,89.0873015873016,74.40476190476191,88.69047619047619,95.43650793650794,96.62698412698413,13.61,372.256
2023-07-14,69.64285714285714,91.46825396825396,53.17460317460318,83.3,99.40476190476191,91.46825396825396,78.76984126984127,97.42063492063492,97.81746031746032,13.34,372.177
2023-07-17,69.24603174603175,91.46825396825396,54.761904761904766,82.6,93.45238095238095,91.46825396825396,75.9920634920635,99.40476190476191,97.02380952380952,13.48,375.653
2023-07-18,72.02380952380952,86.70634920634922,53.76984126984127,83.5,95.43650793650794,86.70634920634922,72.81746031746032,99.8015873015873,97.81746031746032,13.3,378.726
2023-07-19,70.03968253968253,87.5,54.96031746031746,81.2,97.42063492063492,87.5,83.92857142857143,99.40476190476191,96.23015873015873,13.76,378.638
2023-07-20,66.46825396825396,89.0873015873016,56.54761904761905,80.05,96.62698412698413,89.0873015873016,82.93650793650794,94.64285714285714,97.81746031746032,13.99,369.909
2023-07-21,66.07142857142857,94.24603174603175,55.75396825396825,82.0,95.83333333333334,94.24603174603175,80.35714285714286,94.24603174603175,97.42063492063492,13.6,368.8
2023-07-24,66.07142857142857,73.61111111111111,52.976190476190474,80.45,81.94444444444444,73.61111111111111,75.59523809523809,95.83333333333334,98.61111111111111,13.91,369.389
2023-07-25,67.65873015873017,51.78571428571429,53.96825396825397,80.7,73.21428571428571,51.78571428571429,73.61111111111111,97.81746031746032,99.8015873015873,13.86,371.893
2023-07-26,65.27777777777779,41.07142857142857,54.36507936507936,84.05,87.5,41.07142857142857,67.65873015873017,97.81746031746032,98.61111111111111,13.19,370.656
2023-07-27,64.0873015873016,45.43650793650794,54.76190476190476,77.95,69.24603174603175,45.43650793650794,52.182539682539684,95.03968253968253,99.8015873015873,14.41,369.772
2023-07-28,64.48412698412699,72.02380952380952,55.952380952380956,83.35,69.64285714285714,72.02380952380952,50.99206349206349,94.24603174603175,99.4047619047619,13.33,376.507
2023-07-31,64.48412698412699,22.817460317460316,56.74603174603175,81.85,12.5,22.817460317460316,59.32539682539682,97.81746031746032,99.4047619047619,13.63,376.704
2023-08-01,64.88095238095238,42.26190476190476,56.94444444444444,80.35,35.91269841269841,42.26190476190476,50.198412698412696,91.46825396825396,99.8015873015873,13.93,375.83
2023-08-02,61.70634920634921,87.5,52.97619047619048,69.55,74.8015873015873,87.5,43.452380952380956,88.69047619047619,99.4047619047619,16.09,367.583
2023-08-03,62.5,80.35714285714286,53.769841269841265,70.4,60.51587301587301,80.35714285714286,37.5,85.11904761904762,99.8015873015873,15.92,366.993
2023-08-04,61.30952380952381,94.24603174603175,51.98412698412699,64.5,89.0873015873016,94.24603174603175,31.547619047619047,87.10317460317461,97.42063492063492,17.1,365.275
2023-08-07,60.51587301587301,87.89682539682539,53.76984126984128,71.15,86.30952380952381,87.89682539682539,41.07142857142857,86.30952380952381,99.0079365079365,15.77,368.368
2023-08-08,59.32539682539682,58.53174603174603,53.96825396825397,70.05,71.62698412698413,58.53174603174603,35.51587301587302,89.88095238095238,96.62698412698413,15.99,365.236
2023-08-09,57.341269841269835,82.34126984126983,52.976190476190474,70.19999999999999,86.30952380952381,82.34126984126983,27.579365079365083,84.32539682539682,95.03968253968254,15.96,361.22
2023-08-10,54.96031746031746,83.13492063492063,50.39682539682539,70.75,87.10317460317461,83.13492063492063,28.373015873015873,87.10317460317461,97.02380952380952,15.85,361.888
2023-08-11,52.182539682539684,89.48412698412699,53.57142857142857,75.8,93.05555555555556,89.48412698412699,27.976190476190478,83.92857142857143,99.0079365079365,14.84,359.581
2023-08-14,56.94444444444444,87.10317460317461,56.15079365079365,75.9,97.02380952380952,87.10317460317461,31.150793650793652,77.18253968253968,99.4047619047619,14.82,363.616
2023-08-15,59.32539682539682,74.40476190476191,52.77777777777777,67.69999999999999,95.03968253968253,74.40476190476191,21.626984126984127,79.96031746031747,99.0079365079365,16.46,359.757
2023-08-16,53.769841269841265,72.42063492063492,50.992063492063494,66.1,95.83333333333334,72.42063492063492,13.293650793650794,77.97619047619048,99.4047619047619,16.78,355.948
2023-08-17,53.769841269841265,56.547619047619044,45.83333333333333,60.55,83.53174603174604,56.547619047619044,8.928571428571429,77.57936507936508,98.61111111111111,17.89,352.06
2023-08-18,53.37301587301587,79.16666666666666,42.26190476190476,63.49999999999999,91.46825396825396,79.16666666666666,10.119047619047619,78.37301587301587,97.81746031746032,17.3,351.618
2023-08-21,55.35714285714286,83.92857142857143,40.07936507936508,64.35000000000001,99.8015873015873,83.92857142857143,12.5,80.75396825396825,99.8015873015873,17.13,357.283
2023-08-22,58.53174603174603,93.05555555555556,42.460317460317455,65.15,99.40476190476191,93.05555555555556,10.515873015873016,81.15079365079364,99.4047619047619,16.97,356.773
2023-08-23,60.51587301587301,85.9126984126984,43.05555555555555,70.1,99.40476190476191,85.9126984126984,21.626984126984127,83.53174603174604,96.62698412698413,15.98,362.399
2023-08-24,54.96031746031746,96.62698412698413,45.43650793650794,64.0,99.8015873015873,96.62698412698413,9.722222222222223,78.37301587301587,95.03968253968254,17.2,354.652
2023-08-25,50.198412698412696,97.81746031746032,47.817460317460316,71.6,98.61111111111111,97.81746031746032,22.817460317460316,75.1984126984127,97.42063492063492,15.68,357.401
2023-08-28,47.023809523809526,95.83333333333334,50.3968253968254,74.6,98.21428571428571,95.83333333333334,31.547619047619047,85.9126984126984,96.62698412698413,15.08,360.091
2023-08-29,48.61111111111111,94.64285714285714,46.82539682539682,77.75,98.21428571428571,94.64285714285714,52.182539682539684,84.32539682539682,94.64285714285714,14.45,367.956
2023-08-30,45.83333333333333,97.81746031746032,47.817460317460316,80.6,97.81746031746032,97.81746031746032,53.769841269841265,92.26190476190477,96.62698412698413,13.88,370.008
2023-08-31,46.230158730158735,89.0873015873016,48.80952380952381,82.15,68.05555555555556,89.0873015873016,51.587301587301596,93.45238095238095,93.05555555555556,13.57,371.117
2023-09-01,50.595238095238095,93.45238095238095,50.198412698412696,84.55,85.11904761904762,93.45238095238095,54.166666666666664,83.53174603174604,98.61111111111111,13.09,370.724
2023-09-05,54.96031746031746,81.15079365079364,47.61904761904762,79.95,70.03968253968253,81.15079365079364,43.05555555555556,79.16666666666666,99.8015873015873,14.01,371.196
2023-09-06,54.96031746031746,84.32539682539682,46.62698412698413,77.75,77.18253968253968,84.32539682539682,39.88095238095239,75.9920634920635,99.4047619047619,14.45,367.926
2023-09-07,62.10317460317461,85.9126984126984,44.24603174603175,78.0,78.76984126984127,85.9126984126984,39.682539682539684,75.9920634920635,98.21428571428571,14.4,365.295
2023-09-08,58.53174603174603,83.53174603174604,42.85714285714286,80.8,80.35714285714286,83.53174603174604,38.69047619047619,81.15079365079364,97.81746031746032,13.84,365.805
2023-09-11,59.72222222222222,93.84920634920636,40.87301587301587,81.0,95.43650793650794,93.84920634920636,45.03968253968254,88.69047619047619,99.8015873015873,13.8,370.116
2023-09-12,55.35714285714286,92.26190476190477,41.26984126984127,78.85,85.11904761904762,92.26190476190477,47.42063492063492,84.72222222222221,98.21428571428571,14.23,366.012
2023-09-13,60.912698412698404,77.18253968253968,41.86507936507937,82.6,75.59523809523809,77.18253968253968,41.07142857142857,77.97619047619048,97.02380952380952,13.48,367.406
2023-09-14,56.547619047619044,66.86507936507937,41.07142857142857,85.9,65.27777777777779,66.86507936507937,53.37301587301587,74.40476190476191,99.8015873015873,12.82,370.41
2023-09-15,52.57936507936508,35.51587301587302,40.67460317460317,81.05000000000001,30.357142857142854,35.51587301587302,44.24603174603175,78.37301587301587,99.4047619047619,13.79,364.068
2023-09-18,56.547619047619044,87.5,39.285714285714285,80.0,79.96031746031747,87.5,40.27777777777778,73.21428571428571,98.61111111111111,14.0,364.447
2023-09-19,53.37301587301587,74.0079365079365,37.301587301587304,79.45,64.48412698412699,74.0079365079365,33.13492063492063,73.21428571428571,99.8015873015873,14.11,363.67
2023-09-20,52.182539682539684,82.73809523809523,37.89682539682539,74.3,82.73809523809523,82.73809523809523,25.198412698412696,83.53174603174604,97.02380952380952,15.14,358.429
2023-09-21,50.0,81.15079365079364,36.30952380952381,62.300000000000004,73.61111111111111,81.15079365079364,12.103174603174603,68.05555555555556,99.4047619047619,17.54,351.861
2023-09-22,50.0,80.35714285714286,36.50793650793651,64.0,83.13492063492063,80.35714285714286,8.531746031746032,68.84920634920636,96.62698412698413,17.2,351.91
2023-09-25,56.15079365079365,75.9920634920635,36.11111111111111,65.5,79.16666666666666,75.9920634920635,10.515873015873016,68.45238095238095,99.8015873015873,16.9,353.582
2023-09-26,50.0,70.83333333333334,36.507936507936506,55.3,67.65873015873017,70.83333333333334,3.373015873015873,74.40476190476191,99.4047619047619,18.94,348.272
2023-09-27,50.0,66.46825396825396,35.714285714285715,58.900000000000006,78.76984126984127,66.46825396825396,4.563492063492063,71.62698412698413,99.4047619047619,18.22,349.089
2023-09-28,50.0,78.37301587301587,38.492063492063494,63.3,67.65873015873017,78.37301587301587,11.706349206349206,79.56349206349206,99.4047619047619,17.34,352.009
2023-09-29,50.0,73.61111111111111,42.06349206349206,62.4,70.03968253968253,73.61111111111111,5.158730158730158,77.57936507936508,98.61111111111111,17.52,352.264
2023-10-02,50.0,61.70634920634921,46.82539682539683,61.95,66.07142857142857,61.70634920634921,2.579365079365079,81.54761904761905,99.8015873015873,17.61,355.204
2023-10-03,50.0,54.96031746031746,50.3968253968254,51.099999999999994,49.801587301587304,54.96031746031746,0.1984126984126984,74.0079365079365,99.8015873015873,19.78,348.971
2023-10-04,50.0,64.88095238095238,55.75396825396825,57.10000000000001,66.07142857142857,64.88095238095238,2.579365079365079,85.11904761904762,99.4047619047619,18.58,353.72
2023-10-05,50.0,55.35714285714286,56.150793650793645,57.550000000000004,60.51587301587301,55.35714285714286,4.563492063492063,73.21428571428571,98.61111111111111,18.49,352.677
2023-10-06,50.0,59.72222222222222,56.150793650793645,62.75000000000001,59.32539682539682,59.72222222222222,19.246031746031747,76.38888888888889,99.8015873015873,17.45,358.587
2023-10-09,50.0,55.75396825396825,55.75396825396825,61.50000000000001,68.05555555555556,55.75396825396825,25.595238095238095,91.46825396825396,99.8015873015873,17.7,360.415
2023-10-10,50.0,65.67460317460318,59.92063492063492,64.85,64.48412698412699,65.67460317460318,41.46825396825397,93.84920634920636,98.61111111111111,17.03,362.411
2023-10-11,50.0,42.65873015873016,61.507936507936506,69.55,71.62698412698413,42.65873015873016,49.007936507936506,87.5,97.02380952380952,16.09,364.997
2023-10-12,50.0,72.81746031746032,64.28571428571428,66.54999999999998,72.81746031746032,72.81746031746032,33.53174603174603,82.34126984126983,99.0079365079365,16.69,363.729
2023-10-13,50.0,44.642857142857146,67.46031746031746,53.4,55.35714285714286,44.642857142857146,28.76984126984127,77.57936507936508,96.23015873015873,19.32,359.157
2023-10-16,50.0,45.83333333333333,65.47619047619048,63.949999999999996,45.83333333333333,45.83333333333333,50.198412698412696,83.53174603174604,99.4047619047619,17.21,363.218
2023-10-17,50.0,85.51587301587301,65.67460317460318,60.6,84.72222222222221,85.51587301587301,57.341269841269835,82.73809523809523,99.8015873015873,17.88,362.028
2023-10-18,50.0,61.30952380952381,63.888888888888886,53.900000000000006,68.05555555555556,61.30952380952381,36.7063492063492,86.30952380952381,99.8015873015873,19.22,357.279
2023-10-19,50.0,66.46825396825396,62.1031746031746,46.50000000000001,79.96031746031747,66.46825396825396,21.626984126984127,77.57936507936508,99.8015873015873,21.4,353.936
2023-10-20,50.0,47.817460317460316,54.960317460317455,45.724999999999994,50.198412698412696,47.817460317460316,11.30952380952381,66.07142857142857,98.61111111111111,21.71,348.656
2023-10-23,50.0,65.27777777777779,61.111111111111114,49.074999999999996,72.42063492063492,65.27777777777779,7.341269841269842,75.59523809523809,97.02380952380952,20.37,349.708
2023-10-24,50.0,31.150793650793652,60.317460317460316,55.150000000000006,49.801587301587304,31.150793650793652,18.452380952380953,81.15079365079364,97.02380952380952,18.97,353.11
2023-10-25,50.0,27.976190476190478,58.730158730158735,49.525,80.75396825396825,27.976190476190478,11.30952380952381,72.81746031746032,98.21428571428571,20.19,344.467
2023-10-26,50.0,33.92857142857143,53.769841269841265,48.3,71.23015873015873,33.92857142857143,14.484126984126986,58.13492063492064,93.45238095238095,20.68,337.899
2023-10-27,50.0,36.30952380952381,56.94444444444444,46.825,55.35714285714286,36.30952380952381,5.357142857142857,54.563492063492056,92.26190476190476,21.27,339.522
2023-10-30,50.0,42.65873015873016,55.95238095238095,51.25,42.65873015873016,42.65873015873016,14.087301587301587,62.5,95.03968253968254,19.75,343.346
2023-10-31,50.0,33.13492063492063,52.77777777777778,59.3,29.563492063492063,33.13492063492063,23.214285714285715,68.84920634920636,93.84920634920636,18.14,344.988
2023-11-01,50.0,64.0873015873016,56.74603174603175,65.65,50.198412698412696,64.0873015873016,29.96031746031746,85.9126984126984,91.07142857142857,16.87,350.976
2023-11-02,50.0,50.198412698412696,56.94444444444444,71.69999999999999,25.992063492063494,50.198412698412696,57.341269841269835,82.34126984126983,90.67460317460318,15.66,357.348
2023-11-03,50.0,66.86507936507937,57.539682539682545,75.45,33.92857142857143,66.86507936507937,76.38888888888889,77.18253968253968,88.69047619047619,14.91,361.546
2023-11-06,50.0,72.02380952380952,56.94444444444444,75.55,48.214285714285715,72.02380952380952,70.43650793650794,85.11904761904762,93.45238095238095,14.89,363.021
2023-11-07,50.0,67.26190476190477,58.92857142857143,75.95,52.976190476190474,67.26190476190477,71.62698412698413,75.1984126984127,89.08730158730158,14.81,366.452
2023-11-08,50.0,45.83333333333333,57.539682539682545,77.75,39.48412698412698,45.83333333333333,67.26190476190477,77.18253968253968,85.91269841269842,14.45,366.688
2023-11-09,50.0,76.78571428571429,63.2936507936508,73.55000000000001,72.02380952380952,76.78571428571429,56.94444444444444,72.42063492063492,89.48412698412699,15.29,363.867
2023-11-10,50.0,87.89682539682539,68.25396825396825,79.15,74.40476190476191,87.89682539682539,69.24603174603175,93.45238095238095,91.86507936507937,14.17,372.047
2023-11-13,50.0,75.9920634920635,72.22222222222223,76.2,72.42063492063492,75.9920634920635,67.85714285714286,95.83333333333334,94.24603174603175,14.76,370.887
2023-11-14,69.24603174603175,74.0079365079365,73.41269841269842,79.2,50.198412698412696,74.0079365079365,96.23015873015873,96.23015873015873,86.7063492063492,14.16,378.871
2023-11-15,64.48412698412699,73.61111111111111,73.61111111111111,79.1,54.96031746031746,73.61111111111111,98.21428571428571,95.83333333333334,94.24603174603175,14.18,379.156
2023-11-16,74.8015873015873,71.62698412698413,73.80952380952381,78.4,46.62698412698413,71.62698412698413,94.64285714285714,83.13492063492063,88.69047619047619,14.32,379.48
2023-11-17,57.738095238095234,76.38888888888889,65.07936507936508,81.0,68.45238095238095,76.38888888888889,96.23015873015873,96.23015873015873,88.2936507936508,13.8,379.569
2023-11-20,62.10317460317461,83.13492063492063,58.92857142857143,82.95,72.81746031746032,83.13492063492063,97.42063492063492,99.0079365079365,89.08730158730158,13.41,384.19
2023-11-21,56.547619047619044,93.05555555555556,65.07936507936508,83.25,85.51587301587301,93.05555555555556,94.24603174603175,95.43650793650794,86.30952380952381,13.35,381.958
2023-11-22,62.10317460317461,99.40476190476191,68.05555555555556,85.75,99.0079365079365,99.40476190476191,99.40476190476191,94.64285714285714,89.88095238095238,12.85,383.521
2023-11-24,55.35714285714286,94.64285714285714,61.7063492063492,87.69999999999999,95.83333333333334,94.64285714285714,99.8015873015873,86.70634920634922,92.65873015873015,12.46,382.981
2023-11-27,56.547619047619044,78.76984126984127,64.48412698412699,86.55,68.45238095238095,78.76984126984127,95.43650793650794,90.67460317460318,84.32539682539682,12.69,382.646
2023-11-28,55.35714285714286,81.15079365079364,67.26190476190476,86.55,58.92857142857143,81.15079365079364,93.25396825396825,93.05555555555556,82.73809523809524,12.69,383.649
2023-11-29,49.007936507936506,82.73809523809523,68.05555555555556,85.1,30.753968253968257,82.73809523809523,85.11904761904762,97.81746031746032,78.37301587301587,12.98,383.276
2023-11-30,43.05555555555556,29.166666666666668,59.920634920634924,85.4,4.563492063492063,29.166666666666668,92.26190476190477,91.07142857142857,80.75396825396825,12.92,382.312
2023-12-01,35.11904761904761,57.738095238095234,63.09523809523809,86.85,19.642857142857142,57.738095238095234,96.82539682539682,93.84920634920636,72.81746031746032,12.63,383.404
2023-12-04,27.579365079365083,39.88095238095239,66.66666666666666,84.6,23.214285714285715,39.88095238095239,93.45238095238095,96.23015873015873,74.4047619047619,13.08,379.844
2023-12-05,33.13492063492063,62.89682539682539,65.67460317460316,85.75,51.78571428571429,62.89682539682539,80.75396825396825,95.43650793650794,67.65873015873015,12.85,380.798
2023-12-06,29.563492063492063,36.30952380952381,59.12698412698413,85.15,24.801587301587304,36.30952380952381,77.18253968253968,94.64285714285714,64.0873015873016,12.97,378.595
2023-12-07,29.96031746031746,54.166666666666664,60.71428571428571,84.7,60.912698412698404,54.166666666666664,79.16666666666666,95.03968253968253,66.07142857142857,13.06,383.885
2023-12-08,27.579365079365083,63.69047619047619,60.714285714285715,88.25,46.230158730158735,63.69047619047619,78.96825396825396,95.43650793650794,73.21428571428572,12.35,385.596
2023-12-11,26.785714285714285,81.54761904761905,62.301587301587304,86.85,61.30952380952381,81.54761904761905,89.0873015873016,99.8015873015873,74.4047619047619,12.63,388.89
2023-12-12,25.992063492063494,74.0079365079365,58.730158730158735,89.65,60.51587301587301,74.0079365079365,86.30952380952381,99.40476190476191,73.61111111111111,12.07,391.987
2023-12-13,23.214285714285715,58.92857142857143,61.507936507936506,89.05,33.13492063492063,58.92857142857143,97.42063492063492,99.8015873015873,66.07142857142857,12.19,396.972
2023-12-14,21.23015873015873,32.73809523809524,58.730158730158735,87.6,6.15079365079365,32.73809523809524,94.64285714285714,99.40476190476191,61.30952380952381,12.48,396.628
2023-12-15,22.42063492063492,12.103174603174603,52.976190476190474,88.60000000000001,4.9603174603174605,12.103174603174603,84.72222222222221,97.81746031746032,60.51587301587302,12.28,398.545
2023-12-18,24.00793650793651,56.94444444444444,51.38888888888889,87.2,37.5,56.94444444444444,91.86507936507937,99.0079365079365,62.5,12.56,401.056
2023-12-19,25.595238095238095,41.07142857142857,52.182539682539684,87.35000000000001,28.373015873015873,41.07142857142857,95.83333333333334,99.0079365079365,62.5,12.53,403.105
2023-12-20,26.38888888888889,33.92857142857143,50.198412698412696,81.65,39.88095238095239,33.92857142857143,71.62698412698413,96.23015873015873,56.547619047619044,13.67,397.115
2023-12-21,23.61111111111111,67.26190476190477,50.3968253968254,81.75,35.51587301587302,67.26190476190477,82.14285714285714,97.02380952380952,59.72222222222222,13.65,401.736
2023-12-22,21.23015873015873,65.67460317460318,53.57142857142857,84.85000000000001,41.07142857142857,65.67460317460318,84.52380952380952,98.61111111111111,60.51587301587302,13.03,402.337
2023-12-26,20.833333333333336,87.10317460317461,56.94444444444445,85.05,64.0873015873016,87.10317460317461,91.26984126984127,99.8015873015873,60.91269841269841,12.99,404.8
2023-12-27,20.833333333333336,79.56349206349206,57.142857142857146,87.85,77.97619047619048,79.56349206349206,88.29365079365078,98.61111111111111,55.357142857142854,12.43,405.624
2023-12-28,20.436507936507937,87.10317460317461,53.96825396825397,87.64999999999999,90.27777777777779,87.10317460317461,93.45238095238095,98.21428571428571,58.53174603174603,12.47,405.426
2023-12-29,20.833333333333336,87.10317460317461,51.58730158730159,87.75,87.5,87.10317460317461,90.67460317460318,90.67460317460318,59.72222222222222,12.45,403.672
2024-01-02,9.722222222222223,54.96031746031746,49.6031746031746,84.0,35.91269841269841,54.96031746031746,81.15079365079364,96.23015873015873,58.13492063492063,13.2,396.841
2024-01-03,14.087301587301587,36.30952380952381,47.61904761904761,79.80000000000001,20.833333333333336,36.30952380952381,47.817460317460316,87.89682539682539,52.976190476190474,14.04,392.642
2024-01-04,10.515873015873016,44.24603174603175,47.22222222222222,79.35,22.817460317460316,44.24603174603175,45.03968253968254,85.51587301587301,56.547619047619044,14.13,390.621
2024-01-05,8.928571428571429,62.5,49.801587301587304,83.25,42.26190476190476,62.5,44.642857142857146,85.11904761904762,61.7063492063492,13.35,391.084
2024-01-08,8.928571428571429,68.84920634920636,53.96825396825397,84.6,67.65873015873017,68.84920634920636,56.547619047619044,94.64285714285714,63.69047619047619,13.08,399.167
2024-01-09,10.912698412698413,81.54761904761905,65.87301587301587,86.2,78.76984126984127,81.54761904761905,48.61111111111111,99.40476190476191,64.0873015873016,12.76,399.956
2024-01-10,17.658730158730158,63.69047619047619,74.4047619047619,86.55,63.69047619047619,63.69047619047619,49.404761904761905,99.0079365079365,66.86507936507937,12.69,402.666
2024-01-11,17.658730158730158,68.05555555555556,81.54761904761904,87.8,72.42063492063492,68.05555555555556,42.26190476190476,90.27777777777779,60.91269841269841,12.44,403.504
2024-01-12,13.293650793650794,27.18253968253968,80.35714285714286,86.5,43.452380952380956,27.18253968253968,42.26190476190476,90.67460317460318,59.72222222222222,12.7,403.711
2024-01-16,18.849206349206348,60.51587301587301,81.94444444444446,80.8,56.94444444444444,60.51587301587301,33.53174603174603,94.64285714285714,67.26190476190476,13.84,403.672
2024-01-17,21.626984126984127,64.48412698412699,77.18253968253968,76.05000000000001,52.182539682539684,64.48412698412699,21.626984126984127,85.51587301587301,68.84920634920636,14.79,401.395
2024-01-18,28.76984126984127,81.54761904761905,74.0079365079365,79.35,66.07142857142857,81.54761904761905,34.32539682539682,92.26190476190477,74.4047619047619,14.13,407.092
2024-01-19,29.96031746031746,88.69047619047619,63.492063492063494,83.5,70.43650793650794,88.69047619047619,45.03968253968254,99.40476190476191,79.16666666666666,13.3,415.165
2024-01-22,24.801587301587304,85.11904761904762,67.26190476190476,84.05,54.563492063492056,85.11904761904762,50.99206349206349,99.8015873015873,76.38888888888889,13.19,415.707
2024-01-23,25.992063492063494,31.150793650793652,76.78571428571429,87.25,22.023809523809522,31.150793650793652,48.214285714285715,99.0079365079365,80.35714285714286,12.55,417.433
2024-01-24,27.579365079365083,83.53174603174604,84.72222222222223,84.3,79.56349206349206,83.53174603174604,42.65873015873016,97.42063492063492,82.73809523809524,13.14,419.749
2024-01-25,22.023809523809522,83.92857142857143,87.5,82.75,59.32539682539682,83.92857142857143,56.94444444444444,95.83333333333334,81.54761904761905,13.45,420.262
2024-01-26,24.00793650793651,61.30952380952381,89.68253968253968,83.7,44.24603174603175,61.30952380952381,53.769841269841265,99.0079365079365,81.94444444444444,13.26,417.758
2024-01-29,34.32539682539682,62.10317460317461,88.0952380952381,82.0,47.817460317460316,62.10317460317461,65.27777777777779,99.0079365079365,78.37301587301587,13.6,422.036
2024-01-30,27.18253968253968,60.11904761904761,85.51587301587301,83.44999999999999,67.65873015873017,60.11904761904761,61.70634920634921,97.81746031746032,75.5952380952381,13.31,419.227
2024-01-31,18.055555555555554,22.817460317460316,69.44444444444444,78.25,31.944444444444443,22.817460317460316,48.214285714285715,90.27777777777779,66.46825396825398,14.35,411.015
2024-02-01,22.42063492063492,24.801587301587304,65.07936507936509,80.6,43.05555555555556,24.801587301587304,61.30952380952381,92.26190476190477,59.32539682539682,13.88,415.855
2024-02-02,26.38888888888889,47.817460317460316,61.706349206349216,80.75,99.0079365079365,47.817460317460316,53.769841269841265,91.46825396825396,79.56349206349206,13.85,422.884
2024-02-05,33.92857142857143,75.9920634920635,67.65873015873015,81.65,95.03968253968253,75.9920634920635,45.43650793650794,93.84920634920636,89.48412698412699,13.67,422.332
2024-02-06,39.48412698412698,89.0873015873016,75.79365079365078,84.7,87.10317460317461,89.0873015873016,54.166666666666664,92.65873015873017,82.73809523809524,13.06,421.484
2024-02-07,34.32539682539682,68.84920634920636,80.55555555555557,85.85,45.83333333333333,68.84920634920636,55.35714285714286,95.43650793650794,87.10317460317461,12.83,425.821
2024-02-08,27.18253968253968,32.34126984126984,84.52380952380952,86.05000000000001,16.071428571428573,32.34126984126984,56.94444444444444,97.42063492063492,91.86507936507937,12.79,426.61
2024-02-09,28.76984126984127,82.34126984126983,87.10317460317461,85.35,39.08730158730159,82.34126984126983,56.15079365079365,99.40476190476191,94.24603174603175,12.93,430.809
2024-02-12,20.03968253968254,94.64285714285714,88.4920634920635,80.35,80.75396825396825,94.64285714285714,65.67460317460318,98.21428571428571,93.84920634920636,13.93,429.123
2024-02-13,18.452380952380953,88.69047619047619,80.75396825396825,70.75,55.75396825396825,88.69047619047619,44.44444444444444,91.86507936507937,97.42063492063492,15.85,422.43
2024-02-14,17.658730158730158,80.35714285714286,87.10317460317461,78.1,69.64285714285714,80.35714285714286,49.801587301587304,96.23015873015873,97.02380952380952,14.38,427.033
2024-02-15,21.626984126984127,84.32539682539682,89.48412698412699,79.95,82.73809523809523,84.32539682539682,65.87301587301587,99.8015873015873,96.62698412698413,14.01,428.305
2024-02-16,25.595238095238095,86.70634920634922,88.88888888888889,78.8,89.0873015873016,86.70634920634922,58.92857142857143,92.26190476190477,98.21428571428571,14.24,424.421
2024-02-20,13.293650793650794,91.46825396825396,82.14285714285714,72.9,80.35714285714286,91.46825396825396,54.563492063492056,91.46825396825396,95.03968253968254,15.42,421.218
2024-02-21,17.261904761904763,94.24603174603175,87.30158730158729,73.3,88.29365079365078,94.24603174603175,60.11904761904761,88.69047619047619,98.21428571428571,15.34,419.532
2024-02-22,26.785714285714285,99.8015873015873,89.88095238095238,77.30000000000001,98.21428571428571,99.8015873015873,71.23015873015873,98.21428571428571,99.4047619047619,14.54,431.814
2024-02-23,25.198412698412696,99.0079365079365,89.68253968253968,81.25,97.42063492063492,99.0079365079365,71.23015873015873,97.81746031746032,98.21428571428571,13.75,430.543
2024-02-26,25.992063492063494,83.92857142857143,92.46031746031746,81.3,69.24603174603175,83.92857142857143,64.0873015873016,99.40476190476191,98.21428571428571,13.74,430.316
2024-02-27,25.198412698412696,77.57936507936508,93.45238095238096,82.85,41.86507936507937,77.57936507936508,70.63492063492063,97.02380952380952,98.21428571428571,13.43,431.351
2024-02-28,21.626984126984127,38.69047619047619,92.06349206349206,80.8,30.357142857142854,38.69047619047619,70.03968253968253,97.02380952380952,97.02380952380952,13.84,429.054
2024-02-29,18.055555555555554,64.0873015873016,84.92063492063491,83.0,32.34126984126984,64.0873015873016,75.1984126984127,98.21428571428571,97.81746031746032,13.4,432.731
2024-03-01,28.373015873015873,92.65873015873017,84.32539682539684,84.45,66.07142857142857,92.65873015873017,74.0079365079365,97.81746031746032,97.42063492063492,13.11,439.246
2024-03-04,29.166666666666668,93.45238095238095,93.65079365079364,82.55,90.27777777777779,93.45238095238095,77.97619047619048,99.8015873015873,97.81746031746032,13.49,437.679
2024-03-05,34.72222222222222,87.10317460317461,94.44444444444446,77.69999999999999,70.83333333333334,87.10317460317461,65.67460317460318,98.21428571428571,90.27777777777777,14.46,429.823
2024-03-06,41.46825396825397,95.03968253968253,97.22222222222223,77.5,75.1984126984127,95.03968253968253,74.0079365079365,97.02380952380952,90.27777777777777,14.5,432.524
2024-03-07,31.944444444444443,93.84920634920636,99.4047619047619,77.80000000000001,81.94444444444444,93.84920634920636,77.97619047619048,99.0079365079365,91.46825396825398,14.44,439.089
2024-03-08,31.547619047619047,99.8015873015873,99.8015873015873,76.3,99.8015873015873,99.8015873015873,76.19047619047619,99.40476190476191,89.08730158730158,14.74,432.751
2024-03-11,24.404761904761905,83.53174603174604,98.80952380952381,73.9,87.5,83.53174603174604,77.77777777777779,96.23015873015873,90.27777777777777,15.22,431.144
2024-03-12,35.51587301587302,94.24603174603175,99.20634920634922,80.8,91.07142857142857,94.24603174603175,85.51587301587301,99.0079365079365,97.02380952380952,13.84,437.324
2024-03-13,39.88095238095239,86.30952380952381,99.0079365079365,81.25,66.07142857142857,86.30952380952381,77.97619047619048,99.40476190476191,97.42063492063492,13.75,433.963
2024-03-14,44.24603174603175,82.73809523809523,95.43650793650794,78.0,75.9920634920635,82.73809523809523,56.94444444444444,84.72222222222221,99.8015873015873,14.4,432.869
2024-03-15,47.023809523809526,16.071428571428573,77.57936507936508,77.95,3.7698412698412698,16.071428571428573,47.61904761904761,83.13492063492063,99.4047619047619,14.41,427.723
2024-03-18,62.5,85.51587301587301,58.333333333333336,78.35,91.07142857142857,85.51587301587301,50.198412698412696,89.88095238095238,99.8015873015873,14.33,431.803
2024-03-19,53.37301587301587,89.0873015873016,54.56349206349206,80.9,79.16666666666666,89.0873015873016,61.30952380952381,86.30952380952381,99.4047619047619,13.82,432.879
2024-03-20,49.801587301587304,78.37301587301587,52.38095238095238,84.8,42.65873015873016,78.37301587301587,74.40476190476191,96.62698412698413,99.4047619047619,13.04,438.012
2024-03-21,48.214285714285715,90.27777777777779,65.47619047619048,85.4,51.78571428571429,90.27777777777779,82.93650793650794,98.61111111111111,99.8015873015873,12.92,440.084
2024-03-22,50.595238095238095,95.83333333333334,73.21428571428571,84.7,79.96031746031747,95.83333333333334,66.46825396825396,97.81746031746032,97.81746031746032,13.06,440.588
2024-03-25,53.37301587301587,89.48412698412699,89.28571428571428,84.05,78.37301587301587,89.48412698412699,55.952380952380956,99.40476190476191,98.21428571428571,13.19,438.989
2024-03-26,53.769841269841265,83.53174603174604,80.75396825396825,83.8,67.26190476190477,83.53174603174604,50.595238095238095,99.40476190476191,97.42063492063492,13.24,437.567
2024-03-27,47.42063492063492,83.92857142857143,61.111111111111114,86.10000000000001,55.75396825396825,83.92857142857143,78.37301587301587,94.64285714285714,96.23015873015873,12.78,439.058
2024-03-28,42.26190476190476,43.84920634920635,51.785714285714285,84.95,19.642857142857142,43.84920634920635,84.72222222222221,97.42063492063492,95.83333333333333,13.01,438.248
2024-04-01,49.007936507936506,79.16666666666666,54.56349206349206,81.75,73.61111111111111,79.16666666666666,65.67460317460318,99.0079365079365,99.8015873015873,13.65,439.176
2024-04-02,51.78571428571429,39.48412698412698,50.595238095238095,76.95,25.198412698412696,39.48412698412698,42.46031746031746,89.88095238095238,99.8015873015873,14.61,435.386
2024-04-03,59.72222222222222,42.26190476190476,51.388888888888886,78.35,12.896825396825399,42.26190476190476,41.07142857142857,87.89682539682539,99.8015873015873,14.33,436.363
2024-04-04,48.61111111111111,63.29365079365079,51.785714285714285,68.25,46.230158730158735,63.29365079365079,24.206349206349206,85.51587301587301,98.61111111111111,16.35,429.691
2024-04-05,55.75396825396825,74.40476190476191,62.89682539682539,69.85,63.69047619047619,74.40476190476191,36.30952380952381,73.21428571428571,99.8015873015873,16.03,434.754
2024-04-08,55.35714285714286,33.13492063492063,61.7063492063492,74.05000000000001,15.277777777777779,33.13492063492063,39.682539682539684,93.05555555555556,99.8015873015873,15.19,434.883
2024-04-09,46.62698412698413,68.05555555555556,69.64285714285714,75.1,54.166666666666664,68.05555555555556,44.642857142857146,89.0873015873016,98.61111111111111,14.98,436.492
2024-04-10,51.388888888888886,43.05555555555556,76.98412698412699,71.0,20.436507936507937,43.05555555555556,14.880952380952381,79.56349206349206,99.8015873015873,15.8,432.682
2024-04-11,57.738095238095234,68.45238095238095,85.31746031746033,75.45,54.563492063492056,68.45238095238095,14.484126984126986,86.70634920634922,99.8015873015873,14.91,439.591
2024-04-12,57.738095238095234,55.75396825396825,83.92857142857143,63.45,25.198412698412696,55.75396825396825,4.166666666666666,82.73809523809523,99.0079365079365,17.31,432.583
2024-04-15,47.817460317460316,59.32539682539682,77.1825396825397,53.849999999999994,39.88095238095239,59.32539682539682,0.5952380952380952,71.23015873015873,99.4047619047619,19.23,425.467
2024-04-16,49.801587301587304,19.642857142857142,82.34126984126985,58.00000000000001,16.865079365079367,19.642857142857142,0.992063492063492,65.27777777777779,99.4047619047619,18.4,425.506
2024-04-17,41.07142857142857,46.230158730158735,78.17460317460318,58.949999999999996,28.373015873015873,46.230158730158735,0.5952380952380952,61.70634920634921,98.21428571428571,18.21,420.314
2024-04-18,33.92857142857143,38.69047619047619,80.15873015873017,60.0,19.246031746031747,38.69047619047619,1.7857142857142856,58.53174603174603,98.21428571428571,18.0,417.916
2024-04-19,7.341269841269842,68.45238095238095,79.36507936507937,56.449999999999996,85.11904761904762,68.45238095238095,8.134920634920634,53.37301587301587,97.02380952380952,18.71,409.269
2024-04-22,15.674603174603174,52.182539682539684,76.78571428571428,65.29999999999998,47.42063492063492,52.182539682539684,13.293650793650794,53.769841269841265,97.81746031746032,16.94,413.385
2024-04-23,16.071428571428573,28.76984126984127,75.0,71.55000000000001,12.896825396825399,28.76984126984127,20.03968253968254,65.27777777777779,98.21428571428571,15.69,419.554
2024-04-24,4.9603174603174605,27.976190476190478,78.37301587301587,70.14999999999999,42.65873015873016,27.976190476190478,19.642857142857142,64.48412698412699,99.0079365079365,15.97,420.976
2024-04-25,7.341269841269842,22.023809523809522,77.38095238095238,73.15,82.73809523809523,22.023809523809522,25.595238095238095,60.11904761904761,99.8015873015873,15.37,418.942
2024-04-26,25.595238095238095,49.007936507936506,79.16666666666666,74.85000000000001,90.67460317460318,49.007936507936506,31.547619047619047,72.81746031746032,99.8015873015873,15.03,425.407
2024-04-29,16.865079365079367,80.75396825396825,82.14285714285714,76.65,95.03968253968253,80.75396825396825,40.27777777777778,70.83333333333334,99.0079365079365,14.67,427.135
2024-04-30,16.071428571428573,31.547619047619047,76.1904761904762,71.75,30.357142857142854,31.547619047619047,25.992063492063494,56.15079365079365,97.42063492063492,15.65,419.08
2024-05-01,22.42063492063492,64.0873015873016,75.79365079365078,73.05,50.595238095238095,64.0873015873016,24.801587301587304,47.023809523809526,95.03968253968254,15.39,416.05
2024-05-02,26.38888888888889,35.11904761904761,72.42063492063491,76.6,6.944444444444445,35.11904761904761,33.53174603174603,47.023809523809526,94.64285714285714,14.68,421.361
2024-05-03,14.484126984126986,51.78571428571429,66.66666666666667,82.55,37.89682539682539,51.78571428571429,44.642857142857146,64.48412698412699,93.05555555555556,13.49,429.829
2024-05-06,10.912698412698413,48.61111111111111,59.32539682539682,82.55,22.817460317460316,48.61111111111111,58.13492063492064,64.88095238095238,94.64285714285714,13.49,434.537
2024-05-07,13.293650793650794,16.071428571428573,71.62698412698413,83.85,24.801587301587304,16.071428571428573,64.48412698412699,72.42063492063492,93.45238095238095,13.23,434.606
2024-05-08,7.341269841269842,6.15079365079365,64.68253968253968,85.0,3.373015873015873,6.15079365079365,64.88095238095238,60.11904761904761,93.84920634920636,13.0,434.35
2024-05-09,6.15079365079365,24.00793650793651,63.492063492063494,86.55,4.166666666666666,24.00793650793651,74.40476190476191,53.769841269841265,93.45238095238095,12.69,435.297
2024-05-10,3.373015873015873,20.833333333333336,65.27777777777777,87.25,11.30952380952381,20.833333333333336,76.38888888888889,69.64285714285714,95.83333333333333,12.55,436.324
2024-05-13,10.912698412698413,10.515873015873016,62.896825396825406,82.0,11.706349206349206,10.515873015873016,74.40476190476191,71.62698412698413,95.03968253968254,13.6,437.331
2024-05-14,7.738095238095238,28.76984126984127,53.17460317460318,82.9,6.944444444444445,28.76984126984127,76.19047619047619,50.595238095238095,94.64285714285714,13.42,440.144
2024-05-15,15.277777777777779,74.0079365079365,53.96825396825397,87.75,45.43650793650794,74.0079365079365,79.16666666666666,75.9920634920635,90.67460317460318,12.45,447.023
2024-05-16,25.992063492063494,15.277777777777779,56.54761904761905,87.9,10.119047619047619,15.277777777777779,75.9920634920635,87.89682539682539,91.07142857142857,12.42,446.115
2024-05-17,27.976190476190478,37.89682539682539,47.42063492063492,90.05,13.690476190476192,37.89682539682539,74.8015873015873,74.40476190476191,95.43650793650794,11.99,445.898
2024-05-20,35.51587301587302,61.30952380952381,61.111111111111114,89.25,12.103174603174603,61.30952380952381,70.03968253968253,78.76984126984127,96.23015873015873,12.15,449.007
2024-05-21,43.84920634920635,76.78571428571429,70.43650793650794,90.7,38.69047619047619,76.78571428571429,69.84126984126983,86.30952380952381,95.03968253968254,11.86,449.886
2024-05-22,25.595238095238095,86.70634920634922,75.19841269841271,88.55000000000001,40.27777777777778,86.70634920634922,57.738095238095234,79.96031746031747,95.03968253968254,12.29,449.797
2024-05-23,42.26190476190476,99.40476190476191,86.30952380952381,86.15,94.24603174603175,99.40476190476191,32.73809523809524,64.0873015873016,95.83333333333333,12.77,447.773
2024-05-24,41.86507936507937,94.64285714285714,85.31746031746032,90.35,48.214285714285715,94.64285714285714,34.72222222222222,53.769841269841265,97.02380952380952,11.93,452.008
2024-05-28,58.13492063492064,96.62698412698413,84.52380952380952,85.4,78.37301587301587,96.62698412698413,22.22222222222222,70.03968253968253,99.8015873015873,12.92,453.715
2024-05-29,68.84920634920636,89.88095238095238,82.34126984126985,78.6,60.11904761904761,89.88095238095238,14.087301587301587,63.29365079365079,99.8015873015873,14.28,450.517
2024-05-30,52.182539682539684,97.42063492063492,79.76190476190476,77.65,65.67460317460318,97.42063492063492,15.674603174603174,52.182539682539684,98.21428571428571,14.47,445.691
2024-05-31,41.07142857142857,39.88095238095239,78.76984126984127,85.4,2.1825396825396823,39.88095238095239,29.96031746031746,65.67460317460318,95.83333333333333,12.92,444.862
2024-06-03,56.547619047619044,74.40476190476191,80.15873015873017,84.45,20.833333333333336,74.40476190476191,22.023809523809522,69.64285714285714,86.7063492063492,13.11,447.25
2024-06-04,72.42063492063492,56.547619047619044,78.76984126984127,84.2,7.738095238095238,56.547619047619044,20.436507936507937,48.61111111111111,83.13492063492063,13.16,448.474
2024-06-05,82.73809523809523,97.81746031746032,79.36507936507937,86.85,71.23015873015873,97.81746031746032,24.801587301587304,67.26190476190477,83.92857142857143,12.63,457.515
2024-06-06,82.34126984126983,96.23015873015873,81.74603174603175,87.1,89.88095238095238,96.23015873015873,23.61111111111111,62.10317460317461,82.34126984126985,12.58,457.357
2024-06-07,93.45238095238095,75.1984126984127,81.54761904761905,88.89999999999999,40.67460317460318,75.1984126984127,20.634920634920633,62.10317460317461,93.45238095238095,12.22,456.953
2024-06-10,95.03968253968253,64.88095238095238,81.15079365079364,86.3,33.13492063492063,64.88095238095238,24.00793650793651,63.69047619047619,97.42063492063492,12.74,458.798
2024-06-11,94.24603174603175,72.42063492063492,82.14285714285714,85.75,40.67460317460318,72.42063492063492,16.865079365079367,69.24603174603175,91.07142857142857,12.85,461.947
2024-06-12,97.42063492063492,95.83333333333334,82.73809523809524,89.80000000000001,78.76984126984127,95.83333333333334,29.96031746031746,75.1984126984127,85.51587301587301,12.04,467.997
2024-06-13,97.02380952380952,97.02380952380952,84.72222222222223,90.3,79.96031746031747,97.02380952380952,25.595238095238095,85.11904761904762,82.34126984126985,11.94,470.534
2024-06-14,99.8015873015873,93.84920634920636,87.5,86.7,79.96031746031747,93.84920634920636,18.055555555555554,85.51587301587301,79.16666666666666,12.66,472.972
2024-06-17,99.40476190476191,98.61111111111111,88.4920634920635,86.25,75.1984126984127,98.61111111111111,27.579365079365083,89.48412698412699,87.10317460317461,12.75,478.766
2024-06-18,99.40476190476191,95.83333333333334,91.66666666666666,88.5,60.51587301587301,95.83333333333334,37.89682539682539,83.92857142857143,82.34126984126985,12.3,478.914
2024-06-20,98.61111111111111,99.40476190476191,87.89682539682539,83.6,83.92857142857143,99.40476190476191,43.05555555555556,57.341269841269835,82.73809523809524,13.28,475.222
2024-06-21,98.61111111111111,79.96031746031747,81.74603174603175,84.0,29.96031746031746,79.96031746031747,47.42063492063492,43.84920634920635,81.94444444444444,13.2,473.949
2024-06-24,90.67460317460318,84.32539682539682,78.37301587301587,83.35,65.27777777777779,84.32539682539682,62.5,69.24603174603175,81.54761904761905,13.33,468.553
2024-06-25,97.81746031746032,81.94444444444444,76.78571428571428,85.8,53.769841269841265,81.94444444444444,42.65873015873016,67.65873015873017,80.75396825396825,12.84,473.911
2024-06-26,99.40476190476191,84.72222222222221,75.1984126984127,87.25,70.83333333333334,84.72222222222221,35.51587301587302,70.03968253968253,91.46825396825398,12.55,474.89
2024-06-27,99.8015873015873,84.32539682539682,75.39682539682539,88.8,36.7063492063492,84.32539682539682,39.682539682539684,61.30952380952381,88.69047619047619,12.24,476.116
2024-06-28,99.40476190476191,6.547619047619048,78.57142857142858,87.8,0.1984126984126984,6.547619047619048,41.46825396825397,69.24603174603175,94.64285714285714,12.44,473.644
2024-07-01,99.8015873015873,91.46825396825396,77.57936507936509,88.89999999999999,76.38888888888889,91.46825396825396,27.380952380952383,53.769841269841265,99.4047619047619,12.22,476.422
2024-07-02,99.40476190476191,95.83333333333334,78.37301587301587,89.85000000000001,91.46825396825396,95.83333333333334,35.51587301587302,75.9920634920635,98.61111111111111,12.03,481.424
2024-07-03,99.8015873015873,99.8015873015873,83.33333333333334,89.55,99.8015873015873,99.8015873015873,35.11904761904761,97.42063492063492,95.43650793650794,12.09,485.438
2024-07-05,99.8015873015873,90.67460317460318,84.92063492063492,87.6,94.24603174603175,90.67460317460318,33.13492063492063,83.13492063492063,89.08730158730158,12.48,490.5
2024-07-08,99.40476190476191,98.21428571428571,91.26984126984127,88.15,93.45238095238095,98.21428571428571,38.69047619047619,95.43650793650794,89.48412698412699,12.37,491.666
2024-07-09,99.40476190476191,98.61111111111111,94.44444444444446,87.45,91.46825396825396,98.61111111111111,35.11904761904761,93.84920634920636,93.05555555555556,12.51,492.091
2024-07-10,99.8015873015873,97.02380952380952,96.62698412698413,85.75,90.67460317460318,97.02380952380952,53.37301587301587,95.83333333333334,93.84920634920636,12.85,497.222
2024-07-11,96.23015873015873,95.83333333333334,96.03174603174602,85.4,95.83333333333334,95.83333333333334,76.98412698412699,92.26190476190477,78.76984126984127,12.92,486.318
2024-07-12,91.46825396825396,79.16666666666666,96.03174603174604,87.69999999999999,74.40476190476191,79.16666666666666,87.10317460317461,77.97619047619048,79.16666666666666,12.46,489.175
2024-07-15,90.67460317460318,72.02380952380952,95.83333333333334,84.4,60.51587301587301,72.02380952380952,79.56349206349206,89.48412698412699,86.7063492063492,13.12,490.49
2024-07-16,85.51587301587301,21.23015873015873,95.03968253968254,84.05,17.261904761904763,21.23015873015873,91.86507936507937,85.11904761904762,82.34126984126985,13.19,490.678
2024-07-17,66.86507936507937,64.88095238095238,94.24603174603175,77.6,43.05555555555556,64.88095238095238,79.96031746031747,75.1984126984127,74.4047619047619,14.48,476.274
2024-07-18,74.8015873015873,58.13492063492064,89.0873015873016,70.35,39.08730158730159,58.13492063492064,72.42063492063492,53.37301587301587,74.8015873015873,15.93,474.02
2024-07-19,76.78571428571429,49.007936507936506,85.71428571428572,67.4,18.452380952380953,49.007936507936506,65.47619047619048,49.404761904761905,76.38888888888889,16.52,469.818
2024-07-22,89.88095238095238,79.96031746031747,82.73809523809524,75.45,41.46825396825397,79.96031746031747,75.1984126984127,71.23015873015873,84.72222222222223,14.91,476.818
2024-07-23,89.88095238095238,30.753968253968257,80.75396825396825,76.39999999999999,13.293650793650794,30.753968253968257,70.03968253968253,72.42063492063492,82.73809523809524,14.72,475.137
2024-07-24,77.18253968253968,71.23015873015873,78.37301587301587,59.800000000000004,40.67460317460318,71.23015873015873,50.595238095238095,62.89682539682539,73.21428571428572,18.04,458.094
2024-07-25,70.83333333333334,67.65873015873017,77.38095238095238,57.699999999999996,15.674603174603174,67.65873015873017,52.182539682539684,48.214285714285715,70.03968253968254,18.46,453.042
2024-07-26,68.45238095238095,13.690476190476192,80.35714285714286,68.05,9.722222222222223,13.690476190476192,62.10317460317461,65.27777777777779,68.05555555555556,16.39,457.688
2024-07-29,54.96031746031746,52.57936507936508,78.17460317460316,67.0,21.626984126984127,52.57936507936508,62.10317460317461,53.769841269841265,67.65873015873015,16.6,458.608
2024-07-30,44.24603174603175,74.0079365079365,74.8015873015873,61.55,50.198412698412696,74.0079365079365,60.11904761904761,37.89682539682539,67.26190476190476,17.69,452.31
2024-07-31,63.29365079365079,63.29365079365079,75.0,68.2,34.32539682539682,63.29365079365079,63.69047619047619,59.72222222222222,65.27777777777777,16.36,465.696
2024-08-01,58.92857142857143,56.94444444444444,75.39682539682539,57.05,60.912698412698404,56.94444444444444,48.61111111111111,48.61111111111111,56.94444444444444,18.59,454.416
2024-08-02,52.182539682539684,68.45238095238095,71.03174603174602,41.525,37.89682539682539,68.45238095238095,32.142857142857146,30.357142857142854,36.30952380952381,23.39,443.631
2024-08-05,33.13492063492063,54.96031746031746,65.47619047619048,3.575000000000003,43.452380952380956,54.96031746031746,14.087301587301587,22.023809523809522,23.214285714285708,38.57,430.403
2024-08-06,24.801587301587304,29.563492063492063,62.10317460317461,30.724999999999994,28.76984126984127,29.563492063492063,17.658730158730158,21.626984126984127,39.087301587301596,27.71,434.516
2024-08-07,30.357142857142854,38.69047619047619,59.72222222222222,30.375,13.293650793650794,38.69047619047619,15.277777777777779,16.865079365079367,41.46825396825397,27.85,429.81
2024-08-08,37.89682539682539,37.89682539682539,58.13492063492063,40.525000000000006,24.404761904761905,37.89682539682539,30.357142857142854,25.198412698412696,51.38888888888889,23.79,442.958
2024-08-09,49.801587301587304,31.944444444444443,57.14285714285714,49.074999999999996,31.944444444444443,31.944444444444443,33.13492063492063,27.976190476190478,48.21428571428571,20.37,445.272
2024-08-12,56.94444444444444,31.944444444444443,59.12698412698413,48.224999999999994,34.32539682539682,31.944444444444443,24.404761904761905,35.11904761904761,45.833333333333336,20.71,446.231
2024-08-13,62.5,85.51587301587301,59.72222222222222,59.4,61.70634920634921,85.51587301587301,36.7063492063492,49.404761904761905,46.230158730158735,18.12,457.303
2024-08-14,63.29365079365079,56.15079365079365,64.48412698412699,69.05,41.46825396825397,56.15079365079365,46.230158730158735,62.89682539682539,45.436507936507944,16.19,457.451
2024-08-15,61.70634920634921,76.38888888888889,66.26984126984127,73.85,29.166666666666668,76.38888888888889,72.02380952380952,64.48412698412699,57.34126984126984,15.23,469.008
2024-08-16,61.70634920634921,68.05555555555556,69.84126984126983,76.0,50.595238095238095,68.05555555555556,77.57936507936508,69.24603174603175,55.75396825396825,14.8,469.611
2024-08-19,66.07142857142857,91.46825396825396,75.0,76.75,76.38888888888889,91.46825396825396,94.64285714285714,74.8015873015873,55.75396825396825,14.65,475.78
2024-08-20,66.46825396825396,79.16666666666666,78.57142857142857,70.6,62.89682539682539,79.16666666666666,85.9126984126984,59.72222222222222,52.976190476190474,15.88,474.781
2024-08-21,55.35714285714286,65.27777777777779,79.56349206349206,68.65,42.65873015873016,65.27777777777779,95.43650793650794,73.21428571428571,50.595238095238095,16.27,476.995
2024-08-22,47.42063492063492,86.70634920634922,77.57936507936508,62.24999999999999,88.29365079365078,86.70634920634922,87.5,39.48412698412698,53.769841269841265,17.55,469.433
2024-08-23,32.73809523809524,84.32539682539682,76.78571428571428,70.7,60.912698412698404,84.32539682539682,99.40476190476191,50.595238095238095,52.57936507936508,15.86,474.524
2024-08-26,25.992063492063494,84.32539682539682,73.61111111111111,69.25,64.48412698412699,84.32539682539682,99.20634920634922,49.007936507936506,52.976190476190474,16.15,469.917
2024-08-27,12.103174603174603,82.34126984126983,72.02380952380952,72.85000000000001,56.94444444444444,82.34126984126983,98.21428571428571,50.595238095238095,54.56349206349206,15.43,471.321
2024-08-28,3.373015873015873,96.62698412698413,70.03968253968253,64.45,93.05555555555556,96.62698412698413,94.24603174603175,54.166666666666664,52.976190476190474,17.11,465.973
2024-08-29,11.706349206349206,91.86507936507937,70.43650793650794,71.75,72.81746031746032,91.86507936507937,95.43650793650794,31.944444444444443,55.75396825396825,15.65,465.291
2024-08-30,24.404761904761905,51.388888888888886,67.85714285714286,75.0,3.373015873015873,51.388888888888886,99.40476190476191,48.214285714285715,60.91269841269841,15.0,470.837
2024-09-03,2.976190476190476,53.769841269841265,64.88095238095238,48.2,21.626984126984127,53.769841269841265,68.45238095238095,37.10317460317461,43.452380952380956,20.72,456.542
2024-09-04,2.1825396825396823,42.26190476190476,59.92063492063492,46.7,16.46825396825397,42.26190476190476,65.67460317460318,6.547619047619048,37.5,21.32,455.355
2024-09-05,1.3888888888888888,28.76984126984127,55.357142857142854,50.50000000000001,22.817460317460316,28.76984126984127,52.182539682539684,16.46825396825397,32.341269841269835,19.9,455.78
2024-09-06,0.1984126984126984,54.166666666666664,52.77777777777778,44.050000000000004,51.388888888888886,54.166666666666664,25.198412698412696,14.484126984126986,24.007936507936506,22.38,443.571
2024-09-09,0.1984126984126984,7.738095238095238,54.56349206349207,52.75,2.976190476190476,7.738095238095238,39.88095238095239,6.547619047619048,24.801587301587304,19.45,449.275
2024-09-10,0.992063492063492,26.785714285714285,51.58730158730158,54.60000000000001,15.674603174603174,26.785714285714285,37.89682539682539,12.5,21.626984126984127,19.08,453.427
2024-09-11,2.579365079365079,74.0079365079365,51.58730158730158,61.55,46.62698412698413,74.0079365079365,37.698412698412696,40.67460317460318,25.198412698412696,17.69,463.274
2024-09-12,2.579365079365079,52.976190476190474,50.1984126984127,64.65,32.73809523809524,52.976190476190474,44.24603174603175,30.753968253968257,33.13492063492063,17.07,467.821
2024-09-13,0.1984126984126984,20.03968253968254,50.7936507936508,67.2,5.357142857142857,20.03968253968254,57.738095238095234,35.91269841269841,33.13492063492063,16.56,469.917
2024-09-16,0.1984126984126984,43.84920634920635,54.76190476190476,64.3,4.166666666666666,43.84920634920635,68.25396825396825,50.99206349206349,29.96031746031747,17.14,467.841
2024-09-17,0.1984126984126984,24.00793650793651,56.74603174603175,61.95,3.7698412698412698,24.00793650793651,67.26190476190477,37.10317460317461,32.341269841269835,17.61,468.088
2024-09-18,0.1984126984126984,45.03968253968254,59.722222222222214,58.849999999999994,18.055555555555554,45.03968253968254,64.0873015873016,42.65873015873016,37.5,18.23,466.062
2024-09-19,1.3888888888888888,39.88095238095239,57.53968253968254,68.35000000000001,13.690476190476192,39.88095238095239,75.59523809523809,27.18253968253968,46.62698412698413,16.33,477.846
2024-09-20,1.7857142857142856,34.72222222222222,54.96031746031746,69.25,14.087301587301587,34.72222222222222,66.07142857142857,47.817460317460316,45.436507936507944,16.15,476.936
2024-09-23,3.373015873015873,23.214285714285715,51.58730158730159,70.55,5.753968253968254,23.214285714285715,77.57936507936508,45.03968253968254,49.404761904761905,15.89,478.2
2024-09-24,1.7857142857142856,45.03968253968254,53.17460317460318,73.05,31.944444444444443,45.03968253968254,72.81746031746032,43.452380952380956,49.801587301587304,15.39,480.507
2024-09-25,1.3888888888888888,21.626984126984127,50.7936507936508,72.95,11.706349206349206,21.626984126984127,57.341269841269835,45.03968253968254,53.769841269841265,15.41,480.952
2024-09-26,1.3888888888888888,45.03968253968254,60.31746031746032,73.15,17.261904761904763,45.03968253968254,63.69047619047619,68.05555555555556,55.357142857142854,15.37,484.566
2024-09-27,1.3888888888888888,31.944444444444443,62.698412698412696,65.19999999999999,6.547619047619048,31.944444444444443,70.03968253968253,40.27777777777778,49.404761904761905,16.96,481.873
2024-09-30,0.1984126984126984,16.071428571428573,59.52380952380952,66.35,4.166666666666666,16.071428571428573,78.37301587301587,22.023809523809522,55.75396825396825,16.73,483.18
2024-10-01,0.1984126984126984,40.67460317460318,55.15873015873015,53.69999999999999,24.00793650793651,40.67460317460318,65.27777777777779,19.642857142857142,40.67460317460318,19.26,476.448
2024-10-02,0.1984126984126984,18.849206349206348,53.57142857142857,55.50000000000001,6.15079365079365,18.849206349206348,54.563492063492056,14.484126984126986,49.00793650793651,18.9,477.121
2024-10-03,0.1984126984126984,31.150793650793652,48.611111111111114,48.775000000000006,22.023809523809522,31.150793650793652,39.48412698412698,33.13492063492063,55.75396825396825,20.49,476.765
2024-10-04,0.5952380952380952,43.84920634920635,51.38888888888889,53.949999999999996,45.43650793650794,43.84920634920635,48.61111111111111,43.05555555555556,65.67460317460318,19.21,482.437
2024-10-07,0.1984126984126984,52.57936507936508,55.75396825396825,43.4,57.341269841269835,52.57936507936508,27.976190476190478,47.817460317460316,67.26190476190476,22.64,477.27
2024-10-08,1.7857142857142856,48.61111111111111,56.94444444444444,46.449999999999996,17.658730158730158,48.61111111111111,33.92857142857143,39.48412698412698,67.65873015873015,21.42,484.398
2024-10-09,4.9603174603174605,45.03968253968254,61.7063492063492,47.85,18.452380952380953,45.03968253968254,43.84920634920635,53.769841269841265,69.64285714285714,20.86,488.209
2024-10-10,6.547619047619048,74.8015873015873,60.91269841269842,47.675,45.43650793650794,74.8015873015873,32.34126984126984,53.769841269841265,72.42063492063491,20.93,487.655
2024-10-11,4.9603174603174605,27.976190476190478,58.33333333333334,48.849999999999994,34.72222222222222,27.976190476190478,51.78571428571429,57.738095238095234,73.61111111111111,20.46,488.417
2024-10-14,9.325396825396826,40.27777777777778,61.507936507936506,51.5,33.13492063492063,40.27777777777778,66.46825396825396,68.84920634920636,77.97619047619048,19.7,492.515
2024-10-15,12.103174603174603,52.976190476190474,64.08730158730158,48.4,19.246031746031747,52.976190476190474,63.095238095238095,44.642857142857146,66.86507936507937,20.64,485.932
2024-10-16,10.515873015873016,28.76984126984127,67.26190476190476,52.10000000000001,1.7857142857142856,28.76984126984127,71.23015873015873,64.88095238095238,66.86507936507937,19.58,485.991
2024-10-17,12.5,10.515873015873016,74.6031746031746,54.45,4.166666666666666,10.515873015873016,60.912698412698404,76.78571428571429,77.18253968253968,19.11,486.328
2024-10-18,11.30952380952381,0.1984126984126984,72.81746031746032,59.849999999999994,1.7857142857142856,0.1984126984126984,66.86507936507937,61.30952380952381,78.37301587301587,18.03,489.516
2024-10-21,14.880952380952381,8.928571428571429,67.85714285714286,58.15,9.722222222222223,8.928571428571429,45.83333333333333,52.976190476190474,93.45238095238095,18.37,490.456
2024-10-22,28.373015873015873,10.119047619047619,64.08730158730158,59.0,2.1825396825396823,10.119047619047619,36.7063492063492,37.89682539682539,94.64285714285714,18.2,490.991
2024-10-23,30.753968253968257,32.34126984126984,58.333333333333336,53.80000000000001,22.023809523809522,32.34126984126984,28.373015873015873,31.547619047619047,95.43650793650794,19.24,483.467
2024-10-24,42.26190476190476,53.37301587301587,50.59523809523809,54.60000000000001,47.817460317460316,53.37301587301587,25.595238095238095,29.166666666666668,91.86507936507937,19.08,487.387
2024-10-25,50.198412698412696,67.65873015873017,49.60317460317461,49.175000000000004,63.69047619047619,67.65873015873017,14.880952380952381,33.13492063492063,97.02380952380952,20.33,490.357
2024-10-28,59.32539682539682,12.896825396825399,48.21428571428572,50.99999999999999,19.246031746031747,12.896825396825399,25.992063492063494,28.76984126984127,98.61111111111111,19.8,490.436
2024-10-29,51.78571428571429,2.1825396825396823,47.023809523809526,53.300000000000004,8.928571428571429,2.1825396825396823,17.261904761904763,34.32539682539682,99.0079365079365,19.34,495.149
2024-10-30,54.166666666666664,0.992063492063492,47.22222222222223,49.125,50.595238095238095,0.992063492063492,16.46825396825397,27.579365079365083,98.61111111111111,20.35,491.407
2024-10-31,43.84920634920635,6.15079365079365,49.404761904761905,42.1,22.42063492063492,6.15079365079365,4.9603174603174605,58.92857142857143,81.15079365079364,23.16,479.002
2024-11-01,58.92857142857143,12.5,44.84126984126985,45.300000000000004,15.277777777777779,12.5,6.15079365079365,9.325396825396826,96.23015873015873,21.88,482.546
2024-11-04,53.37301587301587,1.3888888888888888,41.46825396825397,45.05,2.976190476190476,1.3888888888888888,5.357142857142857,6.944444444444445,86.30952380952381,21.98,481.14
2024-11-05,53.769841269841265,4.563492063492063,39.08730158730159,48.775000000000006,2.976190476190476,4.563492063492063,20.833333333333336,11.30952380952381,85.91269841269842,20.49,487.278
2024-11-06,49.801587301587304,0.5952380952380952,42.26190476190476,68.65,1.3888888888888888,0.5952380952380952,47.22222222222222,76.78571428571429,99.8015873015873,16.27,500.514
2024-11-07,56.547619047619044,3.7698412698412698,45.03968253968254,74.0,6.15079365079365,3.7698412698412698,49.404761904761905,79.56349206349206,99.4047619047619,15.2,508.395
2024-11-08,45.83333333333333,43.84920634920635,50.0,75.30000000000001,43.84920634920635,43.84920634920635,53.37301587301587,38.69047619047619,99.4047619047619,14.94,508.989
2024-11-11,25.198412698412696,64.48412698412699,59.72222222222222,75.15,84.32539682539682,64.48412698412699,55.158730158730165,56.15079365079365,99.4047619047619,14.97,508.692
2024-11-12,33.53174603174603,32.73809523809524,61.7063492063492,76.44999999999999,52.182539682539684,32.73809523809524,52.57936507936508,26.38888888888889,99.8015873015873,14.71,507.771
2024-11-13,24.801587301587304,43.452380952380956,53.57142857142858,79.9,44.642857142857146,43.452380952380956,50.198412698412696,9.325396825396826,99.8015873015873,14.02,507.118
2024-11-14,28.76984126984127,25.992063492063494,44.24603174603175,78.44999999999999,28.76984126984127,25.992063492063494,46.42857142857143,16.865079365079367,99.0079365079365,14.31,503.593
2024-11-15,18.849206349206348,10.515873015873016,39.285714285714285,69.3,31.944444444444443,10.515873015873016,39.08730158730159,32.73809523809524,98.21428571428571,16.14,491.595
2024-11-18,16.46825396825397,30.753968253968257,35.11904761904762,72.1,65.27777777777779,30.753968253968257,43.452380952380956,31.150793650793652,98.21428571428571,15.58,495.01
2024-11-19,29.563492063492063,18.055555555555554,33.53174603174603,68.25,12.5,18.055555555555554,40.67460317460318,16.071428571428573,97.42063492063492,16.35,498.416
2024-11-20,36.30952380952381,13.690476190476192,34.12698412698413,64.2,29.96031746031746,13.690476190476192,41.86507936507937,17.658730158730158,98.21428571428571,17.16,498.129
2024-11-21,24.00793650793651,29.563492063492063,34.920634920634924,65.65,51.78571428571429,29.563492063492063,64.28571428571429,15.277777777777779,99.0079365079365,16.87,499.92
2024-11-22,20.436507936507937,25.595238095238095,39.08730158730159,73.8,8.928571428571429,25.595238095238095,74.20634920634922,50.99206349206349,98.21428571428571,15.24,500.722
2024-11-25,16.071428571428573,1.7857142857142856,45.63492063492063,77.0,0.1984126984126984,1.7857142857142856,91.46825396825396,70.03968253968253,94.24603174603175,14.6,501.514
2024-11-26,22.817460317460316,6.944444444444445,51.38888888888889,79.5,3.373015873015873,6.944444444444445,87.10317460317461,68.84920634920636,95.83333333333333,14.1,504.207
2024-11-27,26.785714285714285,50.198412698412696,58.13492063492063,79.5,7.341269841269842,50.198412698412696,89.48412698412699,61.70634920634921,93.45238095238095,14.1,500.237
2024-11-29,30.753968253968257,24.801587301587304,58.333333333333336,82.45,10.515873015873016,24.801587301587304,94.24603174603175,60.51587301587301,90.27777777777777,13.51,504.633
2024-12-02,56.94444444444444,43.84920634920635,62.698412698412696,83.3,12.896825396825399,43.84920634920635,91.86507936507937,60.51587301587301,85.11904761904762,13.34,510.127
2024-12-03,67.65873015873017,11.30952380952381,69.24603174603175,83.5,4.563492063492063,11.30952380952381,67.06349206349206,86.70634920634922,89.88095238095238,13.3,511.691
2024-12-04,68.84920634920636,40.67460317460318,70.63492063492063,82.75,13.690476190476192,40.67460317460318,48.61111111111111,62.5,88.69047619047619,13.45,518.017
2024-12-05,79.96031746031747,16.865079365079367,67.06349206349206,82.30000000000001,5.753968253968254,16.865079365079367,33.53174603174603,23.61111111111111,83.92857142857143,13.54,516.582
2024-12-06,81.54761904761905,31.944444444444443,68.45238095238095,86.15,22.817460317460316,31.944444444444443,29.96031746031746,50.595238095238095,81.54761904761905,12.77,521.205
2024-12-09,74.0079365079365,16.46825396825397,63.88888888888889,79.05000000000001,11.706349206349206,16.46825396825397,15.277777777777779,54.96031746031746,86.7063492063492,14.19,517.146
2024-12-10,67.26190476190477,20.03968253968254,51.19047619047619,79.1,20.436507936507937,20.03968253968254,7.5396825396825395,60.51587301587301,88.69047619047619,14.18,515.384
2024-12-11,71.62698412698413,8.531746031746032,54.36507936507937,82.1,35.51587301587302,8.531746031746032,10.119047619047619,30.753968253968257,93.45238095238095,13.58,524.611
2024-12-12,75.1984126984127,35.11904761904761,52.97619047619048,80.4,38.69047619047619,35.11904761904761,8.531746031746032,25.198412698412696,94.64285714285714,13.92,521.225
2024-12-13,86.70634920634922,90.27777777777779,58.92857142857143,80.94999999999999,85.51587301587301,90.27777777777779,4.166666666666666,67.65873015873017,97.81746031746032,13.81,525.214
2024-12-16,89.48412698412699,79.56349206349206,61.507936507936506,76.55,81.15079365079364,79.56349206349206,2.976190476190476,78.76984126984127,97.81746031746032,14.69,532.778
2024-12-17,90.67460317460318,64.48412698412699,53.96825396825396,70.65,77.57936507936508,64.48412698412699,2.579365079365079,46.62698412698413,97.42063492063492,15.87,530.432
2024-12-18,87.89682539682539,68.45238095238095,43.45238095238095,30.94999999999999,70.43650793650794,68.45238095238095,0.5952380952380952,8.928571428571429,96.23015873015873,27.62,511.295
2024-12-19,88.69047619047619,39.08730158730159,29.960317460317462,39.775,26.38888888888889,39.08730158730159,0.5952380952380952,4.166666666666666,99.4047619047619,24.09,509.018
2024-12-20,89.0873015873016,3.7698412698412698,15.079365079365079,58.2,18.452380952380953,3.7698412698412698,2.579365079365079,26.785714285714285,99.0079365079365,18.36,513.463
2024-12-23,89.88095238095238,56.547619047619044,12.3015873015873,66.1,59.32539682539682,56.547619047619044,2.976190476190476,68.84920634920636,99.8015873015873,16.78,518.466
2024-12-24,89.48412698412699,96.62698412698413,16.269841269841272,78.65,98.61111111111111,96.62698412698413,3.7698412698412698,72.81746031746032,99.8015873015873,14.27,525.496
2024-12-26,91.07142857142857,82.73809523809523,23.80952380952381,76.35,91.86507936507937,82.73809523809523,4.563492063492063,56.547619047619044,99.4047619047619,14.73,525.139
2024-12-27,91.46825396825396,84.72222222222221,31.746031746031747,70.25,94.24603174603175,84.72222222222221,3.373015873015873,33.13492063492063,99.4047619047619,15.95,518.158
2024-12-30,88.69047619047619,58.53174603174603,35.91269841269841,63.00000000000001,53.769841269841265,58.53174603174603,2.579365079365079,32.34126984126984,98.21428571428571,17.4,511.267
2024-12-31,87.10317460317461,64.88095238095238,30.555555555555557,63.24999999999999,77.18253968253968,64.88095238095238,1.7857142857142856,28.76984126984127,95.43650793650794,17.35,506.924
2025-01-02,85.9126984126984,76.38888888888889,36.111111111111114,60.35,88.29365079365078,76.38888888888889,3.7698412698412698,33.53174603174603,93.05555555555556,17.93,505.932
2025-01-03,86.70634920634922,78.76984126984127,43.65079365079365,69.35000000000001,79.96031746031747,78.76984126984127,6.944444444444445,63.29365079365079,98.21428571428571,16.13,514.212
2025-01-06,90.27777777777779,54.96031746031746,49.007936507936506,69.80000000000001,56.15079365079365,54.96031746031746,8.928571428571429,30.753968253968257,98.21428571428571,16.04,520.121
2025-01-07,83.53174603174604,60.51587301587301,48.01587301587302,60.9,60.912698412698404,60.51587301587301,9.126984126984127,10.119047619047619,98.21428571428571,17.82,510.84
2025-01-08,81.15079365079364,22.023809523809522,46.82539682539682,61.50000000000001,21.626984126984127,22.023809523809522,15.674603174603174,6.15079365079365,98.21428571428571,17.7,510.93
2025-01-10,79.96031746031747,1.3888888888888888,44.24603174603175,52.300000000000004,6.15079365079365,1.3888888888888888,6.547619047619048,49.801587301587304,98.61111111111111,19.54,502.918
2025-01-13,68.45238095238095,2.579365079365079,31.746031746031747,54.04999999999999,4.9603174603174605,2.579365079365079,9.325396825396826,18.849206349206348,99.8015873015873,19.19,501.301
2025-01-14,63.69047619047619,2.579365079365079,33.730158730158735,56.449999999999996,21.23015873015873,2.579365079365079,26.984126984126984,46.230158730158735,99.4047619047619,18.71,500.825
2025-01-15,75.9920634920635,1.7857142857142856,34.12698412698413,69.39999999999999,4.166666666666666,1.7857142857142856,50.198412698412696,18.452380952380953,97.02380952380952,16.12,512.347
2025-01-16,64.48412698412699,12.896825396825399,36.507936507936506,67.0,12.103174603174603,12.896825396825399,68.45238095238095,18.055555555555554,95.43650793650794,16.6,508.758
2025-01-17,78.37301587301587,11.706349206349206,26.785714285714285,70.14999999999999,24.00793650793651,11.706349206349206,81.54761904761905,15.674603174603174,95.83333333333333,15.97,517.345
2025-01-21,70.43650793650794,11.30952380952381,34.32539682539682,74.7,17.658730158730158,11.30952380952381,95.03968253968253,64.48412698412699,95.03968253968254,15.06,520.379
2025-01-22,81.15079365079364,23.214285714285715,35.51587301587301,74.5,34.72222222222222,23.214285714285715,85.11904761904762,59.72222222222222,97.42063492063492,15.1,527.033
2025-01-23,73.21428571428571,0.992063492063492,33.33333333333333,74.9,0.992063492063492,0.992063492063492,90.67460317460318,21.626984126984127,99.8015873015873,15.02,528.153
2025-01-24,62.10317460317461,6.944444444444445,40.87301587301587,75.75,24.801587301587304,6.944444444444445,91.46825396825396,59.72222222222222,99.4047619047619,14.85,525.169
2025-01-27,51.78571428571429,81.54761904761905,44.64285714285714,60.50000000000001,88.69047619047619,81.54761904761905,91.86507936507937,9.325396825396826,91.46825396825398,17.9,509.878
2025-01-28,66.86507936507937,74.8015873015873,35.714285714285715,67.95,69.24603174603175,74.8015873015873,77.57936507936508,17.261904761904763,93.45238095238095,16.41,517.414
2025-01-29,58.13492063492064,56.547619047619044,46.62698412698413,67.2,70.83333333333334,56.547619047619044,70.03968253968253,44.24603174603175,93.05555555555556,16.56,516.443
2025-01-30,54.166666666666664,58.92857142857143,60.71428571428571,70.8,83.53174603174604,58.92857142857143,83.53174603174604,62.5,92.26190476190476,15.84,518.644
2025-01-31,52.976190476190474,39.88095238095239,47.81746031746032,67.85,64.48412698412699,39.88095238095239,69.24603174603175,6.547619047619048,93.05555555555556,16.43,517.89
2025-02-03,51.388888888888886,35.11904761904761,47.420634920634924,56.89999999999999,56.94444444444444,35.11904761904761,54.96031746031746,8.531746031746032,88.69047619047619,18.62,513.746
2025-02-04,74.40476190476191,4.166666666666666,46.62698412698413,63.949999999999996,32.73809523809524,4.166666666666666,53.37301587301587,7.738095238095238,88.69047619047619,17.21,520.052
2025-02-05,65.27777777777779,2.579365079365079,43.05555555555556,71.15,29.96031746031746,2.579365079365079,59.523809523809526,54.563492063492056,82.73809523809524,15.77,522.412
2025-02-06,79.16666666666666,26.38888888888889,37.5,72.5,19.642857142857142,26.38888888888889,52.38095238095239,52.57936507936508,85.91269841269842,15.5,525.139
2025-02-07,71.62698412698413,41.46825396825397,43.25396825396825,67.30000000000001,53.37301587301587,41.46825396825397,42.857142857142854,17.261904761904763,86.30952380952381,16.54,518.515
2025-02-10,77.97619047619048,23.214285714285715,54.96031746031746,70.94999999999999,14.880952380952381,23.214285714285715,40.27777777777778,49.404761904761905,89.88095238095238,15.81,524.792
2025-02-11,64.48412698412699,26.785714285714285,50.79365079365079,69.9,39.48412698412698,26.785714285714285,37.5,4.9603174603174605,92.26190476190476,16.02,523.542
2025-02-12,72.02380952380952,7.341269841269842,40.079365079365076,70.55,6.547619047619048,7.341269841269842,27.18253968253968,11.30952380952381,96.23015873015873,15.89,523.85
2025-02-13,80.75396825396825,8.928571428571429,37.301587301587304,74.5,9.722222222222223,8.928571428571429,33.92857142857143,30.357142857142854,92.26190476190476,15.1,531.386
2025-02-14,77.57936507936508,11.706349206349206,45.83333333333333,76.15,6.15079365079365,11.706349206349206,31.150793650793652,58.13492063492064,86.7063492063492,14.77,533.617
2025-02-18,66.46825396825396,12.896825396825399,46.62698412698413,73.25,6.15079365079365,12.896825396825399,41.07142857142857,70.83333333333334,95.03968253968254,15.35,534.827
2025-02-19,64.0873015873016,50.198412698412696,62.10317460317461,73.65,27.18253968253968,50.198412698412696,44.642857142857146,58.92857142857143,93.84920634920636,15.27,534.975
2025-02-20,72.81746031746032,19.246031746031747,64.88095238095238,71.69999999999999,7.341269841269842,19.246031746031747,39.08730158730159,27.579365079365083,89.48412698412699,15.66,532.705
2025-02-21,65.67460317460318,3.7698412698412698,52.38095238095238,58.949999999999996,3.7698412698412698,3.7698412698412698,24.6031746031746,12.103174603174603,77.57936507936508,18.21,521.648
2025-02-24,46.230158730158735,16.071428571428573,29.761904761904766,55.1,10.515873015873016,16.071428571428573,27.579365079365083,3.373015873015873,75.1984126984127,18.98,515.491
2025-02-25,39.88095238095239,13.690476190476192,19.04761904761905,52.85,21.23015873015873,13.690476190476192,29.96031746031746,12.103174603174603,61.7063492063492,19.43,508.996
2025-02-26,54.563492063492056,41.07142857142857,17.857142857142858,54.49999999999999,48.214285714285715,41.07142857142857,27.77777777777778,2.976190476190476,52.182539682539684,19.1,510.226
2025-02-27,50.0,60.912698412698404,18.452380952380953,47.175000000000004,46.230158730158735,60.912698412698404,17.857142857142858,10.515873015873016,49.00793650793651,21.13,496.056
2025-02-28,50.0,8.531746031746032,21.626984126984127,51.85000000000001,12.103174603174603,8.531746031746032,36.11111111111111,12.5,46.62698412698413,19.63,503.889
2025-03-03,50.0,27.18253968253968,27.18253968253968,43.05,21.626984126984127,27.18253968253968,24.6031746031746,0.1984126984126984,28.373015873015873,22.78,492.863
2025-03-04,50.0,8.134920634920634,24.603174603174605,41.224999999999994,10.912698412698413,8.134920634920634,11.706349206349206,5.753968253968254,28.769841269841265,23.51,491.376
2025-03-05,50.0,6.547619047619048,23.214285714285715,45.175,8.531746031746032,6.547619047619048,18.055555555555554,8.531746031746032,38.29365079365079,21.93,497.781
2025-03-06,50.0,12.896825396825399,22.619047619047617,37.824999999999996,12.5,12.896825396825399,12.698412698412698,14.484126984126986,29.96031746031747,24.87,484.088
2025-03-07,50.0,2.1825396825396823,31.349206349206348,41.574999999999996,4.9603174603174605,2.1825396825396823,21.03174603174603,18.849206349206348,37.89682539682539,23.37,487.647
2025-03-10,50.0,3.373015873015873,25.0,30.349999999999994,9.325396825396826,3.373015873015873,17.063492063492063,24.801587301587304,20.03968253968253,27.86,468.748
2025-03-11,50.0,13.690476190476192,28.571428571428573,32.69999999999999,18.849206349206348,13.690476190476192,7.738095238095238,1.7857142857142856,22.420634920634924,26.92,467.627
2025-03-12,50.0,28.373015873015873,32.93650793650794,39.425,29.96031746031746,28.373015873015873,5.357142857142857,10.912698412698413,26.388888888888886,24.23,472.903
2025-03-13,50.0,26.785714285714285,31.547619047619047,38.35,19.246031746031747,26.785714285714285,5.357142857142857,7.341269841269842,18.849206349206355,24.66,464.395
2025-03-14,50.0,17.658730158730158,27.777777777777775,45.575,20.436507936507937,17.658730158730158,8.928571428571429,2.579365079365079,26.785714285714292,21.77,475.62
2025-03-17,50.0,11.30952380952381,40.476190476190474,48.724999999999994,24.404761904761905,11.30952380952381,24.00793650793651,51.78571428571429,27.97619047619048,20.51,478.703
2025-03-18,50.0,8.928571428571429,37.10317460317461,45.75,41.86507936507937,8.928571428571429,17.261904761904763,4.9603174603174605,25.198412698412696,21.7,470.543
2025-03-19,50.0,7.341269841269842,26.19047619047619,50.50000000000001,29.563492063492063,7.341269841269842,25.992063492063494,5.357142857142857,25.198412698412696,19.9,476.839
2025-03-20,50.0,10.515873015873016,21.825396825396822,50.99999999999999,24.00793650793651,10.515873015873016,26.190476190476193,7.341269841269842,22.420634920634924,19.8,475.223
2025-03-21,50.0,0.1984126984126984,17.063492063492063,53.599999999999994,0.1984126984126984,0.1984126984126984,15.277777777777779,8.134920634920634,23.214285714285708,19.28,476.79
2025-03-24,50.0,56.547619047619044,7.738095238095239,62.6,54.166666666666664,56.547619047619044,50.198412698412696,8.134920634920634,41.46825396825397,17.48,487.252
2025-03-25,50.0,12.896825396825399,10.714285714285715,64.25,24.404761904761905,12.896825396825399,52.976190476190474,20.833333333333336,37.10317460317461,17.15,490.033
2025-03-26,50.0,47.42063492063492,12.5,58.35000000000001,54.563492063492056,47.42063492063492,52.182539682539684,2.1825396825396823,35.11904761904762,18.33,481.016
2025-03-27,50.0,48.61111111111111,15.476190476190476,56.55,49.007936507936506,48.61111111111111,41.07142857142857,0.1984126984126984,38.29365079365079,18.69,478.275
2025-03-28,50.0,21.23015873015873,22.42063492063492,45.875,42.26190476190476,21.23015873015873,17.857142857142858,6.944444444444445,20.03968253968253,21.65,465.683
2025-03-31,50.0,6.944444444444445,20.23809523809524,44.3,22.817460317460316,6.944444444444445,41.46825396825397,1.7857142857142856,18.055555555555557,22.28,465.663
2025-04-01,50.0,18.849206349206348,31.150793650793652,45.575,34.72222222222222,18.849206349206348,45.83333333333333,0.1984126984126984,17.658730158730165,21.77,469.417
2025-04-02,50.0,64.88095238095238,31.150793650793652,46.224999999999994,83.92857142857143,64.88095238095238,62.5,1.3888888888888888,19.246031746031747,21.51,472.843
2025-04-03,50.0,10.119047619047619,17.063492063492063,24.950000000000003,2.976190476190476,10.119047619047619,10.119047619047619,0.1984126984126984,2.5793650793650755,30.02,447.53
2025-04-04,50.0,4.9603174603174605,15.079365079365079,0.0,11.706349206349206,4.9603174603174605,0.1984126984126984,0.1984126984126984,0.19841269841269593,45.31,419.734
2025-04-07,50.0,20.833333333333336,17.857142857142858,0.0,36.7063492063492,20.833333333333336,0.1984126984126984,0.5952380952380952,0.5952380952380878,46.98,420.747
2025-04-08,50.0,19.642857142857142,14.484126984126984,0.0,29.96031746031746,19.642857142857142,0.3968253968253968,0.1984126984126984,1.3888888888888857,52.33,413.17
2025-04-09,50.0,45.43650793650794,14.087301587301589,15.950000000000017,55.75396825396825,45.43650793650794,8.134920634920634,36.7063492063492,21.626984126984127,33.62,462.763
2025-04-10,50.0,33.53174603174603,20.039682539682538,0.0,51.78571428571429,33.53174603174603,3.7698412698412698,3.373015873015873,16.46825396825396,40.72,443.081
2025-04-11,50.0,16.865079365079367,33.13492063492064,6.099999999999994,24.00793650793651,16.865079365079367,8.928571428571429,2.1825396825396823,23.214285714285708,37.56,451.244
2025-04-14,50.0,37.89682539682539,44.642857142857146,22.775000000000006,39.48412698412698,37.89682539682539,14.880952380952381,10.912698412698413,20.436507936507937,30.89,454.303
2025-04-15,50.0,5.357142857142857,47.81746031746032,24.700000000000003,29.96031746031746,5.357142857142857,13.293650793650794,10.515873015873016,20.03968253968253,30.12,454.809
2025-04-16,50.0,50.198412698412696,48.21428571428572,18.400000000000006,67.65873015873017,50.198412698412696,8.333333333333332,2.976190476190476,9.325396825396822,32.64,441.095
2025-04-17,50.0,0.5952380952380952,44.64285714285714,25.875,33.13492063492063,0.5952380952380952,10.515873015873016,0.992063492063492,12.896825396825392,29.65,441.015
2025-04-21,50.0,1.7857142857142856,40.07936507936508,15.449999999999989,22.023809523809522,1.7857142857142856,4.9603174603174605,2.579365079365079,11.706349206349216,33.82,430.102
2025-04-22,50.0,1.7857142857142856,27.579365079365083,23.575000000000003,20.03968253968254,1.7857142857142856,19.642857142857142,2.579365079365079,20.833333333333343,30.57,441.393
2025-04-23,50.0,7.738095238095238,23.01587301587302,28.875,16.865079365079367,7.738095238095238,45.83333333333333,5.357142857142857,22.420634920634924,28.45,451.403
2025-04-24,50.0,7.341269841269842,29.96031746031746,33.825,2.1825396825396823,7.341269841269842,78.76984126984127,6.944444444444445,22.817460317460316,26.47,464.104
2025-04-25,50.0,30.357142857142854,41.666666666666664,37.9,77.57936507936508,30.357142857142854,75.9920634920635,13.293650793650794,23.214285714285708,24.84,469.278
2025-04-28,50.0,32.73809523809524,48.214285714285715,37.125,54.563492063492056,32.73809523809524,85.9126984126984,6.944444444444445,21.230158730158735,25.15,469.129
2025-04-29,50.0,10.515873015873016,50.0,39.574999999999996,12.5,10.515873015873016,96.23015873015873,6.547619047619048,20.833333333333343,24.17,472.227
2025-04-30,50.0,4.9603174603174605,49.20634920634921,38.25,21.23015873015873,4.9603174603174605,95.43650793650794,8.134920634920634,16.46825396825396,24.7,472.168
2025-05-01,50.0,16.46825396825397,46.62698412698413,38.5,73.61111111111111,16.46825396825397,92.26190476190477,8.531746031746032,24.007936507936506,24.6,478.334
2025-05-02,50.0,20.436507936507937,45.63492063492063,43.3,64.0873015873016,20.436507936507937,98.61111111111111,14.880952380952381,33.53174603174604,22.68,485.435
2025-05-05,50.0,6.15079365079365,43.65079365079365,40.9,50.198412698412696,6.15079365079365,95.63492063492063,20.03968253968254,34.32539682539682,23.64,482.555
2025-05-06,50.0,4.166666666666666,42.460317460317455,38.099999999999994,12.5,4.166666666666666,87.89682539682539,3.373015873015873,27.579365079365076,24.76,478.066
2025-05-07,50.0,8.134920634920634,49.007936507936506,41.125,52.182539682539684,8.134920634920634,85.51587301587301,15.674603174603174,27.182539682539684,23.55,479.943
2025-05-08,50.0,2.976190476190476,48.01587301587301,43.8,16.865079365079367,2.976190476190476,90.27777777777779,12.103174603174603,36.70634920634921,22.48,484.899
2025-05-09,50.0,23.214285714285715,50.595238095238095,45.25,28.373015873015873,23.214285714285715,84.32539682539682,18.452380952380953,35.912698412698404,21.9,484.581
2025-05-12,50.0,3.7698412698412698,48.61111111111111,58.05,8.134920634920634,3.7698412698412698,92.65873015873017,25.595238095238095,66.86507936507937,18.39,504.323
2025-05-13,50.0,33.13492063492063,47.61904761904762,58.900000000000006,84.32539682539682,33.13492063492063,84.52380952380952,37.10317460317461,72.02380952380952,18.22,512.009
2025-05-14,50.0,37.5,38.2936507936508,56.89999999999999,65.67460317460318,37.5,76.78571428571429,51.78571428571429,75.5952380952381,18.62,515.077
2025-05-15,50.0,1.7857142857142856,25.595238095238095,60.85000000000001,67.65873015873017,1.7857142857142856,92.46031746031747,22.817460317460316,70.43650793650794,17.83,515.644
2025-05-16,50.0,0.992063492063492,17.063492063492063,63.800000000000004,80.35714285714286,0.992063492063492,97.81746031746032,42.65873015873016,70.43650793650794,17.24,517.888
2025-05-19,50.0,12.103174603174603,15.07936507936508,59.3,59.72222222222222,12.103174603174603,97.81746031746032,14.087301587301587,73.21428571428572,18.14,518.384
2025-05-20,50.0,22.42063492063492,13.888888888888888,59.550000000000004,70.43650793650794,22.42063492063492,96.62698412698413,25.992063492063494,74.0079365079365,18.09,516.656
2025-05-21,50.0,18.055555555555554,10.912698412698413,47.824999999999996,70.43650793650794,18.055555555555554,62.5,12.103174603174603,75.5952380952381,20.87,509.477
2025-05-22,50.0,17.658730158730158,8.531746031746032,49.3,57.341269841269835,17.658730158730158,55.35714285714286,7.341269841269842,72.81746031746032,20.28,510.43
2025-05-23,50.0,62.89682539682539,6.944444444444445,44.275000000000006,40.67460317460318,62.89682539682539,48.214285714285715,4.563492063492063,67.26190476190476,22.29,505.703
2025-05-27,50.0,57.341269841269835,7.5396825396825395,55.199999999999996,36.7063492063492,57.341269841269835,78.37301587301587,21.626984126984127,67.26190476190476,18.96,517.6
2025-05-28,50.0,75.59523809523809,9.126984126984127,53.45000000000001,69.64285714285714,75.59523809523809,57.341269841269835,47.42063492063492,68.45238095238095,19.31,515.306
2025-05-29,52.57936507936508,80.75396825396825,12.698412698412698,54.1,75.59523809523809,80.75396825396825,65.27777777777779,54.96031746031746,65.67460317460318,19.18,516.319
2025-05-30,50.0,21.626984126984127,15.476190476190474,57.15,8.531746031746032,21.626984126984127,58.13492063492064,19.642857142857142,62.5,18.57,515.505
2025-06-02,60.11904761904761,23.214285714285715,16.26984126984127,58.2,34.72222222222222,23.214285714285715,51.78571428571429,20.436507936507937,68.45238095238095,18.36,519.576
2025-06-03,52.182539682539684,34.32539682539682,17.658730158730158,61.55,31.150793650793652,34.32539682539682,68.45238095238095,43.84920634920635,71.62698412698413,17.69,523.638
2025-06-04,53.37301587301587,59.32539682539682,19.444444444444446,61.95,55.35714285714286,59.32539682539682,53.96825396825397,68.45238095238095,58.13492063492063,17.61,525.097
2025-06-05,58.92857142857143,95.03968253968253,17.658730158730158,57.599999999999994,98.61111111111111,95.03968253968253,42.65873015873016,27.18253968253968,60.11904761904761,18.48,521.145
2025-06-06,64.88095238095238,79.16666666666666,18.650793650793652,66.15,87.10317460317461,79.16666666666666,64.48412698412699,33.13492063492063,77.18253968253968,16.77,526.239
2025-06-09,82.34126984126983,64.88095238095238,23.015873015873012,64.2,70.83333333333334,64.88095238095238,58.13492063492064,47.42063492063492,74.8015873015873,17.16,527.014
2025-06-10,78.76984126984127,37.5,26.38888888888889,65.25,53.769841269841265,37.5,68.45238095238095,77.18253968253968,74.8015873015873,16.95,530.5
2025-06-11,63.69047619047619,52.57936507936508,29.365079365079364,63.69999999999999,44.642857142857146,52.57936507936508,59.32539682539682,83.92857142857143,68.05555555555556,17.26,528.712
2025-06-12,73.21428571428571,52.182539682539684,33.13492063492063,59.900000000000006,41.07142857142857,52.182539682539684,64.88095238095238,53.37301587301587,62.5,18.02,529.953
2025-06-13,72.42063492063492,57.341269841269835,36.30952380952381,47.95,40.27777777777778,57.341269841269835,25.595238095238095,41.86507936507937,63.69047619047619,20.82,523.3
2025-06-16,80.35714285714286,44.24603174603175,30.75396825396825,54.45,24.404761904761905,44.24603174603175,50.198412698412696,29.166666666666668,74.0079365079365,19.11,530.579
2025-06-17,84.72222222222221,38.2936507936508,24.00793650793651,46.0,3.7698412698412698,38.2936507936508,23.61111111111111,37.5,60.91269841269841,21.6,525.405
2025-06-18,84.32539682539682,14.087301587301587,17.857142857142858,49.65,10.515873015873016,14.087301587301587,31.944444444444443,34.72222222222222,58.92857142857143,20.14,525.316
2025-06-20,78.37301587301587,2.1825396825396823,17.063492063492063,48.449999999999996,0.5952380952380952,2.1825396825396823,34.32539682539682,52.182539682539684,56.15079365079365,20.62,523.171
2025-06-23,71.23015873015873,68.84920634920636,17.063492063492063,50.85000000000001,75.1984126984127,68.84920634920636,55.35714285714286,43.05555555555556,55.75396825396825,19.83,528.55
2025-06-24,70.43650793650794,45.43650793650794,22.222222222222225,62.6,34.72222222222222,45.43650793650794,74.40476190476191,75.1984126984127,56.94444444444444,17.48,536.633
2025-06-25,75.59523809523809,71.23015873015873,32.73809523809524,66.19999999999999,83.53174603174604,71.23015873015873,52.976190476190474,94.24603174603175,54.16666666666667,16.76,538.005
2025-06-26,86.70634920634922,37.10317460317461,38.888888888888886,67.05,30.357142857142854,37.10317460317461,63.888888888888886,83.13492063492063,53.769841269841265,16.59,543.035
2025-06-27,87.5,12.896825396825399,41.26984126984127,68.4,25.198412698412696,12.896825396825399,70.03968253968253,77.18253968253968,64.0873015873016,16.32,544.895
2025-06-30,92.26190476190477,24.00793650793651,46.03174603174603,66.35,40.67460317460318,24.00793650793651,79.96031746031747,92.65873015873017,51.785714285714285,16.73,548.424
2025-07-01,84.72222222222221,37.5,44.44444444444444,65.85000000000001,41.46825396825397,37.5,94.64285714285714,52.57936507936508,57.73809523809524,16.83,543.801
2025-07-02,86.30952380952381,35.91269841269841,36.904761904761905,66.8,18.849206349206348,35.91269841269841,87.10317460317461,29.563492063492063,67.65873015873015,16.64,547.589
2025-07-03,88.69047619047619,70.83333333333334,39.08730158730159,68.10000000000001,50.595238095238095,70.83333333333334,91.46825396825396,91.86507936507937,75.9920634920635,16.38,552.977
2025-07-07,91.86507936507937,47.023809523809526,40.079365079365076,61.050000000000004,19.246031746031747,47.023809523809526,80.75396825396825,75.1984126984127,77.97619047619048,17.79,548.812
2025-07-08,90.67460317460318,22.42063492063492,35.51587301587301,65.95000000000002,1.7857142857142856,22.42063492063492,79.96031746031747,43.452380952380956,77.97619047619048,16.81,549.12
2025-07-09,87.5,16.865079365079367,34.12698412698413,70.3,18.849206349206348,16.865079365079367,81.94444444444444,46.230158730158735,72.81746031746032,15.94,553.007
2025-07-10,81.94444444444444,31.547619047619047,41.26984126984127,71.1,11.30952380952381,31.547619047619047,82.34126984126983,67.65873015873017,75.5952380952381,15.78,552.212
2025-07-11,54.166666666666664,27.18253968253968,29.96031746031746,68.0,41.86507936507937,27.18253968253968,66.07142857142857,36.30952380952381,80.35714285714286,16.4,550.969
2025-07-14,67.26190476190477,15.674603174603174,25.99206349206349,64.0,2.976190476190476,15.674603174603174,71.62698412698413,51.388888888888886,81.54761904761905,17.2,552.967
2025-07-15,82.34126984126983,38.2936507936508,28.174603174603174,63.10000000000001,33.92857142857143,38.2936507936508,33.53174603174603,55.35714285714286,86.7063492063492,17.38,553.474
2025-07-16,85.9126984126984,13.690476190476192,33.53174603174603,64.2,11.30952380952381,13.690476190476192,42.46031746031746,77.18253968253968,84.32539682539682,17.16,554.041
2025-07-17,82.73809523809523,4.563492063492063,27.976190476190478,67.4,1.7857142857142856,4.563492063492063,55.158730158730165,45.03968253968254,88.2936507936508,16.52,558.525
2025-07-18,92.26190476190477,0.992063492063492,25.3968253968254,67.95,17.658730158730158,0.992063492063492,51.78571428571429,30.753968253968257,83.92857142857143,16.41,557.988
2025-07-21,99.8015873015873,5.357142857142857,21.626984126984127,66.75,4.563492063492063,5.357142857142857,39.48412698412698,35.91269841269841,76.38888888888889,16.65,560.881
2025-07-22,95.43650793650794,3.7698412698412698,20.436507936507937,67.5,3.7698412698412698,3.7698412698412698,67.26190476190477,29.166666666666668,74.4047619047619,16.5,557.978
2025-07-23,93.45238095238095,3.373015873015873,18.84920634920635,73.15,0.992063492063492,3.373015873015873,78.37301587301587,67.65873015873017,82.73809523809524,15.37,560.523
2025-07-24,89.88095238095238,8.928571428571429,18.055555555555557,73.05,25.992063492063494,8.928571428571429,67.26190476190477,45.43650793650794,87.5,15.39,561.716
2025-07-25,88.29365079365078,36.7063492063492,24.404761904761905,75.35,49.007936507936506,36.7063492063492,71.62698412698413,78.76984126984127,83.92857142857143,14.93,563.068
2025-07-28,83.92857142857143,37.10317460317461,37.1031746031746,74.85000000000001,24.404761904761905,37.10317460317461,56.15079365079365,95.83333333333334,88.2936507936508,15.03,564.828
2025-07-29,83.92857142857143,6.944444444444445,42.46031746031746,70.1,10.119047619047619,6.944444444444445,52.77777777777778,67.65873015873017,74.4047619047619,15.98,563.953
2025-07-30,88.69047619047619,11.30952380952381,45.23809523809524,72.6,9.722222222222223,11.30952380952381,33.730158730158735,85.51587301587301,79.56349206349206,15.48,564.708
2025-07-31,96.23015873015873,38.2936507936508,49.8015873015873,66.4,61.30952380952381,38.2936507936508,23.61111111111111,85.9126984126984,69.64285714285714,16.72,561.716
2025-08-01,79.16666666666666,40.27777777777778,45.63492063492063,49.050000000000004,64.88095238095238,40.27777777777778,19.246031746031747,35.11904761904761,43.452380952380956,20.38,550.651
2025-08-04,87.5,36.7063492063492,34.32539682539683,62.4,53.37301587301587,36.7063492063492,31.349206349206348,37.10317460317461,45.436507936507944,17.52,560.811
2025-08-05,87.5,21.23015873015873,29.563492063492063,60.74999999999999,16.865079365079367,21.23015873015873,26.38888888888889,39.88095238095239,43.84920634920635,17.85,557.004
2025-08-06,97.81746031746032,68.45238095238095,24.404761904761905,66.15,61.70634920634921,68.45238095238095,27.579365079365083,47.817460317460316,47.817460317460316,16.77,564.012
2025-08-07,99.0079365079365,51.388888888888886,27.57936507936508,67.15,56.547619047619044,51.388888888888886,30.357142857142854,84.72222222222221,49.801587301587304,16.57,565.921
2025-08-08,99.8015873015873,78.37301587301587,30.357142857142858,74.25,74.8015873015873,78.37301587301587,34.12698412698413,47.817460317460316,61.30952380952381,15.15,571.2
2025-08-11,99.8015873015873,81.54761904761905,42.46031746031747,68.75,56.94444444444444,81.54761904761905,30.357142857142854,87.10317460317461,60.11904761904761,16.25,569.51
2025-08-12,98.61111111111111,58.92857142857143,52.38095238095238,76.35,26.38888888888889,58.92857142857143,49.404761904761905,92.26190476190477,66.46825396825398,14.73,576.668
2025-08-13,84.72222222222221,61.70634920634921,56.15079365079365,77.55,25.595238095238095,61.70634920634921,64.48412698412699,83.53174603174604,62.10317460317461,14.49,576.957
2025-08-14,83.13492063492063,65.67460317460318,52.182539682539684,75.85,35.91269841269841,65.67460317460318,49.801587301587304,62.10317460317461,68.05555555555556,14.83,576.509
2025-08-15,87.5,45.43650793650794,51.388888888888886,74.55,58.53174603174603,45.43650793650794,38.2936507936508,48.61111111111111,72.42063492063491,15.09,573.974
2025-08-18,93.05555555555556,30.753968253968257,43.45238095238095,75.05,39.48412698412698,30.753968253968257,38.69047619047619,41.07142857142857,72.42063492063491,14.99,573.745
2025-08-19,75.9920634920635,85.11904761904762,28.96825396825397,72.15,62.10317460317461,85.11904761904762,51.78571428571429,38.2936507936508,64.0873015873016,15.57,565.961
2025-08-20,74.40476190476191,91.46825396825396,22.023809523809522,71.55000000000001,83.92857142857143,91.46825396825396,57.341269841269835,50.595238095238095,62.10317460317461,15.69,562.601
2025-08-21,64.0873015873016,40.27777777777778,19.047619047619047,67.0,24.404761904761905,40.27777777777778,49.404761904761905,37.10317460317461,64.48412698412699,16.6,559.996
2025-08-22,56.94444444444444,56.15079365079365,23.01587301587302,78.9,44.642857142857146,56.15079365079365,86.70634920634922,60.51587301587301,62.5,14.22,568.635
2025-08-25,62.89682539682539,73.61111111111111,31.349206349206344,76.05000000000001,74.8015873015873,73.61111111111111,67.46031746031747,93.84920634920636,62.5,14.79,566.995
2025-08-26,64.0873015873016,37.10317460317461,41.46825396825397,76.9,11.706349206349206,37.10317460317461,69.04761904761905,97.02380952380952,61.7063492063492,14.62,569.272
2025-08-27,58.53174603174603,72.81746031746032,48.80952380952381,75.75,70.83333333333334,72.81746031746032,77.18253968253968,98.21428571428571,59.32539682539682,14.85,570.147
2025-08-28,61.30952380952381,93.84920634920636,50.0,77.85,71.62698412698413,93.84920634920636,68.84920634920636,94.64285714285714,58.13492063492063,14.43,573.716
2025-08-29,56.547619047619044,91.86507936507937,50.595238095238095,73.2,68.05555555555556,91.86507936507937,68.05555555555556,94.24603174603175,57.34126984126984,15.36,567.075
2025-09-02,51.78571428571429,34.32539682539682,50.7936507936508,64.14999999999999,25.595238095238095,34.32539682539682,42.26190476190476,94.24603174603175,51.38888888888889,17.17,562.322
2025-09-03,62.89682539682539,27.976190476190478,50.0,68.25,92.26190476190477,27.976190476190478,39.88095238095239,74.40476190476191,45.03968253968254,16.35,566.746
2025-09-04,60.51587301587301,56.15079365079365,48.80952380952381,73.5,31.547619047619047,56.15079365079365,52.182539682539684,87.89682539682539,39.087301587301596,15.3,571.876
2025-09-05,57.341269841269835,97.42063492063492,50.3968253968254,74.1,95.43650793650794,97.42063492063492,44.642857142857146,98.61111111111111,32.73809523809523,15.18,572.702
2025-09-08,59.32539682539682,9.722222222222223,50.39682539682539,74.45,18.452380952380953,9.722222222222223,48.41269841269841,97.02380952380952,29.166666666666657,15.11,575.495
2025-09-09,69.24603174603175,17.261904761904763,49.801587301587304,74.80000000000001,49.007936507936506,17.261904761904763,31.150793650793652,98.61111111111111,32.341269841269835,15.04,577.126
2025-09-10,74.40476190476191,99.0079365079365,50.595238095238095,73.25,96.23015873015873,99.0079365079365,25.992063492063494,98.21428571428571,29.563492063492063,15.35,577.314
2025-09-11,61.70634920634921,89.48412698412699,50.3968253968254,76.44999999999999,41.86507936507937,89.48412698412699,62.5,83.92857142857143,29.563492063492063,14.71,580.675
2025-09-12,71.62698412698413,98.61111111111111,50.0,76.2,95.83333333333334,98.61111111111111,43.25396825396825,99.8015873015873,33.53174603174604,14.76,583.24
2025-09-15,82.73809523809523,93.45238095238095,49.6031746031746,71.55000000000001,93.45238095238095,93.45238095238095,34.32539682539682,88.69047619047619,33.92857142857143,15.69,588.23
2025-09-16,85.11904761904762,64.0873015873016,49.2063492063492,68.2,69.24603174603175,64.0873015873016,22.817460317460316,95.43650793650794,32.341269841269835,16.36,587.733
2025-09-17,78.37301587301587,87.5,48.214285714285715,71.4,73.61111111111111,87.5,29.166666666666668,70.03968253968253,33.92857142857143,15.72,586.56
2025-09-18,75.59523809523809,94.24603174603175,48.41269841269842,71.5,41.86507936507937,94.24603174603175,40.27777777777778,83.92857142857143,42.261904761904766,15.7,591.849
2025-09-19,91.86507936507937,7.341269841269842,46.82539682539682,72.75,40.27777777777778,7.341269841269842,33.33333333333333,93.84920634920636,51.785714285714285,15.45,595.856
2025-09-22,95.83333333333334,97.42063492063492,47.22222222222222,69.5,92.65873015873017,97.42063492063492,32.53968253968254,94.64285714285714,57.34126984126984,16.1,599.383
2025-09-23,84.32539682539682,83.92857142857143,47.61904761904761,66.8,60.51587301587301,83.92857142857143,42.06349206349206,99.0079365079365,46.62698412698413,16.64,595.402
2025-09-24,67.65873015873017,84.32539682539682,48.61111111111111,69.1,32.34126984126984,84.32539682539682,32.142857142857146,84.72222222222221,52.182539682539684,16.18,593.312
2025-09-25,74.8015873015873,92.26190476190477,46.42857142857143,66.30000000000001,72.42063492063492,92.26190476190477,21.626984126984127,51.388888888888886,52.57936507936508,16.74,590.754
2025-09-26,63.69047619047619,86.70634920634922,47.61904761904762,73.55000000000001,72.42063492063492,86.70634920634922,44.84126984126984,94.24603174603175,60.51587301587302,15.29,593.182
2025-09-29,61.70634920634921,54.563492063492056,45.63492063492063,69.39999999999999,20.436507936507937,54.563492063492056,47.817460317460316,64.88095238095238,52.182539682539684,16.12,595.929
2025-09-30,85.9126984126984,22.023809523809522,42.65873015873016,68.6,19.246031746031747,22.023809523809522,56.94444444444444,75.9920634920635,46.230158730158735,16.28,597.562
2025-10-01,84.32539682539682,53.769841269841265,42.65873015873016,68.55000000000001,16.071428571428573,53.769841269841265,52.182539682539684,81.15079365079364,41.07142857142857,16.29,600.428
2025-10-02,77.18253968253968,85.11904761904762,46.62698412698413,66.85,60.11904761904761,85.11904761904762,53.37301587301587,84.72222222222221,35.11904761904762,16.63,602.897
2025-10-03,68.45238095238095,87.10317460317461,45.63492063492063,66.75,87.5,87.10317460317461,62.89682539682539,88.69047619047619,43.05555555555556,16.65,600.359
2025-10-06,83.13492063492063,95.83333333333334,51.58730158730159,68.14999999999999,94.64285714285714,95.83333333333334,52.976190476190474,97.02380952380952,56.94444444444444,16.37,604.867
2025-10-07,77.57936507936508,95.03968253968253,54.56349206349206,63.800000000000004,75.59523809523809,95.03968253968253,42.06349206349206,83.92857142857143,45.03968253968254,17.24,601.682
2025-10-08,86.70634920634922,95.83333333333334,58.333333333333336,68.5,69.64285714285714,95.83333333333334,44.44444444444444,92.26190476190477,47.817460317460316,16.3,608.58
2025-10-09,88.69047619047619,87.89682539682539,56.54761904761905,67.85,83.92857142857143,87.89682539682539,29.563492063492063,91.86507936507937,47.023809523809526,16.43,607.843
2025-10-10,81.15079365079364,97.02380952380952,54.16666666666667,45.85,92.65873015873017,97.02380952380952,11.30952380952381,62.89682539682539,18.849206349206355,21.66,586.743
2025-10-13,71.23015873015873,91.86507936507937,47.61904761904762,54.849999999999994,68.84920634920636,91.86507936507937,18.055555555555554,55.35714285714286,24.007936507936506,19.03,599.194
2025-10-14,50.595238095238095,72.81746031746032,45.43650793650794,47.975,40.67460317460318,72.81746031746032,26.984126984126984,58.53174603174603,22.02380952380952,20.81,595.203
2025-10-15,61.30952380952381,79.56349206349206,45.03968253968254,48.4,70.03968253968253,79.56349206349206,27.579365079365083,68.05555555555556,25.198412698412696,20.64,599.403
2025-10-16,67.65873015873017,68.84920634920636,42.65873015873016,36.725,25.992063492063494,68.84920634920636,17.658730158730158,65.27777777777779,18.055555555555557,25.31,597.183
2025-10-17,56.547619047619044,70.83333333333334,39.88095238095238,48.05,60.51587301587301,70.83333333333334,25.198412698412696,57.341269841269835,22.02380952380952,20.78,601.105
2025-10-20,83.92857142857143,83.92857142857143,45.63492063492063,58.849999999999994,56.547619047619044,83.92857142857143,49.404761904761905,90.67460317460318,23.214285714285708,18.23,608.679
2025-10-21,74.8015873015873,18.055555555555554,47.22222222222222,60.64999999999999,8.134920634920634,18.055555555555554,62.301587301587304,95.03968253968253,21.230158730158735,17.87,608.52
2025-10-22,64.88095238095238,52.182539682539684,47.817460317460316,56.99999999999999,30.753968253968257,52.182539682539684,40.67460317460318,72.81746031746032,18.055555555555557,18.6,602.658
2025-10-23,69.64285714285714,79.56349206349206,50.0,63.49999999999999,31.547619047619047,79.56349206349206,56.94444444444444,79.56349206349206,25.198412698412696,17.3,607.724
2025-10-24,68.45238095238095,88.29365079365078,51.38888888888889,68.14999999999999,59.72222222222222,88.29365079365078,60.11904761904761,82.34126984126983,29.166666666666657,16.37,614.213
2025-10-27,87.89682539682539,92.65873015873017,54.960317460317455,71.05,75.9920634920635,92.65873015873017,70.23809523809523,99.8015873015873,30.753968253968253,15.79,625.152
2025-10-28,96.23015873015873,93.45238095238095,55.55555555555556,67.89999999999999,93.05555555555556,93.45238095238095,42.06349206349206,99.40476190476191,30.753968253968253,16.42,629.959
2025-10-29,99.0079365079365,74.0079365079365,55.35714285714286,65.39999999999999,88.29365079365078,74.0079365079365,20.436507936507937,99.8015873015873,53.37301587301587,16.92,632.796
2025-10-30,98.21428571428571,63.69047619047619,55.952380952380956,65.44999999999999,99.0079365079365,63.69047619047619,18.849206349206348,93.84920634920636,50.595238095238095,16.91,623.122
2025-10-31,97.42063492063492,52.976190476190474,56.94444444444444,62.8,97.81746031746032,52.976190476190474,23.809523809523807,97.42063492063492,41.46825396825397,17.44,626.127
2025-11-03,99.40476190476191,60.11904761904761,59.12698412698413,64.14999999999999,86.70634920634922,60.11904761904761,21.03174603174603,97.02380952380952,48.611111111111114,17.17,629.123
2025-11-04,86.30952380952381,68.45238095238095,63.69047619047619,55.0,77.18253968253968,68.45238095238095,17.46031746031746,69.64285714285714,30.35714285714286,19.0,616.353
2025-11-05,82.73809523809523,70.83333333333334,65.47619047619048,59.94999999999999,60.912698412698404,70.83333333333334,23.214285714285715,97.81746031746032,50.198412698412696,18.01,620.365
2025-11-06,59.72222222222222,85.51587301587301,64.48412698412699,52.5,85.11904761904762,85.51587301587301,21.23015873015873,75.9920634920635,29.166666666666657,19.5,608.809
2025-11-07,40.67460317460318,83.13492063492063,67.46031746031746,54.60000000000001,89.0873015873016,83.13492063492063,31.944444444444443,96.62698412698413,29.563492063492063,19.08,606.888
2025-11-10,69.64285714285714,82.34126984126983,67.26190476190476,61.99999999999999,82.34126984126983,82.34126984126983,38.2936507936508,97.42063492063492,45.833333333333336,17.6,620.315
2025-11-11,84.32539682539682,75.9920634920635,71.23015873015873,63.599999999999994,64.48412698412699,75.9920634920635,52.57936507936508,98.61111111111111,48.21428571428571,17.28,618.663
2025-11-12,66.46825396825396,67.26190476190477,72.81746031746032,62.449999999999996,75.9920634920635,67.26190476190477,55.158730158730165,97.81746031746032,35.51587301587301,17.51,618.175
2025-11-13,51.388888888888886,83.53174603174604,74.0079365079365,50.0,76.38888888888889,83.53174603174604,34.12698412698413,97.02380952380952,29.96031746031747,20.0,605.554
2025-11-14,60.11904761904761,81.54761904761905,74.2063492063492,50.85000000000001,83.92857142857143,81.54761904761905,26.785714285714285,89.48412698412699,35.51587301587301,19.83,606.012
2025-11-17,91.86507936507937,59.72222222222222,74.8015873015873,44.050000000000004,81.15079365079364,59.72222222222222,14.087301587301587,66.07142857142857,28.769841269841265,22.38,600.836
2025-11-18,77.97619047619048,60.912698412698404,74.8015873015873,38.275,78.76984126984127,60.912698412698404,14.484126984126986,88.29365079365078,24.801587301587304,24.69,593.521
2025-11-19,91.86507936507937,50.595238095238095,71.23015873015872,40.85,93.05555555555556,50.595238095238095,13.492063492063492,70.03968253968253,27.579365079365076,23.66,597.064
2025-11-20,93.05555555555556,91.86507936507937,62.10317460317461,33.94999999999999,95.03968253968253,91.86507936507937,10.515873015873016,27.18253968253968,17.658730158730165,26.42,582.93
2025-11-21,66.07142857142857,73.21428571428571,44.04761904761905,41.425,89.48412698412699,73.21428571428571,35.51587301587302,2.976190476190476,17.658730158730165,23.43,587.31
2025-11-24,81.15079365079364,16.46825396825397,32.73809523809524,48.7,54.563492063492056,16.46825396825397,37.89682539682539,4.166666666666666,21.230158730158735,20.52,602.329
2025-11-25,74.0079365079365,75.1984126984127,24.801587301587304,57.2,98.21428571428571,75.1984126984127,72.81746031746032,11.706349206349206,23.214285714285708,18.56,606.042
2025-11-26,62.5,75.1984126984127,21.825396825396826,64.05,85.11904761904762,75.1984126984127,81.54761904761905,11.30952380952381,24.801587301587304,17.19,611.397
2025-11-28,76.78571428571429,74.0079365079365,21.626984126984127,68.25,91.07142857142857,74.0079365079365,90.27777777777779,77.97619047619048,30.753968253968253,16.35,616.353
2025-12-01,79.16666666666666,47.817460317460316,17.857142857142858,63.800000000000004,56.547619047619044,47.817460317460316,77.97619047619048,16.071428571428573,33.13492063492063,17.24,614.283
2025-12-02,69.64285714285714,70.03968253968253,23.80952380952381,67.05,41.46825396825397,70.03968253968253,74.40476190476191,43.84920634920635,33.92857142857143,16.59,619.091
2025-12-03,53.769841269841265,56.94444444444444,29.166666666666664,69.60000000000001,52.182539682539684,56.94444444444444,77.57936507936508,52.976190476190474,31.944444444444443,16.08,620.603
2025-12-04,68.05555555555556,22.42063492063492,35.51587301587301,71.1,37.10317460317461,22.42063492063492,75.59523809523809,55.35714285714286,43.05555555555556,15.78,620.026
2025-12-05,56.547619047619044,25.198412698412696,29.76190476190476,72.95,30.753968253968257,25.198412698412696,71.23015873015873,23.214285714285715,52.182539682539684,15.41,622.554
2025-12-08,48.214285714285715,42.26190476190476,33.33333333333333,66.69999999999999,31.547619047619047,42.26190476190476,59.72222222222222,32.34126984126984,56.94444444444444,16.66,621.36
2025-12-09,41.86507936507937,7.738095238095238,25.79365079365079,65.35,6.15079365079365,7.738095238095238,48.61111111111111,20.436507936507937,60.11904761904761,16.93,622.126
2025-12-10,39.08730158730159,6.547619047619048,22.023809523809526,71.15,4.9603174603174605,6.547619047619048,66.07142857142857,27.579365079365083,50.992063492063494,15.77,624.674
2025-12-11,24.00793650793651,41.86507936507937,21.42857142857143,75.75,35.11904761904761,41.86507936507937,81.54761904761905,55.75396825396825,55.75396825396825,14.85,622.654
2025-12-12,21.626984126984127,88.29365079365078,27.976190476190474,71.3,80.75396825396825,88.29365079365078,75.59523809523809,38.69047619047619,60.91269841269841,15.74,610.75
2025-12-15,21.626984126984127,71.62698412698413,21.42857142857143,67.5,66.07142857142857,71.62698412698413,76.38888888888889,10.912698412698413,54.56349206349206,16.5,607.684
2025-12-16,22.817460317460316,53.37301587301587,19.246031746031747,67.6,62.10317460317461,53.37301587301587,63.69047619047619,14.484126984126986,46.230158730158735,16.48,608.888
2025-12-17,22.023809523809522,70.03968253968253,15.873015873015873,61.89999999999999,82.34126984126983,70.03968253968253,58.53174603174603,11.706349206349206,36.30952380952381,17.62,597.601
2025-12-18,21.23015873015873,77.97619047619048,8.928571428571429,65.65,74.40476190476191,77.97619047619048,60.11904761904761,2.579365079365079,35.51587301587301,16.87,606.261
2025-12-19,22.023809523809522,63.69047619047619,7.5396825396825395,75.45,31.150793650793652,63.69047619047619,53.37301587301587,28.373015873015873,53.37301587301587,14.91,614.164
2025-12-22,24.00793650793651,63.29365079365079,9.126984126984127,79.6,60.11904761904761,63.29365079365079,70.83333333333334,48.61111111111111,64.0873015873016,14.08,617.108
2025-12-23,25.992063492063494,74.40476190476191,9.92063492063492,80.0,75.59523809523809,74.40476190476191,65.27777777777779,40.27777777777778,68.45238095238095,14.0,619.998
2025-12-24,25.595238095238095,91.07142857142857,14.682539682539684,82.64999999999999,93.45238095238095,91.07142857142857,74.0079365079365,61.30952380952381,65.67460317460318,13.47,621.812
2025-12-26,26.785714285714285,98.21428571428571,26.38888888888889,82.0,98.21428571428571,98.21428571428571,74.60317460317461,75.1984126984127,63.2936507936508,13.6,621.772
2025-12-29,26.38888888888889,66.07142857142857,30.357142857142858,79.0,68.05555555555556,66.07142857142857,76.38888888888889,52.976190476190474,52.57936507936508,14.2,618.762
2025-12-30,26.38888888888889,70.03968253968253,29.365079365079367,78.35,77.18253968253968,70.03968253968253,69.44444444444444,44.642857142857146,57.34126984126984,14.33,617.327
2025-12-31,26.785714285714285,80.35714285714286,30.753968253968253,75.25,75.9920634920635,80.35714285714286,23.61111111111111,47.023809523809526,53.37301587301587,14.95,612.224
2026-01-02,25.595238095238095,91.07142857142857,33.13492063492063,77.45,87.89682539682539,91.07142857142857,55.55555555555556,70.03968253968253,59.72222222222222,14.51,611.038
2026-01-05,25.992063492063494,38.2936507936508,34.32539682539682,75.5,9.722222222222223,38.2936507936508,65.27777777777779,63.29365079365079,61.7063492063492,14.9,615.892
2026-01-06,21.23015873015873,77.57936507936508,34.72222222222222,76.25,43.452380952380956,77.57936507936508,83.92857142857143,50.595238095238095,69.64285714285714,14.75,621.303
2026-01-07,24.801587301587304,30.753968253968257,34.32539682539682,73.1,8.531746031746032,30.753968253968257,52.57936507936508,28.373015873015873,56.547619047619044,15.38,621.901
2026-01-08,19.642857142857142,30.753968253968257,42.460317460317455,72.75,5.357142857142857,30.753968253968257,78.76984126984127,37.89682539682539,70.03968253968254,15.45,618.363
2026-01-09,18.055555555555554,67.65873015873017,35.714285714285715,77.55,7.738095238095238,67.65873015873017,80.35714285714286,49.404761904761905,73.61111111111111,14.49,624.522
2026-01-12,20.833333333333336,12.103174603174603,30.158730158730158,74.4,3.373015873015873,12.103174603174603,74.0079365079365,46.62698412698413,76.38888888888889,15.12,625.041
2026-01-13,16.071428571428573,29.563492063492063,26.984126984126984,70.1,18.055555555555554,29.563492063492063,71.23015873015873,40.27777777777778,73.61111111111111,15.98,624.114
2026-01-14,16.46825396825397,18.055555555555554,28.571428571428577,66.25,1.7857142857142856,18.055555555555554,77.77777777777779,38.69047619047619,58.13492063492063,16.75,617.447
2026-01-15,14.484126984126986,56.94444444444444,31.944444444444443,70.8,8.134920634920634,56.94444444444444,81.15079365079364,66.86507936507937,69.64285714285714,15.84,619.669
2026-01-16,12.103174603174603,15.277777777777779,30.555555555555557,70.7,73.61111111111111,15.277777777777779,72.81746031746032,53.769841269841265,83.13492063492063,15.86,619.151
2026-01-20,8.928571428571429,43.452380952380956,30.95238095238095,49.775,15.277777777777779,43.452380952380956,41.46825396825397,47.42063492063492,80.75396825396825,20.09,605.996
2026-01-21,5.753968253968254,66.86507936507937,33.73015873015873,65.5,35.51587301587302,66.86507936507937,63.29365079365079,60.11904761904761,81.54761904761905,16.9,614.188
2026-01-22,11.706349206349206,31.547619047619047,38.492063492063494,71.8,22.023809523809522,31.547619047619047,63.49206349206349,57.738095238095234,84.32539682539682,15.64,618.652
2026-01-23,17.261904761904763,49.801587301587304,32.34126984126984,69.55,56.94444444444444,49.801587301587304,52.182539682539684,30.753968253968257,81.94444444444444,16.09,620.606
2026-01-26,18.055555555555554,25.595238095238095,28.373015873015873,69.25,5.753968253968254,25.595238095238095,58.53174603174603,13.293650793650794,81.15079365079364,16.15,623.336
2026-01-27,18.452380952380953,34.72222222222222,32.73809523809524,68.25,4.166666666666666,34.72222222222222,53.37301587301587,49.007936507936506,86.7063492063492,16.35,628.987
2026-01-28,13.293650793650794,73.21428571428571,38.492063492063494,68.25,11.30952380952381,73.21428571428571,38.2936507936508,40.27777777777778,89.08730158730158,16.35,631.07
2026-01-29,4.166666666666666,87.10317460317461,35.714285714285715,65.6,90.27777777777779,87.10317460317461,45.03968253968254,22.023809523809522,86.30952380952381,16.88,627.293
2026-01-30,0.992063492063492,71.23015873015873,32.539682539682545,62.8,60.51587301587301,71.23015873015873,43.05555555555556,8.928571428571429,87.5,17.44,619.759
2026-02-02,4.166666666666666,62.10317460317461,35.714285714285715,68.3,32.34126984126984,62.10317460317461,48.80952380952381,20.833333333333336,79.56349206349206,16.34,624.014
2026-02-03,0.992063492063492,82.73809523809523,34.92063492063492,60.0,13.293650793650794,82.73809523809523,48.214285714285715,54.166666666666664,70.43650793650794,18.0,614.427
2026-02-04,0.1984126984126984,47.817460317460316,34.12698412698413,56.8,7.341269841269842,47.817460317460316,64.88095238095238,16.865079365079367,68.84920634920636,18.64,603.693
2026-02-05,0.5952380952380952,42.65873015873016,34.523809523809526,45.575,51.388888888888886,42.65873015873016,54.36507936507936,11.706349206349206,32.73809523809523,21.77,595.003
2026-02-06,0.992063492063492,87.89682539682539,39.48412698412699,61.199999999999996,66.07142857142857,87.89682539682539,76.98412698412699,40.27777777777778,51.38888888888889,17.76,607.58
2026-02-09,1.3888888888888888,68.05555555555556,39.682539682539684,63.2,26.785714285714285,68.05555555555556,72.02380952380952,29.563492063492063,58.53174603174603,17.36,612.234
2026-02-10,1.7857142857142856,29.166666666666668,34.72222222222222,61.050000000000004,1.3888888888888888,29.166666666666668,77.18253968253968,21.23015873015873,37.5,17.79,609.394
2026-02-11,0.992063492063492,26.785714285714285,31.944444444444443,61.75000000000001,2.1825396825396823,26.785714285714285,77.38095238095238,19.642857142857142,44.64285714285714,17.65,611.028
2026-02-12,1.3888888888888888,14.087301587301587,26.984126984126984,47.95,1.3888888888888888,14.087301587301587,54.761904761904766,23.61111111111111,19.246031746031747,20.82,598.601
2026-02-13,0.1984126984126984,39.48412698412698,21.626984126984127,48.5,2.1825396825396823,39.48412698412698,63.095238095238095,5.753968253968254,16.865079365079367,20.6,599.876
2026-02-17,2.1825396825396823,44.642857142857146,30.158730158730158,49.275000000000006,10.515873015873016,44.642857142857146,62.89682539682539,9.325396825396826,17.658730158730165,20.29,599.259
2026-02-18,0.992063492063492,49.801587301587304,31.150793650793652,51.9,5.753968253968254,49.801587301587304,75.9920634920635,7.738095238095238,24.007936507936506,19.62,603.733
2026-02-19,0.5952380952380952,33.53174603174603,29.365079365079364,49.425,0.5952380952380952,33.53174603174603,63.888888888888886,14.087301587301587,20.436507936507937,20.23,601.421
2026-02-20,3.7698412698412698,52.976190476190474,31.547619047619047,54.55,26.38888888888889,52.976190476190474,68.05555555555556,11.30952380952381,26.388888888888886,19.09,606.743
2026-02-23,1.7857142857142856,69.64285714285714,28.174603174603174,47.474999999999994,4.563492063492063,69.64285714285714,47.023809523809526,16.46825396825397,16.46825396825396,21.01,599.368
2026-02-24,3.373015873015873,89.88095238095238,21.03174603174603,52.25,37.10317460317461,89.88095238095238,55.35714285714286,15.674603174603174,18.849206349206355,19.55,605.806
2026-02-25,7.738095238095238,87.89682539682539,19.642857142857142,60.35,22.023809523809522,87.89682539682539,55.158730158730165,24.404761904761905,24.404761904761912,17.93,614.586
2026-02-26,0.992063492063492,95.83333333333334,18.055555555555557,56.85000000000001,58.13492063492064,95.83333333333334,70.63492063492063,21.626984126984127,18.45238095238095,18.63,607.172
2026-02-27,0.992063492063492,35.51587301587302,16.666666666666668,50.7,7.738095238095238,35.51587301587302,63.69047619047619,6.15079365079365,13.69047619047619,19.86,605.228
2026-03-02,2.579365079365079,41.07142857142857,16.865079365079367,46.4,4.9603174603174605,41.07142857142857,55.75396825396825,2.976190476190476,13.69047619047619,21.44,606.025
2026-03-03,50.0,42.65873015873016,26.388888888888886,41.075,2.579365079365079,42.65873015873016,25.595238095238095,3.373015873015873,12.5,23.57,599.538
2026-03-04,6.15079365079365,72.02380952380952,30.357142857142858,47.125,28.76984126984127,72.02380952380952,28.373015873015873,2.579365079365079,16.46825396825396,21.15,608.676
2026-03-05,6.944444444444445,52.976190476190474,31.746031746031747,40.625,5.357142857142857,52.976190476190474,15.674603174603174,1.3888888888888888,18.055555555555557,23.75,606.843
2026-03-06,50.0,62.5,35.91269841269841,26.275000000000006,9.325396825396826,62.5,9.325396825396826,0.992063492063492,15.674603174603178,29.49,597.714
2026-03-09,50.0,39.08730158730159,39.682539682539684,36.25,2.1825396825396823,39.08730158730159,8.531746031746032,1.3888888888888888,16.07142857142857,25.5,605.697
2026-03-10,50.0,70.03968253968253,40.277777777777786,37.675,12.103174603174603,70.03968253968253,6.15079365079365,2.579365079365079,18.849206349206355,24.93,605.707
2026-03-11,50.0,51.388888888888886,41.26984126984127,39.425,20.833333333333336,51.388888888888886,5.357142857142857,3.7698412698412698,23.214285714285708,24.23,605.627
2026-03-12,50.0,19.246031746031747,41.86507936507937,31.775000000000006,0.992063492063492,19.246031746031747,3.373015873015873,8.134920634920634,23.214285714285708,27.29,595.232
2026-03-13,50.0,55.75396825396825,42.26190476190476,32.025000000000006,42.26190476190476,55.75396825396825,4.166666666666666,4.9603174603174605,20.833333333333343,27.19,591.704
2026-03-16,50.0,86.70634920634922,40.87301587301587,41.224999999999994,60.912698412698404,86.70634920634922,4.166666666666666,4.166666666666666,19.64285714285714,23.51,598.342
2026-03-17,50.0,75.9920634920635,33.13492063492063,44.074999999999996,35.51587301587302,75.9920634920635,6.15079365079365,4.9603174603174605,18.055555555555557,22.37,601.262
2026-03-18,50.0,78.37301587301587,30.952380952380953,37.275,34.72222222222222,78.37301587301587,2.1825396825396823,3.7698412698412698,18.055555555555557,25.09,592.88
2026-03-19,50.0,68.05555555555556,31.34920634920635,39.85,42.26190476190476,68.05555555555556,2.976190476190476,5.357142857142857,15.277777777777786,24.06,591.007
2026-03-20,50.0,17.261904761904763,16.07142857142857,33.05,0.5952380952380952,17.261904761904763,1.7857142857142856,10.912698412698413,27.97619047619048,26.78,580.084
2026-03-23,50.0,68.45238095238095,17.063492063492067,34.625,35.11904761904761,68.45238095238095,2.579365079365079,7.341269841269842,24.404761904761912,26.15,586.742
2026-03-24,50.0,57.738095238095234,27.77777777777778,32.625,24.00793650793651,57.738095238095234,4.166666666666666,5.357142857142857,31.944444444444443,26.95,582.731
2026-03-25,50.0,82.73809523809523,21.031746031746028,36.675000000000004,47.023809523809526,82.73809523809523,6.15079365079365,1.3888888888888888,24.007936507936506,25.33,586.563
2026-03-26,50.0,81.15079365079364,18.650793650793652,31.400000000000006,75.9920634920635,81.15079365079364,3.373015873015873,6.944444444444445,29.166666666666657,27.44,572.563
2026-03-27,50.0,45.03968253968254,29.76190476190476,22.375,61.70634920634921,45.03968253968254,2.1825396825396823,1.3888888888888888,19.246031746031747,31.05,561.377
2026-03-30,50.0,60.51587301587301,30.952380952380953,23.474999999999994,52.182539682539684,60.51587301587301,3.373015873015873,0.992063492063492,10.912698412698404,30.61,557.086
2026-03-31,50.0,41.07142857142857,25.0,36.875,56.15079365079365,41.07142857142857,15.674603174603174,2.976190476190476,10.515873015873012,25.25,575.946
2026-04-01,50.0,56.15079365079365,29.960317460317462,38.650000000000006,48.214285714285715,56.15079365079365,25.198412698412696,8.928571428571429,13.69047619047619,24.54,583.06
2026-04-02,50.0,87.5,40.07936507936508,40.324999999999996,59.72222222222222,87.5,37.89682539682539,1.3888888888888888,12.5,23.87,583.729
2026-04-06,50.0,89.88095238095238,44.84126984126984,39.574999999999996,49.007936507936506,89.88095238095238,56.547619047619044,8.928571428571429,18.055555555555557,24.17,587.241
2026-04-07,50.0,73.21428571428571,47.023809523809526,35.55,47.42063492063492,73.21428571428571,40.27777777777778,9.722222222222223,16.865079365079367,25.78,587.331
2026-04-08,50.0,56.94444444444444,50.00000000000001,47.400000000000006,26.785714285714285,56.94444444444444,91.07142857142857,22.817460317460316,25.992063492063494,21.04,604.794
2026-04-09,50.0,94.64285714285714,51.587301587301596,52.55000000000001,38.2936507936508,94.64285714285714,88.69047619047619,16.865079365079367,29.96031746031747,19.49,608.885
2026-04-10,50.0,98.61111111111111,53.37301587301587,53.849999999999994,53.37301587301587,98.61111111111111,74.40476190476191,23.214285714285715,32.73809523809523,19.23,609.763
2026-04-13,50.0,95.43650793650794,53.37301587301588,54.39999999999999,34.72222222222222,95.43650793650794,87.5,16.071428571428573,35.51587301587301,19.12,616.07
2026-04-14,33.13492063492063,95.03968253968253,55.55555555555556,58.2,77.97619047619048,95.03968253968253,88.29365079365078,39.88095238095239,37.10317460317461,18.36,627.256
2026-04-15,37.5,97.02380952380952,57.738095238095234,59.14999999999999,89.88095238095238,97.02380952380952,87.89682539682539,31.150793650793652,51.785714285714285,18.17,636.037
2026-04-16,40.27777777777778,93.45238095238095,59.72222222222223,60.29999999999999,51.388888888888886,93.45238095238095,89.48412698412699,32.34126984126984,62.89682539682539,17.94,639.1
2026-04-17,41.07142857142857,70.43650793650794,58.92857142857143,62.6,51.388888888888886,70.43650793650794,95.03968253968253,32.34126984126984,56.94444444444444,17.48,647.462
2026-04-20,37.89682539682539,79.56349206349206,59.92063492063492,55.64999999999999,29.563492063492063,79.56349206349206,93.45238095238095,24.801587301587304,53.37301587301587,18.87,645.407
2026-04-21,39.08730158730159,44.642857142857146,60.11904761904762,52.5,2.1825396825396823,44.642857142857146,81.15079365079364,20.436507936507937,60.51587301587302,19.5,642.952
2026-04-22,48.214285714285715,92.26190476190477,61.507936507936506,55.39999999999999,30.753968253968257,92.26190476190477,70.03968253968253,31.150793650793652,75.5952380952381,18.92,653.709
2026-04-23,44.642857142857146,97.02380952380952,63.69047619047619,53.45000000000001,20.833333333333336,97.02380952380952,70.63492063492063,34.72222222222222,81.94444444444444,19.31,650.027
2026-04-24,47.42063492063492,99.8015873015873,64.48412698412699,56.449999999999996,92.26190476190477,99.8015873015873,53.57142857142857,43.05555555555556,81.15079365079364,18.71,662.46
2026-04-27,47.42063492063492,97.81746031746032,67.26190476190476,59.900000000000006,85.9126984126984,97.81746031746032,40.67460317460318,54.96031746031746,90.67460317460318,18.02,662.809
2026-04-28,43.452380952380956,94.64285714285714,69.04761904761905,60.85000000000001,57.738095238095234,94.64285714285714,40.07936507936508,35.91269841269841,89.88095238095238,17.83,656.144
2026-04-29,41.46825396825397,81.54761904761905,69.04761904761905,55.95,41.86507936507937,81.54761904761905,23.61111111111111,31.150793650793652,95.43650793650794,18.81,660.155
2026-04-30,40.67460317460318,90.67460317460318,68.65079365079364,65.55,94.64285714285714,90.67460317460318,53.37301587301587,38.69047619047619,76.78571428571428,16.89,666.312
2026-05-01,44.642857142857146,97.02380952380952,67.46031746031746,65.05000000000001,96.23015873015873,97.02380952380952,43.65079365079365,33.13492063492063,76.78571428571428,16.99,672.708
2026-05-04,47.42063492063492,96.23015873015873,65.07936507936509,58.550000000000004,69.64285714285714,96.23015873015873,20.833333333333336,28.76984126984127,88.69047619047619,18.29,671.441
2026-05-05,49.801587301587304,99.8015873015873,65.07936507936508,63.10000000000001,90.67460317460318,99.8015873015873,24.00793650793651,40.27777777777778,89.88095238095238,17.38,680.152
2026-05-06,87.10317460317461,99.0079365079365,66.46825396825398,63.05,80.35714285714286,99.0079365079365,32.34126984126984,49.404761904761905,84.72222222222223,17.39,694.282
2026-05-07,95.43650793650794,97.02380952380952,67.65873015873015,64.60000000000001,44.24603174603175,97.02380952380952,19.246031746031747,45.03968253968254,93.05555555555556,17.08,693.454
2026-05-08,97.42063492063492,99.8015873015873,68.05555555555556,64.05,97.81746031746032,99.8015873015873,16.865079365079367,33.92857142857143,93.05555555555556,17.19,709.709
2026-05-11,96.62698412698413,99.40476190476191,72.81746031746032,58.10000000000001,96.62698412698413,99.40476190476191,17.063492063492063,64.88095238095238,96.23015873015873,18.38,711.764
2026-05-12,98.61111111111111,99.0079365079365,74.2063492063492,60.05000000000001,95.83333333333334,99.0079365079365,20.03968253968254,57.341269841269835,97.81746031746032,17.99,705.727
2026-05-13,99.8015873015873,98.21428571428571,74.60317460317461,60.64999999999999,84.72222222222221,98.21428571428571,15.674603174603174,51.78571428571429,99.8015873015873,17.87,713.181
2026-05-14,99.8015873015873,98.21428571428571,74.8015873015873,63.69999999999999,72.81746031746032,98.21428571428571,14.880952380952381,54.166666666666664,99.8015873015873,17.26,718.251
2026-05-15,99.8015873015873,96.62698412698413,73.80952380952381,57.85,75.59523809523809,96.62698412698413,10.119047619047619,29.563492063492063,99.8015873015873,18.43,707.414
2026-05-18,99.0079365079365,94.24603174603175,69.04761904761905,60.9,68.45238095238095,94.24603174603175,21.825396825396826,24.404761904761905,99.8015873015873,17.82,704.37
2026-05-19,98.61111111111111,92.65873015873017,64.48412698412699,59.70000000000001,74.0079365079365,92.65873015873017,12.896825396825399,17.261904761904763,99.8015873015873,18.06,700.03
2026-05-20,98.21428571428571,93.45238095238095,63.69047619047619,62.8,66.07142857142857,93.45238095238095,27.380952380952383,41.46825396825397,98.61111111111111,17.44,711.625
2026-05-21,97.42063492063492,97.81746031746032,65.27777777777779,66.19999999999999,81.15079365079364,97.81746031746032,35.51587301587302,60.51587301587301,98.61111111111111,16.76,712.982
2026-05-22,97.02380952380952,98.21428571428571,67.26190476190476,66.5,70.03968253968253,98.21428571428571,60.71428571428571,55.75396825396825,99.0079365079365,16.7,716.005
2026-05-26,97.02380952380952,99.40476190476191,75.7936507936508,64.94999999999999,97.42063492063492,99.40476190476191,66.66666666666666,93.45238095238095,97.42063492063492,17.01,728.718
2026-05-27,94.64285714285714,98.21428571428571,85.71428571428572,68.55000000000001,93.84920634920636,98.21428571428571,46.62698412698413,86.70634920634922,97.02380952380952,16.29,727.89
2026-05-28,97.81746031746032,95.83333333333334,88.88888888888889,71.3,57.738095238095234,95.83333333333334,43.05555555555556,78.37301587301587,96.62698412698413,15.74,734.027
2026-05-29,99.0079365079365,93.84920634920636,89.68253968253968,73.4,30.753968253968257,93.84920634920636,33.53174603174603,82.34126984126983,96.62698412698413,15.32,736.731
2026-06-01,98.61111111111111,99.0079365079365,90.27777777777777,69.75,73.21428571428571,99.0079365079365,26.38888888888889,68.84920634920636,91.86507936507937,16.05,741.151
2026-06-02,96.23015873015873,99.40476190476191,92.46031746031747,71.15,81.94444444444444,99.40476190476191,36.11111111111111,97.42063492063492,91.07142857142857,15.77,744.564
2026-06-03,94.64285714285714,97.81746031746032,88.4920634920635,69.7,91.86507936507937,97.81746031746032,33.53174603174603,77.18253968253968,91.07142857142857,16.06,742.618
2026-06-04,90.27777777777779,97.42063492063492,90.87301587301587,73.0,95.83333333333334,97.42063492063492,69.24603174603175,88.29365079365078,90.27777777777777,15.4,739.026
2026-06-05,79.16666666666666,98.61111111111111,86.90476190476191,46.224999999999994,97.81746031746032,98.61111111111111,65.27777777777779,40.67460317460318,88.69047619047619,21.51,703.552
2026-06-08,73.21428571428571,96.62698412698413,84.52380952380952,55.39999999999999,96.23015873015873,96.62698412698413,43.84920634920635,27.18253968253968,89.88095238095238,18.92,714.538
2026-06-09,41.07142857142857,99.40476190476191,75.59523809523809,50.64999999999999,97.81746031746032,99.40476190476191,74.20634920634922,29.166666666666668,87.10317460317461,19.87,706.316
2026-06-10,39.48412698412698,93.05555555555556,64.68253968253968,44.45,74.0079365079365,93.05555555555556,45.83333333333333,8.928571428571429,80.35714285714286,22.22,692.206
2026-06-11,40.27777777777778,96.23015873015873,59.920634920634924,52.79999999999999,86.30952380952381,96.23015873015873,74.0079365079365,47.817460317460316,72.42063492063491,19.44,715.586
2026-06-12,41.07142857142857,95.03968253968253,63.492063492063494,61.6,87.89682539682539,95.03968253968253,89.88095238095238,78.37301587301587,82.73809523809524,17.68,719.797
2026-06-15,52.182539682539684,91.07142857142857,66.86507936507937,69.0,65.27777777777779,91.07142857142857,88.4920634920635,97.02380952380952,89.48412698412699,16.2,742.409
2026-06-16,52.182539682539684,92.26190476190477,73.4126984126984,67.95,63.29365079365079,92.26190476190477,83.73015873015873,76.78571428571429,81.15079365079364,16.41,728.299
2026-06-17,58.53174603174603,89.48412698412699,79.36507936507937,57.8,49.007936507936506,89.48412698412699,35.11904761904761,55.75396825396825,83.53174603174602,18.44,720.965
2026-06-18,75.59523809523809,93.05555555555556,82.34126984126985,68.0,43.452380952380956,93.05555555555556,34.32539682539682,91.86507936507937,85.11904761904762,16.4,739.036
2026-06-22,64.48412698412699,91.07142857142857,86.70634920634922,63.599999999999994,61.30952380952381,91.07142857142857,35.91269841269841,98.21428571428571,88.2936507936508,17.28,737.181
2026-06-23,43.84920634920635,95.03968253968253,84.12698412698413,52.55000000000001,70.43650793650794,95.03968253968253,41.46825396825397,79.56349206349206,78.76984126984127,19.49,712.907
2026-06-24,41.86507936507937,88.29365079365078,81.54761904761904,56.85000000000001,74.0079365079365,88.29365079365078,60.51587301587301,55.75396825396825,57.34126984126984,18.63,709.88
2026-06-25,37.5,99.8015873015873,87.30158730158729,55.55,98.61111111111111,99.8015873015873,63.69047619047619,88.29365079365078,54.96031746031746,18.89,715.634
2026-06-26,44.24603174603175,88.69047619047619,80.75396825396825,57.95,97.42063492063492,88.69047619047619,69.64285714285714,42.26190476190476,40.27777777777778,18.41,705.784
2026-06-29,53.769841269841265,95.03968253968253,77.77777777777777,61.75000000000001,81.15079365079364,95.03968253968253,75.59523809523809,64.88095238095238,59.72222222222222,17.65,723.326
2026-06-30,75.9920634920635,87.10317460317461,77.38095238095238,67.75,52.57936507936508,87.10317460317461,71.62698412698413,89.0873015873016,37.10317460317461,16.45,735.633
2026-07-01,50.198412698412696,85.9126984126984,81.94444444444444,67.05,68.05555555555556,85.9126984126984,74.40476190476191,96.23015873015873,43.84920634920635,16.59,724.415
2026-07-02,38.2936507936508,94.64285714285714,80.35714285714286,69.25,87.10317460317461,94.64285714285714,83.92857142857143,74.0079365079365,45.436507936507944,16.15,711.858
2026-07-06,47.817460317460316,77.18253968253968,82.53968253968253,72.15,41.07142857142857,77.18253968253968,84.32539682539682,66.86507936507937,56.547619047619044,15.57,722.067
2026-07-07,43.05555555555556,87.10317460317461,84.92063492063491,69.35000000000001,61.70634920634921,87.10317460317461,81.94444444444444,70.03968253968253,70.03968253968254,16.13,708.691
2026-07-08,51.388888888888886,82.34126984126983,80.55555555555554,65.5,55.75396825396825,82.34126984126983,53.37301587301587,33.92857142857143,69.64285714285714,16.9,710.699
2026-07-09,51.78571428571429,88.29365079365078,77.38095238095238,70.8,79.56349206349206,88.29365079365078,58.92857142857143,68.05555555555556,73.21428571428572,15.84,722.527
2026-07-10,45.03968253968254,85.9126984126984,74.4047619047619,74.85000000000001,96.23015873015873,85.9126984126984,70.63492063492063,44.642857142857146,80.75396825396825,15.03,724.754
2026-07-13,33.92857142857143,81.94444444444444,72.81746031746032,64.2,67.26190476190477,81.94444444444444,72.42063492063492,54.166666666666664,85.91269841269842,17.16,710.999
2026-07-14,40.67460317460318,87.10317460317461,72.22222222222221,67.5,26.785714285714285,87.10317460317461,55.75396825396825,68.05555555555556,81.15079365079364,16.5,718.94
2026-07-15,39.08730158730159,92.65873015873017,77.77777777777779,71.65,82.73809523809523,92.65873015873017,34.72222222222222,97.02380952380952,77.57936507936508,15.67,716.992
2026-07-16,25.992063492063494,77.97619047619048,77.57936507936508,66.35,43.452380952380956,77.97619047619048,76.78571428571429,74.40476190476191,77.18253968253968,16.73,705.205
2026-07-17,26.38888888888889,78.76984126984127,77.57936507936509,56.15,66.07142857142857,78.76984126984127,55.75396825396825,43.84920634920635,64.48412698412699,18.77,694.606
2026-07-20,27.579365079365083,72.81746031746032,74.20634920634922,56.75000000000001,34.72222222222222,72.81746031746032,35.11904761904761,31.150793650793652,74.0079365079365,18.65,695.335
2026-07-21,34.72222222222222,82.73809523809523,71.62698412698413,64.75,51.78571428571429,82.73809523809523,29.96031746031746,53.37301587301587,88.69047619047619,17.05,708.232
2026-07-22,34.32539682539682,74.8015873015873,64.88095238095238,66.8,39.08730158730159,74.8015873015873,22.42063492063492,45.83333333333333,91.07142857142857,16.64,704.615
2026-07-23,25.595238095238095,64.48412698412699,62.5,56.50000000000001,87.89682539682539,64.48412698412699,20.03968253968254,62.89682539682539,89.48412698412699,18.7,691.239
2026-07-24,24.00793650793651,77.57936507936508,63.69047619047619,57.10000000000001,79.96031746031747,77.57936507936508,44.642857142857146,54.96031746031746,88.69047619047619,18.58,683.517
2026-07-27,18.452380952380953,83.53174603174604,70.23809523809524,56.64999999999999,69.64285714285714,83.53174603174604,76.78571428571429,65.67460317460318,83.13492063492063,18.67,681.41
2026-07-28,13.293650793650794,79.96031746031747,71.62698412698413,58.949999999999996,24.00793650793651,79.96031746031747,91.86507936507937,58.53174603174603,75.9920634920635,18.21,674.786
2026-07-29,10.119047619047619,84.32539682539682,69.04761904761904,48.35,37.5,84.32539682539682,73.21428571428571,35.51587301587302,74.4047619047619,20.66,661.041
2026-07-30,18.055555555555554,92.26190476190477,66.46825396825398,64.55000000000001,97.81746031746032,92.26190476190477,47.817460317460316,45.03968253968254,89.88095238095238,17.09,682.838
2026-07-31,22.817460317460316,81.94444444444444,63.888888888888886,70.05,98.21428571428571,81.94444444444444,41.07142857142857,34.72222222222222,95.43650793650794,15.99,687.273
2026-08-03,22.42063492063492,75.59523809523809,53.17460317460317,70.7,85.11904761904762,75.59523809523809,62.89682539682539,8.134920634920634,95.43650793650794,15.86,699.341
2026-08-04,23.61111111111111,85.11904761904762,53.17460317460317,67.5,56.15079365079365,85.11904761904762,88.29365079365078,67.26190476190477,95.03968253968254,16.5,723.096
2026-08-05,24.404761904761905,71.62698412698413,56.15079365079365,70.94999999999999,63.69047619047619,71.62698412698413,79.56349206349206,69.24603174603175,94.24603174603175,15.81,716.553
2026-08-06,22.42063492063492,72.42063492063492,56.547619047619044,74.25,25.595238095238095,72.42063492063492,74.0079365079365,39.48412698412698,97.42063492063492,15.15,713.906
2026-08-07,21.626984126984127,78.76984126984127,60.317460317460316,75.5,30.357142857142854,78.76984126984127,79.36507936507937,81.54761904761905,96.62698412698413,14.9,722.277
2026-08-10,19.642857142857142,70.03968253968253,71.23015873015873,72.7,18.055555555555554,70.03968253968253,73.4126984126984,78.76984126984127,99.4047619047619,15.46,720.119
2026-08-11,16.071428571428573,68.84920634920636,70.63492063492063,73.60000000000001,31.150793650793652,68.84920634920636,75.39682539682539,70.03968253968253,97.02380952380952,15.28,717.702
2026-08-12,17.261904761904763,91.07142857142857,72.42063492063492,77.25,43.84920634920635,91.07142857142857,78.76984126984127,83.13492063492063,96.62698412698413,14.55,722.946
2026-08-13,10.912698412698413,95.03968253968253,74.4047619047619,76.85,54.166666666666664,95.03968253968253,91.86507936507937,65.67460317460318,95.43650793650794,14.63,731.308
2026-08-14,8.531746031746032,93.05555555555556,74.60317460317461,78.75,76.78571428571429,93.05555555555556,87.10317460317461,82.73809523809523,97.42063492063492,14.25,730.309
2026-08-17,11.30952380952381,82.34126984126983,73.80952380952381,74.05000000000001,52.57936507936508,82.34126984126983,56.547619047619044,65.67460317460318,99.0079365079365,15.19,729.11
2026-08-18,13.690476190476192,83.53174603174604,76.38888888888889,70.8,64.0873015873016,83.53174603174604,37.10317460317461,80.35714285714286,95.83333333333333,15.84,716.763
2026-08-19,9.325396825396826,74.40476190476191,72.61904761904762,75.55,43.05555555555556,74.40476190476191,39.48412698412698,59.72222222222222,92.26190476190476,14.89,715.334
2026-08-20,10.119047619047619,29.96031746031746,68.45238095238096,69.94999999999999,5.753968253968254,29.96031746031746,21.626984126984127,58.13492063492064,92.65873015873015,16.01,710.19
2026-08-21,10.515873015873016,25.595238095238095,66.46825396825398,74.35,12.103174603174603,25.595238095238095,29.166666666666668,70.83333333333334,98.21428571428571,15.13,712.697
2026-08-24,11.30952380952381,61.30952380952381,65.47619047619048,70.75,29.563492063492063,61.30952380952381,37.10317460317461,61.70634920634921,93.45238095238095,15.85,705.584
2026-08-25,13.690476190476192,41.46825396825397,65.27777777777777,72.75,9.722222222222223,41.46825396825397,32.34126984126984,71.62698412698413,88.69047619047619,15.45,709.98
2026-08-26,12.103174603174603,57.738095238095234,64.6825396825397,73.94999999999999,40.27777777777778,57.738095238095234,41.269841269841265,54.96031746031746,90.67460317460318,15.21,710.629
2026-08-27,18.849206349206348,95.83333333333334,69.04761904761905,77.45,79.56349206349206,95.83333333333334,19.642857142857142,83.53174603174604,93.84920634920636,14.51,720.359
2026-08-28,20.436507936507937,87.10317460317461,69.44444444444444,77.85,72.02380952380952,87.10317460317461,18.055555555555554,57.738095238095234,98.21428571428571,14.43,715.684
2026-08-31,22.023809523809522,52.976190476190474,63.49206349206349,75.4,23.214285714285715,52.976190476190474,12.5,41.46825396825397,99.4047619047619,14.92,716.013
2026-09-01,23.214285714285715,58.92857142857143,61.50793650793651,68.3,18.452380952380953,58.92857142857143,7.738095238095238,57.341269841269835,99.4047619047619,16.34,706.903
2026-09-02,25.992063492063494,63.29365079365079,59.32539682539682,74.0,42.26190476190476,63.29365079365079,11.706349206349206,29.166666666666668,99.4047619047619,15.2,708.501
2026-09-03,29.563492063492063,74.8015873015873,53.57142857142857,78.4,64.0873015873016,74.8015873015873,25.595238095238095,44.24603174603175,99.8015873015873,14.32,716.923
2026-09-04,37.10317460317461,93.45238095238095,54.36507936507937,77.35,91.46825396825396,93.45238095238095,10.515873015873016,63.69047619047619,99.4047619047619,14.53,718.211
2026-09-08,38.2936507936508,71.23015873015873,57.73809523809524,71.4,32.34126984126984,71.23015873015873,5.357142857142857,52.57936507936508,99.0079365079365,15.72,717.612
2026-09-09,45.83333333333333,56.15079365079365,53.37301587301587,67.69999999999999,58.53174603174603,56.15079365079365,3.7698412698412698,28.76984126984127,99.8015873015873,16.46,715.564
2026-09-10,49.801587301587304,56.15079365079365,53.37301587301587,60.8,39.48412698412698,56.15079365079365,1.3888888888888888,35.51587301587302,99.8015873015873,17.84,707.952
2026-09-11,48.61111111111111,61.70634920634921,53.17460317460318,70.8,26.38888888888889,61.70634920634921,5.357142857142857,27.579365079365083,99.8015873015873,15.84,714.135
2026-09-14,47.023809523809526,68.84920634920636,53.17460317460318,64.5,19.246031746031747,68.84920634920636,6.15079365079365,61.30952380952381,99.4047619047619,17.1,708.441
2026-09-15,40.27777777777778,33.13492063492063,51.58730158730159,64.0,0.992063492063492,33.13492063492063,4.9603174603174605,47.42063492063492,99.8015873015873,17.2,703.806
2026-09-16,43.84920634920635,48.61111111111111,52.38095238095238,61.449999999999996,2.579365079365079,48.61111111111111,2.976190476190476,44.642857142857146,99.0079365079365,17.71,703.986
2026-09-17,47.42063492063492,54.166666666666664,51.19047619047619,72.80000000000001,13.293650793650794,54.166666666666664,4.563492063492063,43.84920634920635,98.21428571428571,15.44,716.173
2026-09-18,47.817460317460316,22.817460317460316,52.77777777777777,75.95,0.5952380952380952,22.817460317460316,3.373015873015873,51.388888888888886,99.8015873015873,14.81,720.699
2026-09-21,60.912698412698404,87.10317460317461,52.976190476190474,75.65,87.10317460317461,87.10317460317461,8.134920634920634,65.27777777777779,99.8015873015873,14.87,741.47
2026-09-22,70.83333333333334,60.11904761904761,59.12698412698413,78.94999999999999,40.67460317460318,60.11904761904761,10.912698412698413,89.88095238095238,99.4047619047619,14.21,747.46
2026-09-23,81.15079365079364,36.7063492063492,61.30952380952381,74.1,18.849206349206348,36.7063492063492,8.333333333333332,76.78571428571429,99.8015873015873,15.18,741.21
2026-09-24,89.88095238095238,51.388888888888886,67.06349206349206,71.65,29.563492063492063,51.388888888888886,8.928571428571429,68.05555555555556,99.8015873015873,15.67,741.1
2026-09-25,90.67460317460318,59.72222222222222,79.56349206349206,75.65,58.92857142857143,59.72222222222222,12.103174603174603,87.10317460317461,99.8015873015873,14.87,744.5
2026-09-28,87.89682539682539,52.976190476190474,84.72222222222223,69.65,42.26190476190476,52.976190476190474,12.103174603174603,84.32539682539682,99.8015873015873,16.07,736.53
2026-09-29,76.78571428571429,42.26190476190476,83.53174603174604,69.80000000000001,16.071428571428573,42.26190476190476,9.325396825396826,79.56349206349206,99.8015873015873,16.04,737.93
2026-09-30,87.5,33.92857142857143,70.43650793650794,68.3,37.10317460317461,33.92857142857143,6.15079365079365,83.13492063492063,99.8015873015873,16.34,739.77
