,eps,px,guide_pos_share,r4,r13,x13,x4,p13,f4,f13,f26
2011-04-01,101.21,1332.4100341796875,,,,,,,0.02314622582578906,0.005433989564655044,-0.16351583838983375
2011-04-08,101.79,1328.1700439453125,0.37623762376237624,,,,,,0.009016732126765646,0.011699369843063702,-0.1393035887193702
2011-04-15,100.35,1319.6800537109375,0.37254901960784315,,,,,,0.013614739507603725,-0.00268610231289015,-0.07479143148746252
2011-04-22,102.34,1337.3800048828125,0.5,,,,,,-0.003077893815084949,0.005696417565043579,-0.07701338730162834
2011-04-29,103.85,1363.6099853515625,0.3770491803278688,0.025749984121311797,,,,,-0.024129934311651922,-0.0537274612238804,-0.059306855833256816
2011-05-06,101.92,1340.199951171875,0.3611111111111111,0.0012763243596047857,,,,,-0.030331460017414914,-0.11101405944328324,-0.06709461718194246
2011-05-13,102.95,1337.77001953125,0.37662337662337664,0.025579358231452076,,,,,-0.05121582209871844,-0.1264985584193984,-0.056841464694494935
2011-05-20,104.97,1333.27001953125,0.36363636363636365,0.02537399167076071,,,,,-0.047437280092716194,-0.17115904534057438,-0.09235565272371392
2011-05-27,105.425,1331.0999755859375,0.36363636363636365,0.015052249310501864,,,,,-0.04821000557736823,-0.12320671793218957,-0.13873281620132943
2011-06-03,105.88,1300.1600341796875,0.358695652173913,0.038118185535047644,,,,,0.029935987674029302,-0.10209621764473038,-0.04393028718476347
2011-06-10,105.66,1270.97998046875,0.358695652173913,0.025982958262370737,,,,,0.05571321676456515,-0.09635480301060524,-0.012501332209305958
2011-06-17,105.64,1271.5,0.35106382978723405,0.006362492381224882,,,,,0.034505915473391165,-0.04462229065479021,-0.04162514647637881
2011-06-24,105.94333333333333,1268.449951171875,0.35106382978723405,0.004904560339655362,,,,,0.05861325320068234,-0.1099038270846646,-0.00246272115836516
2011-07-01,106.24666666666667,1339.6700439453125,0.35106382978723405,0.003457057404477659,0.048565868562568504,,,0.005433989564655128,-0.03601522496274639,-0.16894982795448885,-0.06321822450049838
2011-07-08,106.55,1343.800048828125,0.34,0.008387966808456326,0.045702491080377605,,,0.011699369843063856,-0.11369669715958121,-0.15100295856243387,-0.05035373687861204
2011-07-15,105.55,1316.1400146484375,0.33980582524271846,-0.0008523131346018786,0.05052069905198309,,,-0.0026861023128903483,-0.1101977165989043,-0.07210532917457231,-0.02076670478127028
2011-07-22,106.65,1345.02001953125,0.3,0.006648084945080512,0.04125184154041328,,,0.005696417565043355,-0.17993335672070293,-0.08270980486667195,-0.022283296371797514
2011-07-29,106.61,1292.280029296875,0.35714285714285715,0.0034138811990054307,0.026229765640262137,,,-0.053727461223879835,-0.09360919101996103,-0.005579394609376362,0.018439405144478678
2011-08-05,107.15,1199.3800048828125,0.3048780487804878,0.005615363374960047,0.05004153009573287,,,-0.11101405944328402,-0.02141361821886205,0.0439194422613407,0.11451491832024735
2011-08-12,107.58,1178.81005859375,0.313953488372093,0.019049982550766842,0.04399132337129785,,,-0.1264985584193985,-0.02107206668992527,0.06965709372490335,0.13013233117343762
2011-08-19,107.46000000000001,1123.530029296875,0.313953488372093,0.007566240383316547,0.02344409025296912,,,-0.17115904534057425,0.079099474593068,0.07880339261686051,0.1919131477983547
2011-08-26,107.34,1176.800048828125,0.3137254901960784,0.006824050786298663,0.018001567116058936,,,-0.12320671793218985,-0.03490711472984325,-0.015526098269140021,0.14889746733482057
2011-09-02,107.54,1173.969970703125,0.3300970873786408,0.0036331494619465943,0.015556494022631817,,,-0.1020962176447302,-0.03691762263572925,0.0581659304599669,0.15414949147478804
2011-09-09,107.81,1154.22998046875,0.3333333333333333,0.0021356617059300476,0.020144026814857163,,,-0.0963548030106054,0.0010650612127363968,0.08385347080129933,0.1720121331595977
2011-09-16,107.0,1216.010009765625,0.32407407407407407,-0.004289850838770093,0.012791747032974143,,,-0.04462229065478951,0.007022876953609243,0.002997144178411399,0.1438713969658363
2011-09-23,107.58,1136.4300537109375,0.3425925925925926,0.0022333900964142117,0.015330396872817786,,,-0.10990382708466484,0.08580727541867507,0.10744110592629934,0.20651398978011318
2011-09-30,107.44,1131.4200439453125,0.35185185185185186,-0.0009303191665503974,0.01116911745160376,,,-0.16894982795448943,0.1273552083823661,0.10573160345399048,0.21903046822683855
2011-10-07,106.88,1155.4599609375,0.3486238532110092,-0.008663708762691513,0.0030923512437093237,,,-0.15100295856243395,0.08122570366419336,0.10064922168382191,0.1906013360709817
2011-10-14,106.52,1224.5799560546875,0.35454545454545455,-0.004496073516174093,0.00914798665140193,,,-0.07210532917457257,0.03156470630057149,0.05133862439330208,0.11240261780377608
2011-10-21,106.34,1238.25,0.35454545454545455,-0.011593248768904552,-0.0029109368411672776,,,-0.08270980486667234,-0.018420159237170466,0.060426508494874596,0.10731864279659253
2011-10-28,106.16,1285.0899658203125,0.35454545454545455,-0.01198516219102963,-0.0042299259384313,,,-0.005579394609376287,-0.10355589467972463,0.024018799753855135,0.08804062257485326
2011-11-04,105.98,1253.22998046875,0.28735632183908044,-0.008456312723718717,-0.010979324854969441,,,0.043919442261341146,-0.007167130020235893,0.07059547605890666,0.08842936888384627
2011-11-11,106.066,1263.8499755859375,0.28735632183908044,-0.004271219085030253,-0.014173214984395166,,,0.0696570937249037,-0.006875689613529403,0.06047523744853427,0.06844996833419727
2011-11-18,106.152,1215.6500244140625,0.28735632183908044,-0.0017694788420570262,-0.01224665606654085,,,0.07880339261686053,0.003293226154619034,0.11310975518149421,0.06340160902443706
2011-11-25,106.238,1158.6700439453125,,0.0007344702257681135,-0.01031950649896185,,,-0.015526098269139865,0.0880600894655961,0.16442356560396051,0.1287059819065956
2011-12-02,,1244.280029296875,,,,,,0.05816593045996665,0.010648050358294484,0.09598356101482117,0.026770612013167546
2011-12-09,106.41,1255.18994140625,,0.003238015592939014,-0.0130708610973862,,,0.08385347080129968,0.017860812095259034,0.0881586623582984,0.054623565545779386
2011-12-16,106.64,1219.6600341796875,,0.00458664663631847,-0.003370158591452288,,,0.0029971441784111263,0.05536435716849971,0.14087425278742474,0.09621458932477008
2011-12-23,106.27,1265.3299560546875,,0.0003011651348829858,-0.012251731460493076,,,0.10744110592629941,0.03879267798725004,0.09907288385381384,0.053613364649498965
2011-12-30,107.04,1257.5999755859375,,,-0.0037299558350634143,,,0.10573160345399124,0.04564240468223081,0.11329886477284812,0.07986657694293454
2012-01-06,106.98333333333333,1277.81005859375,,0.005373501636037226,0.0009663493013425395,,,0.10064922168382218,0.051171958039278057,0.0899521143871598,0.05841758276659259
2012-01-13,106.92666666666668,1289.0899658203125,,0.0026845653706688566,0.0038104802953906614,,,0.05133862439330272,0.040701319355803504,0.06106399341047391,0.05117775040160644
2012-01-20,106.87,1315.3800048828125,,0.005630117152201741,0.004971634460613217,,,0.060426508494875186,0.034263087449449114,0.046892134301718,0.03531309595539857
2012-01-27,106.33,1316.3299560546875,,-0.006655130716923807,0.0016000756390424087,,,0.024018799753855014,0.036848871170380854,0.06402182282099829,0.05155270641181744
2012-02-03,106.5875,1344.9000244140625,,-0.003706815021510046,0.005715847003551211,,,0.07059547605890693,0.018220954935678692,0.017833892824939603,0.033696037821790314
2012-02-10,106.845,1342.6400146484375,,-0.0007640551426959519,0.007317644237724963,,,0.060475237448534,0.020807735296234774,0.007974730885663034,0.04601848883064522
2012-02-17,107.10249999999999,1361.22998046875,,0.002173177314863217,0.00891429061753346,,,0.11310975518149391,0.031057723760549466,-0.0497081461570571,0.04097159239429028
2012-02-24,107.36,1365.739990234375,,0.009640207560376979,0.010505812973651274,,,0.16442356560396032,0.022709407715449537,-0.03571758369736485,0.032694406193524136
2012-03-02,107.35,1369.6300048828125,,0.007128280256622155,,,,0.09598356101482164,0.027963354116321372,-0.06921294900165378,0.026620560928561614
2012-03-09,107.55666666666666,1370.8699951171875,,0.006638654367083774,0.010718283011869723,,,0.08815866235829883,0.019654264124120444,-0.03353509681251904,0.04775208426545191
2012-03-16,107.76333333333334,1404.1700439453125,,0.006151144709418688,0.010478788690633678,,,0.14087425278742494,-0.024445902208451085,-0.04465966346265474,0.042934302794614715
2012-03-23,107.97,1397.1099853515625,,0.005665737535677451,0.01587038537444574,,,0.09907288385381374,-0.013388071564845732,-0.045459519204314805,0.04413338004150258
2012-03-30,108.78,1408.469970703125,,0.01323296967002463,0.016124897614895772,,,0.11329886477284745,-0.0036346372696191205,-0.033432287829913476,0.022604325608494947
2012-04-06,108.45,1398.0799560546875,,0.008271396807373321,0.013616178183205818,,,0.08995211438715955,-0.02094626352294205,-0.03153453162056726,0.04397342064852939
2012-04-13,109.26,1370.260009765625,,0.013792898406484788,0.02158712172644961,,,0.06106399341047375,-0.012387943169007463,-0.009886243008867484,0.041687409946130446
2012-04-20,109.36333333333333,1378.530029296875,,0.012822261562768666,0.023062529785012664,,,0.0468921343017179,-0.062337193009325866,-0.01157903834631936,0.0388849528648215
2012-04-27,109.46666666666667,1403.3599853515625,,0.00629259491534917,0.02907262324716875,,,0.06402182282099833,-0.06289053534798232,-0.012469116409180839,0.00609525296878317
2012-05-04,109.57,1369.0999755859375,,0.0102743771444187,0.027597370349134565,,,0.017833892824939745,-0.06882588689091472,0.01586214499685062,0.03241039383559839
2012-05-11,111.31,1353.3900146484375,,0.018588738537562932,0.040939915406708494,,,0.007974730885663028,-0.020702092401947165,0.03804375794498234,0.019362213102241076
2012-05-18,111.1075,1295.219970703125,,0.015822528795963464,0.03671188126611291,,,-0.04970814615705699,0.03610620645495197,0.09067973855134734,0.04871592187802392
2012-05-25,110.905,1317.8199462890625,,0.013053890092589171,0.03248630577938094,,,-0.03571758369736422,0.01296747220849945,0.06841198989088897,0.06700788762198183
2012-06-01,110.7025,1278.0400390625,,0.010282808601453475,0.030751898693965884,,,-0.06921294900165353,0.06374401528806146,0.09583350993021536,0.10263545882887655
2012-06-08,110.5,1325.6600341796875,,-0.007303580547326938,0.026997680492297782,,,-0.03353509681251943,0.021654829316072155,0.08128718107797105,0.06738627990699154
2012-06-15,111.69,1342.8399658203125,,0.005228975434953931,0.035789711991648154,,,-0.04465966346265482,0.010327518245336205,0.08759396625726946,0.05133871383296654
2012-06-22,111.22,1335.02001953125,,0.0028362427566648307,0.02965681100036832,,,-0.045459519204315235,0.02049240929314964,0.08959289924581754,0.06883306330325081
2012-06-29,110.75,1362.1600341796875,,0.00042898590648920987,0.017947914930430464,,,-0.03343228782991314,0.017328534151113476,0.056036613438408385,0.029134784371642474
2012-07-06,111.19,1354.6800537109375,,0.006224928757349701,0.024951212442274162,,,-0.03153453162056685,0.026450413094475697,0.07550795226909664,0.07929282865045437
2012-07-13,111.1,1356.780029296875,,-0.005296479907150875,0.01670033367801249,,,-0.009886243008867979,0.03554205778484225,0.05157365295499788,0.08154175331749872
2012-07-20,111.01,1362.6600341796875,0.18181818181818182,-0.0018899344148621822,0.014944615022737473,,,-0.011579038346319237,0.03992158388834088,0.05046399121114074,0.08663577717462671
2012-07-27,111.48,1385.969970703125,0.21666666666666667,0.006569793688502301,0.018225113703583595,,,-0.012469116409181247,0.017990570952087514,0.018564369377963963,0.08103623661289185
2012-08-03,111.2175,1390.989990234375,0.21666666666666667,0.000247293820039296,0.014924129117894758,,,0.015862144996850347,0.011145478042450143,0.016548248838747826,0.08419110026458046
2012-08-10,110.95500000000001,1405.8699951171875,0.21666666666666667,-0.0013059829376436127,-0.0031943877971940537,,,0.03804375794498238,0.022541330731041618,-0.01868154484274102,0.0766912752289274
2012-08-17,110.69250000000001,1418.1600341796875,,-0.0028642006026515787,-0.00374211437587757,,,0.09067973855134781,0.03302043416087394,-0.04196381667332343,0.06921191229650686
2012-08-24,110.43,1411.1300048828125,0.21428571428571427,-0.009463366554707697,-0.004292142943713273,,,0.06841198989088859,0.03414838156342796,-0.0014041022689072463,0.07142057872807236
2012-08-31,110.2,1406.5799560546875,0.2079207920792079,-0.009190846816382603,-0.00454952629994132,,,0.09583350993021522,0.023947118796254597,0.00680194889866106,0.07636419557400191
2012-09-07,112.77,1437.9200439453125,0.2079207920792079,0.016225632536255752,0.020334825286388636,,,0.08128718107797095,0.01587560050719769,-0.013900901170979396,0.0758183107554544
2012-09-14,113.18,1465.77001953125,0.21782178217821782,0.02222338497247378,0.01325229516164228,,,0.08759396625726978,-0.0256927950569354,-0.03625525242430307,0.06275369229463085
2012-09-21,112.65666666666667,1460.1500244140625,0.21782178217821782,0.0199630094202492,0.012834623719871097,,,0.08959289924581793,-0.018636498741526872,-0.020759835942566526,0.06415106419239042
2012-09-28,112.13333333333334,1440.6700439453125,0.21782178217821782,0.01739174271186883,0.0124132305054383,,,0.05603661343840827,-0.020143709909330832,-0.026901829066765765,0.08545121165792555
2012-10-05,111.61,1460.9300537109375,0.22330097087378642,-0.010339694576573244,0.0037702019524656905,,,0.07550795226909646,-0.03250929033587302,0.003784876381357732,0.06129558698049505
2012-10-12,111.07,1428.5899658203125,0.22330097087378642,-0.01881883853534916,-0.0002700634665560031,,,0.05157365295499794,-0.03471314001289667,0.029968100362500694,0.10632254881100346
2012-10-19,112.38,1433.18994140625,,-0.0024588597952366342,0.012265698339496645,,,0.050463991211140424,-0.05250622399612346,0.036171785963486004,0.081733616265368
2012-10-26,112.10666666666667,1411.93994140625,,-0.0002378404102065801,0.005605596406729418,,,0.01856436937796424,-0.0019779006947836268,0.06247186723492789,0.11387695461591926
2012-11-02,111.83333333333333,1414.199951171875,,0.0019990160760032794,0.005521924208429674,,,0.01654824883874806,0.0013991781023634119,0.06764285142583255,0.1324118206034612
2012-11-09,111.56,1379.8499755859375,0.27906976744186046,0.004401929580259534,0.005437849051347143,,,-0.018681544842741538,0.027321974402803196,0.0953728200716684,0.16887257124639868
2012-11-16,112.02,1359.8800048828125,0.28,-0.0032085589023660432,0.01192134003978218,,,-0.041963816673323606,0.03872899840989434,0.11117572896983047,0.2039110259201467
2012-11-23,112.18,1409.1500244140625,0.27184466019417475,0.0006539250597139556,0.01572288802115107,,,-0.0014041022689070815,0.014792647889768668,0.07282468099697968,0.15754611642375324
2012-11-30,112.2,1416.1800537109375,0.27184466019417475,0.003273325344969713,0.01798609636978199,,,0.006801948898661259,-0.009756659169172404,0.06956224667534068,0.1410707497756829
2012-12-07,112.22,1418.0699462890625,0.26851851851851855,0.005898667563537963,-0.004889115921370646,,,-0.013900901170979196,0.033561378059534894,0.08971921192643384,0.14745834520174067
2012-12-14,112.65,1413.5799560546875,0.27522935779816515,0.00560824009656713,-0.004693804836124471,,,-0.036255252424303386,0.040530557729868424,0.0990089447189339,0.14044639029740702
2012-12-21,112.58500000000001,1430.1500244140625,0.27522935779816515,0.0036037678314331245,-0.0006363535676650045,,,-0.020759835942566696,0.038295123164525546,0.08491090013495683,0.10748183423646109
2012-12-28,112.52,1402.4300537109375,0.2727272727272727,0.002847990533060063,0.0034423441909732233,,,-0.02690182906676597,0.06922998639236284,0.11235304072469125,0.13571448017457502
2013-01-04,113.21,1466.469970703125,0.2909090909090909,0.008783270767191986,0.014233849422394584,,,0.0037848763813572717,0.03134868470860197,0.05751071059913723,0.10688072890767585
2013-01-11,112.95,1472.050048828125,0.3,0.002659576035759059,0.016784609734983746,,,0.02996810036250075,0.030691579696270968,0.0763544484485027,0.1322508270939263
2013-01-18,113.92,1485.97998046875,,0.011787955752041945,0.013610461979613575,,,0.0361717859634858,0.02249771901022085,0.045561830301882184,0.1298899569479795
2013-01-25,113.355,1502.9599609375,,0.0073935035191361465,0.01107368812031595,,,0.062471867234927814,0.008374913067268236,0.051405087380991345,0.11826792744003213
2013-02-01,112.79,1513.1700439453125,0.18032786885245902,-0.003716818438192604,0.008518014908198701,,,0.06764285142583226,0.0033185733518714855,0.0647689691776287,0.1220935780520851
2013-02-08,112.77,1517.9300537109375,0.2125,-0.0015948966698156042,0.010787783484908609,,,0.09537282007166858,0.021668366257568645,0.07349975117473019,0.10822083881391688
2013-02-15,112.93,1519.7900390625,0.2247191011235955,-0.008728289928086497,0.008090730953893122,,,0.11117572896983052,0.026562214158997944,0.09273529695031639,0.08573017402756573
2013-02-22,113.08,1515.5999755859375,0.24210526315789474,-0.002428954315402798,0.007990808745199196,,,0.07282468099697947,0.026878867027745897,0.0847214354267735,0.09311243242259903
2013-03-01,113.3,1518.199951171875,0.22641509433962265,0.004511485382135305,0.009756174945364293,,,0.06956224667534006,0.033034134880178305,0.0715085031003421,0.07287503434390452
2013-03-08,115.24,1551.1800537109375,0.2336448598130841,0.02166656397213096,0.026555679893501605,,,0.0897192119264334,0.0013528767322383078,0.05773913327530689,0.06488778289224856
2013-03-15,113.71,1560.699951171875,0.23148148148148148,0.006883189901052411,0.009365680758378403,,,0.09900894471893373,0.017876061459437202,0.04143744557847312,0.07840405891991535
2013-03-22,113.81,1556.8900146484375,0.2222222222222222,0.006434858468408855,0.010821899382174927,,,0.08491090013495661,-0.0010539466685492193,0.022570934101504066,0.09375050645816281
2013-03-29,114.065,1569.18994140625,0.2222222222222222,0.006729293310877793,0.013637477723182023,,,0.11235304072469177,0.008282033048662794,0.023361439449883753,0.07520397081134224
2013-04-05,114.32,1553.280029296875,0.21818181818181817,-0.00801537659471574,0.009757032531593879,,,0.05751071059913748,0.038606943287093305,0.04937001830853863,0.08465550018846232
2013-04-12,114.52,1588.8499755859375,0.21818181818181817,0.0070981325932830686,0.013804237315902412,,,0.07635444844850348,0.027836882422498405,0.05589637864542373,0.0694983371889038
2013-04-19,114.72,1555.25,0.23529411764705882,0.007963985557511322,0.006997929187644303,,,0.045561830301882544,0.06967118565865525,0.08432812664609725,0.11483167723169971
2013-04-26,114.37,1582.239990234375,0.1864406779661017,0.002670345448287037,0.008914319652332914,,,0.051405087380991255,0.04169126111305044,0.06686284005904077,0.10634157142349868
2013-05-03,114.575,1614.4200439453125,0.1864406779661017,0.0022280967735763824,0.015701947743362865,,,0.06476896917762875,0.010058107274584997,0.057324608874456645,0.08726941540961584
2013-05-10,114.78,1633.699951171875,0.20689655172413793,0.0022677724503017416,0.017666906436019758,,-0.002317669690754847,0.0734997511747304,0.005907748358145351,0.03472108763918664,0.0804767605465008
2013-05-17,114.94,1667.469970703125,0.20212765957446807,0.0019158762282858177,0.017642095344016617,,-0.002647492868096915,0.09273529695031613,-0.024735637212845402,-0.007005122922750606,0.07546758207130189
2013-05-24,115.095,1649.5999755859375,0.20212765957446807,0.006319067504612974,0.017662341472348686,,0.0017806747560424763,0.0847214354267738,-0.03527163429752347,0.008390996995825425,0.08989480488589878
2013-05-31,115.25,1630.739990234375,0.18867924528301888,0.005874051481569609,0.01706451384279717,,0.001319016912849181,0.0715085031003424,-0.015112928770280075,0.0013665312435625233,0.10197538349605662
2013-06-07,115.53,1643.3800048828125,0.18867924528301888,0.006512983814710438,0.002513326278599237,,0.0019457361264265914,0.057739133275307,-0.007016238234529882,0.007148649616941743,0.09385533358206515
2013-06-14,115.81,1626.72998046875,0.18867924528301888,0.007540664116690188,0.018299569559654394,,0.0029555656382556387,0.04143744557847295,0.03233499452638773,0.03696661334144221,0.0874088052556978
2013-06-21,116.09,1592.4300537109375,0.19444444444444445,0.008607878052205642,0.019835361056145473,,0.003995910795241496,0.02257093410150457,0.06070324587604394,0.07117957235665874,0.13265178314595027
2013-06-28,116.12,1606.280029296875,0.19444444444444445,0.007520457279671433,0.01785567781159081,,0.0028724908263537607,0.023361439449883115,0.05178343365782004,0.05184253136145834,0.13660520036129326
2013-07-05,116.23,1631.8900146484375,0.19444444444444445,0.006040750160689612,0.01656945303400459,,0.0013671364678509235,0.04937001830853838,0.046561533853011226,0.0352854818799237,0.11532545669446004
2013-07-12,116.61500000000001,1680.18994140625,0.19444444444444445,0.0069269933860214294,0.018128430352392755,0.004893720390536439,0.002241281140369901,0.055896378645423184,0.0066615914162614885,0.013601958543480234,0.09214593624730032
2013-07-19,117.0,1692.0899658203125,,0.007808182447812229,0.01967955794644638,0.006398241123727813,0.0031028098412802622,0.08432812664609735,-0.021662063910192667,0.03050355058560226,0.0830943425627823
2013-07-26,116.93,1691.6500244140625,0.2037037037037037,0.006951325995798285,0.022136658359102057,0.008794980771065303,0.0022189724341247523,0.06686284005904053,-0.016780581950165012,0.03947873136445792,0.05667324129598627
2013-08-02,117.13,1709.6700439453125,0.2077922077922078,0.007713442426166672,0.02205479868659488,0.008630925016585552,0.002961959791785167,0.05732460887445612,-0.04589997035630913,0.02994480653515939,0.0417669486022192
2013-08-09,117.25,1691.4200439453125,0.2,0.005430496744081026,0.02129115464617204,0.00778736500378692,0.0006536982140432366,0.0347210876391868,-0.021664689664099786,0.0457556729073141,0.06056130946727003
2013-08-16,116.99,1655.8299560546875,0.18478260869565216,-8.54737382463e-05,0.017678207979914262,0.00410297462189807,-0.004867812083657337,-0.007005122922750573,0.01923609905134732,0.08247270499405253,0.10471836458393746
2013-08-23,117.51,1663.5,0.17475728155339806,0.004947971193622003,0.020765562048111086,0.007153028920804912,0.000206538832107246,0.008390996995824906,0.027516941063309878,0.08150380789007342,0.09880163202955561
2013-08-30,117.815,1632.969970703125,0.17475728155339806,0.0058311684945540065,0.022011915699579276,0.008334940870283868,0.0010880149761050232,0.0013665312435628962,0.035363071347615765,0.10060885225249402,0.129880294030804
2013-09-06,118.12,1655.1700439453125,0.18269230769230768,0.0073926495493337185,0.02217082038079532,0.008419426436586663,0.0026405041715780817,0.007148649616941505,0.02112059402845199,0.0867066839651236,0.12632495147602993
2013-09-13,117.72,1687.989990234375,0.16981132075471697,0.006220462305762453,0.016358006168986527,0.0025321040262240076,0.0014466734511906021,0.036966613341442134,0.00897033972842586,0.05044219191425555,0.08684105000658318
2013-09-20,117.84,1709.9100341796875,0.16981132075471697,0.002804335808525238,0.014962019804430682,0.0011139062228416353,-0.0019812146188205202,0.07117957235665884,0.020027224104987643,0.06147221078929159,0.08763498748181373
2013-09-27,117.96,1691.75,0.17592592592592593,0.0012299863707383452,0.01572144479064619,0.0018636450679889536,-0.0035395865193588606,0.051842531361458555,0.03941963366081949,0.08476266899983484,0.0935325997253355
2013-10-04,118.22,1690.5,0.1743119266055046,0.0008462385205012524,0.01697630874060696,0.003102443112191199,-0.003895017677441082,0.03528548187992353,0.04122085850824686,0.08003997481453633,0.09828494781225389
2013-10-11,118.75,1703.199951171875,0.17272727272727273,0.00871151954947802,0.018142532332443118,0.0042421500962308515,0.004001176190245535,0.013601958543480563,0.038815305780095365,0.07854397770382006,0.063956722562096
2013-10-18,118.84,1744.5,0.2222222222222222,0.008450278440031767,0.01560411579665022,0.0016677831358936236,0.0037084297564666403,0.03050355058560239,0.030307090498257555,0.05259079197717995,0.06671262617037839
2013-10-25,119.01,1759.77001953125,0.14035087719298245,0.008861939247273298,0.0176320580421212,0.0036817103970293655,0.004091118456235776,0.039478731364457786,0.025244494575450575,0.017194509931528445,0.057219659345060556
2013-11-01,119.05,1761.6400146484375,0.16455696202531644,0.006996277536648776,0.016259143851089064,0.002278115286021983,0.002193742649051287,0.029944806535159074,0.02476407536102579,0.01182214206705989,0.06563278215766095
2013-11-08,119.19,1770.6099853515625,0.1411764705882353,0.0036984155798664986,0.01641045116822859,0.002410595204103477,-0.0011209942511852316,0.04575567290731364,0.01928632139370985,0.014805636559955952,0.059138817076420755
2013-11-15,119.26,1798.1800537109375,0.1276595744680851,0.0035279331005533265,0.019217522635449846,0.005197907694241917,-0.0012829195224740887,0.08247270499405257,-0.012794414028449623,0.022245659589884937,0.04335775067288422
2013-11-22,119.3,1804.760009765625,0.1188118811881188,0.002433805909521247,0.015117892758020446,0.001056018404664209,-0.002367327626214698,0.08150380789007361,0.007485343962527784,0.017297824139482346,0.05170518569087226
2013-11-29,119.45,1805.81005859375,0.11650485436893204,0.0033543008389465,0.013782276195481558,-0.00028811443533165,-0.001429033240953244,0.10060885225249372,0.019516888094956525,0.029271441778309742,0.06317352958419682
2013-12-06,119.715,1805.0899658203125,0.11650485436893204,0.004395059501464793,0.013412861120359665,-0.0006552245949708897,-0.0003776101512636583,0.08670668396512404,0.014453884877864968,0.03961826751090628,0.07693168868536655
2013-12-13,119.98,1775.3199462890625,0.11320754716981132,0.006019078529987176,0.01901613885967457,0.004953253339542198,0.0012492059894903072,0.050442191914255474,0.037072125517990495,0.036398858092327645,0.08672598960644379
2013-12-20,120.05,1818.3199462890625,0.11214953271028037,0.006266993563392553,0.01858055051288776,0.004478662997955844,0.0014879356847376677,0.061472210789291104,0.011145805292875956,0.02616277669252216,0.076494717119194
2013-12-27,119.66,1841.4000244140625,0.12149532710280374,0.001756514190066838,0.01430880401481005,0.0001719269452066033,-0.003033404533002191,0.08476266899983553,-0.02814852540748697,0.008769930725500807,0.06290796419980228
2014-01-03,119.83,1831.3699951171875,0.12149532710280374,0.0009601536983439019,0.013526776298202314,-0.0006114335384182386,-0.003807783832456996,0.08003997481453684,-0.02699697423922961,0.01824497299771752,0.08077620455211168
2014-01-10,120.14,1842.3699951171875,0.12037037037037036,0.0013326671970679271,0.011637286507264477,-0.002496219994445166,-0.0034078762054419124,0.07854397770381993,-0.024923035363768855,-0.01458725514172422,0.0657464678907899
2014-01-17,119.86,1838.699951171875,0.13513513513513514,-0.0015839276372231481,0.008546344435632847,-0.0055681069516153835,-0.006300129066836974,0.05259079197717931,-3.804188903729122e-05,0.01412183419319851,0.07313866204210154
2014-01-24,121.09,1790.2900390625,0.28,0.011879682804389446,0.0173265475719262,0.0032542788130992973,0.007208163141207088,0.017194509931528934,0.02534780878340433,0.04002514941353217,0.09988045222827736
2014-01-31,122.05,1782.5899658203125,0.18518518518518517,0.01835672514454334,0.024887223906096878,0.01079048688551735,0.01363444376909896,0.011822142067060781,0.042213375072275613,0.0538106400906012,0.0769365557224335
2014-02-07,121.69,1797.02001953125,0.18518518518518517,0.012819097926693779,0.020757968854091757,0.006580705811978518,0.008001470790626328,0.014805636559955815,0.04409895234466006,0.04433318051646486,0.07221373198473155
2014-02-14,121.33,1838.6300048828125,0.1951219512195122,0.012189711033742334,0.017208122368821854,0.0029821133577309974,0.007316518128295535,0.02224565958988478,0.0013587844739929424,0.021112091082999218,0.06140018174094163
2014-02-21,121.41,1836.25,0.18478260869565216,0.00263917678960901,0.01753191845201396,0.0032839821368221417,-0.0022844748615501722,0.01729782413948211,0.016350296515567766,0.03440736155138999,0.07960485901067554
2014-02-28,121.2,1859.449951171875,0.16831683168316833,-0.00698872320375532,0.014544199863395058,0.0002722928756716883,-0.011896727766821692,0.029271441778309537,-0.0009846229578525949,0.03390208780588701,0.07455004128944549
2014-03-07,121.86,1878.0400390625,0.1650485436893204,0.0013960174716398654,0.01775892682426683,0.0034850466997632303,-0.0034310569705637752,0.0396182675109058,-0.006919409635323901,0.03731342117446019,0.06676604901919198
2014-03-14,121.47,1841.1300048828125,0.16037735849056603,0.001153212648397961,0.012342256487232639,-0.0019566959156865227,-0.003650678976437005,0.03639885809232801,-0.013913987716061355,0.050327131514116226,0.07551142091182904
2014-03-21,121.56,1866.52001953125,0.16037735849056603,0.001234720492708341,0.01249964538132975,-0.0017853306221916523,-0.003544669930942484,0.026162776692522094,-0.0008951372064476149,0.050331940426671835,0.07425797436961049
2014-03-28,121.65,1857.6199951171875,0.16216216216216217,0.0037059955943181677,0.016493681267646387,0.00222136718343131,-0.0010497636964597072,0.008769930725500252,0.0031066932805443918,0.0541380334743015,0.0652390955432358
2014-04-04,122.065,1865.0899658203125,0.16216216216216217,0.0016808449176135554,0.018479618043536483,0.0041916605284521725,-0.0030679622957043217,0.018244972997717213,0.008568692853654003,0.06253123155439425,0.053657705758999266
2014-04-11,122.48,1815.68994140625,0.16216216216216217,0.008280432637248758,0.01929002192741347,0.004972752100941381,0.0035518093864026195,-0.01458725514172432,0.033997400294420235,0.08033372303251404,0.04860948264329728
2014-04-18,122.62,1864.8499755859373,0.4,0.008682174285949529,0.022765747304502426,0.008413944477329356,0.003930336594669386,0.014121834193199234,0.006952215000763394,0.05901682784890296,0.01168046964884788
2014-04-25,123.12,1863.4000244140625,0.29411764705882354,0.012011420301091924,0.016625418764348865,0.002215588733883868,0.0072340609436126295,0.04002514941353219,0.019730020921262283,0.05985530281474527,0.052875670512576356
2014-05-02,123.26,1881.1400146484373,0.29411764705882354,0.009742255796134636,0.009865148695127779,-0.004559856600637792,0.005054107892033393,0.05381064009060044,0.02230482278756167,0.023125915631832385,0.07025373899539436
2014-05-09,123.4,1878.47998046875,0.29545454545454547,0.007483360121859128,0.01395428412257882,-0.00043970174052935206,0.002740238637001198,0.04433318051646484,0.037079193002655324,0.027880551468266828,0.07851825170476863
2014-05-16,124.25,1877.8599853515625,0.27956989247311825,0.013205522642196321,0.023781558912956413,0.00939054400755452,0.008579907638569514,0.021112091082999385,0.03057382490510989,0.04028809065794238,0.0827287195219967
2014-05-23,123.69,1900.530029296875,0.24761904761904763,0.00461894585629441,0.018605187831034264,0.0041511491403467705,7.234688532061807e-05,0.03440736155139046,0.032274875390849694,0.04519749745928553,0.08227076015315944
2014-05-30,124.68,1923.5699462890625,0.25,0.011454509365039556,0.028308381263922655,0.01382666824563285,0.006975659117794384,0.033902087805887327,0.019251322710561975,0.04064795348355832,0.07218638977113943
2014-06-06,124.6,1949.43994140625,0.25,0.00967749488206504,0.022235761533003995,0.007662481175339138,0.00537178538917057,0.03731342117446079,0.018298400744610203,0.029452627844731852,0.06259738571774712
2014-06-13,124.52,1936.1600341796875,0.24770642201834864,0.00217068059666925,0.024799026861227702,0.010175335443198772,-0.002029149263885573,0.050327131514116275,0.016092603802336507,0.025184289397712955,0.033604832806009295
2014-06-20,125.57,1962.8699951171875,0.24324324324324326,0.01508493661395427,0.03245540395228019,0.017765207073838198,0.010912326310442016,0.05033194042667244,0.007789750215783406,0.0239260339429386,0.053454835038084014
2014-06-27,125.79,1960.9599609375,0.24324324324324326,0.008863394951644565,0.03346578062124905,0.018660225255314605,0.0046246783086888125,0.05413803347430157,0.00882396262098814,0.011101062068934204,0.06314125600711679
2014-07-04,126.17,1985.43994140625,0.24324324324324326,0.01252159758629734,0.03307651420168778,0.018369011354852804,0.00824777485537297,0.06253123155439422,-0.03083662306890785,-0.008873525795394853,0.03599126816369956
2014-07-11,125.94,1967.5699462890625,0.23893805309734514,0.011339257487189336,0.02785785171116828,0.013232335727181943,0.007038592997967298,0.08033372303251429,-0.01845577126982718,-0.03172424038921678,0.03850565277453693
2014-07-18,126.33,1978.219970703125,0.35714285714285715,0.006034158841073278,0.029807388507403942,0.015329033869786532,0.0016543283088525955,0.05901682784890294,-0.011776522190197192,-0.04733635820005512,0.020612927568281047
2014-07-25,127.71,1978.3399658203125,0.3191489361702128,0.015148218657389911,0.03660257897754704,0.022198538970014108,0.010772374658312132,0.059855302814744604,0.005072215565802485,-0.006979632302169029,0.036469145528349206
2014-08-01,127.97,1925.1500244140625,0.3,0.014165657509854768,0.03749991591540791,0.023028519977113387,0.009713616514293973,0.02312591563183286,0.03982686063928755,0.0471278233635621,0.03563513343931721
2014-08-08,128.15,1931.5899658203125,0.3,0.017395849749483716,0.03777034133879287,0.023380384453617335,0.012888287363436592,0.02788055146826718,0.03865126937912034,0.0506377002365019,0.06216103775365444
2014-08-15,127.8,1955.06005859375,0.29213483146067415,0.011569011101488336,0.028170876966695957,0.013821316068744484,0.007072189837527466,0.04028809065794281,0.01547002364488035,0.0424406288640543,0.0700820650604489
2014-08-22,128.5,1988.4000244140625,0.26732673267326734,0.006166835827103867,0.0381504689483565,0.02377021463018602,0.0016440225454925307,0.04519749745928525,0.011003411874502832,0.03707326269387403,0.05949983309750616
2014-08-29,128.0,2003.3699951171875,0.2647058823529412,0.00023440247011219384,0.02627980902048055,0.011768717677425022,-0.0042841431818939815,0.04064795348355865,-0.010295568704062157,0.031538436287581156,0.04924714912565681
2014-09-05,129.02,2007.7099609375,0.2621359223300971,0.006765978294015262,0.03485882475074309,0.020278101492117118,0.00226950242767035,0.029452627844731794,-0.02002775289551639,0.03314475787301534,0.031162372831644827
2014-09-12,129.25,1985.5400390625,0.2524271844660194,0.011281971445104233,0.03728216781513094,0.022605893920557653,0.006755428587927598,0.025184289397713222,-0.04081592598459308,0.008420543408296404,0.03360597120575187
2014-09-19,128.93,2010.4000244140625,0.25961538461538464,0.003340717087471745,0.026406249421873973,0.011570946820923047,-0.0012869414988209565,0.023926033942938574,-0.06347264192721028,0.029528801095145305,0.04745339481729202
2014-09-26,129.57,1982.8499755859373,0.23853211009174313,0.012191011721102818,0.0296074257899388,0.014700202068539458,0.007556162699803249,0.01110106206893402,-0.009256731750115097,0.05204019393818241,0.03866582396613727
2014-10-03,129.63,1967.9000244140625,0.24770642201834864,0.004716807507855414,0.027054034672301164,0.012027081675977568,-3.244960766578611e-06,-0.008873525795394244,0.02516472609004891,0.044864793959094464,0.049111913159335115
2014-10-10,129.77,1906.1300048828125,0.24770642201834864,0.004015139360601161,0.029958049688542765,0.014775501345280261,-0.0007917995773100974,-0.03172424038921662,0.06390616935589165,0.07022989316375373,0.09784283303133627
2014-10-17,129.31,1886.760009765625,0.23076923076923078,0.00294300088501398,0.023315091465814675,0.007997412843090216,-0.0019192056689802343,-0.047336358200054995,0.07800046487391213,0.06794928576833603,0.09807393023699114
2014-10-24,128.58,1964.5799560546875,0.21621621621621623,-0.007669996927178957,0.006789210205369933,-0.008698767302464798,-0.012626594712692122,-0.006979632302168248,0.049125110561845424,0.04344877783051827,0.07504738465471603
2014-10-31,128.53,2018.050048828125,0.28125,-0.008521898489910917,0.004366478672535479,-0.011193051667401857,-0.013506516829085451,0.047127823363561916,0.024237473563306713,-0.011492689924244829,0.0437454880755101
2014-11-07,128.37,2031.9200439453125,0.2465753424657534,-0.010846933652304713,0.0017152662867543356,-0.013943912128036928,-0.0158311261098806,0.050637700236501715,0.021158327015633877,0.011523337517152437,0.040593637517798625
2014-11-14,128.57,2039.8199462890625,0.2345679012345679,-0.005739119211603416,0.006006961152722923,-0.009755389218374506,-0.010680612223937257,0.0424406288640542,-0.018550061810877417,0.0276414361963946,0.03984144457344876
2014-11-21,128.57,2063.5,0.20430107526881722,-7.777561738375738e-05,0.0005445987608823089,-0.015336281592158392,-0.004993491744201064,0.03707326269387412,0.0034589502757741667,0.022426570403632082,0.029866958883974993
2014-11-28,128.59,2067.56005859375,0.2,0.0004667081603075829,0.004598784362730868,-0.01135264212836077,-0.004443733642852893,0.031538436287580573,0.01020618894653926,0.0177087128380757,0.01908096762408509
2014-12-05,128.27,2075.3701171875,0.19791666666666666,-0.0007793017850756812,-0.005830013792336608,-0.021708197430987206,-0.005661074338927429,0.033144757873015074,-0.008307716809437333,-0.0019823850413704237,0.008377746864631004
2014-12-12,127.82,2002.3299560546875,0.19811320754716982,-0.0058504788740210145,-0.011125489166402325,-0.02705038794895647,-0.010706333251240409,0.008420543408296233,0.02099342377086413,0.02518542779745544,0.044817212879903916
2014-12-19,127.3,2070.64990234375,0.19444444444444445,-0.009926997532796022,-0.012723115859385459,-0.028597980251133474,-0.014715515616400325,0.029528801095144885,-0.025052157254019485,0.017924593722146543,0.01882068302569767
2014-12-26,127.10333333333332,2088.77001953125,0.19444444444444445,-0.011628644362124518,-0.01922087172049647,-0.03509269492257421,-0.01635117429948573,0.05204019393818271,-0.017848147857779377,-0.01337436997204524,0.0060712269619312975
2015-01-02,126.90666666666667,2058.199951171875,0.19444444444444445,-0.01068550916701394,-0.021232330467205962,-0.03700421227647446,-0.015303223884506653,0.044864793959093596,-0.03119275779329023,0.004247119200240558,0.008986840691678126
2015-01-09,126.71,2044.81005859375,0.19444444444444445,-0.00872201341131884,-0.023862641938322326,-0.03949130645876148,-0.013236785751868919,0.07022989316375305,0.005199613709290364,0.027612939867582613,0.015436724102670165
2015-01-16,125.11,2019.4200439453125,0.3333333333333333,-0.01735315523405223,-0.03301927197845167,-0.04846940022641526,-0.021794808479845978,0.0679492857683357,0.037692615301970545,0.030124644468655135,0.05173285568027722
2015-01-23,124.04,2051.820068359375,0.14285714285714285,-0.024396309687975126,-0.03594718448129264,-0.051152210107068705,-0.028690634264626216,0.043448777830517926,0.02810290313495912,0.03159860682419784,0.013472325886406868
2015-01-30,124.0,1994.989990234375,0.1956521739130435,-0.023170342539708066,-0.03588077451700311,-0.05084355975490605,-0.02735094161013447,-0.011492689924245347,0.053438876325627216,0.05523817799975478,0.053125255229897354
2015-02-06,122.04,2055.469970703125,0.16129032258064516,-0.03755215096234821,-0.05056785924836582,-0.06526227918613615,-0.04160798383073488,0.011523337517152399,0.0076526044571109736,0.02907030000064612,0.01069445642040462
2015-02-13,122.13,2096.989990234375,0.14864864864864866,-0.024107299146312045,-0.0513874519131603,-0.06570841698973004,-0.027927310887649666,0.027641436196394586,-0.021006070209816544,0.012200008377054102,-0.0026023231106773372
2015-02-20,122.72,2110.300048828125,0.17857142857142858,-0.01069875661330233,-0.04656816547721121,-0.06050008705358293,-0.014350303761940108,0.022426570403632162,-0.0010430264057112346,0.007440388480342991,-0.06834491580243596
2015-02-27,122.73,2104.5,0.15625,-0.010294744995619887,-0.04664222767293058,-0.060205930033490285,-0.013815914168785363,0.0177087128380764,-0.020876893863581724,0.0013722547860093057,-0.056511273424869675
2015-03-06,122.88,2071.260009765625,0.15463917525773196,0.006859409550893147,-0.04292914791239699,-0.056106914824024065,0.0034499264370369156,-0.0019823850413702715,-0.0020782125678263214,0.010360131906001453,-0.07519673679865448
2015-03-13,123.02,2053.39990234375,0.16326530612244897,0.007260892597225066,-0.03827608044191422,-0.051109953565565226,0.003849994386036723,0.025185427797455695,0.023420935840991242,0.01963178508244859,-0.04601683934096886
2015-03-20,123.03,2108.10009765625,0.16161616161616163,0.0025228904531315877,-0.0341182774912836,-0.046639619402546476,-0.0008951215265683345,0.01792459372214683,-0.012852106507511037,0.0008960893035508959,-0.07384823349815993
2015-03-27,123.12,2061.02001953125,0.15841584158415842,0.0031726689212066006,-0.03184091438959946,-0.04404181615428715,-0.00022519660283597644,-0.013374369972044775,0.02712482893846377,0.01944559693397652,-0.06498697054247263
2015-04-03,123.33,2066.9599609375,0.15841584158415842,0.0036554201785348184,-0.028588218566848234,-0.04048164717766095,0.0003220437618564596,0.004247119200241123,0.01979830100622397,0.004739721491437619,-0.057552352025477496
2015-04-10,124.3,2102.06005859375,0.15841584158415842,0.010351054736443821,-0.019203012294151556,-0.030825899900156238,0.007047267913540068,0.027612939867583286,0.0066569738423538395,-0.012176215764912604,-0.042353233557499544
2015-04-17,123.94,2081.179931640625,0.4,0.007369349461884056,-0.009395772795347312,-0.02075718518327122,0.0040876257394292835,0.03012464446865515,0.019767979210369654,0.021608211211622156,-0.02336837449269052
2015-04-24,123.83,2117.68994140625,0.3333333333333333,0.005750167696383812,-0.0016944370052405233,-0.012847783350982635,0.0025033985386783,0.031598606824197795,0.003944684791104388,-0.018126280937791034,-0.02029245113666946
2015-05-01,124.23,2108.2900390625,0.3492063492063492,0.007270996647688932,0.001853120620548765,-0.009103000979985594,0.00402770458754089,0.0552381779997555,-0.0004270468881182733,-0.002112922769857412,-0.013817005183045517
2015-05-08,124.29,2116.10009765625,0.3048780487804878,-8.045375924581322e-05,0.01826868490895084,0.007477590550266387,-0.0033044933803122543,0.029070300000646476,-0.01105756363753381,-0.018375843580241486,-0.008018521500470112
2015-05-15,124.83000000000001,2122.72998046875,0.3048780487804878,0.007155234128997989,0.02186676047996272,0.011220994521904922,0.004050868817526476,0.012200008377053706,-0.013574293504422201,-0.014802331487731423,-0.048101636997405495
2015-05-22,125.37,2126.06005859375,0.26732673267326734,0.012359707900926331,0.021364027508988137,0.010813422581610789,0.009310902170653314,0.007440388480342897,-0.007587325582503158,-0.07578530428277887,-0.017503708576270927
2015-05-29,125.66,2107.389892578125,0.27184466019417475,0.011445160749214978,0.02359302636538363,0.01311371809358572,0.008400804904785954,0.0013722547860091083,-0.002803551715614691,-0.05788352821087906,-0.008233416448503587
2015-06-05,125.595,2092.830078125,0.27184466019417475,0.010444899567085386,0.021854174925143077,0.01142075686057967,0.007393092747350199,0.010360131906001158,-0.007698622982390244,-0.08555686870465595,-0.0005449307168525592
2015-06-12,125.53,2094.110107421875,0.2692307692307692,0.005591962167157405,0.02019783004989506,0.009797383174864697,0.0024263830389964977,0.01963178508244834,-0.008387065006369857,-0.0656486244234174,-0.039815563882395384
2015-06-19,125.52,2109.989990234375,0.27358490566037735,0.0011957432968427995,0.02003688035269935,0.009736381438834069,-0.0019721626693450533,0.0008960893035512285,0.007860015400560192,-0.07474432280171088,-0.05076484180973928
2015-06-26,125.89,2101.489990234375,0.2803738317757009,0.0018286628033674646,0.022249020247544493,0.012010187555779655,-0.0013287271406420419,0.019445596933976184,-0.010447048933303886,-0.08443256747644909,-0.019460167154235163
2015-07-03,125.9,2076.780029296875,0.2523364485981308,0.0024254967257961724,0.02062425147240443,0.010357847592709376,-0.0007408655060138357,0.004739721491437088,0.012945656744929044,-0.06229207351691495,-0.015939342351711107
2015-07-10,126.99,2076.6201171875,0.2523364485981308,0.011563569370824922,0.02141034468427616,0.011171677733875143,0.008421562472550513,-0.01217621576491279,0.0004573460270249565,-0.03017701779258688,-0.0773596939906334
2015-07-17,126.12,2126.639892578125,,0.004768726252083688,0.01743625714289898,0.007167397814252682,0.0015186421148478966,0.02160821121162204,-0.01664256348898397,-0.04497658570431279,-0.12309594893076825
2015-07-24,125.88,2079.64990234375,0.25925925925925924,-7.943758196216066e-05,0.01641941496919852,0.006134583575679392,-0.0033722054414219646,-0.018126280937790895,-0.053714338553883474,-0.002166170198878387,-0.08672066370412364
2015-07-31,127.03,2103.840087890625,0.2903225806451613,0.008935337985067626,0.022288592809783125,0.01201533640815108,0.005685193402982595,-0.002112922769857306,-0.056197652329139945,-0.011704082413188089,-0.08095261640213701
2015-08-07,127.4,2077.570068359375,0.28205128205128205,0.003223399937120952,0.024714198380642927,0.014393733878421853,-8.243723576554325e-05,-0.018375843580241913,-0.07823858876194821,0.010357322079771521,-0.09990057622291795
2015-08-14,127.5,2091.5400390625,0.28205128205128205,0.010882529921620865,0.021163552935521857,0.01066418723985311,0.0075476582431269045,-0.014802331487731024,-0.06442058644010813,-0.033299305509674,-0.11475755604174226
2015-08-21,127.60000000000001,1970.8900146484373,,0.013571298714483149,0.017631005782755338,0.006971988373551979,0.010148306968525903,-0.07578530428277919,-0.006546344101435315,0.0582815957065079,-0.0273169424683006
2015-08-28,127.7,1988.8699951171875,0.2830188679245283,0.00526048400312451,0.016103916063692658,0.00530436564983245,0.0016898341464673238,-0.05788352821087894,-0.02935259098118473,0.049650111762375396,-0.020737738496417756
2015-09-04,127.76,1921.219970703125,0.2803738317757009,0.002821760768694226,0.017091059582251766,0.006159115307086212,-0.000841525823985442,-0.08555686870465617,0.015566172205350799,0.08501193798780332,0.04018178999904453
2015-09-11,127.98,1961.050048828125,0.2897196261682243,0.0037576371128329455,0.019329227881197397,0.008418076975930156,0.00018027277507354353,-0.06564862442341735,0.027084541624460636,0.02583306054102193,0.030700984594814847
2015-09-18,127.88,1958.030029296875,0.3055555555555556,0.002191953280951786,0.018627215766864325,0.007677110164676858,-0.0012670408782201746,-0.0747443228017115,0.03762775249795835,0.023979480991971763,0.04569605151846642
2015-09-25,127.12,1931.3399658203125,0.2962962962962963,-0.004552240810032693,0.0097230124502925,-0.0012642251521962043,-0.007897317942670696,-0.08443256747644945,0.07181934834426688,0.06497240032221394,0.05274355510376896
2015-10-02,127.62,1951.3599853515625,0.2962962962962963,-0.001096405466555872,0.013569157389899722,0.002599164774944004,-0.004300816038156045,-0.06229207351691457,0.06353364784865587,0.046352731165203775,0.06036415769814331
2015-10-09,126.63,2014.8900146484373,0.2962962962962963,-0.010604553248796833,-0.002838894738424358,-0.013871701170286705,-0.013868215673666348,-0.03017701779258708,0.040991685899383304,-0.047182676198046475,0.016103753070133203
2015-10-16,126.49,2033.1099853515625,,-0.010929070532190721,0.0029294189825899153,-0.008086920582145071,-0.014245388631974033,-0.04497658570431273,-0.004965283294345293,-0.07811936322645541,0.02315215108414486
2015-10-23,126.77,2075.14990234375,0.2692307692307692,-0.002757101277825136,0.007045348754429526,-0.003911142865709904,-0.0060191231549356645,-0.0021661701988788806,0.006733427351502966,-0.08455449350524534,0.007886405413810634
2015-10-30,126.78,2079.360107421875,0.30357142857142855,-0.006603797584181059,-0.0019699781793489635,-0.012935698981204419,-0.009849670353165828,-0.01170408241318821,0.0051565418464236835,-0.06924853398894884,-0.006784687765956957
2015-11-06,126.88,2099.199951171875,0.25333333333333335,0.0019723094240200467,-0.004089985251525263,-0.015007681038074447,-0.0012184171035532843,0.010357322079771691,-0.003583972853916377,-0.1102578983026894,-0.020239680089536066
2015-11-13,126.88,2023.0400390625,0.25,0.003078504227087109,-0.004874606711943841,-0.015731226637577173,-9.664781230519972e-05,-0.03329930550967397,-0.005288220389412045,-0.08145825053206815,0.01158340873993552
2015-11-20,127.12,2089.169921875,0.25742574257425743,0.002757101277825136,-0.0037688486822284872,-0.014517802282530244,-0.0004583524482944367,0.05828159570650815,-0.0408484588159716,-0.08559853817480859,-0.017795926640459283
2015-11-27,127.14,2090.110107421875,0.24299065420560748,0.002835540652243118,-0.004394921530230356,-0.015018928100382243,-0.0003933949727105003,0.049650111762375104,-0.014030302421346313,-0.07038785025879321,0.004272905818733216
2015-12-04,127.17,2091.68994140625,0.23853211009174313,0.002283016146117589,-0.0046287298741019,-0.01510926838079217,-0.0009431131667031667,0.0850119379878036,-0.02309303461724873,-0.04483014798875872,0.0035505936949878523
2015-12-11,127.23,2012.3699951171875,0.23853211009174313,0.002754714268071723,-0.005877529556705063,-0.01635973720472398,-0.00044823779207326135,0.025833060541021524,-0.045931195114607914,0.004867924053792856,0.040751065936349466
2015-12-18,126.99,2005.550048828125,0.23636363636363636,-0.0010231790275190278,-0.006983980990699301,-0.017458600659740135,-0.004207839255430067,0.023979480991972224,-0.06447109172046876,0.021716570526494637,0.03221942979952399
2015-12-25,127.005,2060.989990234375,0.23636363636363636,-0.001062385745912664,-0.0009050664661103269,-0.011338996215772737,-0.00421738605806119,0.06497240032221452,-0.07770754548319236,-0.012228845218444813,-0.011507034990462245
2016-01-01,127.02,2043.93994140625,0.23423423423423423,-0.0011802196578258872,-0.004712544065371915,-0.01511860579800174,-0.004310153455365613,0.046352731165203664,-0.052067617305496784,0.01401142653293935,0.02846180862420441
2016-01-08,127.11,1922.030029296875,0.25225225225225223,-0.0009436188480318464,0.0037834048440599233,-0.006501205648263704,-0.0040096841172060724,-0.04718267619804628,-0.02208353620525958,0.06328642926817976,0.10269305000240585
2016-01-15,126.32,1880.3299560546875,0.25663716814159293,-0.005289973253555402,-0.0013448837120639823,-0.011546153147394508,-0.008332941119628404,-0.07811936322645519,-0.00830417059995807,0.10127151431060027,0.1394661784666475
2016-01-22,125.5,1906.9000244140625,,-0.011920697190511476,-0.010068662378796667,-0.020174064213539518,-0.014854191152702444,-0.08455449350524535,0.005689382681939601,0.09244089891905602,0.13156357135715804
2016-01-29,124.58,1940.239990234375,0.15384615384615385,-0.01939647454882998,-0.017505221030020834,-0.02747509497694886,-0.02220615953211295,-0.06924853398894903,0.0040172255765793564,0.0624638462229918,0.11357315232772316
2016-02-05,124.29,1880.050048828125,0.19718309859154928,-0.02243530854915754,-0.020624213129117663,-0.0304272714610571,-0.025144482916346682,-0.11025789830268984,0.06184377746001446,0.09001821821315331,0.14934218019853224
2016-02-12,124.25,1864.780029296875,0.2,-0.016522704970648228,-0.02094609290979932,-0.030547792289084743,-0.019098286953995434,-0.08145825053206845,0.08103795419644891,0.09304165927200372,0.15803787436837674
2016-02-19,124.4,1917.780029296875,0.1958762886597938,-0.008803578266760148,-0.02162934192338195,-0.031044907816361655,-0.011329196051116574,-0.08559853817480878,0.0664666498853316,0.06780261153434915,0.1299303036186004
2016-02-26,124.21,1948.050048828125,0.2,-0.002974398269897094,-0.023315159952161046,-0.03254085308444472,-0.005459153080206357,-0.07038785025879335,0.044128702619002105,0.07466075607752633,0.10745579405480261
2016-03-04,124.0,1999.989990234375,0.20869565217391303,-0.0023359791523827056,-0.025243208427617958,-0.03425690582337903,-0.0047727475290250945,-0.044830147988758284,0.035748539904449386,0.04838074168374647,0.08617351782300724
2016-03-11,123.58,2022.18994140625,0.2222222222222222,-0.00540694534390429,-0.029107752521775332,-0.03778940576163179,-0.007689851264620309,0.0048679240537925494,0.01248731009977907,0.035883141882556716,0.05091225573776656
2016-03-18,123.67,2049.580078125,0.22033898305084745,-0.005885452551113168,-0.02649161544697609,-0.03492664411452387,-0.008089575553592285,0.021716570526494117,0.015083852063637087,0.010502859273029404,0.04277825529657255
2016-03-25,124.3,2035.93994140625,0.2184873949579832,0.0007243169605635202,-0.021528457245684862,-0.02972429671560988,-0.0014008296892263536,-0.012228845218444917,0.026962198654308635,0.0007218102279826753,0.061319537141065035
2016-04-01,124.43,2072.780029296875,0.2231404958677686,0.0034617431825028078,-0.020601245587289263,-0.028571662397157443,0.001375089970855974,0.01401142653293963,-0.0036151976154444156,0.01445038209126496,0.045038908007181085
2016-04-08,122.27,2047.5999755859373,0.2231404958677686,-0.01065700547673476,-0.038821139150478245,-0.046596951613430505,-0.012817229969004789,0.06328642926817984,0.004648252739714143,0.03940662073422597,0.050537497572503885
2016-04-15,123.98,2080.72998046875,0.2231404958677686,0.002503534519807893,-0.018698107673612796,-0.026136577979729285,0.00045712501516618305,0.1012715143106,-0.0165340256385547,0.038194664156047074,0.02480126953102773
2016-04-22,124.4,2091.580078125,0.5,0.0008041817884132385,-0.008803578266760148,-0.01607733038786858,-0.0012072248249611417,0.09244089891905638,-0.018948904702767156,0.03912267243810202,0.023427898620553195
2016-04-29,123.56,2065.300048828125,0.3333333333333333,-0.007016440737158902,-0.008221211775618187,-0.015381387628014482,-0.00901588476296999,0.06246384622299139,0.016214135431113965,0.05110930610473138,0.02915955246335112
2016-05-06,124.64,2057.139892578125,0.3037974683544304,0.019197867966338933,0.0028120373650182273,-0.004194784900717933,0.017257683796365893,0.09001821821315392,0.020206300930607605,0.05932396198537885,0.013538533258527307
2016-05-13,124.34,2046.6099853515625,0.30120481927710846,0.002899486567417675,0.0007240838644531067,-0.006187514881597147,0.0008507761441367044,0.09304165927200359,0.023879436807002007,0.06499621509637299,0.055981506397041775
2016-05-20,125.48,2052.320068359375,0.2912621359223301,0.008644203017398766,0.008644203017398766,0.0018410530628841766,0.006589187399636181,0.06780261153434974,0.009166897624011773,0.062127692084251104,0.06122511821128617
2016-05-27,125.16,2099.06005859375,0.27927927927927926,0.012866050750300673,0.00761923724457958,0.0008738958699044128,0.010796130417712537,0.07466075607752654,-0.029810243230541742,0.03279503797727624,0.0530175956491027
2016-06-03,125.31,2099.1298828125,0.2767857142857143,0.005361085054755854,0.010509101572156787,0.003824306842341989,0.0032463442140348276,0.04838074168374629,0.00181818031196773,0.037792776139260596,0.043268618982166364
2016-06-10,125.92,2096.070068359375,0.2767857142857143,0.0126270358279017,0.018758065036259097,0.012022015336613803,0.010519678953590638,0.03588314188255737,0.01601078895144828,0.01502911385520985,0.07509264455989269
2016-06-17,126.62,2071.219970703125,0.2831858407079646,0.00904409179350285,0.023573747362014785,0.016834758588801513,0.006904129972325049,0.010502859273029408,0.042775656946654764,0.03227539602354332,0.0863727049042999
2016-06-24,127.30000000000001,2037.4100341796875,0.2831858407079646,0.01695358676267933,0.02384850704669539,0.0170855542587009,0.014810828699570136,0.0007218102279820116,0.06536306086442795,0.06059772691308252,0.10536100695623932
2016-07-01,127.98,2102.949951171875,0.2831858407079646,0.021083334534120368,0.028130692923774347,0.02132932456375996,0.018880107692273943,0.01445038209126448,0.03304372639802189,0.03058852591591618,0.06261234521615677
2016-07-08,126.38,2129.89990234375,0.2831858407079646,0.0036464566762166584,0.033061527189210516,0.026186048317082218,0.0013468030114636266,0.039406620734225406,0.02456559399086693,0.011130876838277869,0.06677501056602445
2016-07-15,126.54,2161.739990234375,0.2831858407079646,-0.0006320113972417829,0.02043820144496511,0.013466997593113622,-0.002910635980521707,0.03819466415604733,0.010267525301771076,-0.013393394625019385,0.05090830244883234
2016-07-22,127.62,2175.030029296875,0.2631578947368421,0.0025105928768400787,0.02555491813512223,0.01857885118392126,0.00028607210025921896,0.039122672438101525,0.004056114943381978,-0.015694773817548805,0.043314312329201236
2016-07-29,127.93,2173.60009765625,0.35714285714285715,-0.00039076238237090166,0.03475637127856235,0.027758392405720228,-0.0025868169210097216,0.05110930610473119,-0.002100132696341126,-0.021949753641380035,0.05421290854332667
2016-08-05,127.31,2182.8701171875,0.3291139240506329,0.007331815728244706,0.02119547495111629,0.014116075741146171,0.005187711220429845,0.05932396198537848,-0.0013248849155106579,-0.04578542872685172,0.05114614177577684
2016-08-12,128.11,2184.050048828125,0.3111111111111111,0.012330806149603468,0.029869521027150903,0.022790735148559345,0.01017451369958243,0.06499621509637254,-0.02608766443416115,-0.009014708699331157,0.05870380508543698
2016-08-19,128.46,2183.8701171875,0.29411764705882354,0.0065604733894453204,0.023471188507168783,0.016314253185966736,0.004324589401681655,0.06212769208425062,-0.020685398436696138,-0.0009025738729649804,0.07381020004472891
2016-08-26,128.77,2169.0400390625,0.3,0.0065446279567495935,0.02843494848501127,0.021260669404456287,0.0042984074164485984,0.032795037977276564,-0.0020075542947355068,0.020222557671826444,0.0874823077212767
2016-09-02,128.45,2179.97998046875,0.2972972972972973,0.008914666482338518,0.024749056378698953,0.017533604011057868,0.0066638724839465265,0.03779277613926091,-0.0053860699113767565,0.005475842842905635,0.08909490922835848
2016-09-09,128.31,2127.81005859375,0.30973451327433627,0.0015599410385851442,0.018802426237834347,0.011570446716360547,-0.0007006094786081605,0.015029113855209886,0.012112551934516278,0.060063530704682774,0.1088931320888585
2016-09-16,128.58,2139.159912109375,0.30701754385964913,0.0009337068838943807,0.015360803597560313,0.008113154716670823,-0.001296968496970864,0.03227539602354401,-0.002893133701907899,0.05409730888075651,0.10595173557913014
2016-09-23,129.59,2164.68994140625,0.30701754385964913,0.006347753161629832,0.017829114883961772,0.010578909696706065,0.004129068991819913,0.06059772691308307,-0.010929439866203282,0.04476328004315689,0.07957319385537304
2016-09-30,129.65,2168.27001953125,0.2982456140350877,0.009298788428780291,0.012964510273358876,0.005700794380376788,0.007047298061592863,0.030588525915916875,-0.019494553159274185,0.03202381930024066,0.08588386176744889
2016-10-07,129.39,2153.739990234375,0.2982456140350877,0.008381888420934125,0.023537857982551813,0.01629985874641106,0.006076215041514139,0.01113087683827807,-0.03235071157426259,0.055644133727746604,0.08956415587906645
2016-10-14,130.08,2132.97998046875,0.3333333333333333,0.01159836708596007,0.027591182080762167,0.02031859742378738,0.009294806726594853,-0.013393394625019539,0.014646211227459377,0.06430169707385162,0.087897447441246
2016-10-21,129.96,2141.159912109375,0.4117647058823529,0.0028510903535767795,0.018169612360698473,0.010820187535235792,0.0005273499387889445,-0.01569477381754858,0.018848314887965838,0.059009086146750045,0.09251000376783648
2016-10-28,130.06,2126.409912109375,0.3684210526315789,0.0031573704563330196,0.016512643112062797,0.009159772425583594,0.0008721611241970851,-0.021949753641379743,0.040072178616865496,0.07616266218470692,0.11442854740492138
2016-11-04,131.43,2085.179931640625,0.32051282051282054,0.015643291166055562,0.03184933342036267,0.024494837738620816,0.0133826902126396,-0.04578542872685176,0.04993638665424654,0.09693157050262857,0.1403177268578373
2016-11-11,130.76,2164.449951171875,0.3058823529411765,0.005213936056509105,0.020474311987667804,0.013020849112002013,0.00287676538779706,-0.009014708699330853,0.0429905749698528,0.06771851378476797,0.0995035582009244
2016-11-18,130.99,2181.89990234375,0.32,0.007894273608657798,0.01950341257991095,0.012041893362243762,0.005546295228689626,-0.0009025738729651067,0.034314484317025294,0.07471277391769396,0.08763109409307555
2016-11-25,131.19,2213.35009765625,0.3238095238095238,0.008650771651932843,0.018618786807246046,0.011129155283028278,0.006267790273893282,0.020222557671826458,0.022533168076594987,0.06725975004945015,0.08753155324852174
2016-12-02,131.59,2191.949951171875,0.32407407407407407,0.001216637668131959,0.02415130460615611,0.016630669808786004,-0.001200295445888283,0.005475842842905365,0.021161906545958162,0.08361906638545279,0.10682531080523877
2016-12-09,131.36,2259.530029296875,0.3181818181818182,0.004578063848108549,0.02349243479719121,0.0159029638236301,0.002181505233019928,0.0600635307046824,0.007693154957580025,0.048829601384175775,0.07346255527424861
2016-12-16,132.28,2258.070068359375,0.3063063063063063,0.009799903704034385,0.028369609400050955,0.020751444221762175,0.00741258236254755,0.054097308880756145,0.00731125449118723,0.05185442669837346,0.07467617764031007
2016-12-23,132.4,2263.7900390625,0.3063063063063063,0.00918098940996881,0.021452023055585023,0.01377110749981443,0.006771021208606065,0.04476328004315633,0.003316366237389884,0.03480991381221607,0.07426067808560259
2016-12-30,132.54500000000002,2238.830078125,0.3063063063063063,0.007231182247022794,0.022083698424398612,0.014356993002982026,0.004773621255788883,0.032023819300239786,0.024644289725192024,0.053860042467208366,0.07922216009689098
2017-01-06,132.69,2276.97998046875,0.3063063063063063,0.010073934844226251,0.025184481220483335,0.017402923734155234,0.00757617495203927,0.055644133727747125,0.008936725200619458,0.033920022151319965,0.06305572527327241
2017-01-13,133.49,2274.639892578125,0.30357142857142855,0.009105680554049478,0.025876922868140362,0.018008524390060857,0.006551886894893534,0.06430169707385147,0.01806302793837566,0.02359575036739432,0.07804281498304734
2017-01-20,133.84,2271.31005859375,0.6666666666666666,0.010817413175661095,0.02941834587766934,0.0214388539480994,0.008195096387073915,0.05900908614675071,0.03455200265890975,0.0335009176210864,0.0848891947921175
2017-01-27,133.53,2294.68994140625,0.48484848484848486,0.007403961286801319,0.026330289254866912,0.018273285797696055,0.004788453918911117,0.07616266218470713,0.03116926648160892,0.038265885220214534,0.07447029875335981
2017-02-03,133.54,2297.419921875,0.3230769230769231,0.006385477881377888,0.01592666793580566,0.007860414059732434,0.003840180538216801,0.0969315705026288,0.03662388253707072,0.04338615635520874,0.07519282810644778
2017-02-10,133.34,2316.10009765625,0.3048780487804878,-0.001124311477727069,0.019538675333904187,0.011503391335512281,-0.0036283676667515155,0.06771851378476779,0.024101662569260492,0.03178504441615647,0.05265412579816042
2017-02-17,133.49,2351.159912109375,0.32222222222222224,-0.0026184880109276776,0.018905584258083863,0.010855360817608095,-0.005037197901801679,0.07471277391769426,0.01145613709770494,0.012918320175381682,0.0311495369210099
2017-02-24,133.635,2367.340087890625,0.32222222222222224,0.0007860311448437685,0.018465548747777838,0.010406519757263161,-0.0015989757665396133,0.06725975004945006,-0.009916668160639172,0.02027180319907155,0.03148027960880553
2017-03-03,133.78,2383.1201171875,0.2857142857142857,0.00179560126053957,0.01650563152821327,0.008421465685875628,-0.0006392438197450881,0.08361906638545236,-0.008597117372286323,0.023206244419785995,0.03845587962652736
2017-03-10,133.5,2372.60009765625,0.2777777777777778,0.0011992206503901315,0.01615983213618577,0.008083700238053599,-0.0012381858644387555,0.0488296013841758,-0.0072164242752756754,0.024632953890072917,0.036756012690309904
2017-03-17,133.79,2378.25,0.2909090909090909,0.0022448378178863138,0.011350518371935792,0.0032499148350282787,-0.00019286362003226656,0.051854426698373146,-0.020947421839791956,0.022821750941936635,0.05001779672620391
2017-03-24,134.5,2343.97998046875,0.2882882882882883,0.006451996201176868,0.015736555538985897,0.0076433182008565515,0.004007819652199455,0.03480991381221621,0.0020073700462601104,0.03945076427338646,0.06532799520441462
2017-03-31,134.91,2362.719970703125,0.2882882882882883,0.008411229760463712,0.01768567904165419,0.00959729507358036,0.0059494506434936145,0.05386004246720866,0.0090501324781982,0.025362117629682848,0.0641914583088337
2017-04-07,135.12,2355.5400390625,0.2882882882882883,0.012061794659240732,0.01814769195120025,0.01006439733570259,0.009556872049688261,0.033920022151319174,0.018402859404508334,0.02913570312195246,0.0790605930644576
2017-04-14,133.85,2328.949951171875,,0.000448363480834324,0.0026932012987206377,-0.005382770688724375,-0.0020807986288591206,0.023595750367394253,0.02625232198713794,0.05444706461565309,0.09191819250604671
2017-04-21,134.79,2348.68994140625,,0.0021538127082845193,0.0070729550716093215,-0.0008743467491319611,-0.00032256856291459695,0.03350091762108587,0.013969405213204694,0.05138827717103095,0.09207336805089306
2017-04-28,135.73,2384.199951171875,,0.006059728859147739,0.01634144661400061,0.008455378534879451,0.003646537380210209,0.03826588522021446,0.013175184460465778,0.03620441353314511,0.07934045030253839
2017-05-05,136.54,2399.2900390625,,0.010454339490589604,0.022216553560411967,0.014288970751041625,0.008064753953555836,0.043386156355208705,0.016443970601648046,0.031806671751239204,0.0756507083541363
2017-05-12,136.83,2390.89990234375,,0.022019509425357242,0.02583702220180495,0.01785647612680747,0.01961087914878033,0.03178504441615715,0.016949572043176996,0.020869081382004176,0.07701067033280398
2017-05-19,136.75,2381.72998046875,,0.014436429551912155,0.024127872634449155,0.01613415051272829,0.011971299360058571,0.012918320175381304,0.021359567864259976,0.018231216745628265,0.07951649481543568
2017-05-26,137.22,2415.820068359375,,0.010917858952871562,0.026473274422028403,0.01844415047464462,0.008389796173225555,0.020271803199071847,0.009262292913675864,0.01120847640973391,0.07440294905863523
2017-06-02,137.29,2439.070068359375,,0.005477864919378739,0.025898817219251136,0.01788145677726411,0.002953242206477399,0.023206244419786692,-0.006441244162389493,0.015249635206741389,0.08000261465943226
2017-06-09,137.5,2431.77001953125,,0.004884637714907214,0.02952243926632203,0.021481597698141116,0.002386935706894889,0.02463295389007314,-0.002713675043396112,0.012123058800236855,0.08650612230009533
2017-06-16,137.43,2433.14990234375,,0.004960255264670366,0.026843290081233206,0.01877217022840425,0.0024451560956436948,0.022821750941936614,0.010677891833924416,0.027196045784267316,0.09506548610169707
2017-06-23,138.32,2438.300048828125,,0.007984364112290088,0.028005642333141623,0.019970497569229632,0.005534166746784468,0.03945076427338634,0.013944882943904563,0.02587723093102819,0.09576122478948651
2017-06-30,139.04,2423.409912109375,,0.012666184607568631,0.030153772066356055,0.022153628188906295,0.010221622055135797,0.025362117629683212,0.019892428381660738,0.03882934067915097,0.09825405633249859
2017-07-07,139.29,2425.179931640625,,0.012934173593313503,0.030394818200394802,0.02241340984945358,0.010488684201000723,0.029135703121952794,0.02107382803379479,0.04992488994250505,0.12320113926055931
2017-07-14,139.08,2459.27001953125,,0.011934610572899906,0.03832953717329879,0.030331866216657392,0.009478897359394023,0.05444706461565385,-0.007325661246511081,0.03747112789039363,0.12482844727287569
2017-07-21,138.96,2472.5400390625,0.5,0.004616280557813823,0.030468110182670927,0.02241581006791482,0.00212274393577059,0.05138827717103123,-0.01918765521219797,0.0406850908798619,0.12804527844765004
2017-07-28,139.85,2472.10009765625,0.48148148148148145,0.005808758130886993,0.02990280133809531,0.021889824741255073,0.003382733932558991,0.036204413533145186,-0.01182075266294543,0.04313603676939341,0.1502435395406717
2017-08-04,139.67,2476.830078125,0.39759036144578314,0.002724406617740094,0.022664885327545292,0.01470060818312373,0.0003519522872259882,0.03180667175123908,-0.00011306594284964827,0.043844036602897145,0.10902253051012444
2017-08-11,140.13,2441.320068359375,0.3723404255319149,0.007521256042466007,0.023831283790407554,0.015963836492211936,0.005242849424334874,0.020869081382003607,0.008203549461409752,0.056141588950799765,0.07046366130222191
2017-08-18,140.5,2425.550048828125,0.3723404255319149,0.011021366840951785,0.027053047471710556,0.019213418078491147,0.008768907370634897,0.018231216745628664,0.030324396902899106,0.061285278069807415,0.11905613190232472
2017-08-25,140.87,2443.050048828125,0.3723404255319149,0.0072670596242465635,0.02625200200947031,0.018483509933408887,0.004983481365379369,0.01120847640973377,0.02393104743497005,0.06319447264890134,0.11737135027852408
2017-09-01,141.24,2476.550048828125,0.3826086956521739,0.011178073742505568,0.02836509415067212,0.020596780324681277,0.008849414348034948,0.015249635206741274,0.017138461310020073,0.06475297945269093,0.08313928735393446
2017-09-08,141.67,2461.429931640625,0.3706896551724138,0.010929846209132954,0.029876492284633294,0.022149804936848032,0.008572904151530985,0.012123058800236564,0.0350881560988721,0.07438306349985857,0.12406901926814592
2017-09-15,141.8,2500.22998046875,0.3706896551724138,0.009210125324226048,0.03130291753126624,0.023623702462522628,0.006855440479675177,0.02719604578426793,0.02095297394005082,0.06786944031742971,0.09594883750333501
2017-09-22,141.28,2502.219970703125,0.3644067796610169,0.002906257583433991,0.021173895480614213,0.013463291513733475,0.000513948327109054,0.02587723093102845,0.028752742892738537,0.06988399385845825,0.033807512917023705
2017-09-29,141.81,2519.360107421875,0.3559322033898305,0.004027562413069674,0.019726471956173164,0.012069929081018865,0.0016947708114733837,0.03882934067915045,0.02419912447190312,0.059424715653347636,0.047103509046652184
2017-10-06,141.78,2549.330078125,0.3559322033898305,0.000776151035611683,0.017718469726931474,0.01010889840764979,-0.0015522223281975197,0.049924889942505324,0.014992974694187047,0.07327624931805429,0.021398578168390747
2017-10-13,142.51,2553.169921875,0.5,0.004994558587093856,0.02436286554546019,0.01683175307208627,0.0026869479689576627,0.03747112789039342,0.011344799813895077,0.08735731938248222,0.03959850165416397
2017-10-20,143.13,2575.2099609375,0.3333333333333333,0.013009571340475645,0.029567186263276035,0.022029357289391566,0.010688809711428684,0.04068509087986172,0.0014125319777474306,0.08736018756778795,0.036199796243851494
2017-10-27,143.04,2581.070068359375,0.40816326530612246,0.008636177951949264,0.022553891777235435,0.01487005013631311,0.006182854987853235,0.04313603676939337,0.008237683216562475,0.10710750277127846,0.03384066293549508
2017-11-03,143.32,2587.840087890625,0.33766233766233766,0.010803332009881927,0.025797395119073308,0.017996967496710595,0.008240021376286794,0.043844036602897596,0.02079587690694408,0.06517849390722717,0.02878739703564607
2017-11-10,143.59,2582.300048828125,0.32558139534883723,0.007549843621164953,0.024391453124159135,0.01643665288107643,0.004847749233325034,0.05614158895080035,0.026445024010468488,0.014322072351421978,0.05478559109224962
2017-11-17,143.65,2578.85009765625,0.34408602150537637,0.0036264772291731973,0.022172296651497447,0.014099647100905536,0.0008391971821488653,0.06128527806980699,0.0369085591505212,0.05777085383251729,0.050700363949777
2017-11-24,144.28,2602.419921875,0.3431372549019608,0.008631544610134156,0.023918376763123028,0.015707088123488713,0.005820519352554973,0.06319447264890155,0.030620568644527155,0.05417687762962286,0.04467900875638018
2017-12-01,144.68,2642.219970703125,0.3364485981308411,0.009444514647143798,0.024063836023711538,0.015728703843049065,0.006581150694373417,0.06475297945269087,0.011810197510676728,0.0183863079012434,0.034373067608112026
2017-12-08,144.89,2651.5,0.3364485981308411,0.00901281752634464,0.02247442444137082,0.013947665018297787,0.0060839162887523415,0.07438306349985879,0.0339813419170678,0.049685955768287306,0.04697643889926329
2017-12-15,145.51,2675.81005859375,0.3333333333333333,0.01286502734688888,0.02582719867416028,0.017085055189498953,0.009840848568268595,0.06786944031742959,0.0404408530051033,0.028079397185905308,0.03807642629749013
2017-12-22,145.9,2683.340087890625,0.3333333333333333,0.011165599493401679,0.032177718673090716,0.02318845778757333,0.00799531799119367,0.06988399385845856,0.04622893660206828,-0.036076480941434674,0.026311521963787495
2017-12-29,147.40333333333334,2673.610107421875,0.3333333333333333,0.01864818661736045,0.038684460228002315,0.029365721198936292,0.015331788167360609,0.05942471565334806,0.071881911589834,-0.012321206606695332,0.016602819774765732
2018-01-05,148.90666666666667,2743.14990234375,0.3333333333333333,0.027344877633212583,0.04904315103897172,0.03934033001826975,0.02384044267177444,0.0732762493180541,0.006895219283359968,-0.05187767114966353,0.006058625468396938
2018-01-12,150.41,2786.239990234375,0.6,0.03312008589493498,0.053952725982001404,0.043782560134521906,0.029384452913980612,0.08735731938248215,-0.06169044721716502,-0.04775881772831814,0.005394172676373755
2018-01-19,152.07,2810.300048828125,0.5,0.04141948562362785,0.06058763295624292,0.049859954301324616,0.037360306225179975,0.0873601875677883,-0.028176801757523177,-0.051160391323936565,-0.0030184535790838906
2018-01-26,154.21,2872.8701171875,,0.045142716168308006,0.07519099844436106,0.06384450685715086,0.0406616406460678,0.10710750277127801,-0.044692941925093106,-0.07326683983578333,-0.01899318898125979
2018-02-02,156.78,2762.1298828125,0.5,0.05152383729473353,0.08976365632382333,0.077705166191989,0.04660485755000605,0.06517849390722663,-0.025996309099039647,-0.03639109687158116,0.02792523960266935
2018-02-09,158.34,2619.550048828125,0.49230769230769234,0.05137972107616573,0.09778260343700218,0.08482455230791024,0.04588974140671336,0.014322072351421689,0.06180890742733383,0.040463518740827646,0.0784324955258513
2018-02-16,159.72,2732.219970703125,0.4936708860759494,0.04908134104265294,0.10604249676972266,0.09212822733710403,0.043107470217928275,0.05777085383251723,0.007217102503909338,-0.007070489882740278,0.04225011132875307
2018-02-23,160.0,2747.300048828125,0.5116279069767442,0.03685850536426116,0.10341795919848806,0.08852541628992755,0.030501428785331658,0.05417687762962231,-0.05963278992653037,-0.009497868873242688,0.045326192995464226
2018-03-02,160.34,2691.25,0.5263157894736842,0.02245301185422921,0.10277215353090874,0.08691768634753144,0.015793670849915856,0.018386307901243626,-0.018897316997262076,0.015986759706868473,0.07522897464610556
2018-03-09,161.12,2786.570068359375,0.5148514851485149,0.017404809226964524,0.10617459513762206,0.08938614525268511,0.01064550923352722,0.04968595576828694,-0.06758228500088316,-0.0027095168690241572,0.03008572719742839
2018-03-16,160.66,2752.010009765625,0.5048543689320388,0.00586804855064571,0.09904551797347949,0.08133110221944295,-0.0009562765493924879,0.028079397185905464,-0.03539736190912019,0.009997029111584885,0.054094941541255145
2018-03-23,161.2,2588.260009765625,0.5,0.007472014838700858,0.09972437454378724,0.08115634471625863,0.0006262464175247479,-0.036076480941434674,0.031145026219566233,0.06238800290522203,0.12390392298871415
2018-03-30,161.8,2640.8701171875,0.5047619047619047,0.009064444009585948,0.09318841092313424,0.07377701385885314,0.0021911156786823113,-0.012321206606695334,0.010936278360745814,0.028924026381460997,0.09841138492970124
2018-04-06,161.38,2604.469970703125,0.5047619047619047,0.0016124034501077134,0.0804421209545172,0.060250104470428514,-0.005295598110482149,-0.05187767114966402,0.022381793561442244,0.05793629661806047,0.1024932894294287
2018-04-13,162.44,2656.300048828125,0.6,0.011018372072430616,0.07694380415097513,0.05611303681272832,0.004166387507265985,-0.0477588177283188,0.026531889251980807,0.053152990404691916,0.040876444217761564
2018-04-20,162.24,2670.139892578125,0.6363636363636364,0.006430890330291206,0.0647357792504506,0.0433515530856248,-0.0004444854054538516,-0.05116039132393624,0.01591309968367298,0.04814193774485273,0.035914700149279624
2018-04-27,163.62,2669.909912109375,0.44680851063829785,0.011185661461160734,0.05923135621598696,0.0374212953315734,0.0043059221187880655,-0.07326683983578341,0.01907602903744745,0.054273650854523584,-0.004211232816596172
2018-05-04,164.36,2663.419921875,0.44871794871794873,0.01829731159484904,0.0472155952546327,0.025037725167684283,0.01139247824726181,-0.03639109687158104,0.026381547479410093,0.06431633647425038,0.022145287563333397
2018-05-11,165.03,2727.719970703125,0.4186046511627907,0.015818572737378744,0.04138265581218814,0.019019228607639195,0.008795933201624237,0.040463518740827986,0.01863587181748214,0.037968976785023756,0.019348089908911487
2018-05-18,165.86,2712.969970703125,0.42696629213483145,0.02206733862023924,0.0377217768280369,0.015233247730332664,0.014989164862636139,-0.007070489882740283,0.024284621498234574,0.049320601211493224,0.00855172129245563
2018-05-25,166.33,2721.330078125,0.43,0.01642710071689102,0.03879995156861682,0.016206565103482784,0.009286698557241041,-0.009497868873242332,0.012253081851934328,0.054824061868706885,-0.0331639810509885
2018-06-01,166.99,2734.6201171875,0.4392523364485981,0.015874786369131755,0.04063736976953525,0.017946503014636895,0.008702448696868467,0.015986759706867915,-0.005960050322669572,0.05924221493923706,0.009299714327391436
2018-06-08,166.89,2779.030029296875,0.4392523364485981,0.011207637199835752,0.03518548378505937,0.012374211935004657,0.004000492560892681,-0.0027095168690234317,-0.006936471513798515,0.03279524406645259,-0.05394766317827517
2018-06-15,167.62,2779.659912109375,0.4351851851851852,0.010555453647702606,0.0424091819250938,0.019501835371608545,0.0033123110918833925,0.00999702911158451,0.0077585993839868125,0.044097912429670275,-0.06683639115267065
2018-06-22,168.16500000000002,2754.8798828125,0.4351851851851852,0.01097187347122297,0.04229981020113893,0.019249051458087047,0.0036687327721290136,0.06238800290522217,0.016898961059197005,0.061515920083492236,-0.13100392378978776
2018-06-29,168.71,2718.3701171875,0.43119266055045874,0.010247334233542738,0.04182025999349204,0.01864097054560942,0.0028855832096548358,0.02892402638146052,0.03628590283380835,0.06948735854824029,-0.08946208107004476
2018-07-06,168.93,2759.820068359375,0.43119266055045874,0.012149515179324943,0.0457225955142766,0.02240743421689983,0.004737624171413025,0.057936296618060545,0.02876183341763223,0.04455699281136822,-0.08617970080365792
2018-07-13,168.57,2801.31005859375,0.43119266055045874,0.0056515811214561396,0.03704239097411932,0.013571381915011782,-0.0017640659493307793,0.053152990404692346,0.011347875632312569,-0.012276546186930415,-0.07601523415815645
2018-07-20,169.97,2801.830078125,0.18181818181818182,0.01067631061559382,0.04654523048644155,0.022948541082262082,0.0032550042187211806,0.04814193774485265,0.017091763150313816,-0.012227237595573141,-0.047928462969423526
2018-07-27,169.91,2818.820068359375,0.32558139534883723,0.007087620479783396,0.0377222190121147,0.013932415405901625,-0.0004026330209197298,0.05427365085452429,0.019626440051630983,-0.058484883671119765,-0.05620438097239445
2018-08-03,171.35,2840.35009765625,0.26153846153846155,0.014223820385980801,0.04164910430540836,0.017760367197898284,0.0067454112282602655,0.06431633647425095,0.021307425944396635,-0.042171048910917025,-0.04825993595378483
2018-08-10,171.9,2833.280029296875,0.25675675675675674,0.019561818596587344,0.04078563683332792,0.01678834263655653,0.01201289392316899,0.03796897678502287,0.013462139098910786,-0.01862088687611221,-0.04526906381638945
2018-08-17,172.16333333333333,2850.1298828125,0.25675675675675674,0.012821687730673936,0.03729957959687624,0.013176502811016351,0.005217126591390411,0.04932060121149373,0.019061932716411295,-0.040768879919037646,-0.02649759093172173
2018-08-24,172.42666666666668,2874.68994140625,0.25675675675675674,0.014703140211346444,0.035998258506570124,0.011749101119337666,0.0071033842706770805,0.054824061868706586,0.018944940066719578,-0.0879880429196955,-0.028946722482781965
2018-08-31,172.69,2901.52001953125,0.25,0.007789831275960779,0.03356414921223738,0.00918746398883263,0.00012954548780281377,0.059242214939237314,0.004285093286333627,-0.04994250061184568,-0.0342983585288733
2018-09-07,172.34,2871.679931640625,0.24742268041237114,0.0025563574228169017,0.03213435705630907,0.007652075104506977,-0.005135774971156875,0.03279524406645251,0.004825277231117228,-0.08674290724472777,-0.04581944450596723
2018-09-14,172.87,2904.97998046875,0.24489795918367346,0.004096228314761419,0.030840354263935055,0.006275988150754037,-0.003588203568378921,0.044097912429670316,-0.048615859232613835,-0.11093430358234078,-0.028810574695278635
2018-09-21,173.42,2929.669921875,0.24489795918367346,0.005744372640000606,0.03077075767534776,0.006128102212826548,-0.0019522661343821038,0.06151592008349205,-0.0568441966198684,-0.19251984387327997,-0.045016819514221165
2018-09-28,173.45,2913.97998046875,0.24489795918367346,0.004391293819180575,0.02770810879787522,0.002930531891603652,-0.0033713488875741432,0.06948735854824051,-0.09168633938555158,-0.15894943961828514,-0.02768959751369125
2018-10-05,173.75,2885.570068359375,0.25252525252525254,0.008148214633280304,0.02813305651026443,0.003264845300095586,0.00035039436700163434,0.04455699281136827,-0.05796620830465308,-0.13073669361502632,0.0024816686823883323
2018-10-12,173.78,2767.1298828125,0.42857142857142855,0.005250264476364563,0.03043903761884348,0.005372288259644576,-0.0026677658404402425,-0.012276546186930304,0.005003534943130844,-0.06373868797122609,0.049451980630901914
2018-10-19,174.14,2767.780029296875,0.3076923076923077,0.00414317545145515,0.02423762251120909,-0.001005470557196568,-0.003878568551301932,-0.012227237595573648,-0.011449879173150938,-0.03570122537385045,0.04839816194487994
2018-10-26,174.55,2658.68994140625,0.36585365853658536,0.00632186013528635,0.026942348453378173,0.001589048501916237,-0.0017441164106071442,-0.05848488367112026,-0.009876719196944777,0.002280502698725303,0.10053522608640562
2018-11-02,175.66,2723.06005859375,0.34285714285714286,0.010932824044069811,0.02484206016835344,-0.0006965752102413604,0.00278399071792332,-0.04217104891091772,0.013535974243468175,-0.006088887042867747,0.0785698050254702
2018-11-09,175.43,2781.010009765625,0.30120481927710846,0.009449971530033352,0.020327190552289487,-0.0053969066559199225,0.0012436990076044908,-0.01862088687611152,-0.05465988126970465,-0.026648176940277102,0.035462078667549794
2018-11-16,175.01,2736.27001953125,0.3068181818181818,0.004983541747596298,0.01639947652813145,-0.00948617066254099,-0.0032635735139540135,-0.04076887991903799,-0.05110349094689169,0.01427128898731585,0.04406159966841256
2018-11-23,175.49,2632.56005859375,0.30927835051546393,0.005370827674470391,0.01761003591650212,-0.008404895410134169,-0.002890559641373325,-0.08798804291969553,-0.08558686088686505,0.059041320436913486,0.07092675714644957
2018-11-30,175.5,2760.169921875,0.31313131313131315,-0.0009112655830501026,0.01614096330934256,-0.010015025436824063,-0.009188904738779891,-0.04994250061184591,-0.10472184572010593,0.015644142082972365,-0.002942500280815177
2018-12-07,175.06,2633.080078125,0.3076923076923077,-0.0021113306368016893,0.015659502492670896,-0.010629625312363961,-0.010368493627600915,-0.08674290724472833,-0.03916850913918129,0.04092346273876055,0.08732085346269279
2018-12-14,175.53,2599.949951171875,0.3173076923076923,0.002966853320188534,0.015270101533558567,-0.011157084169228702,-0.005259117075066632,-0.11093430358234091,-0.0014202436214991105,0.08212372888706206,0.10471877099211994
2018-12-21,173.76,2416.6201171875,0.3142857142857143,-0.009907024479945292,0.0019586387965562224,-0.024611201281386545,-0.01815857200563448,-0.19251984387328047,0.09997442187956108,0.14750302435905874,0.19959115899998126
2018-12-28,173.685,2485.739990234375,0.3142857142857143,-0.010395729173574786,0.0013539403165871988,-0.025234256846372663,-0.01859058029712274,-0.15894943961828556,0.06954360293145867,0.13125984210459388,0.16843764700231675
2019-01-04,173.61,2531.93994140625,0.3142857142857143,-0.008317368050434482,-0.0008060801910438897,-0.027433165074400925,-0.016453145395035326,-0.1307366936150256,0.06668159826750535,0.13321836229741463,0.1664246881801305
2019-01-11,171.96,2596.260009765625,0.32075471698113206,-0.020548076840173124,-0.01052823978297912,-0.0371259048904701,-0.028636586561681644,-0.0637386879712265,0.042094045974079675,0.11319066860212793,0.14911984155102942
2019-01-18,172.28,2670.7099609375,0.0,-0.008553976559660725,-0.010738513214559653,-0.03727731065492938,-0.016544677924844774,-0.035701225373850676,0.03852263518801547,0.08409938731873026,0.1084407651345931
2019-01-25,171.58,2664.760009765625,,-0.012193683587526927,-0.017161603406226078,-0.04369610693098194,-0.02020596649521643,0.002280502698725151,0.04688409854124355,0.0982547233876805,0.1270813831578051
2019-02-01,172.24,2706.530029296875,0.21428571428571427,-0.007922551197749428,-0.01966145543286313,-0.046198161634694604,-0.01598100584237036,-0.006088887042867697,0.03526900336930837,0.0846586920683381,0.08003447129388117
2019-02-08,171.27,2707.8798828125,0.18461538461538463,-0.004020632983803729,-0.023998844296816202,-0.05054172202234161,-0.012172118124267021,-0.026648176940277324,0.012911758409333113,0.062110255607826806,0.07495514950131636
2019-02-15,171.61,2775.60009765625,0.24358974358974358,-0.003896599771698206,-0.019618654733854157,-0.04614196354023203,-0.012128226399256654,0.014271288987316666,0.016748948952854444,0.02979031068109663,0.039932651486965405
2019-02-22,171.29,2792.669921875,0.26881720430107525,-0.001691603634925265,-0.024224034715621734,-0.0507602325424453,-0.009954685252836675,0.05904132043691401,0.00287484303528025,0.011885436709536163,0.019306382958282242
2019-03-01,171.88,2803.68994140625,0.26262626262626265,-0.002092294149313112,-0.020842483999126138,-0.04737285570567111,-0.010363598809756392,0.015644142082972934,0.010893854301515727,-0.018586642363787535,0.042857102289681794
2019-03-08,171.81,2743.070068359375,0.2621359223300971,0.0031479564295979756,-0.018739557230416537,-0.04529813870893902,-0.005124910314198315,0.04092346273876046,0.053126390419472765,0.046397390723932105,0.08241255172042602
2019-03-15,172.3,2822.47998046875,0.26666666666666666,0.004012683119672289,-0.018572824934370402,-0.04519786920322211,-0.0043150227380567095,0.08212372888706199,0.029646696093566516,0.02259504210505769,0.06345663306996324
2019-03-22,171.98,2800.7099609375,0.26666666666666666,0.004020164472856358,-0.010296845762820084,-0.036972651509316695,-0.00437099097250588,0.14750302435905915,0.036570784839232706,0.05208813464092244,0.06609253588875787
2019-03-29,172.73,2834.39990234375,0.2616822429906542,0.004933122798398415,-0.005513632027152937,-0.03226143528315509,-0.0034791598746067263,0.13125984210459407,0.03653848421454522,0.03717780489772283,0.043963588363989586
2019-04-05,172.42,2892.739990234375,0.2616822429906542,0.00354414570790329,-0.006878043472078765,-0.033722562199620255,-0.004877568885716567,0.13321836229741457,0.01812192803842881,0.03320632588271595,0.020282151100222162
2019-04-12,172.95,2907.409912109375,,0.00376539184929392,0.005740643755096642,-0.021308638406280743,-0.004747355764740283,0.11319066860212779,-0.008986367020221186,0.03592917294890154,0.02139024407560571
2019-04-19,172.65,2905.030029296875,,0.003888232853251239,0.0021453636500918805,-0.02506057717429005,-0.004632603589818131,0.08409938731873101,-0.015786441449618077,0.02434137781586271,0.02755793240136389
2019-04-26,174.18,2939.8798828125,0.15789473684210525,0.00835956555940065,0.01503961711977464,-0.012236509229715316,-0.00018104044177665556,0.09825472338768027,-0.03948518813690082,0.028826659770124673,0.027732137792054804
2019-05-03,173.66,2945.639892578125,0.2,0.007166003850720415,0.008210511576391077,-0.01921472265063345,-0.0014731662933835533,0.08465869206833787,-0.06797633106281721,-0.004624220774456881,0.04034443689468907
2019-05-10,173.98,2881.39990234375,0.2073170731707317,0.00593781469621657,0.01569909143511694,-0.011760748395826644,-0.002624228113812922,0.062110255607827014,-0.0028011064745616958,0.012844893893489551,0.07089113022927458
2019-05-17,174.32,2859.530029296875,0.2,0.009626266800363048,0.015668230222153134,-0.011887603247063935,0.001044747527969462,0.029790310681096166,0.009553680376815525,0.010142340805868871,0.0873231284248498
2019-05-24,175.29,2826.06005859375,0.23809523809523808,0.006352497969861481,0.023083718724561386,-0.004517140560070774,-0.002235316583192133,0.011885436709535568,0.04307754096666664,0.007420946248746159,0.09583244579857111
2019-05-31,175.4,2752.06005859375,0.23636363636363636,0.009969715305583549,0.020272521031287738,-0.00742746954488277,0.001423654295994288,-0.01858664236378793,0.06665830156302614,0.06144374465346925,0.1321851034692368
2019-06-07,175.52,2873.340087890625,0.22522522522522523,0.008812646447525552,0.021363781453044517,-0.006398795145299906,0.00023704293632842086,0.04639739072393212,0.03993532557825647,0.03601516099649393,0.09062802175420635
2019-06-14,175.25,2886.97998046875,0.22321428571428573,0.005320835278334712,0.016976382380815558,-0.010802897527892874,-0.003230317018885648,0.022595042105058027,0.04298082693741035,0.04086159096490546,0.09314201644959434
2019-06-21,175.84,2950.4599609375,0.22321428571428573,0.0031327454208556205,0.02219629967256065,-0.00554068943498625,-0.005394539847421354,0.05208813464092277,0.008824028014172878,0.01400440124783524,0.08779908353178148
2019-06-28,176.2,2941.760009765625,0.23008849557522124,0.004550633563996875,0.0198900317968862,-0.007836366237749581,-0.0038880565674735378,0.03717780489772338,0.028187339086947157,0.006785783466266576,0.09657146363991205
2019-07-05,175.92,2990.409912109375,0.22807017543859648,0.0022763497195859017,0.02009598546472713,-0.007577587819095264,-0.006056361559511924,0.033206325882715326,-0.019708618618744036,-0.012924174782493858,0.07857211685803674
2019-07-12,175.43,3013.77001953125,0.22807017543859648,0.0010265770263941931,0.014237567557915831,-0.013352893278954746,-0.007297351515802153,0.035929172948901744,-0.032070646075633154,-0.014538928873295772,0.0801751912173295
2019-07-19,176.18,2976.610107421875,0.45454545454545453,0.0019317090263388792,0.02023977584564829,-0.007310937338100176,-0.006402851492932057,0.024341377815862764,-0.029985478459612053,0.0032165545855011076,0.11207311338851669
2019-07-26,175.65,3025.860107421875,0.2631578947368421,-0.00312633479024349,0.008404131447242058,-0.01911251031157388,-0.011457184515600956,0.02882665977012433,-0.06089090165827939,-0.0010945219780698712,0.08535340515659101
2019-08-02,175.81,2932.050048828125,0.27941176470588236,-0.0006254797918074928,0.01230450182219922,-0.015043215322313383,-0.008938793796601674,-0.004624220774456234,-0.001908365634891091,0.04496865766914596,0.09539232987697607
2019-08-09,175.93,2918.64990234375,,0.0028460857098613346,0.011145838571560596,-0.016144885155458952,-0.005416219990317127,0.012844893893489306,0.02036916062844271,0.058046236335785116,0.1311632208536925
2019-08-16,176.01333333333335,2888.679931640625,,-0.0009464499372002777,0.009667059108084963,-0.01750364101345003,-0.009147956147380393,0.010142340805868955,0.04027293053585211,0.0771807876189809,0.15712339293669153
2019-08-23,176.09666666666666,2847.110107421875,,0.0025397079721445337,0.00459134144952511,-0.022490870663041396,-0.005613676934659648,0.007420946248746674,0.04966099596575594,0.08841149954982483,0.15899244484649294
2019-08-30,176.18,2926.4599609375,0.27522935779816515,0.002102333226951636,0.004437119743567308,-0.02249224873415634,-0.006025379115848667,0.061443744653469246,0.012000340375823357,0.07074135881576762,0.009441158603479273
2019-09-06,177.14,2978.7099609375,0.2727272727272727,0.006854191730481851,0.009187383854516895,-0.01761177990118668,-0.001229851809399305,0.036015160996494266,-0.009004010200731202,0.05461286075771249,-0.002130653953628445
2019-09-13,177.03,3007.389892578125,0.2727272727272727,0.005759459992737526,0.010105683822487777,-0.016631845046143248,-0.0023585210515788668,0.040861590964905936,-0.012419692900790986,0.05228042548468875,-0.10374760220466954
2019-09-20,176.87,2992.070068359375,0.2743362831858407,0.004381912762721818,0.005840508791391308,-0.020863333412014892,-0.0037670025963948504,0.014004401247835752,-0.0019638186481614156,0.07379468228394624,-0.2609195436142634
2019-09-27,177.24,2961.7900390625,0.2743362831858407,0.00599854664963928,0.005885032829209713,-0.02074195933514155,-0.0021377671684587474,0.0067857834662659045,0.020307033642610547,0.08978568017364538,-0.1530511862242776
2019-10-04,176.4,2952.010009765625,0.2743362831858407,-0.004186236808745747,0.0027247973261852465,-0.023856813572498393,-0.01230139523082364,-0.012924174782493303,0.03818421383289562,0.0914962916405306,-0.17074594203980742
2019-10-11,177.0,2970.27001953125,0.26548672566371684,-0.0001694771633582448,0.008909629632735339,-0.01753856421045877,-0.008204070680117677,-0.014538928873295554,0.040514519133447696,0.0947141200906251,-0.0626757622229813
2019-10-18,176.35,2986.199951171875,0.3076923076923077,-0.0029443427646409503,0.0009644570004114783,-0.025363983301449126,-0.010903501382366291,0.0032165545855002975,0.043978754573867844,0.10885655880301574,-0.038102020316909936
2019-10-25,177.08,3022.550048828125,0.3157894736842105,-0.0009031384673487963,0.008108229152104407,-0.01810992169231846,-0.008825146872777868,-0.0010945219780698068,0.02861511986961549,0.08644792713466087,-0.06344536004242302
2019-11-01,176.6,3066.909912109375,0.296875,0.0011331445971682896,0.004483421715161029,-0.021680854680800568,-0.006762834904903849,0.04496865766914482,0.023864335511730568,0.050423672207830186,-0.08014296162553143
2019-11-08,177.31,3093.080078125,0.27848101265822783,0.00174988049506819,0.007813424417942194,-0.01817542946708862,-0.006053085246946978,0.05804623633578565,0.016935785050370113,0.07311698451790741,-0.054233205503005553
2019-11-15,176.95,3120.4599609375,0.3103448275862069,0.0033965501094108674,0.0053074570470226234,-0.020600237302304824,-0.0043842101482360896,0.07718078761898006,0.01537256840156013,0.0799426053177107,-0.08586593637522
2019-11-22,176.34,3110.2900390625,0.29347826086956524,-0.004187658205059286,0.0013808629749005874,-0.024435831659472447,-0.011939586901813634,0.0884114995498253,0.03504417869987718,0.07058094529666793,-0.05106507498483417
2019-11-29,176.735,3140.97998046875,0.29347826086956524,0.0007641473761115236,0.0031452358643209166,-0.022560959258306312,-0.006905483693354413,0.07074135881576815,0.03104466173370136,-0.06130020021228821,-0.031260553173389063
2019-12-06,177.13,3145.909912109375,0.3173076923076923,-0.001015686804391791,-5.6454116931448084e-05,-0.02562799495275204,-0.008682417295062726,0.05461286075771277,0.027879420682086955,-0.0567435147113409,0.015148943524147506
2019-12-13,178.01,3168.800048828125,0.3238095238095238,0.005972521697869659,0.005520518752154757,-0.019900067667549665,-0.001658351416823709,0.05228042548468892,0.030014001705145434,-0.15602802768935833,-0.04106461981768969
2019-12-20,178.08,3221.219970703125,0.3238095238095238,0.00981893786835375,0.006817888080532519,-0.018456229809377698,0.0022125992536998988,0.07379468228394614,0.03309805787090812,-0.33471422589820954,-0.0390873504839848
2019-12-27,178.05,3240.02001953125,0.3238095238095238,0.007412974177816167,0.004559663392497804,-0.020620645939880024,-0.0001974538500324587,0.08978568017364541,0.016969280603626007,-0.242836866397923,-0.07395507809966044
2020-01-03,178.02,3234.85009765625,0.32710280373831774,0.005011977266279999,0.009141759958094298,-0.015926215816386733,-0.0025996160944583282,0.09149629164053064,-0.0028884055998048136,-0.262242233680338,-0.03294638665988656
2020-01-10,177.97,3265.35009765625,0.3177570093457944,-0.00022473172744774672,0.005465264188065255,-0.019499873629605587,-0.007803876642173598,0.0947141200906243,0.018917383560730007,-0.15738988231360648,-0.024902124360408607
2020-01-17,178.32,3329.6201171875,0.4,0.0013468015503788067,0.011109032395552276,-0.01372526145622065,-0.006172533029209242,0.1088565588030157,0.015064801088562804,-0.1469585791199257,-0.03200899880618264
2020-01-24,178.79,3295.469970703125,0.4166666666666667,0.004147523039941703,0.009610324899788303,-0.015106601557868488,-0.003311102490766331,0.0864479271346621,0.012748138031622584,-0.14989328717708383,-0.024525530752791517
2020-01-31,178.46,3225.52001953125,0.35135135135135137,0.002468582941220099,0.010477198302146107,-0.014132548896824283,-0.004969167985341399,0.05042367220783106,-0.08785953690838776,-0.13056663383336153,0.014038286121736451
2020-02-07,177.97,3327.7099609375,0.3103448275862069,0.0,0.003715383692997065,-0.02085943100832166,-0.0074126426256630506,0.07311698451790605,-0.11292471417887825,-0.1273501900209131,0.007058003153113129
2020-02-14,178.52,3380.159912109375,0.32894736842105265,0.0011209506834557459,0.008833432969597155,-0.01563995037504909,-0.0062988990670645294,0.07994260531771147,-0.22059806460550893,-0.16580854169293074,-0.0021649064039697226
2020-02-21,178.48,3337.75,0.3146067415730337,-0.0017353826394517213,0.012062600465395867,-0.012346217806888281,-0.00917920315083343,0.07058094529666725,-0.3702509924950005,-0.12164602028150227,0.017642835292087194
2020-02-28,178.37,2954.219970703125,0.32,-0.0005044419017936619,0.009208609024240921,-0.015159164707771549,-0.00793209950430168,-0.06130020021228866,-0.15049200445193353,0.030039647038899157,0.17181428120999
2020-03-06,177.88,2972.3701171875,0.3173076923076923,-0.0005058311193986142,0.004225239377990242,-0.020095758568740355,-0.00791874485548142,-0.05674351471134109,-0.17761929828691012,0.07189245823548854,0.14231390558783208
2020-03-13,177.19,2711.02001953125,0.3076923076923077,-0.00747803659109092,-0.004617125319363424,-0.028861619466362,-0.014880020508136617,-0.1560280276893593,0.02865214708089727,0.11496340787166862,0.20893622017259295
2020-03-20,173.34,2304.919921875,0.32075471698113206,-0.029221566418078382,-0.026977903821036264,-0.051120041277706,-0.03656122421711781,-0.3347142258982103,0.2208537046491922,0.29562687541422483,0.36475918801175433
2020-03-27,169.68,2541.469970703125,0.3076923076923077,-0.04994573431378502,-0.04815009946736026,-0.07201842628710678,-0.05705671542936769,-0.2428368663979228,0.10991285982446533,0.16888178829826264,0.26071303878544716
2020-04-03,165.16,2488.64990234375,0.3076923076923077,-0.07419446462460577,-0.07498120251289553,-0.09842750511143042,-0.08093136263714838,-0.2622422336803387,0.12878719424717175,0.22929584702045142,0.296748213921373
2020-04-10,158.96,2789.820068359375,0.3076923076923077,-0.10857000492641689,-0.11296239851833256,-0.13581172102414887,-0.11475397819996049,-0.1573898823136055,0.04895707585342348,0.13248775795319778,0.2202329837911626
2020-04-17,151.33,2874.56005859375,,-0.13579210100726335,-0.16411680637867843,-0.18622474683438542,-0.14127723858588867,-0.14695857911992505,-0.003785161484442283,0.11494958031374301,0.19222689986255842
2020-04-24,146.48,2836.739990234375,0.5,-0.14702540989017177,-0.19932303239747373,-0.22033360258747375,-0.15162627879113333,-0.1498932871770844,0.04099540492720417,0.1253677564242923,0.20016964734282536
2020-05-01,143.47,2830.7099609375,0.47368421052631576,-0.14078874690759147,-0.2182385323617071,-0.23786663794265922,-0.1444083008165702,-0.13056663383336176,0.07274674396387298,0.144604919955098,0.14425019069072312
2020-05-08,141.23,2929.800048828125,0.5,-0.11826283116258907,-0.23122522968092163,-0.24931195650596272,-0.12091287810747689,-0.12735019002091263,0.08631793407752315,0.13440819317402605,0.18052228591410804
2020-05-15,140.52,2863.699951171875,0.4857142857142857,-0.07411305530130896,-0.23935081236344313,-0.25578970424051806,-0.07586385647319714,-0.1658085416929307,0.060173884959090485,0.16364363528896092,0.22468580898354293
2020-05-22,140.41,2955.449951171875,0.4864864864864865,-0.042322186239704074,-0.23990983599772608,-0.2546597619453273,-0.04350536250868699,-0.12164602028150195,0.04702190320072654,0.1392888555735894,0.1854183987433124
2020-05-29,140.92,3044.31005859375,0.43478260869565216,-0.017933600637261016,-0.23566769109717445,-0.2487100330036234,-0.01877549456526588,0.030039647038899275,-0.011649863192570041,0.14177463417109096,0.1782560152704222
2020-06-05,140.83,3193.929931640625,0.4375,-0.0028362778710135927,-0.2335556764325366,-0.24492130995234182,-0.0035280983018605074,0.07189245823548873,-0.020215909501947148,0.07042144735234354,0.14684287314718622
2020-06-12,141.61,3041.31005859375,0.4375,0.0077269728373412505,-0.22414580293501096,-0.2338250382772594,0.0070846454551220335,0.11496340787166837,0.04617649716242647,0.09397281230092427,0.1861196824580923
2020-06-19,142.25,3097.739990234375,0.4489795918367347,0.013019358879889253,-0.19766891069975845,-0.20573924159959506,0.012359296128614453,0.29562687541422505,0.0401764095487103,0.06913231259752964,0.18020000042193737
2020-06-26,142.11,3009.050048828125,0.4489795918367347,0.008409052130732952,-0.17731290465265648,-0.1839366038022822,0.007716713771973542,0.16888178829826295,0.06639882795049491,0.09183125048718452,0.2075350901486963
2020-07-03,142.93,3130.010009765625,0.4489795918367347,0.014801510711064836,-0.144559701096866,-0.14985348565213907,0.014136461663054373,0.22929584702045158,0.044096267181818194,0.06745236690092159,0.18233701366463492
2020-07-10,143.28,3185.0400390625,0.4489795918367347,0.011723957517489225,-0.10385184049110485,-0.10802412171754931,0.011046938359749587,0.13248775795319823,0.050877511074251654,0.08774522583796475,0.18300992569551533
2020-07-17,144.2,3224.72998046875,,0.013615151844408757,-0.04826165784808634,-0.05152251998693847,0.012939483026767905,0.11494958031374303,0.04490889349077573,0.07727731954881535,0.15576148295249956
2020-07-24,145.75,3215.6298828125,0.7777777777777778,0.025291419626831235,-0.004996075135653477,-0.007752259274308448,0.024558065736840416,0.12536775642429276,0.054916504076501414,0.07480189091853297,0.17783183971549654
2020-07-31,147.56,3271.1201171875,0.78125,0.03187987280745119,0.02810891861817666,0.025576445226148284,0.03102163006171714,0.14460491995509717,0.06991645817986583,-0.0003547292643750071,0.12704160883192842
2020-08-07,150.19,3351.280029296875,0.7555555555555555,0.04710040146503314,0.06151139213651735,0.058944021095190056,0.04605526470526247,0.13440819317402664,0.02233118825584058,0.04611409274008191,0.14825156433131648
2020-08-14,151.07,3372.85009765625,0.7555555555555555,0.046542080704784716,0.07239347815800734,0.06958456796061524,0.04524323147435658,0.16364363528896142,-0.009496938028946291,0.06104217369458192,0.15410958551105033
2020-08-21,151.95000000000002,3397.159912109375,0.7555555555555555,0.04165869413220058,0.07898480523625118,0.07588525125240846,0.04013214801802992,0.13928885557359028,-0.023134639775333404,0.0461295431697229,0.13975581499043288
2020-08-28,152.83,3508.010009765625,0.6666666666666666,0.03509131981127034,0.08113383906670801,0.07769625429295003,0.03334431450153587,0.1417746341710906,-0.061593246876476486,0.036481381099331425,0.08288202732459926
2020-09-04,153.56,3426.9599609375,0.676923076923077,0.022190210915106867,0.08653788092263781,0.08276203496352062,0.02028991556647006,0.07042144735234324,-0.023184989953369158,0.0764214257948425,0.11430387269769486
2020-09-11,153.88,3340.969970703125,0.6615384615384615,0.01842977232846099,0.08309627764912708,0.07895721766027909,0.01645729515478589,0.09397281230092425,0.03994891069946681,0.09214687015716812,0.1657669270083713
2020-09-18,154.7,3319.469970703125,0.6666666666666666,0.017936238216218037,0.08390168457257996,0.07943061586502774,0.015904660741233735,0.06913231259752983,0.04832141649999602,0.11106768782440767,0.16452480089265506
2020-09-25,155.34,3298.4599609375,0.6716417910447762,0.016290070451756122,0.08901485738773118,0.08414168746805098,0.014162146947074489,0.09183125048718388,0.04936946838184337,0.11570383966151179,0.18645334692723925
2020-10-02,156.52,3348.419921875,0.6716417910447762,0.019092427209614904,0.09082879742118788,0.08551147118463871,0.016885897884172458,0.06745236690092149,-0.023710828983478236,0.11488464676371345,0.18276102349558265
2020-10-09,157.39,3477.139892578125,0.6666666666666666,0.022553723679415327,0.09392604381105318,0.08814006162774596,0.02022978232721645,0.0877452258379634,0.00924637797636881,0.09526469985755054,0.1717766746301739
2020-10-16,158.33,3483.81005859375,0.75,0.02319370493432249,0.09348023766249369,0.08724833766979165,0.02075720483153181,0.07727731954881456,0.02867374763654242,0.07848416340368437,0.18349251551588522
2020-10-23,159.15,3465.389892578125,0.7916666666666666,0.02423089073660023,0.08795432849750018,0.08131272945736724,0.021729107726156684,0.07480189091853262,0.02624415632769124,0.10302994879696359,0.18752674745451037
2020-10-30,160.68,3269.9599609375,0.6739130434782609,0.02623101214886958,0.08517993676260627,0.07811910415375369,0.02362926303083212,-0.0003547292643748534,0.10675256854357208,0.12739633809630332,0.24581335251944303
2020-11-06,162.52,3509.43994140625,0.6833333333333333,0.03207426955601633,0.07889991190203638,0.07145842197495603,0.02937362505247254,0.0461140927400816,0.05263852131060147,0.10213747159123465,0.18736002062295132
2020-11-13,163.75,3585.14990234375,0.6984126984126984,0.033659412002018385,0.08059756895972736,0.07280666583535292,0.030801559639917854,0.06104217369458098,0.021607758433639695,0.09306741181646835,0.15203860771375421
2020-11-20,165.06,3557.5400390625,0.696969696969697,0.03646189043643666,0.08275752480173626,0.07459210070102701,0.033411519261689684,0.04612954316972129,0.04180350487935135,0.09362627182070997,0.1554500477851191
2020-11-27,165.865,3638.35009765625,0.696969696969697,0.03175939498378355,0.08184801193511948,0.07330541380852168,0.028530624156303867,0.036481381099331855,0.017629211685704065,0.046400646225267975,0.14453227669259416
2020-12-04,166.67,3699.1201171875,0.691358024691358,0.025214738434558903,0.08192443942148842,0.07301142991084314,0.02184292350235717,0.07642142579484279,0.015278231015501798,0.03788244690285214,0.1340810351097144
2020-12-11,167.49,3663.4599609375,0.6707317073170732,0.022582773475018136,0.0847505701062845,0.07545647075602309,0.019107100075456056,0.09214687015716905,0.04306674039984947,0.07362005685120335,0.14790838933765918
2020-12-18,168.44,3709.409912109375,0.6666666666666666,0.02027055912918918,0.0850918457147074,0.07542003244500929,0.016732592485216014,0.11106768782440746,0.01573789207927271,0.053457113068247505,0.11619159053630664
2020-12-25,168.39666666666668,3703.06005859375,0.6666666666666666,0.015148102996520585,0.08070604447988394,0.07069503808812419,0.011551771226676985,0.11570383966151176,0.03669557751729518,0.07074950726572757,0.14495707254694606
2021-01-01,168.35333333333332,3756.070068359375,0.6666666666666666,0.010049135876780468,0.07288114808865398,0.06260077256707447,0.006475240540403791,0.11488464676371457,-0.0111991376508885,0.06787637673186905,0.14734037938204347
2021-01-08,168.31,3824.679931640625,0.6588235294117647,0.004883869147695563,0.06708071557456474,0.05664753237958983,0.001420843950783195,0.0952646998575517,0.016119149710052707,0.07651197477262335,0.13318519850346328
2021-01-15,169.44,3768.25,0.6588235294117647,0.005919278559368912,0.06781741933975383,0.05730008236533941,0.002637254751861925,0.0784841634036848,0.04325699604932652,0.10500835211220098,0.1383007710801493
2021-01-22,171.25,3841.469970703125,0.8181818181818182,0.016802169670949496,0.07327732341423321,0.0627136416553091,0.013747711293341604,0.10302994879696392,0.0168404793514376,0.08449679865754682,0.13842541343195822
2021-01-29,173.73,3714.239990234375,0.6451612903225806,0.03143742447494269,0.07808756041472709,0.06753614580343201,0.02856463626718966,0.1273963380963039,0.02575687667253664,0.11841701442313968,0.16835255562823673
2021-02-05,175.99,3886.830078125,0.6363636363636364,0.044619658104045,0.07962610412259341,0.06914953627994638,0.04187562895282909,0.10213747159123443,-0.011616503377780942,0.08522254903171664,0.1322763542587271
2021-02-12,176.41,3934.830078125,0.6388888888888888,0.04031194945521843,0.07446995679295387,0.06410977676642485,0.037611254041003295,0.09306741181646849,0.002160403468374625,0.05897119589728571,0.12707318244912627
2021-02-19,177.1,3906.7099609375,0.6309523809523809,0.033590067646453114,0.07040550062424966,0.0602477086744948,0.03094558628087538,0.09362627182071037,0.0016343461268888179,0.06182377596440898,0.1283348366928674
2021-02-26,178.11,3811.14990234375,0.6413043478260869,0.024898967044885367,0.0712271324758289,0.06128095885026787,0.022275437203139736,0.046400646225267295,0.04197807272616362,0.09813163046732638,0.16822652492451118
2021-03-05,178.6,3841.93994140625,0.6382978723404256,0.01472149320027949,0.069132858888314,0.05938889693618297,0.012082284158593755,0.03788244690285225,0.04527216084451856,0.09619858820686229,0.1659425038039664
2021-03-12,179.88,3943.340087890625,0.6382978723404256,0.01947913059419193,0.07136631391212767,0.061859798987235794,0.016857122296266996,0.07362005685120288,0.045958658321269524,0.07428833248645578,0.12280224498246882
2021-03-19,180.44,3913.10009765625,0.6421052631578947,0.018683767751407565,0.06881870924646805,0.05948962511684125,0.015974508927562463,0.05345711306824796,0.06728913112322611,0.06273447746805912,0.12474442912482289
2021-03-26,181.0,3974.5400390625,0.6382978723404256,0.01609569431513247,0.07217472379444079,0.06304375290389937,0.013314565280308478,0.07074950726572737,0.05044286890911464,0.07420756528121847,0.11422576687530855
2021-04-02,181.41,4019.8701171875,0.6421052631578947,0.015610994510832477,0.074694717522366,0.06569844975444442,0.012784793358665239,0.06787637673186886,0.03934150004038214,0.0794640026501743,0.08054334373577261
2021-04-09,182.91,4128.7998046875,0.6354166666666666,0.016704266685327873,0.08318671144975998,0.07422728601153167,0.013788330975079068,0.0765119747726235,0.024829723969146074,0.05667322373083984,0.06164762356216651
2021-04-16,185.35,4185.47021484375,1.0,0.02684761705654548,0.08974704774364461,0.08074760366888563,0.023895233303906308,0.1050083521122005,-0.002780160165588652,0.0332924189679485,0.06607582075117517
2021-04-23,183.78,4180.169921875,0.7058823529411765,0.015242358806912826,0.07061491293040412,0.061455140211457995,0.012159098600900227,0.08449679865754689,-0.005832543341700121,0.053928614774411486,0.08365380682347694
2021-04-30,191.43,4181.169921875,0.625,0.053762543595134105,0.09701983664255742,0.08778709240621119,0.05065327891895643,0.11841701442313912,0.00547149271672327,0.04993554120509694,0.09663406686604571
2021-05-07,194.52,4232.60009765625,0.5915492957746479,0.06154075694775063,0.1001078102934656,0.09055580809950446,0.0582041510408019,0.08522254903171778,-0.0006404642026353607,0.04705380522701054,0.1042203084087314
2021-05-14,195.83,4173.85009765625,0.5866666666666667,0.05500100633200411,0.10443610462043029,0.09450765912851225,0.051371309500629916,0.05897119589728561,0.017477540057544778,0.06810198655184041,0.11506802513779629
2021-05-21,196.18,4155.85986328125,0.6206896551724138,0.06529321506343067,0.10231806034738167,0.09196195890807649,0.06145240497749387,0.06182377596440958,0.002545047630538896,0.06651106072845851,0.12260901008931095
2021-05-28,197.445,4204.10986328125,0.6206896551724138,0.030937857997114904,0.10305872759478696,0.09229545879151534,0.026783803588443886,0.09813163046732676,0.01805400754005572,0.0700948944571849,0.08882349359914354
2021-06-04,198.71,4229.89013671875,0.6176470588235294,0.021311489882140044,0.10669780697532616,0.0955344012629183,0.017060877322007596,0.09619858820686211,0.028537575287830786,0.06974391559710415,0.07040515568524218
2021-06-11,199.02,4247.43994140625,0.6372549019607843,0.016158386258271484,0.10111536028450985,0.08949354224395926,0.011843005411714007,0.07428833248645539,0.028343549565653662,0.048513912496013,0.10380026025477702
2021-06-18,199.97,4166.4501953125,0.6372549019607843,0.01913475016074173,0.10276904275671583,0.09077090306001515,0.014783453079501121,0.06273447746805871,0.037847072623115395,0.06200995165676365,0.10346885206120747
2021-06-25,200.92000000000002,4280.7001953125,0.6372549019607843,0.017446754336363668,0.10440978761601816,0.09202402463370479,0.013043131122497938,0.07420756528121863,0.030163918402307584,0.04001820159408993,0.0989181577542605
2021-07-02,201.87,4352.33984375,0.6407766990291263,0.015777450450610964,0.10686426291510465,0.09407728501213407,0.011327677107880997,0.07946400265017317,0.00981303859530496,0.0010793410855983396,0.09083158676244495
2021-07-09,201.91,4369.5498046875,0.6407766990291263,0.01441673137526589,0.09882782497444786,0.08564891330608736,0.009943702037207167,0.05667322373084005,0.015210305465316726,0.004974399831326577,0.06800326287711299
2021-07-16,203.74,4327.16015625,1.0,0.018677315865009092,0.09459874156517944,0.08102376942245786,0.014148099666349024,0.033292418967949544,0.03202940741830337,0.03278340178322664,0.07471539633149157
2021-07-23,205.05,4411.7900390625,0.6666666666666666,0.020347032956223643,0.10951446176532897,0.09563145429517958,0.015766528262375016,0.0539286147744118,0.006749902612346943,0.029725192049065517,-0.003144275499400529
2021-07-30,208.45,4395.259765625,0.6041666666666666,0.03207527845846947,0.08517699777844001,0.07083378362397515,0.027409777530797506,0.04993554120509813,0.025630845968811086,0.04669852566094859,0.00829049194487226
2021-08-06,209.91,4436.52001953125,0.5915492957746479,0.03885681386363249,0.07614388189032972,0.061521642777704395,0.03407688051241893,0.047053805227010415,0.022049646167458425,0.057166503181720736,0.014324830137730766
2021-08-13,211.41,4468.0,0.5753424657534246,0.036954704845120645,0.07655244007829598,0.06170354554863859,0.032051085626810645,0.06810198655184152,-0.002110533998282859,0.046966038585955674,-0.01110889383066651
2021-08-20,211.94,4441.669921875,0.5753424657534246,0.03304936390862245,0.07727061061052076,0.06217009518034145,0.027991045862655745,0.06651106072845892,-0.0019560614411558014,0.05609794936085247,-0.021114346077250563
2021-08-27,212.47,4509.3701171875,0.5753424657534246,0.01910159760074137,0.07334073738206648,0.05797565559224646,0.0139256755567152,0.07009489445718486,-0.012022685323038998,0.018728599141958725,-0.02804769735953981
2021-09-03,213.0,4535.43017578125,0.5445544554455446,0.014613298283510545,0.06944569029170022,0.053825630372586426,0.009364864916889627,0.06974391559710469,-0.04012699922367518,0.0006612400881379169,-0.04661337086103191
2021-09-10,213.97,4458.580078125,0.5346534653465347,0.012036442271818437,0.07243049609184293,0.056571260959681756,0.006710720822757175,0.04851391249601278,-0.015195963099032792,0.05528634775876396,-0.058720143680075144
2021-09-17,214.06,4432.990234375,0.5392156862745098,0.009953133809538883,0.06808899425931791,0.051963155653900917,0.004576513553060589,0.06200995165676382,0.008620522749578464,0.041458900404443666,0.006773746463890874
2021-09-24,213.89,4455.47998046875,0.5392156862745098,0.006661062249819771,0.06255504529552258,0.04618998722482373,0.0012574627550752055,0.04001820159409064,0.019870908857282883,0.058899956160170366,0.019466011876432793
2021-10-01,214.31,4357.0400390625,0.5436893203883495,0.0061313992371587744,0.059799639078248035,0.043211203209487334,0.0007132499447819064,0.0010793410855995944,0.055432223170655257,0.08975224567684664,0.042423961888837305
2021-10-08,214.62,4391.33984375,0.5436893203883495,0.0030332042201219878,0.06104696893669903,0.044255542154041,-0.0023720167684335887,0.004974399831326082,0.06740240881571105,0.06302886304578646,0.021835122888744115
2021-10-15,218.63,4471.3701171875,0.4,0.02112445373256744,0.07053613212687626,0.05354850065628326,0.015733444668731368,0.032783401783225585,0.046212044221032436,0.04193199454826487,-0.017775880803249565
2021-10-22,216.66,4544.89990234375,0.3333333333333333,0.01286744034005416,0.0550754526793531,0.03779103589071095,0.007367576928262239,0.02972519204906554,0.033122659924133865,-0.032869467548465904,-0.06197515178942602
2021-10-29,217.84,4605.3798828125,0.375,0.01633728341892038,0.044061644038698944,0.026596886838351826,0.010795461159661998,0.046698525660948675,-0.0023390805501788997,-0.03840803371607643,-0.10848050715070306
2021-11-05,218.69,4697.52978515625,0.3880597014925373,0.018786179401249825,0.04097633447431637,0.02338837481326191,0.01320971317163984,0.057166503181720785,-0.03445561692612449,-0.04284167304398998,-0.13037331626953316
2021-11-12,219.31,4682.85009765625,0.40298507462686567,0.0031054507306169654,0.03668687801237258,0.018966552044125642,-0.0025308629853469733,0.04696603858595516,0.00620977517452543,-0.058074932416622344,-0.15165785004922935
2021-11-19,219.84,4697.9599609375,0.3783783783783784,0.014570704516563282,0.03659679328729393,0.018746419873635185,0.00894642984557998,0.05609794936085244,-0.016595110397564682,-0.0772122954381031,-0.1858031257934928
2021-11-26,220.535,4594.6201171875,0.3783783783783784,0.012295564083827593,0.037255610521785165,0.019283527124980323,0.006612315843343695,0.01872859914195857,0.02814867169517277,-0.04677629650149847,-0.09979411511609648
2021-12-03,221.23,4538.43017578125,0.40217391304347827,0.011547682421664263,0.037910718612470085,0.019803284913021378,0.005779775016649098,0.0006612400881369496,0.04896400636503344,-0.04727461094916986,-0.0995134322365277
2021-12-10,221.21,4712.02001953125,0.3978494623655914,0.008626222563517416,0.03327665830407156,0.015026588603854911,0.002770757382486444,0.05528634775876462,-0.007453447812010412,-0.11400649143883919,-0.1889196257827026
2021-12-17,220.22,4620.64013671875,0.4,0.001727037651460428,0.028370697129215472,0.010005200783033994,-0.004164705537540601,0.041458900404443,0.0090936168933995,-0.03468515394055282,-0.22902363500783218
2021-12-24,221.165,4725.7900390625,0.4,0.0028526168314000344,0.03344716510336543,0.014912360690948957,-0.0031137036789561593,0.058899956160169964,-0.0718985148513535,-0.03943394428373777,-0.18905246570337833
2021-12-31,222.11,4766.18017578125,0.4,0.003969870328521807,0.03574918970383312,0.0170086594915014,-0.0020813754767380717,0.0897522456768467,-0.07272805622226786,-0.04732828378800918,-0.2199004238743125
2022-01-07,223.055,4677.02978515625,,0.008305901238640168,0.03854935532258974,0.019574496457085734,0.002175891084797236,0.06302886304578692,-0.03846812727406543,-0.041193740157042226,-0.18184571106941647
2022-01-14,224.0,4662.85009765625,,0.01701900516959487,0.024265248566242903,0.004975789732113458,0.010704033617810827,0.041931994548265905,-0.053794882743854695,-0.05970787535151435,-0.18814139145810044
2022-01-21,224.67000000000002,4397.93994140625,,0.015723629648653592,0.03630335441196486,0.016789512489496936,0.009244728726810219,-0.03286946754846731,-0.011220167965503238,-0.02910568424096008,-0.10448070899502285
2022-01-28,225.34,4431.85009765625,0.35,0.014437618085602288,0.03384952437051503,0.013992958359468954,0.0077797600276295524,-0.03840803371607748,-0.01070734333560089,-0.07007247343462655,-0.07046949425896809
2022-02-04,227.28,4500.52978515625,0.2765957446808511,0.018764359724361412,0.03852753564570133,0.01832795053335155,0.011963167247905653,-0.042841673043991335,-0.038888554831304364,-0.08753164322554327,-0.08224650812053694
2022-02-11,228.63,4418.64013671875,0.265625,0.020458924491095765,0.0416187223267217,0.021018327086535275,0.013511674369074845,-0.05807493241662165,-0.04972178384769149,-0.09358291763260697,-0.031843954483814045
2022-02-18,228.14,4348.8701171875,0.2857142857142857,0.01532681667036595,0.03705946656576753,0.016066524036731256,0.0082234413928143,-0.0772122954381036,0.0259320310999856,-0.10859083035538965,-0.028073482385851823
2022-02-25,228.12,4384.64990234375,0.29545454545454547,0.012261433552318124,0.03381539383900556,0.012429608353037302,0.005048965836912042,-0.04677629650149839,0.03549102391293361,-0.05301781861459796,-0.0775033516891777
2022-03-04,229.66,4328.8701171875,0.3118279569892473,0.010417216802110829,0.037397070026147894,0.01566091352839674,0.00311273801169429,-0.04727461094917018,0.048910333526194,-0.052238821287357816,-0.09812876413396747
2022-03-11,230.24,4204.31005859375,0.30851063829787234,0.00701726679292225,0.040009766556126536,0.017913759883653818,-0.00033380982039501236,-0.11400649143883967,0.06535930346978654,-0.07491313434386349,-0.03311603677558023
2022-03-18,230.98,4463.1201171875,0.30526315789473685,0.012371651087189406,0.04770408000149651,0.025232543896392397,0.005001314322120541,-0.03468515394055238,-0.01592910451756192,-0.1943384810672794,-0.14173347694611999
2022-03-25,231.8,4543.06005859375,0.30526315789473685,0.016003124617313347,0.04696590162491887,0.024122564713633245,0.008579252681639784,-0.03943394428373814,-0.061570254808575836,-0.14961852141964066,-0.20709939808743905
2022-04-01,232.33,4545.85986328125,0.3020833333333333,0.011558820439153017,0.044986020136779103,0.021806275958493018,0.0040639869533582035,-0.04732828378801024,-0.09547224586888521,-0.17257214008630337,-0.23728546397762465
2022-04-08,234.39,4488.27978515625,0.3020833333333333,0.017864151537705375,0.04956801685519174,0.02605581073069503,0.010317941931838447,-0.041193740157043024,-0.08480603034256633,-0.1406519709123742,-0.20957926045383957
2022-04-15,234.03,4392.58984375,0.6666666666666666,0.013118185581390662,0.0438032604132923,0.020010109589436,0.005481599310854431,-0.05970787535151523,-0.08766992502494728,-0.12843351610658607,-0.20369900085712483
2022-04-22,236.22,4271.77978515625,0.3333333333333333,0.018888643278049955,0.050130915254315234,0.026070726630694832,0.011192890643871804,-0.029105684240960272,-0.09070531407993289,-0.07537502475406282,-0.12954164735259907
2022-04-29,236.88,4131.93017578125,0.3953488372093023,0.01939490900613894,0.049943311057315753,0.025658178214884194,0.011631662284020728,-0.0700724734346263,0.006347311484427553,-0.00039702082434143397,-0.05749632660954727
2022-05-06,235.62,4123.33984375,0.3055555555555556,0.005233943141210062,0.03603760027204039,0.011484949484218292,-0.0026076939985710864,-0.08753164322554241,-0.0035957328931189923,0.005285135105006202,-0.08944258429257071
2022-05-13,236.75,4023.889892578125,0.3026315789473684,0.01155541979785557,0.034899755720052106,0.010216729875583058,0.0037182946552218998,-0.09358291763260773,-0.031052000558947954,0.06173896314879291,-0.007723789615051971
2022-05-20,237.85,3901.360107421875,0.29545454545454547,0.006876648694589704,0.04168074727853899,0.016874442424468023,-0.000972842813412509,-0.1085908303553893,-0.059815619611904076,0.08051734796953791,0.01626638605962022
2022-05-27,237.3,4158.240234375,0.3020833333333333,0.0017714796483820905,0.03945335715337972,0.014527840577808898,-0.006081371800163252,-0.053017818614598866,-0.0611096788921091,-0.024485533074579766,-0.032288802052268105
2022-06-03,238.68,4108.5400390625,0.3069306930693069,0.01290340483590846,0.038523788305838025,0.013475317652561485,0.005103106180037486,-0.05223882128735724,-0.07142298527275144,-0.04588994284660955,-0.00900715309093611
2022-06-10,239.16,3900.860107421875,0.30392156862745096,0.010128051946516337,0.03801054087364619,0.01285207017644149,0.0023015304804634203,-0.07491313434386271,-0.00037953309872423835,0.04179709756828328,0.00855621012940873
2022-06-17,239.7,3674.840087890625,0.30392156862745096,0.0077479185620479285,0.03705701475339751,0.011763709706879791,-0.00010941839546768986,-0.19433848106728036,0.049975860443131265,0.05260500412115934,0.04717635717866468
2022-06-24,240.24,3911.739990234375,0.3106796116504854,0.012313260233357326,0.0357634927694237,0.010374926728798053,0.004426338832628936,-0.14961852141964016,0.012673241857002086,-0.057480876667798365,-0.01725547970249694
2022-07-01,239.58,3825.330078125,0.3106796116504854,0.003763647649303259,0.030728615515988267,0.005238296520410454,-0.004173034178792827,-0.17257214008630228,0.07670287339307666,-0.06471332389132133,0.0036973912985150776
2022-07-08,239.42,3899.3798828125,0.30392156862745096,0.0010865478105204218,0.02123293714646124,-0.004325539734060555,-0.006859667978663596,-0.14065197091237458,0.06113107567481409,-0.06892728954146539,-0.0011032977641083866
2022-07-15,239.9,3863.159912109375,,0.0008340284053103275,0.024772857577317176,-0.0008304614159517047,-0.0071125718119770635,-0.12843351610658615,0.10250255423043163,-0.07526548475053876,0.03458137855345401
2022-07-22,239.46,3961.6298828125,,-0.0032520353863771945,0.01362281410499655,-0.012009563104500975,-0.011191599189427222,-0.07537502475406122,0.0651870586436678,-0.05416662259853636,0.0027678093006098586
2022-07-29,238.15,4130.2900390625,,-0.0059866630563156775,0.005347043453533651,-0.020318786849923838,-0.013925421086313566,-0.000397020824340899,-0.01774120076581061,-0.057099305785205834,-0.014567035361338751
2022-08-05,237.25,4145.18994140625,,-0.009104894333186841,0.0068940996720643355,-0.018727131539286325,-0.017009285803796858,0.005285135105006944,-0.05477081084473485,-0.09472771939757682,-0.002103431851557983
2022-08-12,237.3225,4280.14990234375,,-0.010802194211012583,0.0024152435684490214,-0.023178732906366406,-0.018629976835192803,0.06173896314879279,-0.050993866139457576,-0.06946275276384495,-0.04533060927398302
2022-08-19,237.39499999999998,4228.47998046875,,-0.008660967834504874,-0.0019148024240980277,-0.027462292901864506,-0.01642557261077604,0.08051734796953802,-0.0877279634602826,-0.0642509619099176,-0.035968639930288135
2022-08-26,237.4675,4057.659912109375,,-0.0028699552411710627,0.0007056085639804976,-0.02480017586331404,-0.010562760813553451,-0.02448553307457857,-0.0941050224853277,-0.007803268977688352,-0.02183025106279902
2022-09-02,237.54,3924.260009765625,,0.00122159285605683,-0.004787712307787295,-0.03026957679162294,-0.006439339072299131,-0.04588994284660863,-0.0902463663174631,0.036882789755673495,0.030461930551116085
2022-09-09,238.46,4067.360107421875,0.3883495145631068,0.004781605743349182,-0.002931202634718133,-0.02832348316879542,-0.002843219781965593,0.04179709756828309,-0.11110392020847291,-0.03324088743887452,-0.05191512823217242
2022-09-16,237.89,3873.330078125,0.38095238095238093,0.002082961502981817,-0.007579759483164139,-0.03288847023225934,-0.005535595725862519,0.05260500412116009,-0.07789462842856684,-0.005428646942494795,0.01111949362112311
2022-09-23,237.85,3693.22998046875,0.3904761904761905,0.001609450872592788,-0.00999820079678404,-0.03522088418514491,-0.0059943694892019336,-0.05748087666779789,0.015987495926264163,0.0402253969653015,0.07251402279745142
2022-09-30,237.42000000000002,3585.6201171875,0.3904761904761905,-0.0005053057207060618,-0.009056665677796616,-0.03417753346599085,-0.008080990853160741,-0.064713323891322,0.08431689149919214,0.06841071518983645,0.1363237108626565
2022-10-07,236.99,3639.659912109375,0.3867924528301887,-0.006183635225877282,-0.010201385671115837,-0.0352467312605666,-0.01378291607043478,-0.06892728954146499,0.03533064581870247,0.06782399177735696,0.12032037321306008
2022-10-14,236.77,3583.070068359375,0.4444444444444444,-0.004719176162266692,-0.013132964050741158,-0.038055803131833904,-0.012279904711551631,-0.07526548475053829,0.1083052862171256,0.10984686330399296,0.1439056161199187
2022-10-21,234.99,3752.75,0.4,-0.012097262831034072,-0.018843428241440918,-0.043675899238872426,-0.019646614243154746,-0.05416662259853666,0.0551027193322865,0.056934431899146036,0.09664044438040437
2022-10-28,233.58,3901.06005859375,0.3333333333333333,-0.01630609377496839,-0.019376096396449327,-0.044035800359306834,-0.023783687979629542,-0.057099305785206056,0.03155483604170672,0.042532270423867154,0.06654299701302671
2022-11-04,231.05,3770.550048828125,0.3150684931506849,-0.02538380883583269,-0.026480300173761684,-0.05098705850769861,-0.03274961305092886,-0.09472771939757862,0.07683969830851552,0.09262428754601897,0.0925686878904391
2022-11-11,231.37,3992.929931640625,0.3246753246753247,-0.023071045075316654,-0.02540181491504523,-0.04968874168108661,-0.030262915384445515,-0.06946275276384384,-0.014772000814487112,0.02413214348986196,0.032317703423647266
2022-11-18,230.16,3965.340087890625,0.32926829268292684,-0.020768240803964666,-0.03095070121090071,-0.05504077366949295,-0.027790447041396556,-0.0642509619099183,-0.0289056484928598,0.02828232197962945,0.05558154746536405
2022-11-25,230.89,4026.1201171875,0.32926829268292684,-0.011583224219507748,-0.028089365374786013,-0.051972184216802594,-0.01849914467104922,-0.007803268977689015,-0.04607635654233786,-0.014026982085110648,0.04357818746014061
2022-12-02,231.62,4071.699951171875,0.35051546391752575,0.0024639604399556703,-0.025237932589862844,-0.04892052962906464,-0.0043728101936651624,0.03688278975567272,-0.05871844088330018,-0.006420859204557465,0.05044603134831574
2022-12-09,231.78,3934.3798828125,0.35051546391752575,0.0017704851866540139,-0.028412935471740397,-0.051934112777141356,-0.005088590878020329,-0.033240887438873656,-0.010039040992241415,-0.01867424079329785,0.08859656015328177
2022-12-16,230.94,3852.360107421875,0.35051546391752575,0.003383217280418016,-0.029650445433464512,-0.052954100596404596,-0.003448922652774175,-0.005428646942494453,0.037380881817920764,0.016548140563618037,0.13509570378347682
2022-12-23,230.89,3844.820068359375,0.35051546391752575,0.0,-0.0296988162473788,-0.052768700041639416,-0.006790885314038757,0.04022539696530103,0.03269653086010869,0.032288625832149975,0.1230650757125373
2022-12-30,230.84,3839.5,,-0.003373267913465483,-0.028105894782622265,-0.05095617293816573,-0.010116634162261828,0.06841071518983632,0.05843844673322273,0.06791299567281989,0.14764730967029638
2023-01-06,230.79,3895.080078125,0.35,-0.004280439767292421,-0.026509740013155536,-0.0491212511511303,-0.01097005444442373,0.06782399177735776,0.060130941587364414,0.052496381435703066,0.12165168216029017
2023-01-13,230.24,3999.090087890625,0.33663366336633666,-0.0030356933846524825,-0.027966962655850303,-0.05037350581817622,-0.00969930993332325,0.10984686330399285,0.022590566402994592,0.03405875281592581,0.11921424190368475
2023-01-20,229.34,3972.610107421875,0.2857142857142857,-0.006735788020753475,-0.024337341437098203,-0.046493397451658716,-0.013371311653174041,0.05693443189914582,0.026450609412769895,0.03970601248125808,0.13269714862332405
2023-01-27,228.11,4070.56005859375,0.10526315789473684,-0.011896861092518307,-0.023696662100172183,-0.04563510486898342,-0.018462619910447238,0.04253227042386776,-0.025004416467270908,0.024010726589159474,0.11840517840820905
2023-02-03,227.16,4136.47998046875,0.13953488372093023,-0.015853591129721067,-0.016979522307043915,-0.03869890186814799,-0.022327263767946547,0.0926242875460197,-0.02220544844206076,-5.559965557980124e-05,0.07933798968694865
2023-02-10,226.75,4090.4599609375,0.18309859154929578,-0.01527415414381128,-0.02017007172434493,-0.041756791631602584,-0.021646201197871882,0.02413214348986159,-0.05757838509764697,0.00818555993378547,0.08739895836232638
2023-02-17,227.25,4079.090087890625,0.23529411764705882,-0.00915488555257049,-0.012723986185704028,-0.034124786191077436,-0.015421835780815279,0.028282321979629543,-0.04063982990887132,0.027299225485734567,0.06882269053996425
2023-02-24,226.68,3970.0400390625,0.21649484536082475,-0.006288637448829348,-0.018402075329493783,-0.039643986958898605,-0.0125080267609644,-0.014026982085111328,0.00023925137492285554,0.057605169545251286,0.10412523795594855
2023-03-03,227.51,4045.639892578125,0.22857142857142856,0.0015395784596909934,-0.017903904287308592,-0.03896882435034332,-0.004642732675860495,-0.006420859204556706,0.015615413994077175,0.056866890552873306,0.10993598782178227
2023-03-10,227.81,3861.590087890625,0.2358490566037736,0.004663859210617183,-0.01727669770038176,-0.03819976427838252,-0.0015315635248002654,-0.018674240793298935,0.06113158123675959,0.10727080094657963,0.1435068414018531
2023-03-17,227.6,3916.639892578125,0.23148148148148148,0.001538969194587736,-0.014568234271534308,-0.03541014974452854,-0.004734286206225277,0.016548140563617864,0.05489149407022856,0.1185475632198587,0.12774184824534218
2023-03-24,227.58499999999998,3970.989990234375,0.23148148148148148,0.003984463682260575,-0.014417611647233208,-0.0353390762840063,-0.002485974639146451,0.032288625832149975,0.040113917509216834,0.09077644988038738,0.08425387318230194
2023-03-31,227.57,4109.31005859375,0.25471698113207547,0.0002636899022041561,-0.014266946471638953,-0.03540464500469491,-0.006552454816613419,0.06791299567282039,0.0145361776495622,0.07973431399747659,0.04257689313890437
2023-04-07,227.24,4105.02001953125,0.2641509433962264,-0.0025052205169373565,-0.015501478450026696,-0.03702837093206507,-0.009798661098106277,0.05249638143570223,0.007578960496081759,0.06915530072458712,0.04837919594008126
2023-04-14,226.57,4137.64013671875,0.2523364485981308,-0.004535754302812833,-0.01606829518969466,-0.038219937159350376,-0.012509097348145084,0.034058752815925075,-0.0032826264791456982,0.08515548908775902,0.04492904878485579
2023-04-21,226.91,4133.52001953125,0.35714285714285715,-0.002970331890500333,-0.010652155516980066,-0.03375282640451388,-0.011785061773681625,0.0397060124812576,0.014043822417246228,0.09299113614206592,0.02169111252550534
2023-04-28,228.47,4169.47998046875,0.4166666666666667,0.003947027315264862,0.001576941936144216,-0.022733157649341484,-0.005791132555093812,0.024010726589159148,0.008590026488820908,0.09439445181904935,-0.012576684634035365
2023-05-05,229.45,4136.25,0.4430379746835443,0.00967841315191631,0.010030525831610682,-0.015688647307066372,-0.0009875401429478535,-5.5599655579996465e-05,0.03471704176639218,0.0793935893425283,0.05230163481392715
2023-05-12,229.48,4124.080078125,0.42528735632183906,0.012761931784307734,0.011967790738424355,-0.015297893653538164,0.0012758423079403305,0.008185559933785669,0.0415068559151473,0.07921339842854089,0.0682192622452722
2023-05-19,229.4,4191.97998046875,0.41414141414141414,0.01091374160209213,0.009416471637682555,-0.019460229440830396,-0.0011292388171317887,0.02729922548573427,0.0506085078252529,0.04152346505422974,0.07401494201669549
2023-05-26,233.22,4205.4501953125,0.3942307692307692,0.020577303405795,0.028442882790768564,-0.0020320638495098277,0.008193067038867258,0.0576051695452513,0.03341053171005878,0.04652006841069733,0.08079649233882599
2023-06-02,232.21,4282.3701171875,0.4,0.0119569938177575,0.020447941189677188,-0.011720021949882892,-0.000674107318677012,0.05686689055287175,0.03848283743868056,0.053069097268909196,0.07038158273330444
2023-06-09,232.1,4298.85986328125,0.4,0.011352433546720775,0.018656365074527947,-0.015139826383123244,-0.0013734962543853462,0.10727080094657993,0.023016081014767004,0.03623604045527351,0.06865603851457856
2023-06-16,232.59,4409.58984375,0.4,0.01381004220370663,0.02168754464680145,-0.013665070964757046,0.0010608722698480753,0.11854756321985782,0.021499419938129028,0.009194285025483327,0.06785548310414972
2023-06-23,233.08,4348.330078125,0.40707964601769914,-0.000600471817313597,0.023857947291194392,-0.012900799444380509,-0.013354710234017134,0.09077644988038713,0.0423286037708955,-0.0065225766980853955,0.08932697418442534
2023-06-30,232.62,4450.3798828125,0.40707964601769914,0.0017640862522929623,0.021948337539765994,-0.016099965939038723,-0.010932398805769251,0.0797343139974771,0.02919631547113523,-0.03715742085857204,0.0693212217723856
2023-07-07,233.42,4398.9501953125,0.40707964601769914,0.005671092703815717,0.02683267829528102,-0.012282984405553386,-0.0069418191205364195,0.06915530072458687,0.01781724911402279,-0.020776104784505946,0.06560923159814877
2023-07-14,232.99,4505.419921875,0.40707964601769914,0.0017182872907648417,0.027941586240379124,-0.012011797734726985,-0.010855824118115028,0.08515548908775905,-0.009224717138363805,-0.0402264403029033,0.059960398111762445
2023-07-21,232.56,4536.33984375,0.45454545454545453,-0.002233486024252329,0.024594793157442396,-0.015847073151564132,-0.014731335480865252,0.09299113614206611,-0.03742384867058989,-0.07130002361656064,0.06475499078565167
2023-07-28,233.89,4582.22998046875,0.4,0.005444698451909424,0.023446008676410557,-0.017185542685756845,-0.0068767093018119365,0.09439445181904915,-0.03928435691953131,-0.10697113645308473,0.06520491682014198
2023-08-04,234.47,4478.02978515625,0.379746835443038,0.004488241948437555,0.021642507091802266,-0.01895915382202048,-0.00766370955941495,0.07939358934252816,0.008392549692772857,-0.02709195452860111,0.1019422623580387
2023-08-11,235.79500000000002,4464.0498046875,0.379746835443038,0.011967249278194814,0.027146903734266203,-0.013199187403628881,8.845263903843603e-05,0.07921339842854103,-0.001470502058120152,-0.010994136183268778,0.11868939145879381
2023-08-18,237.12,4369.7099609375,0.379746835443038,0.01941808585710092,0.033099137412451185,-0.0069569115817019744,0.0077609227527303745,0.04152346505422955,0.018279327796506595,0.03249147696246552,0.1358546208693799
2023-08-25,238.445,4405.7099609375,,0.019287756405030443,0.022156461675646,-0.01760544842220075,0.007773161302423356,0.046520068410698556,-0.01963211339872386,0.03427642392812881,0.14414058999123908
2023-09-01,239.77,4515.77001953125,0.3652173913043478,0.022352482581034394,0.03203799585507916,-0.007345854131286418,0.01093919237205705,0.05306909726891007,-0.05174368068880059,0.01731248546439541,0.1289091205747426
2023-09-08,239.31,4457.490234375,0.3652173913043478,0.014796999123211307,0.030591469310756736,-0.008443022437996286,0.0033826687112472487,0.03623604045527351,-0.03399606422501237,0.03241999805930493,0.13928899123608582
2023-09-15,239.63,4450.31982421875,0.3620689655172414,0.010529724976755084,0.02981882018549964,-0.00887910227903306,-0.0008613184274830141,0.009194285025484916,-0.02792130539025771,0.05866119807866625,0.13960992335753256
2023-09-22,240.56,4320.06005859375,0.3620689655172414,0.008830862912440729,0.031587796405400326,-0.0067634410310100646,-0.002512702842826453,-0.006522576698085203,-0.022448843147579788,0.09584955088251076,0.19194092301181628
2023-09-29,240.21,4288.0498046875,0.3620689655172414,0.0018334102389729878,0.032107319841759185,-0.005875795408867034,-0.009462340083349865,-0.03715742085857343,-0.0406174001233775,0.10647864263095763,0.20322428494189818
2023-10-06,240.58,4308.5,0.3559322033898305,0.005292891974778335,0.030213268581719355,-0.007393426940833607,-0.005892223623373735,-0.02077610478450609,0.011501399369927577,0.08638533638265457,0.18890304715354442
2023-10-13,240.31,4327.77978515625,0.5555555555555556,0.0028336894404370483,0.030934222335171846,-0.00626405796155205,-0.008240779800634016,-0.04022644030290223,0.020007586981270704,0.10018683841466579,0.1687656046674257
2023-10-20,241.69,4224.16015625,0.46153846153846156,0.004686374569612184,0.03850765699926484,0.0017103126982289038,-0.006257581751626282,-0.07130002361656018,0.06636765190843637,0.1360550144022124,0.1620418752741358
2023-10-27,241.94,4117.3701171875,0.3333333333333333,0.007176220779050446,0.03383884216890021,-0.002641536289198325,-0.0036424501821432243,-0.10697113645308498,0.10196320346168217,0.1721760532732268,0.2140180504260857
2023-11-03,242.57,4358.33984375,0.36,0.008237653951203683,0.03396268058448548,-0.0021885882928841596,-0.0024588709114655057,-0.02709195452860058,0.05279698968576955,0.12903421688663969,0.16258355969195415
2023-11-10,241.52,4415.240234375,0.33707865168539325,0.005022528873669607,0.02398950193064664,-0.011873707771610502,-0.005521197171020013,-0.010994136183269276,0.04194363218445368,0.1296835276420627,0.16794846796617152
2023-11-17,242.38,4514.02001953125,0.3333333333333333,0.0028508292904554366,0.021940400432619356,-0.013559937045092396,-0.007509326990590922,0.03249147696246624,0.04444904891270722,0.10336314390691441,0.16113550174591953
2023-11-24,243.325,4559.33984375,0.3333333333333333,0.005708236780854747,0.020259322544724512,-0.014851161571646745,-0.004436463980025066,0.03427642392812835,0.04194101355565812,0.10986416606311049,0.1514191888391565
2023-12-01,244.27,4594.6298828125,0.35514018691588783,0.006983842369780113,0.018594040373231202,-0.01612164445217598,-0.0029938637872347715,0.017312485464394456,0.037422476477761736,0.11159663511034705,0.13856614641158327
2023-12-08,243.91,4604.3701171875,0.35185185185185186,0.009847019392801748,0.01903952220023708,-0.015270198528706917,-1.3822045849170086e-05,0.0324199980593054,0.019969274098337344,0.10686899317678084,0.1495279516083223
2023-12-15,244.54,4719.18994140625,0.35135135135135137,0.008872152175702475,0.020282827631566747,-0.013605668431312848,-0.0009070498137034675,0.05866119807866532,0.013604334945741725,0.08094872527886618,0.14059660553657946
2023-12-22,244.42666666666665,4754.6298828125,0.35135135135135137,0.004517333780146515,0.015945793412430298,-0.017527260226839418,-0.0051888014980191275,0.09584955088251057,0.017756620372122004,0.09609137212930555,0.13917575176723365
2023-12-29,244.31333333333333,4769.830078125,0.35135135135135137,0.00017738359248298252,0.016938013726741197,-0.01611991009799356,-0.00946060572916744,0.10647864263095741,0.02508001051889157,0.0967456423109405,0.13522601317270372
2024-01-05,244.2,4697.240234375,0.35135135135135137,0.0011882568852188413,0.014934887110677586,-0.017764426878403884,-0.0083864519730707,0.086385336382655,0.05415027987391281,0.10251771077088981,0.16991527570662576
2024-01-12,245.14,4783.830078125,0.42857142857142855,0.0024505811969754987,0.019899719388105197,-0.012465326469797512,-0.00710043783911868,0.10018683841466469,0.04950427620866756,0.06857876625275987,0.16026243944429558
2024-01-19,245.18,4839.81005859375,0.375,0.0030773025741446247,0.014336721416962739,-0.017721159697660166,-0.0064514812224470315,0.13605501440221168,0.03367578141313837,0.02598686087192319,0.12878129430837285
2024-01-26,244.71,4890.97021484375,0.391304347826087,0.0016222815012056913,0.011384074448896442,-0.02029598229394909,-0.007818522378098755,0.17217605327322794,0.03965131625156589,0.041841997152859,0.10989326714384341
2024-02-02,245.31,4958.60986328125,0.3541666666666667,0.00453515516539138,0.011232388324865283,-0.020020081969481338,-0.004714526002542957,0.12903421688663919,0.03535940790947689,0.033549342805314505,0.07532794245146153
2024-02-09,246.2,5026.60986328125,0.2876712328767123,0.00431473783733427,0.01919192835176986,-0.011622120687463117,-0.0046779913886856195,0.1296835276420616,0.019129097719171716,0.03826494032410886,0.061258631703820274
2024-02-16,246.56,5005.56982421875,0.3058823529411765,0.005612736904956783,0.017098629031464085,-0.013361073671607455,-0.003149240964538209,0.1033631439069147,0.022034630284659146,0.05777235783900519,0.10401214319569123
2024-02-23,247.54000000000002,5088.7998046875,0.3058823529411765,0.01149834913127723,0.017174186799318925,-0.012943805188414245,0.0029157131255097783,0.10986416606310989,0.02816821962185315,0.04155502277604609,0.1018859025380814
2024-03-01,248.52,5137.080078125,0.297029702970297,0.013000608353497256,0.017249154308582426,-0.012522344437634655,0.004503873744611907,0.11159663511034701,0.022571483678354997,0.026969511301236097,0.09488746206004281
2024-03-08,249.15,5123.68994140625,0.3018867924528302,0.011910910977060318,0.02125581993602843,-0.008183090960318575,0.0034252076812953686,0.10686899317678034,0.015617991692446159,0.042658958431541494,0.05408211284311161
2024-03-15,250.02,5117.08984375,0.2909090909090909,0.013935543090611624,0.022162019946373235,-0.006955669834742367,0.005498354023161621,0.08094872527886565,0.0012343759196353737,0.05964788025771331,0.09481638089244028
2024-03-22,249.98,5234.18017578125,0.2972972972972973,0.009808729550199402,0.02246558256937181,-0.006353025870076516,0.0014019778203186034,0.09609137212930641,-0.052347890885260186,0.043084379637928286,0.08570318134865727
2024-03-29,251.12,5254.35009765625,0.29464285714285715,0.01040758733820546,0.027479358054304903,-0.0010206020439570834,0.00204113666451013,0.09674564231094074,-0.029823634639190043,0.03848037086176328,0.0880840070110009
2024-04-05,251.08,5204.33984375,0.29464285714285715,0.007716488721917436,0.027784051772727025,-0.000413245764842262,-0.0006166067775943869,0.10251771077088989,-0.014818088091662601,0.06739756493573597,0.099893031037557
2024-04-12,252.38,5123.41015625,0.29464285714285715,0.00939497356234753,0.029106412311745267,0.0012642600285159324,0.0011194920241396206,0.06857876625276127,0.019190450280016473,0.09168367319153563,0.12662564459869893
2024-04-19,251.82,4967.22998046875,0.4166666666666667,0.007333631911478733,0.02672191190670592,-0.0007315183545240599,-0.0008299737068945753,0.025986860871924478,0.0654612783802202,0.10279443343644966,0.16608386447830528
2024-04-26,252.42,5099.9599609375,0.5128205128205128,0.0051634542967864405,0.031020530849885652,0.0038484659798332273,-0.0029494543543084444,0.04184199715285786,0.03936434187475301,0.06805126999098439,0.1300242697396812
2024-05-03,254.48,5127.7900390625,0.4533333333333333,0.013450633991557659,0.036699530598893304,0.009950538201870824,0.005649257964170131,0.03354934280531552,0.028779576405398497,0.04177859964614722,0.11083127585793498
2024-05-10,255.59,5222.68017578125,0.41379310344827586,0.012638709882593524,0.03743038435700452,0.011087855291357505,0.005145603874155951,0.038264940324109986,0.02352311582660436,0.022993691379711342,0.13800515223705476
2024-05-17,255.9,5303.27001953125,0.4065934065934066,0.01607219659218906,0.037181371593938195,0.011268366376133654,0.008850643766119503,0.057772357839004584,0.023910152703367188,0.04623978535668609,0.10163665491148356
2024-05-24,256.97,5304.72021484375,0.40594059405940597,0.01786497973357193,0.03738716145218035,0.011891699111000447,0.010958946256676998,0.04155502277604661,0.029697576483735253,0.06033087976203533,0.1180393115762142
2024-05-31,257.91,5277.509765625,0.39622641509433965,0.013388439413573927,0.037087361658969975,0.012012870895627293,0.006566206438368374,0.026969511301237148,0.03408234323888226,0.06791795075880677,0.13368725547750834
2024-06-07,258.6,5346.990234375,0.3963963963963964,0.011707868230399043,0.037227341610343245,0.012599071650310538,0.004936424040248402,0.04265895843154155,0.04035659819664067,0.011423154411570113,0.13015858933104463
2024-06-14,258.75,5431.60009765625,0.3963963963963964,0.011075601413835123,0.034321429917161694,0.010102698538373645,0.004332686185401613,0.05964788025771384,0.0332701688534578,0.03516850063472704,0.10800462746061408
2024-06-21,259.12,5464.6201171875,0.3963963963963964,0.0083319282990173,0.03591036020099825,0.012130395571181698,0.0016406742804998568,0.04308437963792855,0.007362162913261263,0.04261880171072897,0.08187295089648444
2024-06-28,259.49,5460.47998046875,0.3963963963963964,0.006107479363491208,0.032787253684255724,0.0094463879481252,-0.0005253462829919626,0.03848037086176426,-0.00025273550996883785,0.04960363614923767,0.08935090045159243
2024-07-05,259.86,5567.18994140625,0.4017857142857143,0.004860558116833502,0.03437141100525931,0.01150539789240346,-0.001710280535501465,0.06739756493573523,-0.04043705338125132,0.0324954661018211,0.06523448022613983
2024-07-12,260.96,5615.35009765625,0.7142857142857143,0.008504794293124895,0.03343125064793906,0.01097841967591134,0.0019952131616773157,0.09168367319153425,-0.049499531531807896,0.034941971407163354,0.03700522276164468
2024-07-19,261.54,5505.0,0.5,0.009295960615282262,0.03787268890480178,0.0158119572335256,0.002851587955449324,0.10279443343644878,0.008906630300456773,0.06328943104185573,0.08554590344650359
2024-07-26,262.1,5459.10009765625,0.5,0.010007944111406708,0.03763174349887599,0.016030253961321142,0.0036344116588874972,0.06805126999098476,0.0316439516458037,0.06197299974869676,0.11120810872992049
2024-08-02,263.12,5346.56005859375,0.47297297297297297,0.012467177426211506,0.03338795443991316,0.012091242173381155,0.006235102245147826,0.04177859964614683,0.05491892751805827,0.069052676211788,0.1220383464686833
2024-08-09,263.33,5344.16015625,0.45348837209302323,0.009040859612289509,0.029833400377635044,0.008810764569118532,0.002977948767363143,0.022993691379710413,0.011952578858463216,0.11501146085734351,0.12007741498171903
2024-08-16,263.96,5554.25,0.4606741573033708,0.00921034103686491,0.03101083334947763,0.010287678564683302,0.003326365097277206,0.04623978535668627,0.012838867981408316,0.0553968695547974,0.09612084071819278
2024-08-23,265.02666666666664,5634.60986328125,0.4606741573033708,0.011104339524927731,0.030871103290231794,0.0104444855391621,0.005373177834517959,0.06033087976203433,0.011985498432429046,0.05770843181417895,0.06501748161915731
2024-08-30,266.09333333333336,5648.39990234375,0.4606741573033708,0.011236922550873274,0.031236437577212506,0.011082061070321243,0.005557025335308461,0.06791795075880636,0.015768028629312945,0.06576930471870157,0.05277493430214193
2024-09-06,267.16,5408.419921875,0.45871559633027525,0.014439731372442033,0.032565263519678034,0.012655818119930922,0.008781477591060792,0.01142315441157038,0.061428909886891606,0.11873543491947443,0.0647497918109393
2024-09-13,267.74,5626.02001953125,0.45871559633027525,0.014218783842530947,0.03415401577817345,0.014500116741068422,0.008545124361786734,0.035168500634727096,0.033043639625893934,0.0728361268258871,0.0022938257365841715
2024-09-20,266.99,5702.5498046875,0.45454545454545453,0.007380754661052258,0.029919929652266752,0.010483562528502393,0.0016797512698401478,0.04261880171072896,0.028032792244387716,0.039254149185755365,-0.006154708611729299
2024-09-27,265.99,5738.169921875,0.45454545454545453,-0.00038841034160963517,0.024740547872111662,0.005513380207598943,-0.006094027145714262,0.04960363614923757,0.012116628089490518,0.039747264302354965,-0.027783120064993727
2024-10-04,266.35,5751.06982421875,0.45454545454545453,-0.0030364964944267214,0.02466820890841781,0.005665779008046989,-0.008700319647385397,0.03249546610182108,-0.003879843271284571,0.03273901412431866,-0.12524065078558064
2024-10-11,266.54,5815.02978515625,0.45454545454545453,-0.004492034206171169,0.021157187278877387,0.002387954558175035,-0.01011694902121607,0.034941971407164374,0.030569957918372248,0.0020632513544813487,-0.08085528921751255
2024-10-18,266.73,5864.669921875,0.35714285714285715,-0.0009742937141830055,0.019649675322801485,0.0011969742998427166,-0.006435000273210352,0.06328943104185569,0.0010140688133986142,0.02225647240464794,-0.10450883359169706
2024-10-25,267.74,5808.1201171875,0.3548387096774194,0.006557646267686401,0.021290250028391355,0.0030646373218207387,0.0011856687731092936,0.06197299974869708,0.0273793837112859,0.04923510898122356,-0.0499357099811775
2024-11-01,267.86,5728.7998046875,0.32727272727272727,0.0056532225959680105,0.017854254078174314,-0.00022538815397125586,0.0003439350831295823,0.06905267621178801,0.051635556024971725,0.05298567025689542,-0.0073812247940472035
2024-11-08,269.44,5995.5400390625,0.3116883116883117,0.010821404902380927,0.022937732568968805,0.005006308800901069,0.005596303010089176,0.11501146085734426,0.01567655292059416,0.005065954124375672,-0.057607847365731144
2024-11-15,270.42,5870.6201171875,0.325,0.013739395129454657,0.02417872941539123,0.006335441195037622,0.008464831992472112,0.055396869554797945,0.030278125252497887,0.04072397116339531,0.01483834235154681
2024-11-22,270.4,5969.33984375,0.3626373626373626,0.009885983811057208,0.020071894314520833,0.0023082090677050623,0.004616749580402283,0.05770843181417895,-0.006468784195994512,0.007309049804978275,-0.028292366357594242
2024-11-29,271.41499999999996,6032.3798828125,0.3626373626373626,0.013184558890200648,0.01980189041750169,0.002148357197655562,0.007930770686935276,0.06576930471870135,-0.010254011787033614,-0.012994370416559677,-0.020209870006830364
2024-12-06,272.43,6090.27001953125,0.3431372549019608,0.01103596931588502,0.01953397051241179,0.0019965195245846903,0.005771688314744414,0.1187354349194738,-0.024567510908264104,-0.05398564310853516,-0.014872974278333242
2024-12-13,272.83,6051.08984375,0.330188679245283,0.008872584666850258,0.018832530239710543,0.0013831734043940822,0.0035928565711431945,0.07283612682588725,-0.037729235845511605,-0.07054230108930296,-0.012324608748035214
2024-12-20,273.2966666666667,5930.85009765625,0.330188679245283,0.010655552081491493,0.023346691734960068,0.005958476995089151,0.005330019197224238,0.03925414918575498,0.011035115463280268,-0.04540885779748469,0.0062174685507309395
2024-12-27,273.7633333333333,5970.83984375,,0.008614971335910049,0.028805272095021373,0.011481803979306902,0.0032394196359370794,0.039747264302354424,0.021604472768359077,-0.06753038436734864,0.03330865972169331
2025-01-03,274.23,5942.47021484375,0.330188679245283,0.0065854699639906755,0.029155936970829188,0.011876981147478895,0.0011801419755088065,0.0327390141243189,0.01636681286129211,-0.15797966490989934,0.05514157947743292
2025-01-10,275.27,5827.0400390625,0.330188679245283,0.0089035435827034,0.03222810802858511,0.015009366425438413,0.003509243999828258,0.002063251354481821,0.033572660688266524,-0.08291854057199406,0.07163108877541977
2025-01-17,274.88,5996.66015625,,0.005776742545589464,0.030097727994732537,0.012827942420673387,0.0004344651523738837,0.022256472404647454,0.019481567572145992,-0.12676530599634492,0.04883731231900763
2025-01-24,275.62,6101.240234375,0.5,0.006759119261912083,0.029006745089247055,0.011776739171708624,0.0014806039655110162,0.04923510898122352,-0.014546675464959429,-0.0991708189624011,0.04602936696301248
2025-01-31,275.96,6040.52978515625,0.52,0.006288757344070639,0.029791471718931817,0.012592509258324593,0.0010594631939752786,0.052985670256894934,-0.014344484648483261,-0.06036689505094261,0.032169462815760594
2025-02-07,275.27,6025.990234375,0.38181818181818183,0.0,0.021406703126204185,0.004263741075383944,-0.005149322339965292,0.005065954124376049,-0.04337504431231654,-0.06267380149010678,0.05856640314037375
2025-02-14,275.45,6114.6298828125,0.44,0.0020714851228351705,0.01842981798811305,0.001416420162937155,-0.0029466902652641224,0.04072397116339488,-0.08098814700020038,-0.025885628811848506,0.053364851099752864
2025-02-21,275.97,6013.1298828125,0.44,0.0012690587101769069,0.020389819988366753,0.0034958429874065895,-0.0036641466038997523,0.00730904980497904,-0.05918669179845741,-0.035601416162572466,0.0727530375618266
2025-02-28,276.49,5954.5,0.40816326530612246,0.0019187262651820802,0.01852563909391325,0.0017177234637905138,-0.0029440151075988026,-0.01299437041655871,-0.06479002573782255,-0.007215499590270616,0.0815222921571993
2025-03-07,277.22,5770.2001953125,0.3786407766990291,0.007058980605041398,0.017429714415360564,0.0007427694963418954,0.002250716735702367,-0.053985643108534376,-0.12856153270962836,0.03911266883020191,0.11624518924512683
2025-03-14,277.46,5638.93994140625,0.375,0.00727065473385391,0.016827888055116702,0.000285687060077304,0.0024621234682833453,-0.07054230108930248,-0.05010547532820273,0.05821769234126772,0.15499042031689386
2025-03-21,278.2,5667.56005859375,0.37142857142857144,0.008048115332166539,0.0177823832390418,0.0014381065513509907,0.0032722827611686373,-0.045408857797484714,-0.07032133273557994,0.05162632634821571,0.16201520413877782
2025-03-28,277.72,5580.93994140625,0.3644859813084112,0.004438757941982452,0.014349425699985652,-0.0018077771518982544,-0.00028608097975168795,-0.06753038436734826,-0.010035961826693356,0.10083904408904192,0.17431185611968297
2025-04-04,278.17,5074.080078125,0.3644859813084112,0.003421022800261575,0.014265267251631464,-0.0016955471743755612,-0.001258174695208651,-0.1579796649098988,0.11397958272024898,0.21312124438733226,0.28031623282746265
2025-04-11,277.27,5363.35986328125,0.3333333333333333,-0.0006850179634403375,0.007239326508972965,-0.008495188240088158,-0.005271631300337205,-0.08291854057199544,0.05381739977015369,0.1545496293474137,0.20025752771569652
2025-04-18,277.67,5282.7001953125,,-0.0019069212607458752,0.01009871943270646,-0.00540141112466031,-0.006405052523637416,-0.1267653059963436,0.12036124475664238,0.17560261831535257,0.2322840026685878
2025-04-25,277.01,5525.2099609375,0.5454545454545454,-0.0025598052663298176,0.005030501171743751,-0.010213012745740912,-0.006924631628331642,-0.09917081896240099,0.04902272733486911,0.14520018592541364,0.20637854874706865
2025-05-02,277.43,5686.669921875,0.4262295081967213,-0.0026637884721827376,0.005312721435378087,-0.00964288985463496,-0.006887879486284121,-0.06036689505094195,0.03880691081218872,0.09253635786670307,0.18469217370323696
2025-05-09,276.29,5659.91015625,0.4533333333333333,-0.003540721959069515,0.0036986045499034503,-0.01106005238859253,-0.007714186488469663,-0.06267380149010648,0.058411426007992144,0.12124020463048064,0.17298877400469725
2025-05-16,276.49,5958.3798828125,0.46153846153846156,-0.004258704285506454,0.0037685300243648356,-0.010790119534835321,-0.008335398675439133,-0.025885628811849415,0.003115174152915702,0.07925047991160145,0.1223870229379353
2025-05-23,276.87,5802.81982421875,0.45977011494252873,-0.0005055246731480167,0.0032559177884188273,-0.011059704737100726,-0.004510838595259567,-0.03560141616257262,0.028041050712330814,0.1083544537243991,0.1291786362471804
2025-05-30,277.57,5911.68994140625,0.4574468085106383,0.0005045045152050065,0.0038984996854010134,-0.010185087972394431,-0.003486213225358274,-0.00721549959027179,0.04326451794149002,0.08873779174746989,0.1471840372850063
2025-06-06,278.72,6000.35986328125,0.4574468085106383,0.008756654934068742,0.005396278878930794,-0.008465351800528516,0.004845417323766381,0.03911266883020126,0.04544704284750205,0.07713252041492491,0.13540286984523334
2025-06-13,279.87,5976.97021484375,0.46296296296296297,0.012150555697889587,0.008648430988400513,-0.005004133909041392,0.008248109094077275,0.058217692341267835,0.04622646167794348,0.09677272797562618,0.13303162864555035
2025-06-20,280.14,5967.83984375,0.46296296296296297,0.011741396265305681,0.00694919872155797,-0.006521259869698056,0.007810727628571308,0.051626326348214846,0.053654959231556935,0.11038887779056201,0.13559828790197315
2025-06-27,280.41,6173.06982421875,0.4636363636363636,0.01017966423411032,0.009639405977528881,-0.0036463456005997995,0.006252661392042944,0.10083904408904232,0.03432518000967832,0.07347281203064102,0.11565489212338032
2025-07-04,280.51,6279.35009765625,0.4636363636363636,0.006401681287030669,0.008376937365699888,-0.004773626971797644,0.0024335501335222224,0.2131212443873327,-0.006605303800380311,0.06719498844013044,0.0882179286272516
2025-07-11,281.63,6259.75,0.4594594594594595,0.006268943059463794,0.015602392011304644,0.0025342379288119943,0.002266740537516179,0.15454962934741445,0.02050797505322056,0.04570789836828285,0.10694108731716505
2025-07-18,283.66,6296.7900390625,0.5714285714285714,0.012486859655560956,0.0213429796378648,0.008333610591051718,0.008449817937112357,0.1756026183153523,0.024009106352891135,0.05668138435323524,0.09726319572814486
2025-07-25,284.08,6388.64013671875,0.48,0.013003070772231062,0.02520228201608976,0.012143424728681369,0.008865138700949526,0.14520018592541284,0.012176995133854635,0.06117836282165502,0.07925972089717154
2025-08-01,285.56,6238.009765625,0.47368421052631576,0.017842789683091276,0.0288835155209739,0.015697381063292715,0.013583128548806236,0.09253635786670245,0.03500834469295546,0.09215581583653383,0.10650078064580551
2025-08-08,286.88,6389.4501953125,0.5128205128205128,0.018469857156379277,0.037612971126753436,0.024285878875168983,0.014037454457887327,0.12124020463047991,0.014303741792436478,0.051748569374216666,0.0815433970304935
2025-08-15,288.00666666666666,6449.7998046875,0.5128205128205128,0.015207290149718666,0.04080897407308992,0.02725625536279839,0.010587246096307536,0.07925047991160206,0.020637422216940572,0.04313654302633402,0.05817852956696466
2025-08-22,289.1333333333333,6466.91015625,0.5128205128205128,0.017632054098323913,0.04333986078756169,0.029513271715108695,0.01285900839116776,0.10835445372439878,0.030075474778493826,0.02082418252278153,0.06620025990177558
2025-08-29,290.26,6460.259765625,0.5306122448979592,0.016324908407956862,0.04470391941372576,0.030604033852660063,0.011420439564009075,0.0887377917474712,0.027999538224661273,0.05844624553753628,0.0627863025767811
2025-09-05,294.21,6481.5,0.5346534653465347,0.02522978821551547,0.054086104408200164,0.03966896479763759,0.02022850324623499,0.07713252041492602,0.03550951087270732,0.05827034943030829,0.03911093011870603
2025-09-12,292.78,6584.2900390625,0.5272727272727272,0.01643784572708551,0.045096264102285843,0.030313628933755846,0.011305482665034734,0.09677272797562608,-0.004838367929400018,0.03625890066992401,0.007248543052550516
2025-09-19,293.45,6664.35986328125,0.5,0.014819324271186929,0.04641778879344294,0.03129748680705749,0.009594942720520104,0.11038887779056239,-5.2534205769810454e-05,0.02520941011141092,-0.02397530412025176
2025-09-26,293.54,6643.7001953125,0.5,0.011236843140835617,0.045761098320451055,0.030279155375153896,0.005927782914536778,0.07347281203064071,0.022030730800692178,0.0421820800927394,-0.04225013174042415
2025-10-03,294.53,6715.7900390625,0.5,0.0010870674033105487,0.04877149052448004,0.032938151656117194,-0.004297263007998173,0.06719498844013039,0.01835552359602314,0.021022940187121232,-0.020018008446879145
2025-10-10,295.4,6552.509765625,0.49107142857142855,0.00890889635401404,0.04773621739683609,0.03152484727080916,0.003477958874569498,0.04570789836828304,0.026548646059154413,0.061233188948882245,0.03955522959549372
2025-10-17,295.94,6664.009765625,0.8,0.00844946407004521,0.04238039320792719,0.025778836021338875,0.0029311671513937406,0.056681384353234776,0.010464265025989902,0.0405818113749096,0.06703712494816379
2025-10-24,296.85,6791.68994140625,0.5217391304347826,0.011213044533631589,0.04397107208185158,0.026977054501357057,0.005563037827152688,0.06117836282165534,-0.028177185165018992,0.018081358075516647,0.05351944010021255
2025-10-31,298.56,6840.2001953125,0.42857142857142855,0.013590052183330315,0.04451875302471908,0.027118663851414936,0.0077636407441039786,0.09215581583653432,0.001298774393957997,0.014344964809271601,0.05543865022485569
2025-11-07,296.05,6728.7998046875,0.4246575342465753,0.002197988880505264,0.031464349120962076,0.013609137811770235,-0.0038782550011516046,0.05174856937421701,0.0208255218485281,0.02979482765627672,0.09493862627864064
2025-11-14,300.78,6734.10986328125,0.44,0.016222369429078398,0.043395472487286924,0.025175734485556572,0.009984144560525236,0.04313654302633374,0.013759779860530714,0.015041986540630726,0.09544235434727255
2025-11-21,304.13,6602.990234375,0.44155844155844154,0.024228280860159934,0.0505672988436876,0.03187098280543041,0.01775293669524111,0.020824182522781953,0.034460702367123335,0.045376077378994115,0.12383683255630246
2025-11-28,305.125,6849.08984375,0.44155844155844154,0.021750611054144997,0.04994445567090722,0.030743930246634167,0.015045705959228304,0.05844624553753519,0.011735372779864266,0.004340057039244584,0.1014053489995705
2025-12-05,306.12,6870.39990234375,0.48,0.03344882296393514,0.03968338386938175,0.02000092005882171,0.026620285493286468,0.05827034943030718,-0.0017378983704797143,-0.019159419311602262,0.07205800256678888
2025-12-12,306.71,6827.41015625,0.4666666666666667,0.019523575236816804,0.04648120199701822,0.026362223318886883,0.012491971498365045,0.03625890066992277,0.020135920349558085,-0.029010357617373684,0.0847769196626071
2025-12-19,310.77,6834.5,0.46296296296296297,0.021597847161276107,0.05734582173377678,0.03673881967468082,0.014462779589770509,0.025209410111411756,0.01531986705772883,-0.04918471423166277,0.09299704669082044
2025-12-26,311.1066666666666,6929.93994140625,0.46296296296296297,0.019414304297623808,0.05812191682769541,0.03695693632000229,0.0121407889879049,0.04218208009273816,-0.0020699912165303776,-0.08443221183316343,0.05939595843910554
2026-01-02,311.4433333333333,6858.47021484375,0.46296296296296297,0.01724022427434857,0.05583654074041977,0.03411881785060923,0.009820634783789348,0.021022940187121364,0.011677548218173656,-0.04104094863400031,0.08718146848421933
2026-01-09,311.78,6966.27978515625,0.4672897196261682,0.016395135144250617,0.053967440787254795,0.03172185712338288,0.00883759267906549,0.06123318894888108,-0.004889715233450975,-0.02167795935338839,0.08382351773691511
2026-01-16,312.81,6940.009765625,0.6,0.0065428887314915585,0.05543924639522313,0.03266844219645951,-0.0011392103268275623,0.040581811374909904,-0.01507555980828915,0.026455313573254213,0.07194252526409917
2026-01-23,312.82,6915.60986328125,0.4,0.005492112235347513,0.05240098452941133,0.029118791947107193,-0.0022751065457424094,0.018081358075516363,-0.0008824658615415917,0.035438082024695894,0.06931645197336066
2026-01-30,313.92,6939.02978515625,0.7083333333333334,0.007920770160930068,0.050167258718019525,0.026397260708602672,4.2083602097417114e-05,0.014344964809271943,-0.008706133376068959,0.041093685415583885,0.07636947800197763
2026-02-06,316.2,6932.2998046875,0.5490196078431373,0.014077113890837545,0.06584656579758708,0.041646139704676226,0.006046027580141744,0.029794827656276723,-0.02812872511935098,0.06514379862236377,0.11248656155653064
2026-02-13,317.8,6836.169921875,0.5507246376811594,0.015826276633004177,0.05504315359914891,0.03029133880417439,0.007607041168240115,0.015041986540630603,-0.030292564297473693,0.08040036780664171,0.13006877219323543
2026-02-20,318.82500000000005,6909.509765625,0.5507246376811594,0.01901441766686851,0.04718712133611991,0.022000901798934793,0.010635046547068714,0.045376077378993074,-0.060100089243533446,0.07846075517730842,0.10498753106111623
2026-02-27,319.85,6878.8798828125,0.5360824742268041,0.01871395951914767,0.0471306071830222,0.021523944077467768,0.010172389328093402,0.0043400570392453375,-0.077036896092544,0.09706529196032594,0.1142905751402575
2026-03-06,322.2,6740.02001953125,0.5490196078431373,0.018797545967501605,0.05119528880115354,0.025171737801558524,0.010145883590168766,-0.019159419311602477,-0.023619427692877722,0.09121742187839121,0.13557011791644424
2026-03-13,324.2,6632.18994140625,0.5533980582524272,0.019938355198959812,0.05545793356129192,0.028995459571302444,0.0111960922654931,-0.029010357617373472,0.02746831861354322,0.11378727727998061,0.14368259002523173
2026-03-20,326.34,6506.47998046875,0.5327102803738317,0.02329741974996047,0.04888669392480427,0.021975334243578733,0.014437212034414447,-0.049184714231662596,0.0909598948626458,0.1421817609224833,0.16197240480082323
2026-03-27,325.49,6368.85009765625,0.5454545454545454,0.017479603314342285,0.045195906199740676,0.017878749687925157,0.008495594598362289,-0.08443221183316219,0.1178003026413289,0.14382817027226907,0.19542324436639116
2026-04-03,332.09,6582.68994140625,0.5363636363636364,0.03023354577424442,0.06418861030104939,0.03649028165672502,0.021139178638955848,-0.04104094863400043,0.09381218226775788,0.1282224171182197,0.15972319392460782
2026-04-10,334.54,6816.89013671875,0.5321100917431193,0.031395844582286614,0.07045864299932791,0.04224948045275306,0.02209161356051611,-0.021677959353388232,0.08193204274230119,0.10550147709030354,0.12476328523231663
2026-04-17,336.9,7126.06005859375,0.42857142857142855,0.031846367749582605,0.07419017294289532,0.04542635053613442,0.022311805965728126,0.026455313573253036,0.038869494425098586,0.045487211690845034,0.08040816616684299
2026-04-24,340.11,7165.080078125,0.45,0.04393735548712829,0.08364114945152146,0.05433346596488957,0.034179609731222,0.03543808202469556,0.042140207291070854,0.03387836994866469,0.07494742389971765
2026-05-01,344.93,7230.1201171875,0.45098039215686275,0.03793548137682112,0.09420332151694044,0.06436958541803049,0.027921387363402887,0.04109368541558389,0.04726547316867291,0.03527579258639373,0.0659110116568498
2026-05-08,349.39,7398.93017578125,0.5064935064935064,0.04343232291424748,0.09981385202273785,0.06944054672071681,0.03323709384810549,0.06514379862236375,-0.002055101863323479,0.04734276293416699,0.04283124249001539
2026-05-15,350.53,7408.5,0.525,0.03966014441076293,0.09802404072065407,0.0670876196411695,0.02926831027327518,0.08040036780664295,0.0030943451758650604,0.049668404386593694,0.041538671741744415
2026-05-22,352.27,7473.47021484375,,0.0351288323260075,0.09975556411066044,0.0682511457934645,0.02455272637564365,0.07846075517730888,0.003620916501641476,0.026526775883807842,0.03280721660864684
2026-05-29,356.78,7580.06005859375,0.5490196078431373,0.03377784742918255,0.10926720942697532,0.07730565853721597,0.023108462447278877,0.09706529196032498,-0.030274017780600734,0.01722528317993165,0.0186455384881769
2026-06-05,359.45,7383.740234375,0.5648148148148148,0.02838630863177105,0.1094026146870073,0.07687170951367552,0.017577046383127473,0.0912174218783921,0.013385567546950814,0.044352696038052974,0.044886344353338846
2026-06-12,367.88,7431.4599609375,0.5688073394495413,0.04831050321122721,0.12639618873292147,0.09328357683130456,0.037392049455628185,0.11378727727998061,0.01918251842386627,0.02989531274525095,0.03844432656587922
2026-06-19,366.96000000000004,7500.580078125,0.5688073394495413,0.040854923265292165,0.11731306762599214,0.08352924646741294,0.029715312708362876,0.14218176092248314,-0.005734654368992469,0.019790643878339866,0.029186300107005302
2026-06-26,366.04,7354.02001953125,0.5675675675675675,0.025623271724056096,0.11741087783668913,0.08302798539391251,0.014217921455058824,0.14382817027226835,0.007850502317724547,0.051595074094121986,0.04891955626877773
2026-07-03,366.82,7483.240234375,0.5675675675675675,0.020296179093005406,0.09946524800576828,0.06447041620211394,0.008737885327394267,0.12822241711822002,0.0008655577359318444,0.031500776806388166,0.031500776806388166
2026-07-10,367.98,7575.39013671875,0.5585585585585585,0.00027179083145068006,0.09527213498208553,0.05981170978285114,-0.011380253487937315,0.10550147709030355,0.02377332858616471,0.01926180814201302,0.01926180814201302
2026-07-17,371.12,7457.68994140625,0.5555555555555556,0.011272610154571261,0.0967393100309808,0.0608472787500688,-0.00037016175161600287,0.0454872116908458,0.04305068712084729,0.034920954475997815,0.034920954475997815
2026-07-24,368.57,7411.97998046875,0.55,0.006888035836667861,0.0803615581862287,0.04400706205356326,-0.004841313609127247,0.03387836994866511,0.034788613226213995,0.04106905395105301,0.04106905395105301
2026-07-31,379.47,7489.72021484375,0.6296296296296297,0.03390427780467409,0.09543404443362125,0.058714705034867226,0.02216567619615617,0.03527579258639335,0.029214963762210944,0.030635219070456313,0.030635219070456313
2026-08-07,385.5,7757.64013671875,,0.046512604137435964,0.09835241620527402,0.061160054131251924,0.03458543819650627,0.04734276293416606,-0.005045168759437492,-0.004511520444151604,-0.004511520444151604
2026-08-14,388.48,7785.759765625,,0.04571622798759112,0.10279539360780898,0.06514658594102402,0.0335676174642304,0.04966840438659226,-0.01667874646547755,-0.008129732644849341,-0.008129732644849341
2026-08-21,391.46,7674.3701171875,,0.060252686190532145,0.10548541205075335,0.06738983351092122,0.04793549783300161,0.026526775883807474,-0.003115215503826375,0.006280440724839,0.006280440724839
2026-08-28,394.44,7711.759765625,0.6428571428571429,0.03869149513656822,0.10034769214100692,0.06171795366287282,0.026111711075284472,0.01722528317993266,0.0040957731335897135,0.0014202553082452453,0.0014202553082452453
2026-09-04,397.32,7718.60009765625,0.6306306306306306,0.030200808343771257,0.10016691591727422,0.06109929477064059,0.01751628702251614,0.04435269603805203,0.000533648315285866,0.000533648315285866,0.000533648315285866
2026-09-11,397.47,7656.97998046875,0.631578947368421,0.022877771117062906,0.07736266151364468,0.03784904391440517,0.010094507429009325,0.0298953127452517,0.00854901382062822,0.00854901382062822,0.00854901382062822
2026-09-18,399.88,7650.5,0.6260869565217392,0.021281163024601923,0.0859116518100631,0.04609326599718163,0.008418745194623293,0.01979064387833951,0.00939565622866543,0.00939565622866543,0.00939565622866543
2026-09-25,401.26,7743.41015625,0.6206896551724138,0.01714255878792592,0.09186697920487674,0.05170036354965769,0.004200331341843694,0.051595074094121784,-0.002675517825344424,-0.002675517825344424,-0.002675517825344424
2026-10-02,402.71,7722.72021484375,0.6206896551724138,0.013474698583360478,0.0933454354076293,0.05279574501290308,0.00043433556965675676,0.03150077680638752,0.0,0.0,0.0
