ticker,+1q_30daysAgo,+1q_60daysAgo,+1q_7daysAgo,+1q_90daysAgo,+1q_current,+1q_dn30,+1q_dn7,+1q_end,+1q_n,+1q_up30,+1q_up7,+1y_30daysAgo,+1y_60daysAgo,+1y_7daysAgo,+1y_90daysAgo,+1y_current,+1y_dn30,+1y_dn7,+1y_end,+1y_n,+1y_up30,+1y_up7,0q_30daysAgo,0q_60daysAgo,0q_7daysAgo,0q_90daysAgo,0q_current,0q_dn30,0q_dn7,0q_end,0q_n,0q_up30,0q_up7,0y_30daysAgo,0y_60daysAgo,0y_7daysAgo,0y_90daysAgo,0y_current,0y_dn30,0y_dn7,0y_end,0y_n,0y_up30,0y_up7,currency,eps_ccy,mcap,price,shares
A,1.5011,1.51469,1.49996,1.51069,1.49814,6,1,2027-01-31,11,4,0,6.7636,6.6108,6.75732,6.61284,6.75447,1,1,2027-10-31,22,20,1,1.72719,1.71745,1.72672,1.71513,1.72487,3,4,2026-10-31,18,10,9,6.20221,6.06094,6.20199,6.06205,6.20066,0,0,2026-10-31,21,19,19,USD,USD,47879204864,169.805,281965813
AAPL,2.89268,2.90908,2.90313,2.94829,2.90586,2,1,2026-12-31,22,1,0,9.56691,9.55399,9.57829,9.68261,9.57579,3,1,2027-09-30,40,5,0,1.97656,1.97549,1.97754,2.00836,1.97865,14,0,2026-09-30,27,7,1,8.81228,8.80411,8.81945,8.7595,8.82022,2,2,2026-09-30,39,3,1,USD,USD,4850011078656,332.325,14594180000
ABBV,3.8671,3.8633,3.86186,4.06,3.8582,0,0,2026-12-31,15,2,1,16.28202,16.33438,16.25892,16.28254,16.25892,1,0,2027-12-31,25,1,1,3.84425,3.84402,3.84375,3.8475,3.83899,0,0,2026-09-30,16,1,1,14.00848,14.00519,14.00506,14.24007,14.00506,1,1,2026-12-31,24,0,0,USD,USD,472191401984,267.21,1767117285
ABNB,0.82207,0.79455,0.83934,0.80053,0.83557,0,0,2026-12-31,32,5,3,6.18575,6.04083,6.24489,6.05157,6.25014,0,0,2027-12-31,39,7,3,2.84374,2.76402,2.85962,2.75852,2.84506,0,0,2026-09-30,33,6,3,5.29333,5.09192,5.31342,5.09317,5.29812,0,0,2026-12-31,39,5,1,USD,USD,95323684864,159.195,419529556
ABT,1.63784,1.63754,1.63784,1.62001,1.63774,0,0,2026-12-31,21,15,1,6.06487,6.06259,6.06545,6.05608,6.06521,2,0,2027-12-31,26,3,1,1.41953,1.41931,1.41953,1.4219,1.41498,10,1,2026-09-30,22,7,1,5.51886,5.51721,5.51967,5.48257,5.51899,1,0,2026-12-31,26,5,1,USD,USD,171273355264,98.98,1730383296
ACGL,2.47419,2.47592,2.46118,2.50696,2.48395,11,1,2026-12-31,17,4,0,9.75731,9.76363,9.75081,9.86462,9.75693,9,0,2027-12-31,20,7,1,1.84354,1.84278,1.84388,1.84304,1.96201,8,1,2026-09-30,19,6,0,9.37453,9.38622,9.37303,9.28784,9.49321,2,1,2026-12-31,20,15,0,USD,USD,32263215104,94.55,341229126
ACN,3.15806,3.16017,3.14742,3.16224,3.15406,4,2,2027-02-28,20,2,0,15.74742,15.79158,15.72719,15.78434,15.93211,5,2,2027-08-31,27,3,0,3.98593,3.98793,3.98708,3.99033,3.98458,1,0,2026-08-31,20,3,1,,,,,,,,2026-08-31,,,,USD,USD,118912589824,194.32,611942109
ADBE,6.73991,6.74252,6.76066,6.73317,6.76066,12,12,2027-02-28,26,11,11,27.49816,27.48687,27.67328,27.5285,27.67328,10,10,2027-11-30,36,21,21,6.33212,6.31791,6.33138,6.31849,6.33138,5,5,2026-11-30,29,17,17,24.41209,24.4109,24.48076,24.42238,24.48076,3,3,2026-11-30,34,27,27,USD,USD,92333809664,237.24,389200000
ADI,3.79254,3.46398,3.78784,3.41423,3.78784,0,0,2027-01-31,25,21,21,16.33678,15.06237,16.34812,14.7813,16.34812,0,0,2027-10-31,30,23,23,3.84965,3.53773,3.84925,3.49182,3.84925,1,1,2026-10-31,26,21,21,12.84498,12.43447,12.89498,12.34056,12.89498,1,1,2026-10-31,29,23,23,USD,USD,203439964160,419.84,484565465
ADM,1.38439,1.35569,1.3691,1.27166,1.36996,2,1,2026-12-31,7,1,1,5.63956,5.68314,5.67012,5.37249,5.70649,1,1,2027-12-31,11,2,0,1.54058,1.31144,1.55985,1.26471,1.56674,1,1,2026-09-30,7,2,1,5.49912,5.49164,5.49998,4.59992,5.48887,0,0,2026-12-31,9,1,1,USD,USD,39785766912,82.55,481959583
ADP,2.91976,2.92697,2.91699,2.91863,2.91566,1,1,2026-12-31,15,0,0,13.39844,13.39835,13.39844,13.32702,13.40122,5,5,2028-06-30,18,7,6,2.77025,2.77682,2.76328,2.7511,2.76395,1,1,2026-09-30,15,0,0,12.25722,12.25699,12.25829,12.19167,12.26218,0,0,2027-06-30,18,1,1,USD,USD,103932821504,262.29,396251548
ADSK,3.20027,3.31416,3.1999,3.31139,3.1999,25,1,2027-01-31,28,1,0,14.18783,14.25833,14.19939,14.26438,14.19939,18,1,2028-01-31,36,16,0,3.06822,3.15003,3.06793,3.14995,3.06793,20,20,2026-10-31,28,1,1,12.59504,12.61216,12.61244,12.60775,12.61244,15,1,2027-01-31,36,17,0,USD,USD,47254900736,226.1,209000000
AEE,0.69169,0.68638,0.69169,0.68252,0.69169,2,1,2026-12-31,5,2,2,5.83427,5.8355,5.83427,5.8458,5.83427,1,1,2027-12-31,6,0,0,2.34296,2.33864,2.34296,2.40199,2.34296,2,1,2026-09-30,4,1,1,5.39756,5.38478,5.39756,5.3707,5.39756,1,1,2026-12-31,7,1,1,USD,USD,27872579584,100.68,276843251
AEP,1.44141,1.2455,1.44141,1.25837,1.44141,0,0,2026-12-31,12,1,0,6.85316,6.85472,6.85684,6.85872,6.85684,0,0,2027-12-31,19,2,0,1.90757,1.97981,1.90757,1.96663,1.90757,1,1,2026-09-30,13,7,2,6.37624,6.368,6.38203,6.35671,6.38203,0,0,2026-12-31,19,4,1,USD,USD,65621659648,120.54,544397352
AES,0.588,0.588,0.588,0.638,0.596,0,0,2026-12-31,1,0,0,2.37772,2.37954,2.37772,2.37954,2.3705,1,1,2027-12-31,10,1,1,0.7295,0.7295,0.7295,0.8095,0.929,0,0,2026-09-30,1,0,0,0.0,2.28845,0.0,0.0,2.28745,0,1,2026-12-31,10,0,0,USD,USD,10637370368,14.91,713438630
AFL,1.70963,1.71398,1.70963,1.73548,1.71866,4,1,2026-12-31,13,3,0,7.54144,7.54642,7.54144,7.59234,7.55809,5,2,2027-12-31,15,4,1,1.78845,1.77848,1.78845,1.79675,1.78595,4,1,2026-09-30,13,4,1,7.01529,7.01797,7.01529,7.04654,7.01681,5,2,2026-12-31,16,3,0,USD,USD,56892440576,113.48,501343298
AIG,2.10962,2.13852,2.10962,2.14257,2.11252,9,1,2026-12-31,17,6,0,8.78651,8.83737,8.78651,8.86745,8.80202,12,0,2027-12-31,22,5,1,1.80229,1.82459,1.80229,1.83227,1.81334,9,1,2026-09-30,18,7,0,8.04543,7.98219,8.04543,8.01452,8.05502,3,0,2026-12-31,22,16,1,USD,USD,39318953984,75.195,522893169
AIZ,5.37748,5.2819,5.37748,5.48252,5.34872,4,1,2026-12-31,6,2,0,23.43346,23.0245,23.43346,22.5245,23.43346,0,0,2027-12-31,7,7,1,4.52437,4.54746,4.52437,4.45855,4.60294,3,0,2026-09-30,7,4,1,22.26528,22.18333,22.26528,21.06179,22.35814,0,0,2026-12-31,7,7,0,USD,USD,13238499328,268.4,49323767
AJG,2.81895,2.82708,2.80263,2.79669,2.80187,8,8,2026-12-31,18,4,2,14.89075,14.87105,14.86305,14.87458,14.86495,8,8,2027-12-31,22,4,3,3.06347,3.08061,3.00969,3.07313,2.99934,13,12,2026-09-30,19,1,0,13.18336,13.2071,13.1275,13.2018,13.11613,12,12,2026-12-31,21,2,0,USD,USD,58707214336,229.02,256341000
AKAM,1.80641,1.80309,1.81154,1.80458,1.77078,8,8,2026-12-31,21,5,3,7.16519,7.20416,7.21229,7.14075,6.84915,13,12,2027-12-31,23,4,2,1.68395,1.70151,1.68032,1.69991,1.67134,8,6,2026-09-30,21,1,1,6.69605,6.71341,6.69423,6.71495,6.63954,12,10,2026-12-31,24,2,1,USD,USD,15504147456,107.88,143716609
ALB,2.18715,2.555,2.22021,3.36437,2.20933,0,0,2026-12-31,14,0,0,11.29725,12.4964,11.29725,12.98432,11.0029,11,1,2027-12-31,18,4,0,2.49904,2.865,2.5591,3.54593,2.57762,0,0,2026-09-30,15,0,0,11.56498,11.76,11.56498,12.49312,11.57246,12,0,2026-12-31,18,4,0,USD,USD,12588779520,106.68,118005057
ALGN,3.22846,3.29105,3.22846,3.2896,3.22077,9,12,2026-12-31,13,3,1,12.54855,12.54855,12.50527,12.37282,12.47964,4,4,2027-12-31,16,11,12,2.7922,2.89791,2.7922,2.89761,2.79204,12,13,2026-09-30,13,1,1,11.29194,11.29194,11.28962,11.3616,11.27024,10,12,2026-12-31,16,3,2,USD,USD,10072030208,141.78,71039852
ALL,9.10479,8.67721,9.18058,8.59523,9.33367,1,1,2026-12-31,18,1,1,27.60784,26.64015,27.74057,26.37245,27.95276,0,0,2027-12-31,22,3,2,6.41686,5.97031,6.43949,5.86315,6.48605,2,2,2026-09-30,19,1,1,35.2329,32.28365,35.26017,30.33884,35.36889,1,1,2026-12-31,23,1,1,USD,USD,56351924224,222.86,252857950
ALLE,2.25906,2.2583,2.26306,2.2656,2.25743,0,0,2026-12-31,10,1,1,9.77419,9.7161,9.77328,9.56589,9.78221,1,1,2027-12-31,11,0,0,2.49366,2.49432,2.49566,2.48524,2.5038,0,0,2026-09-30,10,1,1,8.95099,8.9507,8.95645,8.78904,8.95781,0,0,2026-12-31,11,1,1,USD,USD,13217266688,155.43,85036786
AMAT,4.19781,3.83935,4.19948,3.75073,4.20406,0,1,2027-01-31,24,21,18,18.45479,17.05104,18.45951,16.41561,18.4658,1,0,2027-10-31,35,3,1,4.06032,3.65571,4.06032,3.61225,4.05592,0,0,2026-10-31,25,25,0,12.79441,12.2992,12.7891,12.24389,12.78556,0,0,2026-10-31,31,1,1,USD,USD,422384304128,532.24,793597443
AMCR,0.93937,0.8985,0.8675,0.0,0.8675,0,0,2026-12-31,4,0,0,4.33994,4.325,4.35667,0.0,4.35667,0,0,2027-12-31,5,0,0,1.055,0.0,0.98832,0.0,0.995,0,0,2026-09-30,4,0,0,4.03379,4.1,4.0375,0.0,4.0375,0,0,2026-12-31,4,0,0,USD,USD,19436365824,42.075,461945690
AMD,2.65132,2.65274,2.65183,2.58785,2.65104,10,1,2026-12-31,40,23,0,15.32884,15.25432,15.57829,13.19926,15.72189,1,0,2027-12-31,50,3,1,1.92527,1.92529,1.92579,1.81335,1.92939,3,4,2026-09-30,40,25,22,7.56794,7.56439,7.57578,7.39229,7.5868,1,0,2026-12-31,49,4,1,USD,USD,1068454903808,654.5,1632475042
AME,2.17239,2.16128,2.17786,2.1358,2.18754,0,0,2026-12-31,18,5,1,9.52006,8.98427,9.56401,8.79244,9.56727,0,0,2027-12-31,12,5,0,2.09507,2.08562,2.10007,2.0455,2.10271,0,0,2026-09-30,18,4,1,8.33567,8.32013,8.3409,8.13666,8.35366,0,0,2026-12-31,19,4,1,USD,USD,58459328512,254.99,229261244
AMGN,5.80226,5.8159,5.80226,5.85763,5.80226,12,3,2026-12-31,27,11,0,24.40753,23.97812,24.44897,23.46078,24.44897,2,0,2027-12-31,33,5,3,5.78099,5.81184,5.78099,5.742,5.78099,10,3,2026-09-30,27,13,0,23.04146,22.89033,23.05565,22.38061,23.05565,0,0,2026-12-31,33,2,1,USD,USD,216566366208,400.58,540632005
AMP,12.40917,12.36833,12.40917,11.41778,12.4175,0,0,2026-12-31,12,9,1,51.66846,51.54462,51.66846,48.20308,51.61923,1,0,2027-12-31,13,11,1,11.795,11.7825,11.795,11.00556,11.78,0,0,2026-09-30,12,9,1,46.52667,46.38923,46.52667,44.42692,46.52083,1,0,2026-12-31,12,11,1,USD,USD,43386183680,491.165,88333219
AMT,1.61158,1.61047,1.65935,1.61269,1.65935,0,0,2026-12-31,7,6,6,6.87466,6.87284,7.00103,6.87284,7.01004,4,3,2027-12-31,9,4,5,1.58062,1.57729,1.63658,1.57617,1.63658,0,0,2026-09-30,7,7,7,6.60145,6.59508,6.98352,6.59508,6.98352,0,0,2026-12-31,7,7,7,USD,USD,76538601472,164.26,465960048
AMZN,2.44328,2.44074,2.43515,2.38074,2.43759,2,1,2026-12-31,41,4,1,10.50224,10.45322,10.5028,9.98802,10.50992,0,0,2027-12-31,52,4,2,1.95471,1.95144,1.9419,1.9183,1.94595,1,0,2026-09-30,44,4,1,12.89499,12.49081,12.87919,8.68651,12.88199,0,0,2026-12-31,50,3,1,USD,USD,2753422163968,255.27,10786313572
ANET,1.14825,0.97067,1.148,0.96653,1.14768,0,0,2026-12-31,25,23,23,5.15956,4.46749,5.18742,4.45434,5.20199,0,0,2027-12-31,29,1,1,1.07679,0.9167,1.07656,0.91297,1.07669,0,0,2026-09-30,26,23,23,4.11295,3.63631,4.11217,3.62724,4.1121,0,0,2026-12-31,29,0,0,USD,USD,268281413632,212.715,1261224648
AON,5.12184,5.37945,5.08345,5.3919,5.01358,11,1,2026-12-31,20,2,1,20.42992,21.34432,20.29463,21.36906,20.26696,12,2,2027-12-31,18,1,0,3.3705,3.39145,3.35126,3.41487,3.32828,9,2,2026-09-30,21,2,0,18.80094,19.06599,18.73554,19.11565,18.62968,15,2,2026-12-31,22,1,0,USD,USD,58006757376,273.455,212125434
AOS,0.96535,0.98447,0.96535,0.98673,0.96267,1,1,2026-12-31,11,0,0,4.09609,4.16223,4.09059,4.17175,4.08631,2,1,2027-12-31,12,0,0,0.89913,0.99625,0.89913,0.99631,0.89752,1,1,2026-09-30,11,0,0,3.74322,3.75636,3.74322,3.76959,3.73932,1,1,2026-12-31,12,0,0,USD,USD,7837847552,57.67,110047214
APA,1.19816,1.15411,1.4371,1.27429,1.47141,1,1,2026-12-31,22,7,1,4.21879,4.08529,4.4702,4.20601,4.5898,3,2,2027-12-31,25,7,1,1.2509,1.30867,1.36732,1.48681,1.42671,2,2,2026-09-30,23,8,1,5.87154,5.35888,6.18728,6.24608,6.272,4,2,2026-12-31,25,8,1,USD,USD,15504806912,44.255,350351510
APD,3.47482,3.46607,3.47429,3.44005,3.47125,1,0,2026-12-31,8,6,3,14.43529,14.43814,14.43686,14.2124,14.44332,1,0,2027-09-30,22,2,2,3.61017,3.61017,3.61127,3.52008,3.59071,0,0,2026-09-30,19,17,3,13.44213,13.44119,13.45376,13.17037,13.45469,0,0,2026-09-30,22,1,1,USD,USD,62760574976,281.835,222685530
APH,0.73571,0.73533,0.74077,0.65122,0.7426,1,0,2026-12-31,16,3,1,3.23869,3.22398,3.28029,2.863,3.28764,0,0,2027-12-31,19,5,2,0.71883,0.71837,0.72208,0.6311,0.72133,2,0,2026-09-30,16,5,1,2.65831,2.65845,2.66904,2.41239,2.66965,2,0,2026-12-31,18,7,2,USD,USD,220506750976,89.42,2465966914
APO,2.44689,2.44282,2.44689,2.4907,2.43271,7,1,2026-12-31,16,5,0,10.73575,10.68985,10.73575,10.6858,10.70238,4,0,2027-12-31,22,13,1,2.26105,2.25849,2.26105,2.33072,2.2504,9,3,2026-09-30,17,4,3,8.76688,8.7625,8.76545,8.95139,8.72324,5,1,2026-12-31,21,0,0,USD,USD,68328800256,115.705,590543159
APP,4.5249,4.66529,4.48333,4.69837,4.45462,5,2,2026-12-31,18,0,0,20.1326,21.04145,20.00319,21.08177,20.00319,6,0,2027-12-31,27,1,1,4.02918,4.06946,4.02971,4.08496,4.01247,2,0,2026-09-30,18,2,1,15.69827,15.80829,15.66562,16.06607,15.66192,5,0,2026-12-31,27,1,1,USD,USD,93184589824,277.385,305732000
APTV,1.63473,1.66916,1.62767,1.65184,1.6258,0,0,2026-12-31,15,1,1,6.51182,6.56724,6.54602,6.77127,6.52395,1,1,2027-12-31,18,0,0,1.33226,1.33973,1.32883,1.59656,1.3275,1,1,2026-09-30,15,0,0,5.72425,5.78507,5.72623,6.05711,5.72354,1,1,2026-12-31,18,0,0,USD,USD,9236569088,44.485,207633331
ARE,-0.08,-0.08,-0.08,-0.08,-0.1,1,1,2026-12-31,1,0,0,-0.88,-0.88,-0.88,-0.88,-0.81,0,0,2027-12-31,1,1,1,-0.05,-0.05,-0.05,-0.05,0.0,0,0,2026-09-30,1,1,1,1.46172,2.06212,1.46172,1.84967,1.45672,1,1,2026-12-31,6,0,0,USD,USD,7954244096,46.22,172095277
ARES,1.99968,1.99968,1.99304,1.95756,1.98358,1,1,2026-12-31,13,0,0,7.19193,7.18626,7.19056,7.32437,7.15994,1,1,2027-12-31,17,2,1,1.30334,1.30334,1.29616,1.47691,1.28286,1,1,2026-09-30,14,0,0,5.85105,5.84992,5.83786,5.93219,5.81799,2,2,2026-12-31,17,1,0,USD,USD,39196008448,118.14,223957742
ATO,2.63194,2.64162,2.63194,2.62472,2.62694,1,1,2026-12-31,6,0,0,9.01774,9.01962,9.02064,8.99099,9.0191,0,0,2027-09-30,13,2,1,1.16665,1.24257,1.15776,1.18193,1.14609,1,1,2026-09-30,6,0,0,8.46368,8.44249,8.46088,8.42884,8.45815,2,1,2026-09-30,11,0,0,USD,USD,26833692672,158.79,168988553
AVGO,4.13523,4.12974,4.07566,4.12187,4.07938,19,21,2027-01-31,35,8,7,19.56806,19.55845,19.3807,19.4616,19.39382,27,1,2027-10-31,48,12,0,3.88103,3.87377,3.82526,3.86088,3.82763,24,1,2026-10-31,40,9,0,11.62899,11.62543,11.65601,11.6237,11.65755,14,0,2026-10-31,48,23,1,USD,USD,1802451025920,377.585,4773629865
AVY,2.4893,2.4893,2.4893,2.58137,2.4917,9,9,2026-12-31,10,1,1,11.18624,11.18624,11.18624,11.11117,11.18564,1,1,2027-12-31,11,7,7,2.33004,2.33004,2.33004,2.50594,2.32528,10,10,2026-09-30,10,0,0,10.17247,10.17247,10.1861,10.0332,10.18308,0,0,2026-12-31,11,1,1,USD,USD,12889289728,170.07,75788142
AWK,1.41391,1.42006,1.41462,1.40032,1.41462,1,0,2026-12-31,5,0,1,6.5658,6.5658,6.56585,6.5588,6.56585,0,0,2027-12-31,10,1,1,2.07817,2.08734,2.07853,2.08917,2.08053,0,0,2026-09-30,5,1,1,6.08427,6.08427,6.08475,6.0817,6.08475,0,0,2026-12-31,11,1,1,USD,USD,25357819904,127.6,198728989
AXON,2.27991,2.27737,2.28047,2.27062,2.27491,0,0,2026-12-31,18,1,1,10.55937,10.51633,10.55187,10.57336,10.54387,1,1,2027-12-31,20,1,0,1.96133,2.03257,1.96074,2.01789,1.9478,1,1,2026-09-30,17,0,0,7.71309,7.72394,7.66959,7.68883,7.65309,5,6,2026-12-31,20,11,10,USD,USD,33882906624,417.085,81237415
AXP,4.28788,4.28962,4.28096,4.3607,4.2914,2,2,2026-12-31,22,0,0,20.10854,20.10926,20.15441,20.13813,20.13422,1,0,2027-12-31,27,1,1,4.58671,4.5883,4.58656,4.67986,4.56634,0,0,2026-09-30,23,2,2,17.6721,17.67567,17.68403,17.70797,17.67553,1,1,2026-12-31,27,1,1,USD,USD,205628456960,304.495,675309833
AZO,32.26647,32.42214,31.60915,32.42214,31.6328,10,8,2027-02-28,21,4,5,195.55737,195.787,190.51833,195.92168,190.42522,10,10,2028-08-31,24,4,4,38.08905,38.14492,35.36542,38.14492,35.30755,12,11,2026-11-30,21,2,2,174.98048,175.47443,170.08679,175.55441,169.22855,20,20,2027-08-31,25,2,2,USD,USD,46954987520,2903.295,16173000
BA,0.01311,0.01311,0.01355,0.07639,0.01359,1,0,2026-12-31,19,1,1,4.12084,4.13402,4.18992,4.157,4.10961,1,0,2027-12-31,21,0,0,-0.144,-0.1425,-0.14659,-0.09108,-0.17215,1,1,2026-09-30,20,0,0,-1.07518,-1.07685,-1.07629,-0.38653,-1.09958,1,0,2026-12-31,22,1,1,USD,USD,150802612224,190.8,790370020
BAC,1.15958,1.1602,1.14833,1.13672,1.14484,4,2,2026-12-31,16,0,0,5.28888,5.29151,5.26942,5.08694,5.2307,6,3,2027-12-31,19,0,0,1.19373,1.19623,1.16523,1.14156,1.12157,5,2,2026-09-30,17,0,0,4.67709,4.67973,4.63429,4.50603,4.59103,6,3,2026-12-31,19,0,0,USD,USD,378132889600,54.075,6992748365
BALL,0.9891,0.9891,0.9891,1.01347,0.98505,11,10,2026-12-31,14,1,3,4.52277,4.52277,4.52277,4.52031,4.52255,3,5,2027-12-31,15,6,5,1.06289,1.06289,1.06289,1.07033,1.06657,6,5,2026-09-30,14,5,5,4.02452,4.02452,4.02452,3.99868,4.02356,2,2,2026-12-31,15,11,8,USD,USD,15257501696,57.64,264703357
BAX,0.61269,0.61204,0.61269,0.65551,0.61269,8,0,2026-12-31,11,1,1,2.0364,2.06166,2.0364,2.01002,2.03947,1,1,2027-12-31,13,11,1,0.5189,0.5179,0.5189,0.53191,0.5189,7,0,2026-09-30,11,2,1,2.04697,2.04524,2.04697,1.91624,2.04697,0,1,2026-12-31,13,12,0,USD,USD,12498377728,24.175,516995999
BBY,2.55371,2.54524,2.59112,2.54524,2.59112,2,5,2027-01-31,20,13,12,7.20278,7.0717,7.21321,7.0717,7.21321,0,0,2028-01-31,23,20,2,1.3909,1.39412,1.48884,1.39412,1.49034,1,0,2026-10-31,20,17,1,6.83307,6.55133,6.83188,6.55133,6.83188,0,0,2027-01-31,22,20,1,USD,USD,17940107264,85.54,209727698
BDX,2.72851,2.81994,2.72851,2.80065,2.74073,7,1,2026-12-31,9,0,1,13.29249,13.45967,13.29249,13.39348,13.30963,9,1,2027-09-30,14,1,1,4.06528,4.08963,4.06528,4.07548,4.06984,7,7,2026-09-30,12,3,4,12.62289,12.55982,12.62289,12.54451,12.62646,0,0,2026-09-30,14,11,12,USD,USD,49316990976,181.055,272386800
BE,0.8349,0.83303,0.8349,0.76624,0.8339,4,0,2026-12-31,17,13,1,4.92013,4.89574,4.92871,4.40093,4.9421,1,0,2027-12-31,28,2,1,0.6657,0.66765,0.66511,0.50987,0.6677,2,1,2026-09-30,17,0,0,2.7062,2.72011,2.70582,2.1584,2.70689,3,1,2026-12-31,26,0,0,USD,USD,87854571520,298.29,294527346
BEN,0.74443,0.74443,0.74871,0.7405,0.74871,0,0,2026-12-31,7,1,1,3.16525,3.14837,3.18932,3.05934,3.19204,0,0,2027-09-30,11,3,1,0.76772,0.76772,0.76934,0.74473,0.77156,0,0,2026-09-30,9,0,0,2.88973,2.87764,2.89433,2.79385,2.89524,0,0,2026-09-30,11,1,0,USD,USD,16550604800,32.575,508076910
BF-B,0.51946,0.51949,0.51312,0.51478,0.51312,6,4,2027-01-31,14,3,3,1.70055,1.71397,1.71385,1.70777,1.71385,5,4,2028-04-30,17,6,6,0.46148,0.4622,0.46389,0.46221,0.46389,6,5,2026-10-31,14,4,4,1.67758,1.69931,1.69319,1.70019,1.69319,5,3,2027-04-30,18,6,7,USD,USD,12091073536,26.35,290383416
BG,3.34381,3.29677,3.31206,3.10553,3.31763,1,1,2026-12-31,7,0,0,11.34127,11.26159,11.26202,11.13799,11.23912,1,1,2027-12-31,7,0,0,2.47201,2.47705,2.48039,2.57501,2.41393,0,0,2026-09-30,7,1,1,9.63786,9.59182,9.61494,9.43613,9.55417,1,1,2026-12-31,7,0,0,USD,USD,20685465600,107.67,192119123
BIIB,3.27009,3.26028,3.27009,3.56866,3.27009,1,0,2026-12-31,26,1,0,16.54371,16.59044,16.53585,16.6209,16.53585,0,0,2027-12-31,33,2,0,2.02908,2.09911,2.02908,3.93497,2.02908,20,1,2026-09-30,26,1,0,12.61041,12.45155,12.53828,13.37425,12.53828,0,1,2026-12-31,33,0,0,USD,USD,32615956480,220.745,147753998
BKNG,2.30958,2.32526,2.31112,2.32663,2.30316,0,0,2026-12-31,25,1,1,12.37711,12.30196,12.36832,12.31191,12.36452,2,1,2027-12-31,32,0,0,4.49214,4.53264,4.48906,4.54976,4.49663,1,0,2026-09-30,25,1,1,10.44865,10.44826,10.44835,10.44288,10.44892,1,0,2026-12-31,32,1,1,USD,USD,116907286528,155.59,751380500
BKR,0.70751,0.70751,0.69532,0.64781,0.70405,2,2,2026-12-31,12,0,0,3.16079,3.16352,3.11092,2.8057,2.99419,3,2,2027-12-31,16,2,2,0.63149,0.63578,0.6164,0.56339,0.62057,3,2,2026-09-30,12,2,2,2.64059,2.63459,2.61425,2.31566,2.59287,2,2,2026-12-31,15,3,2,USD,USD,57048977408,57.47,992674071
BLK,15.43009,15.3587,15.41009,14.65413,15.37092,1,1,2026-12-31,12,0,0,64.3079,64.11224,64.28669,61.09921,64.22243,3,1,2027-12-31,18,1,0,14.31067,14.27767,14.24677,13.66387,14.18843,2,1,2026-09-30,14,0,0,56.28456,56.2339,56.25654,53.68175,56.17674,1,1,2026-12-31,18,2,0,USD,USD,175830106112,1082.19,154869259
BMY,1.59353,1.58904,1.59575,1.52482,1.5973,0,0,2026-12-31,22,0,0,6.55796,6.55007,6.56484,6.18919,6.5852,1,1,2027-12-31,28,1,1,1.73265,1.73379,1.72967,1.60406,1.73059,0,0,2026-09-30,22,0,0,6.94908,6.94672,6.94853,6.30878,6.95037,0,0,2026-12-31,28,1,1,USD,USD,120571232256,59.025,2042714656
BNY,2.28905,2.28905,2.28905,2.27513,2.31301,2,2,2026-12-31,8,1,1,10.24581,10.24581,10.25042,9.8322,10.2403,1,1,2027-12-31,12,1,1,2.25094,2.25094,2.25994,2.20279,2.27274,1,1,2026-09-30,10,2,2,9.25034,9.25034,9.25867,8.95443,9.27861,1,1,2026-12-31,11,2,2,USD,USD,97511219200,143.715,678504142
BR,1.78056,1.74667,1.78056,1.71714,1.78056,2,2,2026-12-31,8,4,3,11.57582,11.45052,11.57582,11.43794,11.57582,3,1,2028-06-30,9,4,0,1.36894,1.51667,1.36894,1.51714,1.36894,6,5,2026-09-30,8,0,0,10.54859,10.41515,10.54859,10.40638,10.54859,3,1,2027-06-30,9,5,0,USD,USD,18023360512,159.64,112900032
BRK-B,4.83055,4.81555,4.8481,4.81555,5.15144,1,1,2026-12-31,2,1,1,22.19254,21.57153,22.19254,21.47365,21.6444,0,0,2027-12-31,4,3,2,5.31866,5.29866,5.34972,5.29866,5.78187,0,0,2026-09-30,2,2,2,22.25303,20.89024,22.25303,20.75045,21.46727,0,0,2026-12-31,4,3,0,USD,USD,1081796984832,505.345,1408035161
BRO,0.93617,0.93617,0.93617,0.9234,0.93545,6,6,2026-12-31,18,7,7,4.82516,4.82252,4.82516,4.85618,4.81325,5,0,2027-12-31,19,3,1,1.08586,1.08586,1.08586,1.0814,1.08341,4,3,2026-09-30,18,8,9,4.48234,4.48234,4.48234,4.49299,4.48095,10,0,2026-12-31,19,5,1,USD,USD,20369405952,60.875,334610357
BSX,0.83692,0.83692,0.83771,0.89322,0.83536,4,1,2026-12-31,20,1,0,3.43293,3.43849,3.41257,3.71541,3.40348,8,3,2027-12-31,26,0,0,0.80533,0.80533,0.76549,0.83721,0.75835,8,3,2026-09-30,22,0,0,3.30364,3.30364,3.26933,3.36189,3.26088,8,3,2026-12-31,25,0,0,USD,USD,61498056704,42.435,1449229526
BX,1.7633,1.76393,1.7633,1.7571,1.74682,4,1,2026-12-31,18,7,0,7.49055,7.48803,7.4849,7.53462,7.41554,7,0,2027-12-31,24,10,1,1.36116,1.36617,1.36116,1.47776,1.32578,11,1,2026-09-30,19,1,0,6.01888,6.0234,6.0165,5.9507,5.96552,3,1,2026-12-31,22,15,0,USD,USD,134530768896,112.55,750625114
BXP,0.60312,0.0,0.60312,0.54103,0.67059,0,0,2026-12-31,1,2,0,2.22282,2.09196,2.22282,2.04946,2.30956,0,0,2027-12-31,3,3,1,0.54158,0.47196,0.54158,0.49921,0.61143,1,1,2026-09-30,1,1,0,2.09673,1.939,2.09673,2.01165,2.22406,0,0,2026-12-31,1,1,0,USD,USD,10800968704,59.7143,159661556
C,2.31113,2.31113,2.29557,2.46135,2.32664,0,0,2026-12-31,7,1,1,12.88329,12.88329,12.90981,12.62167,12.94007,1,1,2027-12-31,11,1,1,2.65193,2.65193,2.63078,2.68858,2.62463,1,1,2026-09-30,7,0,0,11.18105,11.18105,11.17271,10.90775,11.18804,1,1,2026-12-31,7,0,0,USD,USD,215097720832,128.23,1677436783
CAH,3.1148,2.98601,3.1217,2.98581,3.12086,0,1,2026-12-31,14,7,2,14.07674,13.59122,14.05805,13.52113,14.05628,1,1,2028-06-30,17,12,4,2.93687,2.89618,2.93985,2.89836,2.94272,3,3,2026-09-30,14,4,0,12.5666,12.07672,12.56626,12.01523,12.56449,0,0,2027-06-30,17,16,1,USD,USD,53718827008,231.9873,231559345
CARR,0.7089,0.6959,0.71209,0.56662,0.70978,0,0,2026-12-31,20,2,1,3.30841,3.29908,3.30881,3.19992,3.29751,1,1,2027-12-31,25,2,1,0.77009,0.77959,0.76963,0.85925,0.7669,2,1,2026-09-30,21,1,1,2.88548,2.88046,2.88474,2.79854,2.88135,2,2,2026-12-31,25,2,1,USD,USD,46693892096,56.645,824325057
CASY,4.07702,4.08389,3.97453,4.09682,3.97662,11,0,2027-01-31,17,5,0,23.55278,23.51966,23.41378,23.5263,23.40941,7,1,2028-04-30,16,7,1,6.3245,6.32888,5.84077,6.31147,5.84484,15,0,2026-10-31,17,1,0,21.38464,21.33589,21.31857,21.27095,21.32504,4,0,2027-04-30,17,12,2,USD,USD,22832883712,617.77,36960167
CAT,6.91633,6.89961,6.91633,6.67529,6.92918,3,1,2026-12-31,21,15,0,32.37734,31.84531,32.37734,30.25549,32.43104,0,0,2027-12-31,27,26,2,6.91717,6.89437,6.91717,6.42071,6.93288,2,0,2026-09-30,21,16,1,27.18657,26.81023,27.18657,24.69058,27.20879,0,1,2026-12-31,27,24,0,USD,USD,397938262016,865.695,459674889
CB,7.20494,7.20494,7.20494,7.21105,7.20892,11,0,2026-12-31,21,7,1,29.10944,29.10528,29.10319,29.24368,29.17361,13,0,2027-12-31,24,7,1,6.34247,6.32656,6.34247,6.28155,6.43445,5,0,2026-09-30,22,16,1,27.72066,27.69626,27.72066,27.11838,27.81311,0,0,2026-12-31,25,24,2,USD,USD,128974823424,334.305,385799859
CBOE,3.4796,3.50321,3.4796,3.38988,3.4688,2,2,2026-12-31,12,0,0,15.23557,15.24862,15.223,14.72064,15.17778,2,0,2027-12-31,14,1,0,3.43876,3.46643,3.43876,3.32629,3.43219,2,1,2026-09-30,12,0,0,14.157,14.22519,14.11087,13.74379,14.1001,2,0,2026-12-31,14,0,0,USD,USD,28807297024,275.85,104431019
CBRE,2.71073,2.7027,2.71073,2.78945,2.71073,9,0,2026-12-31,11,2,0,9.09536,9.05683,9.09536,8.85641,9.09036,2,0,2027-12-31,12,9,1,1.95421,1.89762,1.95421,1.84807,1.95512,3,0,2026-09-30,11,8,0,7.81404,7.77531,7.81404,7.67309,7.82404,1,0,2026-12-31,13,10,1,USD,USD,38031372288,131.335,289575298
CCI,0.69272,0.69715,0.69272,0.7127,0.69301,4,1,2026-12-31,7,0,0,2.88738,2.9065,2.88738,2.95459,2.89994,4,1,2027-12-31,9,3,0,0.67984,0.68484,0.67984,0.69776,0.67955,4,1,2026-09-30,7,2,0,2.48202,2.28502,2.48202,2.39126,2.48236,0,0,2026-12-31,3,3,1,USD,USD,29746460672,68.0697,437000000
CCL,0.2,0.2,0.15622,0.18875,0.1113,6,2,2026-11-30,21,0,0,2.63263,2.63782,2.5863,2.63255,2.56098,11,4,2027-11-30,27,1,1,1.34523,1.34523,1.35267,1.34798,1.3508,3,3,2026-11-30,21,6,0,2.24189,2.24382,2.21411,2.24472,2.2583,12,4,2026-11-30,26,1,0,USD,USD,35786801152,26.615,1344610129
CDNS,2.01865,2.01865,2.01925,2.00319,2.02365,6,7,2026-12-31,18,10,10,9.54363,9.53711,9.5454,9.39978,9.56722,1,1,2027-12-31,25,0,0,2.04514,2.04514,2.04539,1.93084,2.04569,1,2,2026-09-30,18,16,16,4.80568,4.79079,4.80568,4.49978,4.80799,0,0,2026-12-31,13,10,11,USD,USD,99184164864,360.155,275393000
CDW,2.82098,2.78069,2.82028,2.74006,2.82158,0,0,2026-12-31,10,0,1,11.93743,11.781,12.04753,11.63957,12.01523,0,1,2027-12-31,10,1,0,2.9323,2.89991,2.95377,2.86568,2.95887,0,0,2026-09-30,10,0,1,10.92964,10.75664,10.95264,10.66005,10.95884,0,0,2026-12-31,10,1,1,USD,USD,16953613312,135.61,125017426
CEG,3.1193,2.87649,3.1233,2.7964,3.1233,0,0,2026-12-31,10,2,1,13.34165,13.37721,13.32016,13.58303,13.32016,0,0,2027-12-31,18,2,2,3.74379,3.6219,3.75279,3.78017,3.75279,1,0,2026-09-30,10,1,1,12.144,11.74911,12.144,11.75707,12.144,0,0,2026-12-31,18,2,1,USD,USD,109055811584,307.8,354307379
CF,3.58556,4.0332,3.58556,3.96752,3.58763,3,3,2026-12-31,7,2,2,10.65518,10.33581,10.86568,11.04297,11.17919,0,0,2027-12-31,11,0,0,3.01236,4.097,3.01236,4.43814,3.01917,4,4,2026-09-30,7,1,1,15.06302,16.80603,15.06302,17.61285,15.30842,0,0,2026-12-31,10,0,0,USD,USD,17546143744,115.94,151338130
CFG,1.48897,1.48433,1.4864,1.4697,1.48211,0,1,2026-12-31,14,1,1,6.52857,6.51428,6.52947,6.44092,6.534,0,0,2027-12-31,15,4,2,1.40442,1.40192,1.39381,1.38165,1.38815,5,4,2026-09-30,14,0,0,5.30312,5.30312,5.2916,5.21197,5.28691,2,1,2026-12-31,15,1,1,USD,USD,26896351232,63.86,421176788
CHD,1.03463,1.03372,1.0313,0.9698,1.03263,0,0,2026-12-31,15,4,10,4.0397,4.04022,4.03525,4.08968,4.03581,4,0,2027-12-31,18,5,0,0.89981,0.89919,0.89847,0.93509,0.89981,4,10,2026-09-30,15,0,0,3.77449,3.77855,3.77115,3.7511,3.77282,0,1,2026-12-31,18,6,0,USD,USD,22904408064,96.56,237203907
CHRW,1.60028,1.6029,1.59449,1.59869,1.60448,1,1,2026-12-31,24,0,0,7.49922,7.49162,7.50114,7.35615,7.51787,0,0,2027-12-31,25,1,1,1.69592,1.69618,1.69855,1.7053,1.7201,12,10,2026-09-30,24,9,9,6.24327,6.22207,6.24307,6.1482,6.27265,3,0,2026-12-31,25,19,1,USD,USD,15636724736,134.05,116648446
CHTR,11.76241,11.76241,11.0725,12.06411,11.1996,2,1,2026-12-31,5,0,0,45.26115,45.26115,41.93,45.1982,43.1764,2,1,2027-12-31,5,0,0,10.01555,10.01555,9.2625,10.22001,9.0065,2,1,2026-09-30,6,0,0,41.91909,41.91909,40.6825,41.66137,39.68483,1,1,2026-12-31,6,1,0,USD,USD,14095850496,108.465,114457596
CI,7.42421,7.40713,7.42356,7.41288,7.42356,1,1,2026-12-31,22,0,0,33.48949,33.51876,33.4449,33.45162,33.48462,2,1,2027-12-31,24,2,0,7.49416,7.53695,7.49488,7.61675,7.49716,0,0,2026-09-30,22,1,1,30.50562,30.49749,30.5089,30.40051,30.51015,0,0,2026-12-31,24,0,0,USD,USD,71344930816,270.0,264240486
CIEN,2.00152,1.99352,2.36479,1.99352,2.35847,0,0,2027-01-31,15,13,2,8.08372,8.00997,9.75956,7.96872,10.23522,0,0,2027-10-31,7,7,2,1.37291,1.37291,1.61699,1.37291,1.61699,0,0,2026-10-31,5,5,5,6.55345,6.53977,7.1665,6.53977,7.16563,0,0,2026-10-31,19,18,0,USD,USD,61406638080,433.025,141808525
CINF,2.92884,2.93364,2.92884,2.95949,2.93019,4,1,2026-12-31,7,3,0,9.03122,9.09997,9.03122,9.18298,9.05963,6,2,2027-12-31,8,1,0,1.89041,1.90381,1.89041,1.88758,1.99704,2,1,2026-09-30,8,3,0,8.44114,8.58489,8.44114,8.76736,8.50382,8,2,2026-12-31,8,0,0,USD,USD,24930973696,162.44,153478045
CL,0.96789,0.96789,0.96613,0.95611,0.96588,5,5,2026-12-31,16,10,10,4.10802,4.10002,4.10052,4.04277,4.09902,1,1,2027-12-31,20,0,0,0.92963,0.92963,0.92963,0.92216,0.92786,6,5,2026-09-30,17,8,9,3.87527,3.87377,3.87327,3.81262,3.87077,1,0,2026-12-31,20,18,1,USD,USD,69521440768,87.21,797172829
CLX,1.36944,1.36944,1.3621,1.42797,1.34144,1,1,2026-12-31,15,1,1,6.28836,6.36318,6.26059,6.78973,6.21059,2,1,2028-06-30,18,0,0,1.11008,1.11008,1.11075,1.27142,1.08942,1,1,2026-09-30,15,1,1,5.80668,5.82216,5.79089,6.23938,5.74774,1,1,2027-06-30,19,0,0,USD,USD,10135227392,83.81,120931005
CMCSA,0.70004,0.70004,0.68362,0.7263,0.67312,9,3,2026-12-31,18,1,0,3.62223,3.62223,3.58238,3.74144,3.58431,9,2,2027-12-31,21,3,1,1.00292,1.00086,0.98982,1.02577,0.98513,9,2,2026-09-30,20,1,0,3.51572,3.5092,3.49715,3.49726,3.48236,10,3,2026-12-31,23,1,0,USD,USD,75905335296,21.39,3539192198
CME,2.96051,2.97296,2.96051,2.9595,2.96241,3,2,2026-12-31,14,0,1,12.91347,12.93033,12.92641,12.9124,12.95621,2,0,2027-12-31,16,2,1,2.93568,2.94004,2.93568,2.96832,2.94909,2,1,2026-09-30,14,1,2,12.25357,12.26536,12.25063,12.26595,12.26436,3,1,2026-12-31,16,1,0,USD,USD,96777166848,269.14,359576125
CMG,0.28472,0.28423,0.28488,0.27807,0.28379,0,0,2026-12-31,32,2,1,1.36969,1.36691,1.37016,1.35533,1.36869,0,0,2027-12-31,34,5,3,0.29048,0.29017,0.29077,0.28903,0.29048,1,0,2026-09-30,32,3,1,1.14948,1.14951,1.14993,1.1337,1.14963,1,0,2026-12-31,34,3,2,USD,USD,39348170752,31.095,1265418000
CMI,8.54179,8.55076,8.57816,7.91648,8.57148,0,0,2026-12-31,9,1,1,33.73172,33.78117,33.80503,32.29708,33.73338,0,0,2027-12-31,14,1,1,8.4004,8.43044,8.41041,7.75443,8.41146,0,0,2026-09-30,9,1,1,28.56962,28.96051,28.60177,28.3614,28.59789,0,0,2026-12-31,13,1,1,USD,USD,73413976064,533.2819,137664487
CMS,1.24325,1.25509,1.25125,0.91981,1.25125,2,1,2026-12-31,10,2,1,4.15683,4.15561,4.1555,4.17365,4.1555,3,1,2027-12-31,15,0,0,1.13697,1.12489,1.12397,1.06053,1.12397,1,1,2026-09-30,10,1,0,3.87168,3.87235,3.87096,3.88431,3.87096,1,1,2026-12-31,14,1,0,USD,USD,20236701696,64.535,313577136
CNC,-1.08992,-0.97764,-1.08992,-0.961,-1.09203,1,1,2026-12-31,19,0,0,5.31252,4.47513,5.34776,4.47498,5.34776,1,0,2027-12-31,21,1,1,0.09773,0.05233,0.09773,0.05489,0.09721,1,1,2026-09-30,19,0,0,4.88635,3.52189,4.88462,3.50813,4.88462,0,0,2026-12-31,21,0,0,USD,USD,31536642048,63.84,493995000
CNP,0.46081,0.47257,0.46081,0.48013,0.46263,1,0,2026-12-31,11,1,1,2.0867,2.08599,2.0874,2.08194,2.0874,2,1,2027-12-31,19,6,0,0.49306,0.49911,0.49306,0.49409,0.49124,1,1,2026-09-30,11,1,0,1.91192,1.91014,1.91077,1.90918,1.91077,1,1,2026-12-31,19,3,0,USD,USD,25278390272,38.375,658720288
COF,4.7713,4.76635,4.7913,4.8632,4.7824,1,1,2026-12-31,15,1,0,24.01402,24.05119,23.82682,24.2045,23.82247,2,1,2027-12-31,20,0,0,5.33248,5.33758,5.38515,5.47795,5.42362,1,0,2026-09-30,15,1,1,20.39969,20.3998,20.2237,19.65985,20.24576,1,0,2026-12-31,20,1,1,USD,USD,120224628736,195.97,613484836
COHR,2.18767,1.96142,2.1921,1.95075,2.1965,1,1,2026-12-31,20,15,15,13.94894,13.21437,13.95531,12.51568,14.04555,0,0,2028-06-30,20,10,10,1.95594,1.77156,1.95875,1.76592,1.96331,0,0,2026-09-30,20,17,17,9.41471,8.29253,9.41634,8.17378,9.42042,1,0,2027-06-30,23,19,1,USD,USD,65557782528,334.765,195832246
COIN,0.20226,0.24338,0.10239,0.94865,0.10948,1,1,2026-12-31,18,2,0,2.7379,3.18621,2.83521,4.78788,2.83687,2,0,2027-12-31,27,6,1,-0.14477,-0.11132,-0.22093,0.58246,-0.20255,1,1,2026-09-30,18,2,0,-1.96974,-1.86382,-2.0264,0.62399,-1.94429,1,1,2026-12-31,22,2,0,USD,USD,49330909184,186.975,222803032
COO,1.16578,1.16578,1.096,1.16417,1.096,5,5,2027-01-31,8,1,1,4.99558,4.99625,4.69375,4.99658,4.69375,16,16,2027-10-31,16,0,0,1.19459,1.19482,1.06734,1.19489,1.06734,14,14,2026-10-31,15,0,0,4.6265,4.6275,4.52963,4.62795,4.52963,16,16,2026-10-31,16,0,0,USD,USD,10703841280,56.29,190155294
COP,2.59551,2.44607,2.70885,2.34103,2.73489,0,0,2026-12-31,21,4,1,9.45889,9.05708,9.66093,9.05007,9.71641,0,0,2027-12-31,25,5,1,2.60369,2.60677,2.64464,2.50659,2.70978,0,0,2026-09-30,21,4,1,10.39636,10.12455,10.58611,9.5961,10.66175,0,0,2026-12-31,25,5,1,USD,USD,156041723904,129.89,1201337479
COR,4.56086,4.50289,4.60786,4.50289,4.59501,2,1,2026-12-31,7,1,0,19.80668,19.81401,19.82611,19.77838,19.82722,5,1,2027-09-30,9,3,0,4.5624,4.58955,4.56859,4.61016,4.57235,8,3,2026-09-30,11,1,0,17.87335,17.83813,17.87761,17.77224,17.87761,0,0,2026-09-30,14,10,3,USD,USD,59720314880,312.955,190827165
COST,5.08338,5.10325,5.11016,5.1048,5.11667,6,6,2027-02-28,23,9,8,24.90843,24.9595,24.94565,24.93493,24.9599,5,3,2028-08-31,29,9,10,4.85385,4.86506,4.89445,4.87214,4.90189,3,3,2026-11-30,23,12,11,22.67209,22.70401,22.76141,22.66981,22.78431,7,4,2027-08-31,31,15,13,USD,USD,412877881344,931.445,443266000
CPAY,7.39357,7.36678,7.41147,7.38587,7.41147,7,5,2026-12-31,16,7,9,31.44802,31.04468,31.44802,30.60604,31.44802,2,2,2027-12-31,16,13,13,7.16771,7.03019,7.18785,7.02963,7.18785,3,3,2026-09-30,16,12,12,27.39286,27.22953,27.39286,26.77423,27.39286,0,0,2026-12-31,16,14,14,USD,USD,26523195392,403.95,65659599
CPRT,0.38743,0.39071,0.37454,0.39214,0.37454,5,5,2027-01-31,8,0,0,1.85132,1.85132,1.75833,1.85132,1.75062,2,3,2028-07-31,8,1,1,0.40386,0.40914,0.39723,0.41057,0.39723,4,5,2026-10-31,8,1,1,1.67562,1.68293,1.62127,1.6885,1.62139,9,10,2027-07-31,10,1,0,USD,USD,24932184064,26.915,926330452
CPT,0.21,0.2975,0.21,0.2975,0.21,1,1,2026-12-31,1,0,0,1.09,0.785,1.09,0.785,1.09,1,1,2027-12-31,1,0,0,0.26733,0.43162,0.42777,0.33416,0.42777,1,0,2026-09-30,6,0,0,2.29518,2.29518,2.29518,2.27669,2.29518,1,0,2026-12-31,1,0,0,USD,USD,11325589504,97.86,115732578
CRH,1.66143,1.592,1.65571,1.592,1.58571,2,2,2026-12-31,7,3,3,6.60034,6.64461,6.46552,6.78031,6.45194,6,2,2027-12-31,17,1,1,2.22571,2.258,2.22571,2.406,2.15,5,5,2026-09-30,7,0,0,5.84987,5.89105,5.80607,5.95523,5.7036,0,0,2026-12-31,14,1,1,USD,USD,55857283072,83.96,665284511
CRL,3.3141,3.22786,3.30876,3.2356,3.31749,1,1,2026-12-31,12,2,2,12.68598,12.33015,12.71092,12.3169,12.73694,2,2,2027-12-31,17,5,4,2.95183,3.05475,2.95084,3.04459,2.96447,0,0,2026-09-30,12,4,4,11.31818,11.10434,11.33064,11.09282,11.3487,1,0,2026-12-31,17,4,3,USD,USD,14831807488,307.92,48167730
CRM,3.54482,3.63633,3.5562,3.63585,3.5562,32,1,2027-01-31,41,6,2,15.91451,15.51229,16.00674,15.51387,16.0207,9,2,2028-01-31,53,38,3,3.42811,3.36353,3.4463,3.36305,3.4463,5,0,2026-10-31,42,35,3,16.43587,14.13332,16.75532,14.12753,16.75426,0,0,2027-01-31,52,48,3,USD,USD,185796362240,225.755,823000000
CRWD,0.35636,0.35311,0.35664,0.35312,0.35664,11,0,2027-01-31,45,25,0,1.6045,1.62737,1.60591,1.62764,1.60591,4,0,2028-01-31,53,42,1,0.31112,0.31017,0.31101,0.31029,0.31101,11,0,2026-10-31,45,16,0,1.25621,1.28061,1.25609,1.27797,1.25609,1,1,2027-01-31,51,48,0,USD,USD,285606150144,278.93,1023934842
CSCO,1.22951,1.17435,1.23021,1.17435,1.2302,2,1,2027-01-31,23,0,0,5.5977,5.2776,5.62188,5.24655,5.62033,0,0,2028-07-31,27,2,2,1.32536,1.14693,1.32184,1.14693,1.32177,0,0,2026-10-31,24,18,1,5.1456,4.77955,5.1466,4.76427,5.1453,0,0,2027-07-31,28,22,22,USD,USD,458897391616,116.395,3942586873
CSGP,0.47,0.4863,0.47359,0.47279,0.47359,0,0,2026-12-31,3,2,1,1.7775,1.72529,1.77373,1.79559,1.77716,13,0,2027-12-31,4,4,3,0.3425,0.336,0.34125,0.3747,0.34156,0,0,2026-09-30,4,3,1,1.3625,1.35753,1.3615,1.35845,1.35437,0,0,2026-12-31,4,4,1,USD,USD,11379974144,28.085,405197588
CSX,0.49728,0.49728,0.49995,0.48359,0.50109,0,0,2026-12-31,15,1,1,2.27233,2.27233,2.27808,2.20458,2.27718,0,0,2027-12-31,16,1,1,0.53833,0.53833,0.53781,0.51321,0.53336,1,1,2026-09-30,15,0,0,2.00625,2.00625,2.00765,1.93067,2.00394,1,1,2026-12-31,16,0,0,USD,USD,87779516416,47.385,1852474917
CTAS,1.35984,1.3621,1.345,1.37045,1.34413,8,9,2027-02-28,14,2,2,6.11397,6.09765,6.1573,6.04974,6.16096,1,1,2028-05-31,18,12,12,1.35091,1.35316,1.36158,1.36086,1.36287,2,2,2026-11-30,14,5,6,5.49769,5.49119,5.53639,5.43708,5.54025,0,1,2027-05-31,18,14,13,USD,USD,78343282688,196.095,399517000
CTSH,1.5161,1.5161,1.52312,1.46663,1.52494,1,0,2026-12-31,22,2,2,6.32016,6.31409,6.33185,6.18538,6.33542,1,0,2027-12-31,28,3,1,1.46446,1.46446,1.46582,1.46491,1.46446,1,1,2026-09-30,22,1,1,5.73656,5.73621,5.74315,5.70977,5.73511,1,0,2026-12-31,29,2,1,USD,USD,25916307456,57.535,450444209
CTVA,0.0,0.0,0.0,0.0,0.23,0,0,2026-12-31,1,0,0,0.0,0.0,0.0,0.0,1.6775,0,0,2027-12-31,4,0,0,0.0,0.0,0.0,0.0,-0.135,0,0,2026-09-30,2,0,0,0.0,0.0,0.0,0.0,1.88,0,0,2026-12-31,3,0,0,USD,USD,9284032512,13.915,667196000
CVNA,0.37362,0.37162,0.37362,0.40011,0.36601,3,0,2026-12-31,11,2,1,2.2432,2.23391,2.2819,2.02909,2.2567,5,0,2027-12-31,14,6,2,0.43574,0.43274,0.43574,0.47044,0.43522,5,0,2026-09-30,11,2,2,1.54654,1.53987,1.56731,1.544,1.56004,3,0,2026-12-31,12,5,2,USD,USD,69744533504,62.92,719916415
CVS,1.29474,1.32388,1.26919,1.3252,1.26618,5,3,2026-12-31,23,1,0,8.51266,8.4813,8.52869,8.38336,8.53485,1,0,2027-12-31,26,4,2,1.62018,1.66012,1.62481,1.71191,1.62851,4,0,2026-09-30,23,3,3,7.99488,7.75443,8.04331,7.43378,8.04331,1,0,2026-12-31,25,4,2,USD,USD,109626941440,85.715,1278970369
CVX,4.04726,3.89251,4.3235,3.66546,4.46106,1,0,2026-12-31,18,3,1,13.43017,12.96696,14.37628,12.63378,14.58148,1,0,2027-12-31,25,6,1,4.73381,4.56226,4.70313,4.24356,4.82968,2,1,2026-09-30,20,2,1,16.03824,15.83142,16.5884,14.20314,16.87401,2,0,2026-12-31,25,5,1,USD,USD,408680431616,208.34,1961603274
D,0.69444,0.73179,0.69666,0.66055,0.66889,2,2,2026-12-31,9,0,0,3.81455,3.81524,3.81541,3.81524,3.81423,1,1,2027-12-31,17,1,0,1.20591,1.2033,1.20369,1.15179,1.19924,2,2,2026-09-30,9,0,0,3.58692,3.58525,3.58485,3.5897,3.58485,3,3,2026-12-31,16,0,0,USD,USD,54068854784,61.475,879525949
DAL,2.15026,2.2171,1.89414,1.84035,1.70636,5,1,2026-12-31,18,0,1,8.57513,8.79138,8.46638,8.23333,8.29729,1,1,2027-12-31,7,0,0,2.11192,2.22842,1.94314,2.02862,1.87525,5,2,2026-09-30,19,0,0,6.47742,6.6309,6.04116,5.88801,5.83768,7,3,2026-12-31,23,0,0,USD,USD,55141691392,83.85,657623030
DASH,0.83437,0.81777,0.83232,0.82248,0.83594,1,0,2026-12-31,31,1,1,4.46706,4.40438,4.48428,4.41141,4.50098,2,0,2027-12-31,35,3,1,0.82479,0.73234,0.8215,0.73715,0.81445,1,0,2026-09-30,31,1,1,2.60911,2.53877,2.58571,2.54514,2.58019,3,0,2026-12-31,37,1,1,USD,USD,83585343488,192.905,409082893
DD,1.85477,1.8416,1.8606,1.81633,1.86143,4,5,2026-12-31,12,8,6,7.96476,7.95277,7.96476,7.89361,7.97083,3,1,2027-12-31,16,11,0,1.90567,1.91358,1.89798,1.9403,1.89862,9,8,2026-09-30,13,3,3,7.26215,7.24185,7.26015,7.16162,7.26137,2,1,2026-12-31,15,13,0,USD,USD,18080227328,133.885,135042975
DDOG,0.63785,0.62741,0.63839,0.62689,0.63843,0,0,2026-12-31,38,1,1,2.96847,2.88473,2.97347,2.85544,2.97446,0,0,2027-12-31,47,3,2,0.63967,0.60992,0.64044,0.60913,0.64068,0,0,2026-09-30,40,2,1,2.52724,2.42341,2.52736,2.42164,2.52764,0,0,2026-12-31,45,0,0,USD,USD,99628949504,277.46,334904614
DE,3.28059,3.31733,3.30055,3.37288,3.28809,6,0,2027-01-31,12,3,1,22.66943,22.72973,22.82764,22.70153,22.92753,1,0,2027-10-31,21,3,1,4.0724,4.49278,4.0724,4.49945,4.07567,15,3,2026-10-31,16,2,0,18.13235,18.12117,18.12509,18.11926,18.12735,7,2,2026-10-31,20,10,1,USD,USD,183918231552,682.125,269625412
DECK,3.71944,3.71944,3.71052,3.66749,3.71052,3,2,2026-12-31,19,13,14,8.39655,8.3283,8.39655,8.32793,8.35079,1,3,2028-03-31,22,17,15,1.78577,1.78577,1.78547,1.88939,1.78547,15,15,2026-09-30,19,1,1,7.5284,7.5284,7.51256,7.49098,7.51256,1,1,2027-03-31,22,15,15,USD,USD,11126056960,81.7,136181857
DELL,4.0475,3.925,6.87486,3.8475,6.87486,0,0,2027-01-31,5,3,3,20.15625,19.4275,24.66365,18.3525,24.66365,0,0,2028-01-31,8,4,4,4.47198,4.25651,6.55748,4.22541,6.55748,0,0,2026-10-31,24,22,0,18.82044,18.41304,25.89761,18.37321,25.89761,0,0,2027-01-31,25,23,1,USD,USD,366145470464,575.87,315433188
DG,1.99696,1.99186,2.03562,1.99221,2.03562,2,2,2027-01-31,22,14,14,8.29996,8.00686,8.35567,7.99185,8.37284,0,0,2028-01-31,28,23,1,1.39634,1.39175,1.40868,1.39396,1.40868,3,3,2026-10-31,22,13,13,7.80054,7.38309,7.90563,7.36896,7.91039,0,0,2027-01-31,28,23,0,USD,USD,26840260608,121.6601,220616790
DGX,2.67883,2.67883,2.67883,2.61495,2.67883,1,1,2026-12-31,13,11,11,12.05771,12.05771,12.06146,11.6707,12.05896,0,0,2027-12-31,16,16,16,2.86335,2.86335,2.86335,2.80119,2.86335,1,1,2026-09-30,13,11,11,11.19176,11.19176,11.19114,10.77265,11.19114,0,0,2026-12-31,16,15,15,USD,USD,25229694976,228.585,110373360
DHI,2.22968,2.24368,2.21768,2.18338,2.20368,4,2,2026-12-31,10,0,0,11.68923,11.68923,11.62352,12.0524,11.45566,5,3,2027-09-30,14,0,0,3.04058,3.04058,3.02289,3.36324,3.00229,4,3,2026-09-30,12,0,0,10.43512,10.43512,10.41798,10.57131,10.42298,4,2,2026-09-30,14,1,1,USD,USD,38282711040,136.87,279701267
DHR,2.58326,2.58376,2.58484,2.54333,2.58359,1,0,2026-12-31,20,0,0,9.29573,9.29878,9.29884,9.28233,9.3028,1,0,2027-12-31,25,1,2,1.91731,1.91731,1.91335,2.068,1.91302,0,0,2026-09-30,20,0,0,8.50976,8.50914,8.50789,8.525,8.50701,0,0,2026-12-31,25,1,1,USD,USD,153036554240,217.695,702986054
DIS,1.89346,1.88829,1.93046,1.92859,1.95046,6,6,2026-12-31,10,2,2,7.47471,7.45834,7.4811,7.48462,7.47898,2,1,2027-09-30,29,4,1,1.68229,1.68229,1.68263,1.78027,1.68953,16,0,2026-09-30,23,4,2,6.90849,6.85958,6.92025,6.8236,6.9255,0,0,2026-09-30,29,5,1,USD,USD,178841583616,103.575,1726686902
DLR,0.75,0.75,0.75,0.0,0.53,1,1,2026-12-31,2,0,0,2.8913,2.9331,2.8913,2.86414,2.76208,1,1,2027-12-31,6,0,0,0.77,0.77,0.595,0.0,0.575,1,1,2026-09-30,2,0,1,3.35176,3.34442,3.35176,2.96922,3.18687,1,1,2026-12-31,6,0,0,USD,USD,69537333248,184.125,370998727
DLTR,2.62838,2.78474,2.6254,2.779,2.6254,23,1,2027-01-31,24,1,0,7.89543,7.68251,7.90782,7.65751,7.91247,3,0,2028-01-31,28,23,2,0.92166,1.37059,0.92625,1.36767,0.92625,23,0,2026-10-31,24,1,1,7.84951,6.97663,7.88824,6.95153,7.92978,0,0,2027-01-31,26,25,2,USD,USD,21714456576,115.73,187630299
DOC,0.0,0.0,0.0,0.0,0.03,0,0,2026-12-31,2,0,0,-0.15,-0.15,0.14,0.15,0.14,1,1,2027-12-31,2,0,0,0.0,0.0,0.0,0.0,0.025,0,0,2026-09-30,2,0,0,0.0,0.0,0.0,0.15,0.09,1,1,2026-12-31,1,0,0,USD,USD,13409737728,18.915,689527260
DOV,2.81566,2.80366,2.81406,2.76777,2.81065,1,1,2026-12-31,16,0,0,11.64377,11.63266,11.64252,11.56861,11.63947,1,1,2027-12-31,19,0,0,2.86154,2.86354,2.85832,2.89218,2.85393,1,1,2026-09-30,16,0,0,10.67208,10.66319,10.66934,10.63141,10.66281,1,1,2026-12-31,19,0,0,USD,USD,26055237632,193.46,134680225
DOW,0.38927,0.40261,0.38774,0.63396,0.43703,3,0,2026-12-31,15,5,4,1.83582,1.84422,1.77929,2.04729,1.71663,6,2,2027-12-31,17,2,1,0.77115,0.78205,0.67402,1.06328,0.66024,9,4,2026-09-30,15,0,0,2.46642,2.54678,2.38547,2.79663,2.41513,8,1,2026-12-31,18,2,3,USD,USD,20481972224,28.355,722340711
DPZ,6.46477,6.47551,6.48955,6.46863,6.49136,0,0,2026-12-31,22,2,1,20.9206,20.94835,20.91474,20.9655,20.90318,1,1,2027-12-31,25,1,0,4.39685,4.4007,4.39791,4.39657,4.39635,0,0,2026-09-30,22,2,1,19.02455,19.03748,19.04853,19.17352,19.04328,0,0,2026-12-31,25,2,1,USD,USD,10073057280,304.49,33081735
DRI,3.2498,3.2518,3.26429,3.249,3.2723,4,5,2027-02-28,27,15,15,12.3891,12.38663,12.38822,12.39047,12.39987,8,10,2028-05-31,28,9,7,2.28576,2.28727,2.26404,2.29087,2.25451,13,16,2026-11-30,27,5,4,11.27349,11.27317,11.26206,11.27317,11.25444,6,9,2027-05-31,26,9,7,USD,USD,22838525952,201.855,113143224
DTE,2.03838,2.04667,2.03838,1.91331,2.09443,4,0,2026-12-31,8,4,0,8.36525,8.35992,8.36462,8.35525,8.36462,3,1,2027-12-31,16,1,0,2.40395,2.42902,2.40395,2.33548,2.39694,3,0,2026-09-30,8,3,0,7.70895,7.71008,7.70895,7.71172,7.70895,5,0,2026-12-31,16,1,1,USD,USD,26354354176,126.65,208088069
DUK,1.54962,1.58885,1.54962,1.58134,1.53878,1,1,2026-12-31,12,1,0,7.17232,7.16842,7.17232,7.1687,7.17137,1,1,2027-12-31,21,1,0,1.83684,1.88259,1.83684,1.9115,1.83184,1,1,2026-09-30,12,1,0,6.7109,6.70367,6.7109,6.70411,6.71042,1,1,2026-12-31,21,1,0,USD,USD,89307095040,114.54,779702193
DVA,4.41318,4.24777,4.41318,4.24144,4.36987,1,1,2026-12-31,7,5,5,17.01533,17.22168,17.25038,17.18168,17.14283,3,3,2027-12-31,8,3,3,3.57771,3.92179,3.57771,3.93412,3.55089,6,6,2026-09-30,7,0,0,14.84534,14.87899,14.84534,14.84599,14.77315,3,3,2026-12-31,7,3,3,USD,USD,11543971840,180.94,63800000
DVN,1.32373,1.3021,1.32182,1.37513,1.38705,2,1,2026-12-31,19,4,1,4.79326,5.1601,4.78755,5.61143,5.01697,1,1,2027-12-31,13,2,2,1.26318,1.283,1.23282,1.3157,1.27234,4,1,2026-09-30,21,2,1,5.41912,5.23238,5.39582,5.36997,5.4563,4,1,2026-12-31,24,4,1,USD,USD,52800000000,48.0,1100000000
DXCM,0.7336,0.73363,0.7336,0.75006,0.73408,12,1,2026-12-31,21,5,1,3.12406,3.12589,3.12406,3.07758,3.11686,4,2,2027-12-31,25,18,2,0.67105,0.67136,0.67105,0.67384,0.67282,9,2,2026-09-30,22,7,0,2.66234,2.663,2.66234,2.58941,2.66234,0,1,2026-12-31,25,23,3,USD,USD,31677548544,83.945,377360765
EBAY,1.46553,1.49059,1.46689,1.51332,1.4692,1,1,2026-12-31,23,1,0,6.73289,6.72019,6.71522,6.75429,6.71256,2,1,2027-12-31,30,0,0,1.41113,1.44487,1.4103,1.45198,1.41029,2,1,2026-09-30,25,0,0,6.12668,6.09001,6.12806,6.12351,6.13289,0,0,2026-12-31,29,1,1,USD,USD,47121051648,105.89,445000000
ECHO,0.86316,0.67505,0.86316,1.23,0.78969,1,1,2026-12-31,4,0,1,17.42932,8.60641,17.42932,0.96944,15.2411,1,2,2027-12-31,6,0,0,4.78225,0.27706,4.78225,0.775,3.61862,1,1,2026-09-30,4,0,0,35.89942,-0.5133,35.89942,1.71,33.6099,0,0,2026-12-31,5,1,1,USD,USD,28691892224,98.66,159467376
ECL,2.22062,2.20353,2.22062,2.20561,2.21907,1,0,2026-12-31,18,2,1,9.41776,9.41695,9.41633,9.46501,9.41287,2,1,2027-12-31,21,0,0,2.17599,2.17459,2.1771,2.19199,2.17497,0,0,2026-09-30,18,1,1,8.16755,8.16926,8.1685,8.19517,8.16488,0,0,2026-12-31,21,1,1,USD,USD,78569095168,280.275,280328603
ED,1.04918,1.1262,1.04918,1.08596,1.07043,1,0,2026-12-31,8,0,0,6.48989,6.49345,6.49855,6.48741,6.49989,0,0,2027-12-31,15,1,1,2.02542,1.99989,2.02542,2.04769,1.99417,0,0,2026-09-30,8,1,0,6.10695,6.11181,6.10695,6.11326,6.10762,0,0,2026-12-31,15,1,0,USD,USD,38584221696,104.33,369828633
EFX,2.23384,2.23384,2.23016,2.29502,2.22806,1,1,2026-12-31,18,0,0,10.14123,10.15607,10.1611,10.26518,10.11688,2,0,2027-12-31,23,0,1,2.22769,2.22769,2.224,2.26329,2.22253,1,1,2026-09-30,19,0,0,8.55759,8.5677,8.56252,8.60352,8.55148,2,0,2026-12-31,24,1,2,USD,USD,16794465280,142.95,117484896
EG,13.40206,13.33056,13.54406,13.36997,13.54586,6,0,2026-12-31,14,6,1,59.75196,60.16981,59.77249,60.48653,59.92046,8,1,2027-12-31,15,4,1,8.19749,8.17895,8.45849,8.33097,8.94947,5,0,2026-09-30,15,6,1,53.77174,53.01649,54.16563,52.3257,54.65361,2,0,2026-12-31,15,11,2,USD,USD,14110511104,368.01,38342734
EIX,1.36125,1.50039,1.36212,1.69046,1.36212,3,1,2026-12-31,6,0,0,6.50576,6.5016,6.5029,6.51182,6.50218,2,1,2027-12-31,14,2,0,1.93084,1.95794,1.84394,1.97132,1.84394,2,1,2026-09-30,6,0,0,6.12417,6.12025,6.12131,6.12006,6.12131,2,1,2026-12-31,14,2,0,USD,USD,20676055040,53.73,384813979
EL,1.20741,1.17452,1.20741,1.17567,1.20881,4,0,2026-12-31,20,11,1,3.91589,3.82812,3.91589,3.85312,3.92154,4,4,2028-06-30,28,12,12,0.50556,0.47633,0.50556,0.4748,0.50642,4,0,2026-09-30,21,11,1,3.32261,3.18601,3.32261,3.18672,3.32601,4,0,2027-06-30,29,21,0,USD,USD,33991313408,93.815,247815431
ELV,2.46811,2.46834,2.43011,3.0053,2.41854,2,1,2026-12-31,19,0,0,29.60546,29.63423,29.53956,29.32205,29.57728,1,1,2027-12-31,22,1,0,4.66488,4.67141,4.66495,5.09701,4.66126,1,1,2026-09-30,19,1,1,27.16015,27.15838,27.1665,26.90299,27.19832,1,0,2026-12-31,22,0,0,USD,USD,86003859456,396.57,216869290
EME,7.81183,7.82052,8.63411,7.82052,8.63077,0,1,2026-12-31,9,8,0,32.92597,32.66797,36.74499,32.66797,36.74899,0,0,2027-12-31,10,9,1,7.49445,7.50063,8.3303,7.50063,8.32918,0,1,2026-09-30,9,8,0,29.38805,29.32694,32.85395,29.32694,32.85062,0,1,2026-12-31,9,8,0,USD,USD,36647387136,830.82,44109901
EMR,1.61949,1.5996,1.62126,1.59849,1.627,1,0,2026-12-31,14,6,2,7.24487,7.16841,7.25445,7.17757,7.26911,1,1,2027-09-30,29,4,1,1.84816,1.82622,1.83818,1.82672,1.83914,2,1,2026-09-30,22,2,0,6.558,6.4968,6.55872,6.50886,6.56102,1,1,2026-09-30,28,4,1,USD,USD,91032961024,163.2,557800000
EOG,3.92382,3.95689,4.14018,4.05122,4.4763,2,0,2026-12-31,24,6,4,14.35556,14.66136,14.92138,14.85503,15.33666,2,0,2027-12-31,29,8,2,3.98082,4.1098,4.07044,4.30836,4.24767,2,1,2026-09-30,26,5,1,16.57013,16.65642,17.04537,16.90341,17.41696,3,1,2026-12-31,28,7,1,USD,USD,75983298560,144.86,524529176
EQIX,3.912,4.2575,3.74833,4.2575,3.74833,3,3,2026-12-31,6,1,1,18.88167,19.31333,18.69286,19.22333,18.62,4,0,2027-12-31,8,2,1,4.14,4.3375,4.03667,4.3375,4.03667,3,3,2026-09-30,6,1,1,17.88,17.77667,17.88333,17.74667,17.875,1,0,2026-12-31,4,2,1,USD,USD,102794190848,1041.78,98671686
EQT,1.0561,1.02123,0.97542,1.18021,0.95542,3,1,2026-12-31,9,2,3,4.33933,4.38303,4.1453,4.68412,3.99307,3,1,2027-12-31,9,2,3,0.48971,0.50789,0.42976,0.67949,0.40499,6,2,2026-09-30,23,3,2,4.06944,4.13648,3.99772,4.51135,3.96489,7,2,2026-12-31,24,2,1,USD,USD,32583131136,52.09,625516000
ERIE,2.95,2.95,2.95,2.95,2.95,1,1,2026-12-31,1,0,0,,,,,,,,2027-12-31,,,,3.46,3.46,3.46,3.46,3.41,1,1,2026-09-30,1,0,0,12.66,12.66,12.66,12.66,12.7,0,0,2026-12-31,1,1,1,USD,,11608088576,221.995,46189068
ES,1.00252,0.97514,1.01963,0.98759,1.0154,2,0,2026-12-31,7,2,0,4.90978,4.89889,4.91647,4.96061,4.91647,1,0,2027-12-31,12,0,0,1.01757,1.07356,1.03383,1.07711,1.03471,1,0,2026-09-30,7,1,0,4.65312,4.65375,4.65102,4.66643,4.65102,1,0,2026-12-31,11,1,0,USD,USD,24316237824,64.555,376674754
ESS,1.4837,1.45595,1.49148,1.45514,1.49148,0,0,2026-12-31,4,3,2,6.16593,6.11914,6.29964,6.02399,6.29964,0,0,2027-12-31,7,4,1,1.44115,1.41004,1.46173,1.42004,1.46173,0,1,2026-09-30,4,3,1,5.63756,5.90006,5.49674,5.89606,5.49674,2,1,2026-12-31,3,0,0,USD,USD,18925869056,274.555,64268439
ETN,4.05061,4.00807,4.05709,3.94804,4.07177,0,0,2026-12-31,22,4,1,16.06702,15.9515,16.14263,15.7656,16.21902,1,1,2027-12-31,24,3,0,3.52658,3.53181,3.52803,3.50659,3.53162,0,0,2026-09-30,23,2,1,13.5506,13.47639,13.55608,13.34335,13.57359,0,0,2026-12-31,26,3,1,USD,USD,172861308928,445.06,388400000
ETR,0.90253,0.78269,0.91024,0.76681,0.91024,0,0,2026-12-31,12,4,1,5.09678,5.07823,5.1044,5.06849,5.1044,1,0,2027-12-31,21,4,1,1.63376,1.69606,1.62964,1.67631,1.62964,3,0,2026-09-30,12,1,1,4.39632,4.40055,4.3987,4.40075,4.3987,1,0,2026-12-31,21,3,1,USD,USD,48802578432,102.145,477777482
EVRG,0.53616,0.51728,0.55622,0.51728,0.55824,2,2,2026-12-31,7,6,1,4.56503,4.55654,4.56503,4.55188,4.56503,1,0,2027-12-31,11,4,2,2.16582,2.15545,2.19514,2.15545,2.17334,3,1,2026-09-30,7,3,1,4.25934,4.25653,4.25934,4.25255,4.25934,2,0,2026-12-31,12,3,2,USD,USD,18399260672,79.8,230567172
EW,0.70646,0.70643,0.70646,0.73893,0.70646,22,0,2026-12-31,23,0,1,3.3775,3.3755,3.37714,3.36766,3.3775,1,1,2027-12-31,28,2,0,0.73681,0.73689,0.73681,0.74499,0.73681,15,1,2026-09-30,23,2,0,2.99944,2.99841,2.99944,3.00742,2.99944,14,0,2026-12-31,28,6,1,USD,USD,50184265728,87.065,576400000
EXC,0.6325,0.6325,0.78667,0.6175,0.82667,0,0,2026-12-31,3,2,1,3.0383,3.03843,3.0383,3.03793,3.0383,2,1,2027-12-31,19,1,1,0.83498,0.88428,0.82062,0.8828,0.80881,2,1,2026-09-30,11,0,0,2.85674,2.85737,2.85674,2.85569,2.85674,3,1,2026-12-31,18,3,0,USD,USD,42410405888,41.165,1030253967
EXE,2.19848,2.35652,2.11781,2.42766,2.0984,6,1,2026-12-31,19,4,1,8.71024,9.03196,8.555,9.47103,8.3414,4,1,2027-12-31,22,3,0,1.34594,1.40585,1.32542,1.40989,1.28064,5,1,2026-09-30,21,3,0,8.78001,9.00818,8.6989,8.85876,8.71197,3,1,2026-12-31,21,3,0,USD,USD,20381593600,88.04,231503789
EXPD,1.86402,1.84325,1.86402,1.66572,1.92353,0,1,2026-12-31,13,10,10,8.07069,7.99854,8.07069,6.92969,8.15113,0,0,2027-12-31,15,12,14,2.13831,2.10293,2.13831,1.81307,2.19798,0,0,2026-09-30,13,10,12,7.72071,7.69691,7.72071,6.80772,7.83279,0,0,2026-12-31,15,12,14,USD,USD,24898402304,191.54,129990622
EXPE,4.55854,4.39045,4.56368,4.40122,4.56925,0,0,2026-12-31,24,2,1,24.37971,22.96393,24.46596,23.09772,24.52841,0,0,2027-12-31,31,3,2,8.83417,8.44334,8.84395,8.51675,8.8669,0,0,2026-09-30,25,2,1,20.96296,19.75651,20.99129,19.77178,21.02134,0,0,2026-12-31,29,2,2,USD,USD,30542018560,254.47,114498625
EXR,1.177,1.135,1.17506,1.1498,1.17433,1,0,2026-12-31,7,1,1,4.80689,4.75758,4.81188,4.74385,4.85188,3,1,2027-12-31,8,1,1,1.19246,1.145,1.19154,1.16749,1.18989,2,1,2026-09-30,7,0,0,4.62802,4.52,4.6596,4.5309,4.6634,0,1,2026-12-31,8,2,1,USD,USD,29797048320,135.01,211269558
F,0.36939,0.32214,0.36335,0.33539,0.37216,4,1,2026-12-31,14,11,0,1.9133,1.90421,1.95621,1.83068,1.95621,0,0,2027-12-31,19,1,0,0.41595,0.36262,0.41034,0.3585,0.41465,1,1,2026-09-30,14,14,0,1.86718,1.86763,1.86067,1.63861,1.86067,0,0,2026-12-31,18,17,0,USD,USD,48449286144,12.15,3916743591
FANG,4.88663,4.78341,5.06087,4.82277,5.13348,1,0,2026-12-31,23,5,2,18.08368,17.84423,18.76243,17.63929,18.74288,1,1,2027-12-31,27,6,2,4.87599,4.85091,4.92457,5.12669,5.01667,1,0,2026-09-30,25,3,2,20.44877,20.19897,20.91266,20.22124,20.96086,1,1,2026-12-31,26,5,2,USD,USD,51878563840,185.2675,280019792
FAST,0.29959,0.29868,0.3005,0.29437,0.30204,0,0,2026-12-31,11,2,1,1.39407,1.39228,1.39551,1.36646,1.39781,0,0,2027-12-31,15,4,1,0.33274,0.33092,0.33456,0.32721,0.33605,0,0,2026-09-30,11,3,1,1.25937,1.25761,1.26079,1.23723,1.26235,0,0,2026-12-31,15,4,1,USD,USD,58814992384,51.255,1147497573
FCX,1.01,0.994,1.04182,0.85618,1.028,1,0,2026-12-31,10,7,6,4.13538,4.08774,4.14244,3.95028,4.17597,6,0,2027-12-31,17,9,1,0.73455,0.73545,0.75455,0.78227,0.77182,6,5,2026-09-30,11,3,2,3.02143,2.99819,3.04643,2.78074,3.06205,0,0,2026-12-31,16,15,0,USD,USD,104549253120,72.805,1436017523
FDS,4.9035,4.89883,4.91112,4.89883,4.9125,2,2,2027-02-28,16,3,0,20.04627,20.04627,20.08839,19.90237,19.58273,1,1,2027-08-31,12,1,0,4.93689,4.93622,4.9423,4.93622,4.99862,3,2,2026-08-31,16,2,0,19.70975,19.70086,19.73154,19.65058,19.72488,3,2,2026-08-31,18,2,0,USD,USD,9720062976,273.3,35565543
FDX,6.3475,6.10625,6.38847,5.9,6.47884,0,0,2026-12-31,9,2,1,20.84071,20.77467,20.85951,20.65167,20.85221,1,0,2027-12-31,17,1,1,3.32,3.28857,3.57019,3.27,3.40381,0,0,2026-09-30,8,2,1,17.704,17.69,17.7155,17.72667,18.20847,2,1,2026-12-31,11,0,0,USD,USD,67995410432,287.3,236670435
FDXF,0.3725,0.375,0.4004,0.40333,0.44314,1,1,2026-05-31,5,0,0,5.05375,5.01,5.06343,5.01,5.03055,0,0,2027-05-31,11,2,2,1.485,0.0,1.5375,1.5375,1.55333,0,0,2026-05-31,8,0,1,4.302,4.252,4.3053,4.302,4.27155,0,0,2026-05-31,9,1,1,USD,USD,16411856896,109.765,149518133
FE,0.58271,0.5795,0.59059,0.53061,0.58809,1,1,2026-12-31,8,1,0,2.9494,2.95147,2.9494,2.94686,2.9494,2,2,2027-12-31,15,4,0,0.93798,0.90798,0.92855,0.89451,0.9298,1,0,2026-09-30,8,1,1,2.73338,2.73681,2.73338,2.73368,2.73338,1,0,2026-12-31,14,4,1,USD,USD,25425438720,43.94,578639932
FERG,2.39387,2.45828,2.38992,2.44836,2.38992,5,3,2026-12-31,11,4,1,12.57159,12.52662,12.53415,12.53461,12.53415,3,0,2027-12-31,15,8,1,3.30787,3.29189,3.3047,3.29562,3.3047,2,2,2026-09-30,11,8,3,11.31216,11.25609,11.31344,11.2655,11.31344,2,0,2026-12-31,14,10,1,USD,USD,43700002816,225.895,193452717
FFIV,4.36183,4.35282,4.36183,4.33342,4.36183,5,5,2026-12-31,12,7,6,18.07676,17.68194,18.07676,17.68972,18.07676,2,2,2027-09-30,13,10,10,4.25523,4.14201,4.25523,4.14198,4.25523,0,0,2026-09-30,12,12,12,17.33147,16.4917,17.33147,16.49187,17.33147,0,0,2026-09-30,13,12,12,USD,USD,26438098944,466.88,56627182
FICO,10.52176,10.53882,10.52988,10.72952,10.34541,0,0,2026-12-31,15,1,1,53.05803,53.13032,53.00952,54.43097,51.05603,2,1,2027-09-30,21,3,0,11.0581,11.04492,11.06516,11.43841,10.9641,0,0,2026-09-30,17,1,1,42.97241,43.09823,43.02294,43.06608,42.92142,1,0,2026-09-30,21,2,1,USD,USD,14805611520,685.52,21597635
FIS,1.75602,1.80648,1.75669,1.80676,1.75669,22,1,2026-12-31,24,0,1,6.70097,6.84923,6.70041,6.8493,6.6977,3,2,2027-12-31,29,0,0,1.60178,1.64836,1.60251,1.64916,1.60251,21,1,2026-09-30,25,1,0,6.19216,6.27442,6.19353,6.2749,6.19353,26,1,2026-12-31,29,1,1,USD,USD,17338032128,33.62,515705917
FISV,1.89693,2.27525,1.9,2.27935,1.90296,5,2,2026-12-31,27,0,0,8.09089,8.92794,8.05016,8.93886,8.02405,10,3,2027-12-31,36,1,0,1.72284,2.15867,1.71485,2.16148,1.71572,4,1,2026-09-30,29,1,1,7.251,8.11333,7.24231,8.1145,7.24547,7,2,2026-12-31,34,0,1,USD,USD,24283658240,45.666,
FITB,1.20256,1.20256,1.1952,1.19834,1.19769,3,2,2026-12-31,15,2,2,4.89276,4.89276,4.89282,4.89053,4.8929,2,2,2027-12-31,16,3,3,0.83579,0.83579,0.83944,0.89101,0.81175,3,3,2026-09-30,15,4,2,3.06788,3.06788,3.06838,3.07055,3.04559,3,3,2026-12-31,16,4,3,USD,USD,46070050816,50.7999,906892564
FIX,13.11746,11.42324,13.13871,11.42324,13.13871,0,0,2026-12-31,10,7,8,60.04276,53.44336,60.17848,53.19561,60.17848,0,0,2027-12-31,10,7,8,12.79114,10.76175,12.80802,10.76175,12.80802,0,0,2026-09-30,10,7,8,48.97116,43.14652,49.00705,43.14652,49.00705,0,0,2026-12-31,10,7,8,USD,USD,64483397632,1832.21,35194329
FLEX,1.23746,1.2319,1.23746,1.18574,1.23079,0,0,2026-12-31,9,7,6,7.11111,7.08384,7.11111,6.95217,7.05748,1,1,2028-03-31,11,8,8,1.05827,1.04252,1.05827,1.0015,1.05827,0,0,2026-09-30,10,6,5,4.72433,4.6553,4.72433,4.5412,4.71161,1,1,2027-03-31,11,8,8,USD,USD,43672072192,118.205,369460443
FOX,,,,,,,,,,,,,,,,,,,,,,,,,,,,,,,,,,,,,,,,,,,,,USD,,23278493696,55.205,220248764
FOXA,1.03883,1.07181,1.03825,1.09119,1.03985,1,1,2026-12-31,15,2,2,5.83476,5.73994,5.83532,5.63967,5.84755,1,1,2028-06-30,18,4,4,2.02618,1.7712,2.02044,1.77108,2.0256,0,0,2026-09-30,15,4,4,5.91574,5.80463,5.91685,5.75123,5.92961,1,1,2027-06-30,18,4,4,USD,USD,25962444800,61.57,201424858
FRT,0.77535,0.772,0.77535,0.7735,0.76135,2,0,2026-12-31,5,0,0,3.1903,3.08572,3.1903,3.10486,3.1453,0,0,2027-12-31,6,3,0,0.72119,0.724,0.72119,0.72101,0.71919,1,0,2026-09-30,5,0,0,4.22278,4.13,4.22278,4.0209,4.25878,0,0,2026-12-31,5,3,0,USD,USD,9286012928,106.225,86889133
FSLR,5.66219,5.68991,5.67573,6.01619,5.653,12,0,2026-12-31,22,6,2,23.06854,22.92092,23.18859,23.25468,23.19311,0,0,2027-12-31,31,4,1,4.62808,4.66813,4.63544,5.1808,4.62681,15,0,2026-09-30,22,3,2,17.47627,17.38985,17.48962,17.37295,17.46736,7,0,2026-12-31,31,17,3,USD,USD,19455256576,181.03,107469788
FTNT,0.87558,0.83017,0.87553,0.8299,0.87553,0,0,2026-12-31,38,36,37,3.75956,3.42948,3.77777,3.42591,3.77777,0,0,2027-12-31,42,2,1,0.85739,0.76505,0.85724,0.76451,0.85724,0,0,2026-09-30,38,36,37,3.43913,3.15499,3.45008,3.15261,3.45008,0,0,2026-12-31,41,0,0,USD,USD,138961698816,189.395,733713653
FTV,0.87634,0.87864,0.87583,0.88791,0.87256,2,1,2026-12-31,14,0,0,3.24893,3.24454,3.24797,3.21893,3.2506,2,1,2027-12-31,16,1,0,0.70664,0.70664,0.70606,0.70574,0.70563,1,1,2026-09-30,14,0,0,3.01762,3.01311,3.01668,2.99919,3.01376,2,1,2026-12-31,16,1,0,USD,USD,17533599744,58.055,302017052
GD,4.51165,4.4961,4.51165,4.56042,4.50999,10,1,2026-12-31,17,6,1,18.59454,18.49934,18.61304,18.24306,18.61959,0,0,2027-12-31,20,2,1,4.13652,4.12894,4.13652,4.07628,4.14294,3,0,2026-09-30,17,13,2,16.99896,16.92706,16.98902,16.67586,16.99326,0,0,2026-12-31,19,1,0,USD,USD,89907503104,332.305,270557195
GDDY,2.09596,2.00349,2.09323,2.00472,2.09046,1,1,2026-12-31,12,9,0,9.23587,8.97498,9.17902,8.96789,9.20895,4,1,2027-12-31,13,8,0,1.90135,1.81794,1.89499,1.8123,1.8929,0,1,2026-09-30,12,10,0,7.40858,7.12293,7.39939,7.11318,7.39939,0,1,2026-12-31,14,11,0,USD,USD,12429205504,98.14,126647704
GE,2.24151,2.24151,2.27468,2.17495,2.32959,1,0,2026-12-31,8,5,1,9.71732,9.71732,9.68876,9.5159,9.82364,0,0,2027-12-31,11,1,1,1.98645,1.98645,1.98724,1.91389,1.98431,0,0,2026-09-30,17,0,0,7.91328,7.91328,7.9145,7.5429,7.90889,0,0,2026-12-31,22,0,0,USD,USD,320829882368,309.215,1037562513
GEHC,1.59563,1.59563,1.59458,1.61264,1.58848,9,9,2026-12-31,14,3,2,5.41022,5.41022,5.41221,5.35923,5.40721,4,2,2027-12-31,20,12,6,1.20441,1.20441,1.20413,1.24096,1.20476,13,13,2026-09-30,16,0,0,4.92746,4.92746,4.92609,4.87014,4.92659,1,1,2026-12-31,20,15,7,USD,USD,29453328384,65.2075,451686252
GEN,0.7293,0.73099,0.7293,0.73099,0.72976,3,3,2026-12-31,8,1,1,3.30719,3.28675,3.30719,3.28675,3.3091,1,1,2028-03-31,10,4,4,0.71826,0.70784,0.71826,0.70757,0.71881,0,0,2026-09-30,8,3,3,2.92324,2.89561,2.92324,2.89561,2.92464,0,0,2027-03-31,9,5,5,USD,USD,13599896576,22.72,598587032
GEV,6.43708,6.38194,6.46922,6.10334,6.43296,2,1,2026-12-31,15,2,1,24.68591,24.8507,24.85029,24.383,24.77549,1,0,2027-12-31,26,3,1,4.17027,4.19225,4.17241,4.37976,4.07409,2,1,2026-09-30,15,2,1,30.74053,30.75957,30.78103,30.79868,30.58023,2,1,2026-12-31,20,3,1,USD,USD,278684794880,1046.375,266333581
GILD,2.18923,2.25415,2.18923,2.23591,2.18923,16,0,2026-12-31,20,3,0,9.88806,9.61847,9.88911,9.66191,9.88911,6,1,2027-12-31,26,19,0,2.14415,2.20678,2.1476,2.06157,2.1476,14,0,2026-09-30,22,6,0,-0.43062,-0.75397,-0.42627,-0.79175,-0.42627,0,0,2026-12-31,27,2,1,USD,USD,177747591168,143.35,1239955155
GIS,0.65405,0.65538,0.66037,0.65528,0.6927,1,0,2027-02-28,16,10,11,3.20989,3.21155,3.16016,3.23223,3.15332,10,10,2028-05-31,19,2,3,0.98574,0.98507,0.94745,0.98507,0.94745,12,12,2026-11-30,17,0,0,3.07859,3.07912,3.08197,3.09596,3.07881,6,4,2027-05-31,19,8,7,USD,USD,17158110208,32.09,534687144
GL,3.77868,3.78534,3.77868,3.82615,3.77868,6,6,2026-12-31,9,1,1,16.51824,16.51824,16.51824,16.64561,16.51006,6,5,2027-12-31,11,1,2,4.89704,4.87593,4.89704,4.69983,4.89593,0,0,2026-09-30,9,7,7,15.71031,15.70212,15.71031,15.65015,15.7094,0,1,2026-12-31,11,8,7,USD,USD,12802734080,166.595,76849447
GLW,0.91676,0.91676,0.91647,0.87335,0.92215,0,0,2026-12-31,13,1,1,4.32048,4.32048,4.36423,4.27076,4.36835,0,0,2027-12-31,18,2,1,0.873,0.873,0.87601,0.85113,0.87473,0,0,2026-09-30,13,1,1,3.26986,3.26986,3.2812,3.19431,3.28356,0,0,2026-12-31,17,2,0,USD,USD,145871814656,169.345,861388331
GM,2.74852,2.74852,2.85753,2.79879,2.8212,1,1,2026-12-31,15,0,0,14.8481,14.70702,15.03836,14.08383,15.04973,0,0,2027-12-31,22,1,1,3.5433,3.5433,3.5642,3.22429,3.59676,1,1,2026-09-30,15,0,0,13.38804,13.38804,13.51112,12.77154,13.50931,1,1,2026-12-31,22,0,0,USD,USD,71639523328,81.645,877451541
GNRC,2.57796,2.57796,2.56352,2.61545,2.53373,2,2,2026-12-31,17,2,2,11.82023,11.82023,12.47218,11.26116,12.86367,0,0,2027-12-31,19,7,2,2.45118,2.45118,2.4336,2.55288,2.42963,2,2,2026-09-30,17,0,0,9.74759,9.74759,9.71838,9.01942,9.68813,3,3,2026-12-31,19,1,1,USD,USD,13239772160,224.16,59063935
GOOG,3.37898,3.36343,3.39069,3.27705,3.39069,1,0,2026-12-31,17,3,1,14.92037,14.80309,15.07154,14.53326,15.07154,1,1,2027-12-31,27,5,2,3.01962,3.00518,3.03077,3.00798,3.03077,1,0,2026-09-30,17,2,1,11.69571,11.69571,11.81,12.45667,11.81,2,0,2026-12-31,6,4,2,USD,USD,4200247853056,343.4399,5527000000
GOOGL,3.33268,3.33216,3.34037,3.28132,3.34971,2,0,2026-12-31,39,3,1,14.88002,14.76976,14.9221,14.53872,14.9494,1,1,2027-12-31,53,7,2,3.00586,2.99845,3.01896,3.00701,3.02466,2,0,2026-09-30,43,2,1,20.60283,20.5849,20.62484,14.23178,20.63321,3,0,2026-12-31,53,5,2,USD,USD,4240852385792,346.76,5867155790
GPC,1.81152,1.81284,1.78121,1.8157,1.78121,6,1,2026-12-31,9,3,0,8.30479,8.31035,8.30479,8.3983,8.31394,5,1,2027-12-31,10,3,0,2.03888,2.04998,2.04099,2.04247,2.04099,3,0,2026-09-30,9,5,1,7.73912,7.74312,7.73912,7.70672,7.73859,2,1,2026-12-31,11,5,0,USD,USD,17618477056,127.8,137859758
GPN,3.66408,3.70405,3.66222,3.74913,3.66222,11,2,2026-12-31,29,0,0,15.99196,15.95055,16.01033,16.16584,16.01033,7,2,2027-12-31,35,3,0,3.58378,3.60606,3.58321,3.66789,3.58321,6,1,2026-09-30,30,4,1,13.66135,13.72718,13.64932,13.83429,13.64932,11,2,2026-12-31,35,0,0,USD,USD,21672245248,81.9,264618390
GRMN,2.83529,2.90836,2.85243,2.90834,2.85243,0,0,2026-12-31,7,1,1,10.98629,10.3241,11.00504,10.32395,11.13434,0,0,2027-12-31,7,2,1,2.37912,2.34204,2.3834,2.34203,2.3834,0,0,2026-09-30,7,1,1,10.10472,9.57998,10.12615,9.57996,10.12615,0,0,2026-12-31,7,1,1,USD,USD,53898620928,279.481,192852536
GS,15.65999,15.65999,15.54311,14.38829,15.23424,2,2,2026-12-31,18,1,1,74.16988,74.16988,73.50567,66.74706,72.84802,2,2,2027-12-31,22,1,1,16.42568,16.42568,15.38956,14.14129,13.97942,3,3,2026-09-30,19,0,0,70.76699,70.76699,69.5615,60.44452,68.01826,3,3,2026-12-31,22,0,0,USD,USD,261249155072,897.235,291171408
GWW,11.15958,10.93053,11.15958,10.95053,11.14057,1,1,2026-12-31,16,0,0,51.04409,50.4784,50.97451,50.42497,50.99175,1,1,2027-12-31,19,0,0,11.68148,11.7733,11.68148,11.77018,11.65467,1,1,2026-09-30,16,0,0,46.45551,45.63166,46.42668,45.63774,46.44148,1,1,2026-12-31,18,0,0,USD,USD,60432633856,1283.045,47100942
HAL,0.6449,0.64596,0.64201,0.64895,0.64191,1,1,2026-12-31,21,2,2,2.90207,2.90806,2.90033,2.93709,2.89912,3,2,2027-12-31,25,1,1,0.58606,0.58676,0.58456,0.60756,0.58434,1,1,2026-09-30,21,0,0,2.34955,2.35026,2.34622,2.37674,2.34621,2,1,2026-12-31,25,2,2,USD,USD,27147552768,32.585,833130367
HAS,1.54873,1.54873,1.54782,1.44181,1.53961,1,1,2026-12-31,10,0,0,6.52571,6.52105,6.51371,6.39914,6.50255,1,1,2027-12-31,14,0,0,1.86352,1.87203,1.85852,1.90802,1.85475,2,1,2026-09-30,11,0,0,6.15942,6.17476,6.15514,5.96253,6.14553,2,1,2026-12-31,13,0,0,USD,USD,12867486720,91.23,141044467
HBAN,0.4307,0.43158,0.40108,0.44408,0.4015,9,2,2026-12-31,11,0,0,1.87702,1.88195,1.768,1.90628,1.76852,9,1,2027-12-31,12,0,1,0.3928,0.39323,0.37956,0.41551,0.38022,6,0,2026-09-30,11,1,0,1.59378,1.59828,1.53555,1.61096,1.53795,8,2,2026-12-31,11,0,0,USD,USD,30902245376,15.295,2020414826
HCA,7.96985,7.97633,8.02143,8.35073,8.04836,1,0,2026-12-31,20,1,1,32.10881,32.18055,32.02199,33.09416,32.01582,3,1,2027-12-31,23,0,0,6.73685,6.77736,6.68527,7.27323,6.659,2,1,2026-09-30,20,0,0,29.49127,29.55931,29.49081,30.19201,29.48904,3,1,2026-12-31,23,0,0,USD,USD,93027450880,429.685,216501500
HD,2.83443,2.84841,2.83477,2.84841,2.83477,18,1,2027-01-31,30,11,1,16.04274,16.09218,16.0248,16.09225,16.0248,19,1,2028-01-31,34,12,0,3.8402,3.95576,3.8402,3.95576,3.83653,28,27,2026-10-31,30,1,1,15.02198,14.95531,15.02198,14.95531,15.0264,7,5,2027-01-31,34,21,21,USD,USD,284551053312,285.21,997689626
HIG,3.22961,3.23152,3.22819,3.22131,3.22771,9,1,2026-12-31,21,9,0,13.6889,13.6976,13.68238,14.00524,13.72195,17,2,2027-12-31,23,2,0,3.05962,3.06153,3.05915,3.11074,3.13508,11,1,2026-09-30,22,6,0,12.75849,12.74902,12.75586,12.73601,12.83141,3,0,2026-12-31,19,11,1,USD,USD,34402099200,127.005,270872002
HII,5.05019,5.04446,5.05019,5.06181,5.1311,0,0,2026-12-31,11,1,1,20.83476,20.17434,20.83476,20.08005,20.83476,2,1,2027-12-31,11,7,0,4.49854,4.65254,4.49854,4.66816,4.41854,1,1,2026-09-30,11,0,0,18.51263,17.3473,18.51263,17.39514,18.51263,0,0,2026-12-31,11,9,0,USD,USD,10430200832,264.695,39404598
HLT,2.36541,2.31756,2.38211,2.31756,2.38383,1,0,2026-12-31,22,3,0,10.45523,10.44703,10.45504,10.41701,10.45504,2,0,2027-12-31,28,3,0,2.35018,2.43106,2.353,2.43106,2.35377,3,0,2026-09-30,22,1,0,9.04176,9.04052,9.04281,9.03079,9.04281,2,0,2026-12-31,27,3,0,USD,USD,72739856384,323.195,225064910
HON,2.43151,2.43093,2.43195,2.39588,2.41223,2,1,2026-12-31,16,0,0,10.00509,10.01358,9.93738,9.47344,9.83949,5,2,2027-12-31,24,0,0,2.15308,2.14638,2.16702,2.18963,2.16901,1,0,2026-09-30,17,2,1,8.3122,8.29633,8.30794,8.22,8.29817,3,1,2026-12-31,24,1,0,USD,USD,67245158400,212.17,316940010
HONA,2.19211,2.49356,2.19919,2.49952,2.19019,9,0,2026-12-31,12,0,0,9.0763,9.96927,9.08799,10.16711,9.0988,11,1,2027-12-31,14,0,0,1.86175,2.29072,1.8616,2.31994,1.86943,9,0,2026-09-30,13,0,0,6.78052,8.38182,6.65047,8.28461,6.65047,5,7,2027-01-31,10,0,0,USD,USD,49937485824,157.555,316952725
HOOD,0.58927,0.5865,0.59153,0.5579,0.61566,0,0,2026-12-31,19,3,1,2.75208,2.69643,2.80607,2.57097,2.8916,0,0,2027-12-31,23,9,1,0.50907,0.50161,0.5169,0.46435,0.54285,0,0,2026-09-30,19,4,2,2.07624,2.06831,2.09778,1.86587,2.14878,1,0,2026-12-31,23,6,1,USD,USD,101398503424,112.78,790630234
HPE,1.01547,0.92235,1.02547,0.91974,1.04172,1,1,2027-01-31,14,10,10,4.58941,4.04983,4.59744,4.0384,4.70878,0,0,2027-10-31,20,18,0,1.26946,1.05691,1.27004,1.05613,1.27286,0,0,2026-10-31,19,17,0,3.82295,3.42581,3.82365,3.42307,3.82611,0,0,2026-10-31,20,19,0,USD,USD,94117257216,70.9,1327464779
HPQ,0.6827,0.6827,0.70331,0.6827,0.70386,3,3,2027-01-31,12,5,5,3.00725,3.00999,3.1402,3.00999,3.13797,3,2,2027-10-31,18,11,12,0.66989,0.66979,0.74551,0.66979,0.74586,0,0,2026-10-31,13,11,11,3.01813,3.01698,3.24431,3.01698,3.24467,0,0,2026-10-31,16,13,13,USD,USD,29010255872,32.1696,901790969
HRL,0.37567,0.37367,0.37567,0.37367,0.374,3,3,2027-01-31,6,3,2,1.55353,1.5591,1.55353,1.5607,1.56853,4,5,2027-10-31,10,2,2,0.37857,0.39781,0.37857,0.3975,0.37607,7,8,2026-10-31,8,0,0,1.48715,1.49311,1.48715,1.49366,1.44843,6,6,2026-10-31,10,1,0,USD,USD,10935470080,19.87,550350800
HSIC,1.43697,1.43697,1.43723,1.42154,1.4499,3,4,2026-12-31,16,10,10,5.99835,5.99835,5.98995,5.91552,5.9887,2,1,2027-12-31,16,13,15,1.35093,1.35093,1.35043,1.36357,1.35665,9,9,2026-09-30,16,5,5,5.37635,5.37635,5.37627,5.34785,5.38752,1,1,2026-12-31,16,14,15,USD,USD,9431720960,84.63,111446542
HST,0.22134,0.23,0.22917,0.24333,0.22734,0,0,2026-12-31,5,0,0,1.05071,1.004,1.05071,1.0,1.05559,0,0,2027-12-31,6,0,0,0.07551,0.085,0.07438,0.08667,0.08151,2,2,2026-09-30,5,1,1,1.3695,1.355,1.3695,1.355,1.3736,0,0,2026-12-31,5,0,0,USD,USD,15690049536,22.5845,685124399
HSY,2.13743,2.13743,2.13743,2.38838,2.14039,16,16,2026-12-31,16,0,0,9.86822,9.87535,9.86822,9.9014,9.85913,8,2,2027-12-31,22,12,0,2.11904,2.11904,2.11904,2.28646,2.11799,16,16,2026-09-30,18,0,0,8.48975,8.48707,8.48975,8.42904,8.49066,2,1,2026-12-31,22,18,0,USD,USD,32181258240,160.165,146312143
HUBB,5.3013,5.29589,5.28482,5.06824,5.29044,0,0,2026-12-31,13,1,0,22.87801,22.87115,22.91317,22.62096,22.95357,1,0,2027-12-31,13,0,0,5.72914,5.72905,5.74922,5.65956,5.75234,0,0,2026-09-30,13,1,0,20.45775,20.45097,20.46293,20.11522,20.48643,0,0,2026-12-31,13,2,0,USD,USD,25879506944,489.84,52832571
HUM,-7.89313,-8.16728,-7.85921,-8.22424,-7.8583,1,0,2026-12-31,23,3,1,16.56803,16.48207,16.59234,15.73325,16.59234,0,0,2027-12-31,26,1,1,-0.95137,-0.14198,-1.0031,-0.1698,-1.0038,3,1,2026-09-30,23,1,0,9.15272,9.14971,9.15484,8.84446,9.15907,0,0,2026-12-31,26,2,1,USD,USD,47748734976,397.64,120080308
HWM,1.4156,1.3158,1.41517,1.31028,1.41696,1,0,2026-12-31,17,1,1,6.41898,6.05312,6.45787,6.02608,6.46127,1,0,2027-12-31,21,3,1,1.36701,1.26022,1.3672,1.25937,1.36921,0,0,2026-09-30,18,15,1,5.33373,5.05696,5.33459,5.05084,5.33752,1,0,2026-12-31,21,0,0,USD,USD,91548852224,229.56,398801399
IBKR,0.73063,0.7417,0.73063,0.68012,0.73745,1,1,2026-12-31,11,0,0,3.17335,3.18348,3.18927,2.92218,3.23311,1,0,2027-12-31,15,1,1,0.68774,0.69576,0.68774,0.63445,0.67972,1,1,2026-09-30,11,0,0,2.70253,2.71359,2.70197,2.54334,2.7001,2,0,2026-12-31,14,0,1,USD,USD,155353907200,91.18,453077771
IBM,4.60169,4.60643,4.60169,4.56816,4.61512,0,0,2026-12-31,18,2,2,13.16241,13.21074,13.16241,13.45766,13.14773,10,1,2027-12-31,23,11,0,2.88811,2.90361,2.88811,2.92793,2.87065,2,2,2026-09-30,19,0,0,12.32077,12.32993,12.32077,12.45631,12.31036,1,1,2026-12-31,23,0,0,USD,USD,209455333376,222.32,942134390
ICE,1.96263,1.97612,1.96263,1.94117,1.96074,2,0,2026-12-31,12,6,1,8.80088,8.79984,8.80063,8.80883,8.81455,3,1,2027-12-31,15,1,0,1.89976,1.92211,1.89976,1.90432,1.91516,3,1,2026-09-30,13,5,0,8.14444,8.14479,8.12824,8.123,8.12778,4,1,2026-12-31,14,0,0,USD,USD,86134751232,153.43,561394487
IDXX,3.36501,3.36947,3.35821,3.4493,3.35821,8,8,2026-12-31,10,1,1,16.7397,16.66781,16.73722,16.52308,16.73722,2,1,2027-12-31,12,11,2,3.7074,3.70613,3.70284,3.78333,3.70284,7,1,2026-09-30,11,3,2,14.83498,14.76807,14.82721,14.66965,14.82721,0,0,2026-12-31,12,11,2,USD,USD,40843284480,518.44,78781116
IEX,2.28327,2.29181,2.28373,2.19712,2.28373,0,0,2026-12-31,11,1,1,9.58149,9.46482,9.62584,9.23013,9.62584,0,0,2027-12-31,15,4,2,2.23377,2.23681,2.23614,2.19237,2.23614,0,0,2026-09-30,11,1,1,8.82243,8.82462,8.82618,8.49533,8.82618,0,0,2026-12-31,14,1,1,USD,USD,17614632960,238.94,73719896
IFF,0.67057,0.68001,0.6736,0.93315,0.67384,11,10,2026-12-31,13,1,1,3.95577,4.01575,3.96101,4.81511,3.96023,12,0,2027-12-31,18,1,1,0.79947,0.7875,0.80644,1.15516,0.80959,12,11,2026-09-30,14,0,0,3.24232,3.4451,3.27617,4.47792,3.27708,14,1,2026-12-31,15,0,0,USD,USD,21426219008,83.975,255149963
ILMN,1.53402,1.53427,1.5355,1.49047,1.53605,0,0,2026-12-31,18,12,1,6.09835,6.07931,6.10491,5.92717,6.10586,1,1,2027-12-31,21,3,1,1.35661,1.35577,1.35572,1.36796,1.35647,8,0,2026-09-30,19,6,1,5.35499,5.35587,5.35526,5.22984,5.35573,1,1,2026-12-31,21,1,0,USD,USD,41878339584,277.34,151000000
INCY,1.9483,1.94806,1.9483,2.08197,1.92826,5,6,2026-12-31,17,3,2,8.88548,8.88165,8.88548,9.31283,8.74595,9,6,2027-12-31,21,2,2,-3.47198,-3.39155,-3.47198,1.48201,-3.62568,8,4,2026-09-30,16,0,3,3.4557,3.55552,3.4557,7.72978,3.28655,11,3,2026-12-31,19,0,5,USD,USD,22876467200,112.86,202697746
INTC,0.42761,0.42632,0.43089,0.30307,0.4317,1,0,2026-12-31,36,2,1,2.04263,2.03101,2.06208,1.53842,2.08267,1,0,2027-12-31,47,4,1,0.38827,0.38971,0.39065,0.26326,0.39091,0,2,2026-09-30,36,30,0,1.51422,1.51791,1.52026,1.09325,1.52147,2,0,2026-12-31,41,1,1,USD,USD,603250294784,114.12,5286105262
INTU,4.84675,4.83577,4.05906,4.83366,3.97829,19,2,2027-01-31,26,2,0,30.78979,30.79903,27.34542,30.90408,27.07542,19,2,2028-07-31,31,3,0,4.01395,4.03823,2.71552,4.03814,2.63936,21,2,2026-10-31,26,0,0,27.25422,27.28849,24.18045,27.28135,23.94389,25,1,2027-07-31,32,4,1,USD,USD,77188448256,288.84,267236000
INVH,0.15676,0.15676,0.15,0.14,0.15471,1,1,2026-12-31,3,1,1,0.67816,0.66674,0.68316,0.66424,0.71089,1,0,2027-12-31,3,3,1,0.13927,0.14,0.13927,0.13578,0.13854,0,0,2026-09-30,1,2,2,0.61574,0.61746,0.79574,0.61746,0.79574,1,0,2026-12-31,2,1,1,USD,USD,15627890688,26.46,590623226
IP,0.82501,0.83562,0.80884,0.71833,0.80787,1,1,2026-12-31,9,1,0,2.9898,2.9398,3.01971,2.69667,3.02165,0,0,2027-12-31,12,3,1,0.3243,0.32639,0.31931,0.52914,0.29921,2,1,2026-09-30,9,0,0,1.34428,1.35923,1.33027,1.38389,1.31306,2,1,2026-12-31,11,1,0,USD,USD,17139530752,32.365,529569895
IQV,3.64924,3.64924,3.64924,3.62477,3.64935,8,7,2026-12-31,18,6,7,14.45948,14.44116,14.459,14.19309,14.45691,2,0,2027-12-31,22,18,1,3.27307,3.27307,3.27307,3.251,3.27134,4,4,2026-09-30,18,10,10,12.96517,12.96246,12.96517,12.81079,12.96544,0,0,2026-12-31,22,21,1,USD,USD,43428065280,263.84,164600000
IR,1.02274,1.02024,1.02274,1.00309,1.0207,2,0,2026-12-31,12,9,2,3.91727,3.87087,3.91727,3.85186,3.91943,1,1,2027-12-31,14,10,1,0.90245,0.91256,0.90245,0.9063,0.90126,7,0,2026-09-30,12,3,2,3.55555,3.53959,3.55555,3.5041,3.55346,0,0,2026-12-31,14,14,2,USD,USD,31167993856,80.33,387999429
IRM,0.66281,0.66114,0.67299,0.66114,0.67299,2,2,2026-12-31,6,4,4,2.7315,2.67538,2.72817,2.67371,2.7297,3,1,2027-12-31,7,3,0,0.6172,0.6172,0.60995,0.6172,0.60995,4,4,2026-09-30,6,2,2,2.47948,2.43489,2.48114,2.43322,2.47532,2,0,2026-12-31,7,4,1,USD,USD,34694287360,116.54,297702812
ISRG,2.84422,2.84404,2.84446,2.83502,2.83987,9,1,2026-12-31,23,12,1,12.07083,12.07083,12.09157,11.78766,12.09638,0,0,2027-12-31,27,0,0,2.64155,2.63773,2.63898,2.58647,2.6359,2,0,2026-09-30,23,21,2,10.79481,10.79366,10.77945,10.41956,10.77797,0,0,2026-12-31,27,1,0,USD,USD,143277211648,405.565,353278038
IT,3.94953,3.97504,3.94947,3.94178,3.94086,4,2,2026-12-31,15,0,0,16.35882,16.5347,16.35869,15.31096,16.35566,3,2,2027-12-31,15,0,0,2.84962,2.85928,2.84955,2.73282,2.85141,3,2,2026-09-30,15,1,0,14.48115,14.51437,14.48108,13.70249,14.4746,3,2,2026-12-31,15,0,0,USD,USD,11746340864,186.01,63148976
ITW,2.98225,2.96956,2.98225,2.92151,2.98228,3,0,2026-12-31,11,8,1,12.39456,12.35352,12.40302,12.17424,12.39813,0,0,2027-12-31,13,1,1,2.97481,2.96858,2.97481,2.92886,2.97427,0,0,2026-09-30,11,11,1,11.44868,11.43235,11.45637,11.33513,11.45595,0,0,2026-12-31,13,1,1,USD,USD,76407570432,268.285,284800000
IVZ,0.78773,0.78243,0.79042,0.75588,0.79209,1,1,2026-12-31,12,0,0,3.26133,3.21562,3.26124,3.0377,3.26981,1,1,2027-12-31,14,1,0,0.73574,0.7327,0.73485,0.70552,0.73793,1,1,2026-09-30,13,1,0,2.80685,2.7898,2.80708,2.64542,2.81065,1,1,2026-12-31,14,2,0,USD,USD,13434838016,30.43,441499780
J,1.83389,1.83246,1.83398,1.83246,1.83398,3,4,2026-12-31,7,3,2,8.25885,8.2528,8.26698,8.23413,8.26698,0,0,2027-09-30,16,1,1,2.12748,2.13106,2.12665,2.1351,2.12665,1,1,2026-09-30,12,0,0,7.25712,7.25665,7.26731,7.24926,7.26731,1,1,2026-09-30,15,0,0,USD,USD,16392427520,140.06,117038611
JBHT,2.29967,2.29967,2.20209,2.17029,2.08037,9,2,2026-12-31,12,0,1,10.11542,10.11542,10.01838,9.23155,9.9577,6,1,2027-12-31,23,1,1,2.14017,2.14017,1.97456,2.03902,1.803,9,3,2026-09-30,13,0,0,7.82498,7.82498,7.57046,7.40093,7.29781,9,3,2026-12-31,14,0,0,USD,USD,21242619904,226.19,93914939
JBL,3.76892,3.74432,3.77606,3.74432,3.84579,0,0,2027-02-28,8,2,2,16.5575,15.61572,16.5575,15.61572,19.80959,0,0,2027-08-31,3,1,1,3.62279,3.59981,3.64422,3.59981,4.05397,0,0,2026-08-31,9,1,1,16.83614,16.74662,16.87214,16.74662,17.69175,0,0,2026-08-31,10,1,1,USD,USD,31855273984,304.0,104787089
JCI,1.11299,1.10913,1.11407,1.0973,1.12921,1,1,2026-12-31,10,0,1,6.03317,5.97435,6.0726,5.77464,6.10242,1,0,2027-09-30,22,4,3,1.57077,1.57522,1.57525,1.51724,1.58005,1,1,2026-09-30,18,3,2,5.07092,5.06625,5.06446,4.89626,5.07016,1,0,2026-09-30,22,2,1,USD,USD,96842915840,159.875,605741470
JKHY,1.76333,1.77,1.76,1.77,1.76833,5,0,2026-12-31,12,2,1,7.839,7.68429,7.85333,7.68429,7.90385,2,0,2028-06-30,13,6,1,2.02444,1.975,2.00818,1.96833,2.00583,4,1,2026-09-30,12,3,0,7.227,7.10111,7.22667,7.10222,7.24769,0,0,2027-06-30,13,10,1,USD,USD,10112604160,144.235,70111999
JNJ,3.025,3.025,2.968,2.98804,2.94139,0,0,2026-12-31,8,0,0,12.3075,12.3075,12.138,12.73762,12.08024,0,0,2027-12-31,10,0,0,2.425,2.425,2.45333,3.02633,2.48958,0,0,2026-09-30,9,0,0,11.0525,11.0525,11.07333,11.58103,11.06919,0,0,2026-12-31,11,0,1,USD,USD,612837163008,254.3,2409898597
JPM,5.9475,5.9475,5.93922,5.53609,5.94972,1,2,2026-12-31,10,2,0,24.95399,24.95399,25.00449,23.91672,25.02266,1,1,2027-12-31,13,2,2,5.9064,5.9064,5.91102,5.46138,5.90654,1,1,2026-09-30,11,2,1,24.12453,24.12453,24.09418,22.6694,24.06243,0,1,2026-12-31,11,3,1,USD,USD,880643866624,331.295,2658186195
KDP,0.70019,0.7182,0.70019,0.71432,0.70019,11,0,2026-12-31,15,1,1,2.53468,2.52795,2.53468,2.5266,2.53468,4,0,2027-12-31,19,10,1,0.62184,0.63658,0.62184,0.63301,0.62184,9,9,2026-09-30,15,1,1,2.29307,2.28843,2.29307,2.28719,2.29307,3,0,2026-12-31,19,7,1,USD,USD,42396532736,31.155,1360826038
KEY,0.48894,0.48902,0.49203,0.49705,0.49365,0,0,2026-12-31,13,2,2,2.13669,2.13802,2.13525,2.14884,2.13797,1,1,2027-12-31,15,2,2,0.45659,0.45762,0.45956,0.47164,0.4609,0,0,2026-09-30,13,3,2,1.8286,1.82727,1.8341,1.82557,1.83607,0,0,2026-12-31,15,4,3,USD,USD,21454618624,20.105,1067128554
KEYS,2.77148,2.73742,3.23991,2.73742,3.23991,0,0,2027-01-31,11,9,9,11.91977,11.88329,13.64991,11.85636,13.87157,0,0,2027-10-31,12,12,1,2.68167,2.6855,3.38232,2.683,3.38046,0,0,2026-10-31,12,11,0,10.23911,10.24094,11.49984,10.23844,11.47402,0,0,2026-10-31,12,11,0,USD,USD,65459957760,384.505,170244745
KHC,0.48836,0.48538,0.4878,0.48304,0.48908,2,2,2026-12-31,14,0,0,2.09271,2.09155,2.08757,2.0926,2.08157,3,2,2027-12-31,20,1,0,0.42754,0.43374,0.42332,0.46742,0.42354,2,2,2026-09-30,15,0,0,2.05284,2.05382,2.0492,2.05507,2.0462,2,2,2026-12-31,20,0,0,USD,USD,26117767168,22.025,1185823758
KIM,0.2075,0.2,0.20333,0.2,0.205,0,0,2026-12-31,4,2,0,0.896,0.866,0.88,0.866,0.9,0,0,2027-12-31,4,2,0,0.21,0.204,0.20667,0.204,0.205,0,0,2026-09-30,4,1,0,0.85,0.81,0.855,0.81,0.84333,0,0,2026-12-31,3,2,0,USD,USD,14807675904,22.075,670789373
KKR,1.70988,1.70993,1.70988,1.72394,1.90167,1,0,2026-12-31,11,2,0,7.40643,7.38895,7.40917,7.35922,7.36461,1,0,2027-12-31,17,1,1,1.60907,1.60695,1.60907,1.56217,1.59856,0,0,2026-09-30,18,3,0,6.31997,6.3137,6.3213,6.04812,6.48089,0,0,2026-12-31,13,1,0,USD,USD,83691151360,90.615,897635601
KLAC,1.36058,1.36058,1.36058,1.28553,1.36195,1,2,2026-12-31,22,19,18,6.68948,6.54928,6.70539,6.14635,6.74039,0,0,2028-06-30,22,4,1,1.17852,1.17852,1.17852,1.13138,1.17897,1,3,2026-09-30,22,20,18,5.45272,5.4484,5.4548,5.12081,5.46439,0,0,2027-06-30,24,2,1,USD,USD,258769715200,198.29,1305006492
KMB,1.68206,1.68299,1.65891,1.74664,1.65891,6,1,2026-12-31,13,2,2,7.50302,7.49511,7.46609,7.5655,7.46609,5,1,2027-12-31,15,1,0,1.67329,1.67431,1.6014,1.80238,1.6014,9,0,2026-09-30,13,1,0,7.44933,7.45322,7.37904,7.53965,7.37904,8,1,2026-12-31,17,0,0,USD,USD,31975811072,96.145,332579038
KMI,0.38383,0.39255,0.39021,0.38261,0.38766,1,0,2026-12-31,12,2,2,1.53771,1.53814,1.54625,1.50704,1.54454,1,0,2027-12-31,19,5,3,0.32365,0.32647,0.33016,0.32229,0.32782,1,0,2026-09-30,13,2,2,1.55829,1.56038,1.56741,1.49248,1.56461,0,0,2026-12-31,16,5,3,USD,USD,71658496000,32.18,2226802089
KO,0.59561,0.59561,0.59561,0.59619,0.5945,8,8,2026-12-31,18,7,8,3.52638,3.52638,3.52639,3.48348,3.52514,1,1,2027-12-31,24,20,1,0.87893,0.87893,0.87894,0.87815,0.88005,6,5,2026-09-30,18,7,8,3.30148,3.30148,3.30149,3.26737,3.30149,0,0,2026-12-31,24,21,2,USD,USD,374106619904,86.95,4302549243
KR,1.39533,1.39577,1.35865,1.39577,1.35496,12,1,2027-01-31,19,4,0,5.53196,5.53567,5.5111,5.53905,5.51023,12,1,2028-01-31,23,3,0,1.17499,1.17581,1.16138,1.17581,1.15928,12,1,2026-10-31,19,5,0,5.2087,5.20873,5.19107,5.21282,5.18629,10,1,2027-01-31,23,4,0,USD,USD,34147835904,57.82,590588700
KVUE,0.26733,0.27167,0.26733,0.27167,0.2665,1,1,2026-12-31,9,0,0,1.23585,1.24503,1.24166,1.23667,1.23981,1,1,2027-12-31,15,2,0,0.29452,0.30306,0.29452,0.30306,0.29452,5,5,2026-09-30,9,1,1,1.1788,1.19091,1.18284,1.1885,1.1823,1,1,2026-12-31,14,1,0,USD,USD,33584726016,17.485,1920773467
L,,,,,,,,,,,,,,,,,,,,,,,,,,,,,,,,,,,,,,,,,,,,,USD,,21724532736,106.27,204427720
LDOS,2.99807,3.12918,2.9845,3.15594,2.9845,1,1,2026-12-31,14,0,0,12.78266,13.10356,12.7503,13.12969,12.7503,5,1,2027-12-31,17,1,0,3.049,3.16807,3.049,3.16643,3.049,10,3,2026-09-30,14,1,0,12.39938,12.33843,12.39938,12.32688,12.39938,1,0,2026-12-31,16,2,1,USD,USD,14769178624,117.69,125492209
LEN,0.84798,0.85369,0.65143,0.85369,0.64625,6,6,2027-02-28,8,0,0,6.46686,6.4805,5.27069,6.60231,5.24647,10,10,2027-11-30,12,0,0,2.03737,2.0407,1.43614,2.0407,1.44376,9,9,2026-11-30,11,0,0,5.54465,5.54465,4.95086,5.58799,4.94377,5,5,2026-11-30,10,0,0,USD,USD,18428940288,77.465,207876222
LH,4.44994,4.4566,4.45109,4.38649,4.46101,0,0,2026-12-31,14,2,2,19.82044,19.76157,19.84413,19.4396,19.81413,0,1,2027-12-31,18,5,1,4.65107,4.66449,4.65037,4.59018,4.65106,1,1,2026-09-30,14,1,0,18.346,18.36308,18.34745,17.98326,18.34856,0,0,2026-12-31,18,2,2,USD,USD,24919597056,307.27,81100000
LHX,3.11943,3.20051,3.25326,3.17781,3.19956,0,0,2026-12-31,9,0,1,13.46148,13.61917,13.53933,13.59261,13.55394,0,1,2027-12-31,11,0,0,2.97016,3.13127,3.03139,3.06927,3.05901,0,0,2026-09-30,9,0,1,11.99713,11.87684,12.11142,11.80493,12.0922,0,0,2026-12-31,11,3,2,USD,USD,44365656064,238.2501,186214616
LII,5.06432,5.08682,5.04317,5.44438,5.03748,3,1,2026-12-31,17,1,1,26.19922,26.32863,26.11896,26.73959,26.05738,4,2,2027-12-31,18,0,0,7.48097,7.52284,7.48439,7.96583,7.491,3,1,2026-09-30,17,1,1,23.61398,23.67163,23.59619,24.43635,23.59699,3,1,2026-12-31,18,1,1,USD,USD,12801619968,370.41,34560675
LIN,4.23052,4.23052,4.23052,4.22332,4.22918,1,1,2026-12-31,2,1,1,18.28023,18.32107,18.19731,18.31291,18.20917,1,0,2027-12-31,11,1,1,0.0,0.0,0.0,4.61,0.0,1,0,2026-09-30,19,0,1,0.0,0.0,0.0,17.95,0.0,1,0,2026-12-31,27,3,2,USD,USD,226348187648,491.015,460980163
LITE,5.01952,4.38118,5.01952,4.34598,5.03598,1,1,2026-12-31,22,19,18,33.3012,29.84915,34.52037,28.30093,35.56593,0,0,2028-06-30,18,1,1,4.20833,3.63134,4.20833,3.60906,4.2106,0,0,2026-09-30,22,20,19,21.6426,18.73451,21.67057,18.13702,21.78099,0,0,2027-06-30,25,22,0,USD,USD,101139890176,1127.535,89700000
LLY,9.97587,9.95837,10.06249,9.90584,10.06249,0,0,2026-12-31,17,3,2,47.25538,46.3569,47.50949,44.50774,47.59245,2,0,2027-12-31,27,4,2,9.87135,9.73532,9.95585,9.41365,9.95585,0,0,2026-09-30,17,3,2,36.71123,36.34219,36.93219,36.20857,36.94997,2,0,2026-12-31,27,4,2,USD,USD,1034099425280,1159.6405,891741406
LMT,8.42939,8.43302,8.4292,8.68826,8.4292,1,1,2026-12-31,18,1,1,32.72234,32.64608,32.75615,32.10518,32.75615,0,0,2027-12-31,20,2,2,7.47162,7.47407,7.45008,7.58234,7.45008,2,2,2026-09-30,18,0,0,30.46459,30.41572,30.48053,29.88573,30.48053,1,1,2026-12-31,20,1,1,USD,USD,117711364096,510.035,230790753
LNT,0.69249,0.69249,0.77689,0.71,0.74,1,1,2026-12-31,1,1,0,3.68569,3.68561,3.68569,3.68543,3.68723,0,0,2027-12-31,13,1,1,1.22171,1.18721,1.2286,1.18721,1.2246,1,1,2026-09-30,5,0,0,3.42089,3.41533,3.42422,3.4188,3.42422,0,0,2026-12-31,9,3,1,USD,USD,16821095424,64.875,259284699
LOW,1.97454,2.07717,1.97454,2.07954,1.97275,23,22,2027-01-31,28,4,4,13.06156,13.45927,13.02812,13.47766,13.02281,29,2,2028-01-31,32,2,0,2.88345,3.14066,2.88345,3.14434,2.87524,26,25,2026-10-31,28,0,0,12.32673,12.48699,12.31517,12.49718,12.31173,26,23,2027-01-31,32,3,4,USD,USD,102605561856,182.88,561054019
LRCX,2.30683,2.30683,2.30683,1.9723,2.31003,0,0,2026-12-31,25,22,21,11.57261,11.52522,11.73954,9.93095,11.76415,0,0,2028-06-30,26,3,1,2.17786,2.17786,2.17786,1.81546,2.17786,0,0,2026-09-30,25,22,21,9.46256,9.45797,9.46781,8.07374,9.47481,0,0,2027-06-30,30,3,0,USD,USD,415635570688,332.13,1251424362
LULU,5.10917,5.11594,5.07358,5.11594,4.03356,14,14,2027-01-31,19,0,0,11.45689,11.48186,8.74688,11.56413,8.63608,20,1,2028-01-31,25,0,0,2.51843,2.52283,2.47754,2.52283,1.03618,14,14,2026-10-31,19,0,0,11.03308,11.04672,9.62899,11.04556,9.6299,19,0,2027-01-31,23,0,0,USD,USD,10369100800,93.66,105594064
LUV,1.40719,1.49666,1.27249,1.3853,1.11513,5,2,2026-12-31,19,1,0,4.82299,4.94799,4.67448,4.77575,4.56573,7,1,2027-12-31,24,1,1,0.62978,0.70828,0.5898,0.76601,0.59075,5,0,2026-09-30,21,2,1,3.34558,3.42166,3.16976,3.03355,3.04851,6,2,2026-12-31,24,0,1,USD,USD,20669046784,42.25,489208201
LVS,0.86112,0.86715,0.8564,0.86558,0.85355,2,1,2026-12-31,14,0,0,3.53336,3.66087,3.52088,3.67088,3.5108,2,1,2027-12-31,17,0,0,0.75347,0.80324,0.74839,0.80262,0.7469,1,1,2026-09-30,14,1,0,3.08887,3.34958,3.09283,3.36838,3.09066,0,1,2026-12-31,17,1,0,USD,USD,23650807808,36.515,647701184
LYB,1.76337,1.76304,1.70929,2.1731,1.70404,4,3,2026-12-31,16,2,1,6.47212,6.43246,6.36898,6.8792,6.21866,4,3,2027-12-31,16,2,0,2.75869,2.83088,2.65923,3.28017,2.58797,6,4,2026-09-30,16,1,1,9.30486,8.88225,9.07787,9.02963,9.10984,6,5,2026-12-31,18,1,0,USD,USD,19081850880,59.07,323037952
LYV,-1.20729,-1.20729,-1.20729,-1.03561,-1.20498,7,7,2026-12-31,13,1,1,1.8881,1.92696,1.8881,2.19943,1.9511,0,0,2027-12-31,16,1,1,1.54815,1.54815,1.54815,1.82946,1.52892,7,7,2026-09-30,13,1,1,-0.44231,-0.44619,-0.44243,-0.57097,-0.45643,1,1,2026-12-31,15,0,0,USD,USD,40261226496,172.825,232959505
MA,5.17032,5.1794,5.17032,5.2099,5.17032,18,17,2026-12-31,29,9,9,23.02581,22.85346,23.02481,22.78021,23.02481,2,0,2027-12-31,38,31,5,5.15122,5.12684,5.15122,5.11363,5.15122,5,0,2026-09-30,30,22,1,19.92584,19.79463,19.93029,19.65648,19.93029,1,0,2026-12-31,37,33,1,USD,USD,494568931328,564.57,869464115
MAA,0.87792,0.8705,0.87068,0.888,0.87068,0,0,2026-12-31,8,1,0,3.09232,3.12982,3.14011,3.16317,3.14011,5,1,2027-12-31,8,0,0,0.80097,0.81503,0.7796,0.84614,0.7796,1,0,2026-09-30,8,0,0,3.68894,3.38974,3.73584,3.39003,3.73584,1,0,2026-12-31,9,0,0,USD,USD,14009771008,117.765,116021957
MAR,3.0268,2.97773,3.02644,2.97643,3.02644,2,0,2026-12-31,23,3,1,13.16519,13.11196,13.15687,13.08513,13.15768,1,0,2027-12-31,28,6,1,2.8244,2.87264,2.82646,2.87251,2.82825,3,1,2026-09-30,23,2,0,11.71647,11.63691,11.72375,11.60558,11.73445,0,0,2026-12-31,28,6,1,USD,USD,94261698560,361.4796,260766288
MAS,0.83799,0.87212,0.83499,0.86948,0.83399,1,1,2026-12-31,20,0,0,4.66013,4.71359,4.65558,4.70467,4.65513,2,1,2027-12-31,22,0,0,1.03274,1.06488,1.03074,1.06026,1.03074,15,15,2026-09-30,20,1,1,4.5319,4.28026,4.54099,4.27122,4.54008,1,1,2026-12-31,22,0,0,USD,USD,13751851008,69.74,197187430
MCD,3.30335,3.30271,3.2888,3.36717,3.28602,9,8,2026-12-31,28,2,1,13.97841,13.9943,13.86767,14.22039,13.79367,15,13,2027-12-31,32,2,1,3.40226,3.39543,3.38493,3.45181,3.38269,12,10,2026-09-30,28,1,1,12.92878,12.92543,12.90134,12.9808,12.8884,14,11,2026-12-31,32,2,1,USD,USD,164724801536,232.78,707641531
MCHP,0.94209,0.81164,0.94018,0.80497,0.94018,0,0,2026-12-31,22,16,16,4.56515,4.18952,4.56515,4.1127,4.58355,0,0,2028-03-31,25,1,1,0.93426,0.79426,0.93406,0.78711,0.93406,0,0,2026-09-30,22,16,16,3.6468,3.18916,3.6468,3.16173,3.64613,0,0,2027-03-31,25,0,0,USD,USD,44222631936,81.44,543008691
MCK,11.04112,11.03107,11.02112,11.15395,10.98772,2,1,2026-12-31,15,0,0,50.47155,50.52448,50.41448,50.3437,50.46135,1,1,2028-03-31,16,2,0,10.77044,10.78582,10.76101,10.75322,10.75627,2,1,2026-09-30,15,0,0,44.64548,44.57965,44.65399,44.27362,44.66524,1,1,2027-03-31,16,2,0,USD,USD,107032272896,918.0199,116590363
MCO,3.66445,3.6716,3.6635,3.81807,3.65388,1,1,2026-12-31,21,0,0,18.91331,18.87248,18.92415,18.60548,18.9289,1,1,2027-12-31,24,1,0,4.24819,4.25152,4.24295,4.37287,4.24243,1,1,2026-09-30,21,0,0,16.97255,16.94088,16.96796,16.72104,16.95917,1,1,2026-12-31,24,1,0,USD,USD,78465712128,453.085,173180984
MDLZ,0.92723,0.92578,0.93723,0.8904,0.93841,0,0,2026-12-31,17,3,1,3.36185,3.36055,3.36018,3.37786,3.3628,8,0,2027-12-31,23,6,2,0.71679,0.72385,0.71385,0.79211,0.71385,3,1,2026-09-30,17,0,0,3.04862,3.0459,3.04862,3.05218,3.04769,6,0,2026-12-31,23,8,2,USD,USD,75793555456,59.385,1276308057
MDT,1.42441,1.43193,1.42395,1.4315,1.42304,12,0,2027-01-31,22,3,0,6.39948,6.41248,6.40626,6.40548,6.41198,13,0,2028-04-30,28,12,1,1.33126,1.34677,1.33126,1.34716,1.33164,13,13,2026-10-31,23,3,3,5.97209,5.94894,5.97401,5.94759,5.97587,2,0,2027-04-30,28,22,1,USD,USD,111547228160,87.205,1279137890
MET,2.60207,2.592,2.61406,2.5794,2.6182,0,0,2026-12-31,14,1,1,11.13473,10.86869,11.14708,11.00978,11.12458,1,0,2027-12-31,16,13,1,2.5503,2.57653,2.59648,2.5434,2.68423,0,0,2026-09-30,15,2,2,10.00474,9.77213,10.04551,9.90609,10.13548,0,0,2026-12-31,16,7,3,USD,USD,62136934400,97.78,635476927
META,8.22325,8.24305,8.2675,8.51697,8.26384,2,1,2026-12-31,43,3,3,33.94621,34.04781,34.03168,34.97462,34.06532,6,2,2027-12-31,54,7,5,6.53026,6.77488,6.40361,7.05425,6.33807,5,2,2026-09-30,44,0,0,31.37308,31.84664,31.21292,32.89935,31.16832,9,3,2026-12-31,55,3,2,USD,USD,1887498272768,740.92,2205128509
MGM,0.47566,0.49133,0.47485,0.54225,0.45485,3,2,2026-12-31,12,0,0,2.03528,2.20689,2.03246,2.28782,1.97512,2,1,2027-12-31,15,0,0,0.21089,0.22829,0.21034,0.23893,0.18951,3,2,2026-09-30,12,0,0,1.80643,1.78711,1.80526,1.84958,1.79383,2,1,2026-12-31,14,0,0,USD,USD,7882776576,30.81,255851235
MKC,0.66877,0.66877,0.66877,0.66877,0.64,2,2,2026-11-30,10,0,0,3.29805,3.29888,3.29584,3.30472,3.21443,2,1,2027-11-30,13,0,0,0.75658,0.75749,0.75658,0.83879,0.75586,2,1,2026-11-30,11,0,0,3.08759,3.08836,3.08696,3.08913,3.09045,1,0,2026-11-30,14,1,1,USD,USD,12315081728,45.77,254541615
MLM,0.0,4.85127,4.525,0.0,4.50393,1,1,2026-12-31,4,0,0,23.84,21.51835,21.34734,23.31,22.07273,2,0,2027-12-31,8,1,1,0.0,6.8042,6.18,0.0,5.91494,1,1,2026-09-30,4,0,0,17.415,18.46288,17.04452,19.14,17.25076,3,1,2026-12-31,8,0,0,USD,USD,34749784064,489.3,71019382
MMM,2.01059,2.00792,2.01079,1.98033,2.01308,1,1,2026-12-31,14,2,1,9.77808,9.7253,9.79863,9.48339,9.827,0,0,2027-12-31,19,3,2,2.39257,2.38917,2.38864,2.36127,2.38848,1,1,2026-09-30,14,2,1,8.94196,8.94346,8.93843,8.71108,8.94024,2,2,2026-12-31,19,1,0,USD,USD,84318035968,163.495,515722417
MNST,0.27444,0.27011,0.27544,0.2651,0.27544,0,0,2026-12-31,10,6,2,1.30904,1.29046,1.30904,1.27968,1.30904,3,1,2027-12-31,13,8,1,0.29768,0.29707,0.29768,0.29548,0.29854,3,0,2026-09-30,9,2,1,1.15096,1.14291,1.15096,1.13445,1.15096,1,0,2026-12-31,11,8,2,USD,USD,84249026560,43.005,1959051764
MO,1.37085,1.37634,1.37085,1.37586,1.37085,5,1,2026-12-31,11,5,0,5.86403,5.8725,5.86403,5.87665,5.86403,6,2,2027-12-31,14,3,0,1.50777,1.50445,1.50777,1.50475,1.50777,3,0,2026-09-30,11,6,1,5.67712,5.68185,5.67712,5.681,5.67712,6,1,2026-12-31,12,3,1,USD,USD,114319007744,68.465,1669743926
MOS,0.2173,0.1675,0.20058,0.35692,0.20289,6,5,2026-12-31,13,2,3,1.60579,1.71283,1.56447,1.90375,1.5698,2,0,2027-12-31,17,1,1,0.05989,0.0125,0.0499,0.31443,0.04682,9,9,2026-09-30,13,0,0,0.41212,0.60559,0.39317,0.85411,0.41161,2,1,2026-12-31,17,0,0,USD,USD,6691703296,21.05,317895646
MPC,11.47527,10.95695,14.96612,6.25944,16.49223,0,0,2026-12-31,17,7,2,33.3513,31.04883,47.13423,23.99006,50.68686,0,1,2027-12-31,19,12,3,19.95819,19.29336,22.74044,9.70412,23.32486,0,1,2026-09-30,18,8,2,50.95292,49.48029,55.7346,30.44746,58.11577,0,0,2026-12-31,17,9,3,USD,USD,121906036736,434.1,280824763
MPWR,8.07721,8.07315,8.07721,6.64179,8.09292,0,0,2026-12-31,14,12,10,34.8707,34.79503,34.8707,30.33306,34.97536,1,1,2027-12-31,15,11,11,7.70078,7.70238,7.70078,6.41669,7.71364,0,0,2026-09-30,14,12,11,27.43092,27.38798,27.43092,24.03648,27.45759,0,0,2026-12-31,15,12,12,USD,USD,72420564992,1473.67,49143000
MRK,1.95822,1.9582,1.94721,1.93743,1.9574,2,1,2026-12-31,18,1,0,9.54619,9.60052,9.53304,9.59286,9.46936,2,2,2027-12-31,24,6,0,2.21073,2.22071,2.20569,2.28823,2.17889,1,1,2026-09-30,18,1,0,2.7478,2.7474,2.74075,2.7181,2.72839,2,1,2026-12-31,25,2,0,USD,USD,348290613248,141.17,2467171638
MRNA,-1.86156,-1.8917,-1.74156,-1.97498,-1.74695,0,0,2026-12-31,14,5,3,-4.90812,-4.98385,-4.78698,-4.68935,-4.79116,4,1,2027-12-31,20,6,2,-1.34638,-1.48474,-1.28924,-1.12916,-1.27482,0,0,2026-09-30,15,4,2,-8.53512,-8.70415,-8.3833,-8.63068,-8.38721,1,1,2026-12-31,21,7,3,USD,USD,76202156032,190.87,399235889
MRSH,2.22891,2.22835,2.22891,2.21215,2.22804,3,1,2026-12-31,21,2,2,11.41037,11.40773,11.41037,11.29538,11.42501,2,1,2027-12-31,23,4,2,1.97412,1.9766,1.97412,1.98179,1.97207,3,2,2026-09-30,22,2,1,10.45199,10.45193,10.45199,10.38824,10.45017,2,1,2026-12-31,23,4,2,USD,USD,81951490048,171.73,477211268
MRVL,1.35513,1.23933,1.35573,1.23735,1.35573,0,0,2027-01-31,33,28,29,6.71585,6.24094,6.75725,6.17792,6.74936,1,0,2028-01-31,42,35,2,1.10101,1.07276,1.09978,1.073,1.09978,1,2,2026-10-31,34,25,25,4.19737,4.05553,4.2113,4.0558,4.2113,1,0,2027-01-31,40,33,0,USD,USD,254791761920,283.51,876926613
MS,2.94339,2.94339,2.9441,2.86561,2.93749,0,1,2026-12-31,16,1,0,13.64926,13.64926,13.65608,13.00625,13.61679,0,1,2027-12-31,22,1,0,3.15951,3.15951,3.12316,2.93677,3.0028,1,2,2026-09-30,16,1,0,12.97822,12.97822,12.92412,12.10388,12.79627,1,2,2026-12-31,22,1,0,USD,USD,299555356672,190.7308,1570566292
MSCI,5.17686,5.17686,5.1684,5.19416,5.15463,0,0,2026-12-31,13,1,1,22.49735,22.4968,22.48791,22.62156,22.47702,0,0,2027-12-31,18,2,1,5.02283,5.02283,5.0136,5.07954,5.01245,1,1,2026-09-30,13,0,0,19.74062,19.66069,19.72784,19.73648,19.71762,1,1,2026-12-31,18,0,0,USD,USD,40538972160,557.62,72700000
MSFT,4.82878,4.82335,4.82158,4.7869,4.82901,2,2,2026-12-31,26,0,0,23.57328,23.46875,23.67588,22.5997,23.67702,1,1,2028-06-30,33,1,1,4.72455,4.72036,4.72455,4.62281,4.72195,5,0,2026-09-30,26,17,1,19.75306,19.6903,19.75972,19.38995,19.75779,0,0,2027-06-30,34,1,1,USD,USD,3951615279104,532.165,7425545491
MSI,5.48069,5.29039,5.49596,5.28804,5.49596,0,1,2026-12-31,4,13,1,19.35942,18.53727,19.43068,18.51922,19.43068,0,0,2027-12-31,5,14,2,4.44073,4.42793,4.43553,4.42496,4.43553,5,1,2026-09-30,4,7,0,17.69282,16.98393,17.7246,16.9762,17.7246,0,1,2026-12-31,5,12,0,USD,USD,75365875712,455.4,165493788
MTB,4.95428,4.96845,4.97252,5.01284,4.95866,2,3,2026-12-31,13,2,1,21.06782,21.06782,21.09156,20.94643,21.06192,1,1,2027-12-31,16,2,2,4.91572,4.90655,4.92526,4.89009,4.93077,3,3,2026-09-30,13,2,1,19.30029,19.29888,19.32724,18.75555,19.31358,1,2,2026-12-31,16,4,2,USD,USD,31565062144,218.57,144416262
MTD,14.90209,14.89137,14.88571,14.91304,14.89311,3,4,2026-12-31,11,7,6,51.70163,51.69107,51.69527,51.27916,51.73564,2,2,2027-12-31,14,10,10,12.10792,12.11137,12.08592,12.07502,12.08892,6,5,2026-09-30,12,4,5,47.34242,47.34282,47.33948,46.66979,47.34088,0,0,2026-12-31,14,12,12,USD,USD,30845927424,1539.4822,20036559
MU,37.76854,37.71849,38.46609,37.48482,42.12014,1,1,2026-11-30,30,6,3,171.02492,166.8887,179.51343,163.34702,206.6767,1,0,2027-08-31,34,4,3,34.89147,34.87982,35.66414,34.81046,38.21061,1,1,2026-08-31,33,6,4,156.24937,155.79457,160.04182,150.00752,176.41608,1,1,2026-08-31,36,5,3,USD,USD,1200623976448,1063.07,1129393151
NCLH,-0.07859,-0.06963,-0.07817,0.12811,-0.09138,1,1,2026-12-31,12,0,0,1.6976,1.78692,1.66999,2.03538,1.65947,3,2,2027-12-31,26,0,0,0.89633,0.89629,0.89742,0.89005,0.91174,1,1,2026-09-30,12,0,0,1.53661,1.54556,1.53739,1.66,1.53782,1,1,2026-12-31,25,0,0,USD,USD,7159473152,15.5916,459187846
NDAQ,1.08327,1.0839,1.08327,1.04432,1.08239,2,1,2026-12-31,15,11,0,4.6774,4.65459,4.67942,4.43786,4.68004,0,0,2027-12-31,17,2,1,1.02689,1.02829,1.02689,0.98488,1.02376,2,1,2026-09-30,15,11,0,4.13591,4.13552,4.13505,3.9427,4.13182,2,1,2026-12-31,17,0,0,USD,USD,51889868800,92.83,558977372
NDSN,2.55,2.54013,2.6075,2.54513,2.60333,0,0,2027-01-31,3,2,2,12.5525,12.54443,12.9425,12.55554,12.98286,0,0,2027-10-31,7,7,7,3.28,3.27852,3.42857,3.28227,3.455,0,0,2026-10-31,6,6,6,11.58875,11.58842,11.905,11.59176,11.94571,0,0,2026-10-31,7,7,7,USD,USD,18764281856,336.885,55699366
NEE,0.62337,0.65257,0.62226,0.68897,0.62226,1,0,2026-12-31,12,1,1,4.38861,4.41948,4.39361,4.40061,4.38998,2,0,2027-12-31,23,0,1,1.1822,1.22245,1.17868,1.20665,1.17868,2,1,2026-09-30,12,0,0,4.04804,4.05111,4.04954,4.03629,4.04813,1,1,2026-12-31,21,0,0,USD,USD,160922779648,77.145,2085978209
NEM,2.17571,2.37143,2.16667,2.75465,2.21,1,0,2026-12-31,7,1,1,10.08462,10.51421,10.23077,11.08343,10.23077,1,0,2027-12-31,13,3,1,1.91571,2.09563,1.90833,2.50799,1.92714,0,0,2026-09-30,7,1,1,9.15083,9.34264,9.18417,9.97084,9.19083,1,0,2026-12-31,12,2,1,USD,USD,122723540992,116.47,1053692271
NFLX,0.72954,0.72921,0.72954,0.73768,0.72885,1,0,2026-12-31,32,3,1,3.81626,3.81296,3.80891,3.83018,3.8036,2,2,2027-12-31,45,0,0,0.82233,0.82119,0.82233,0.84286,0.82256,2,0,2026-09-30,34,3,1,3.58437,3.58183,3.58362,3.59203,3.58389,1,1,2026-12-31,41,0,0,USD,USD,283251998720,68.025,4163939676
NI,0.61705,0.60069,0.62025,0.5599,0.62025,1,0,2026-12-31,7,5,1,2.25254,2.25347,2.25315,2.24921,2.25108,4,0,2027-12-31,16,1,1,0.21881,0.21855,0.21512,0.21711,0.21512,4,1,2026-09-30,7,2,0,2.05255,2.05678,2.05226,2.05718,2.05067,4,1,2026-12-31,14,1,0,USD,USD,19333464064,40.315,479560100
NKE,0.43587,0.43535,0.41479,0.43443,0.26513,6,5,2027-02-28,25,1,1,2.23717,2.23778,2.11291,2.26402,1.69553,8,6,2028-05-31,38,1,1,0.45371,0.45236,0.44529,0.4486,0.43689,6,5,2026-08-31,24,0,0,1.72321,1.72383,1.66891,1.73128,1.29683,7,5,2027-05-31,32,1,1,USD,USD,50752999424,34.17,1203921077
NOC,8.00723,8.0133,8.01072,7.97188,8.00982,1,1,2026-12-31,18,0,0,30.43997,30.36815,30.44997,30.16312,30.45321,3,0,2027-12-31,23,15,2,7.16282,7.13862,7.16433,7.00072,7.17148,0,0,2026-09-30,18,1,1,28.99309,28.96324,28.99613,27.94965,29.00152,0,0,2026-12-31,22,21,0,USD,USD,68786266112,484.1954,142063026
NOW,1.17044,1.17044,1.17044,1.2092,1.17044,0,0,2026-12-31,38,0,0,5.00551,5.00619,5.00551,5.02669,5.00551,19,18,2027-12-31,44,17,18,1.02553,1.02553,1.02553,1.09053,1.02553,0,0,2026-09-30,39,0,0,4.06673,4.06764,4.06673,4.12323,4.06673,0,0,2026-12-31,44,0,0,USD,USD,142290436096,137.63,1033862000
NRG,2.29696,2.27196,2.6712,2.58923,2.6712,2,0,2026-12-31,5,1,0,10.9701,11.70787,11.19645,11.79894,11.18918,1,1,2027-12-31,11,0,0,3.17406,3.15656,2.8678,2.81758,2.8678,1,0,2026-09-30,5,2,0,8.80744,9.17166,8.8307,9.14439,8.8327,0,0,2026-12-31,10,1,1,USD,USD,22125703168,105.255,210210483
NSC,3.22363,3.22974,3.22274,3.06284,3.21388,0,0,2026-12-31,17,1,1,14.32112,14.29703,14.31486,13.6489,14.27844,1,1,2027-12-31,22,1,0,3.58751,3.57593,3.5793,3.32685,3.54709,0,0,2026-09-30,18,15,1,12.96527,12.98229,12.95699,12.25593,12.92189,1,1,2026-12-31,22,1,1,USD,USD,70678634496,314.675,224608373
NTAP,2.26003,2.20356,2.36666,2.20338,2.36666,1,0,2027-01-31,18,15,0,10.08516,9.83832,11.12094,9.84372,11.12094,0,0,2028-04-30,19,18,2,2.15936,2.13899,2.59962,2.13858,2.59962,0,0,2026-10-31,18,16,0,9.03039,8.90347,10.00569,8.90323,10.00569,0,0,2027-04-30,19,18,0,USD,USD,45119410176,229.71,196419005
NTRS,2.93235,2.93025,2.92715,2.90227,2.93358,1,1,2026-12-31,10,3,1,12.56777,12.55944,12.60536,12.15487,12.67295,0,0,2027-12-31,11,4,2,2.80698,2.80213,2.82138,2.74355,2.8347,0,0,2026-09-30,10,4,2,12.73589,12.73033,12.71933,13.08376,12.60358,1,1,2026-12-31,10,3,1,USD,USD,31027447808,169.59,182955653
NUE,4.9241,4.93484,5.19497,4.31333,5.16497,1,1,2026-12-31,5,3,2,19.04565,18.81518,19.85624,17.10882,20.13295,1,2,2027-12-31,11,6,4,5.88563,5.87056,5.83579,5.26333,5.85132,3,4,2026-09-30,8,2,1,18.72638,18.76838,19.23284,16.92875,18.90777,1,4,2026-12-31,9,4,1,USD,USD,57022930944,251.34,226875676
NVDA,2.74567,2.66044,2.74295,2.64729,2.74622,10,0,2027-01-31,42,27,0,15.4581,12.83623,15.68263,12.71023,15.79923,0,0,2028-01-31,53,46,2,2.46983,2.34527,2.47356,2.33883,2.47325,2,0,2026-10-31,44,35,0,9.30741,8.96139,9.30713,8.93743,9.31242,1,0,2027-01-31,51,43,0,USD,USD,5793106624512,239.91,24147000000
NVR,107.36266,107.36266,106.60432,106.62624,106.10799,1,1,2026-12-31,7,0,0,411.62387,411.62387,400.6172,420.05463,394.99615,2,2,2027-12-31,7,0,0,104.4314,104.4314,104.10973,97.11053,103.48691,1,1,2026-09-30,7,0,0,361.1004,361.1004,360.0354,360.9713,359.04605,1,1,2026-12-31,7,0,0,USD,USD,16167152640,6036.68,2678153
NWS,0.47076,0.46736,0.47076,0.46736,0.47076,2,0,2026-12-31,4,0,0,1.47352,1.47352,1.49942,1.45732,1.51172,2,1,2028-06-30,5,2,1,0.25989,0.25768,0.25989,0.25768,0.25989,1,0,2026-09-30,4,1,0,1.31961,1.29118,1.31961,1.29118,1.31961,2,0,2027-06-30,5,2,1,USD,USD,16954256384,31.445,179528794
NWSA,0.47076,0.46736,0.47076,0.46736,0.47076,2,0,2026-12-31,4,0,0,1.47352,1.47352,1.49942,1.45732,1.51172,2,1,2028-06-30,5,2,1,0.25989,0.25768,0.25989,0.25768,0.25989,1,0,2026-09-30,4,1,0,1.31961,1.29118,1.31961,1.29118,1.31961,2,0,2027-06-30,5,2,1,USD,USD,15317869568,28.41,359642967
NXPI,4.31826,4.31826,4.31826,4.20653,4.31826,1,3,2026-12-31,22,19,16,18.09511,18.09511,18.09511,17.70982,18.13491,4,6,2027-12-31,25,17,14,4.10412,4.10412,4.10412,3.99152,4.10412,2,5,2026-09-30,22,17,14,15.0591,15.0591,15.0591,14.80431,15.0591,2,4,2026-12-31,25,19,17,USD,USD,61371719680,243.38,252164174
O,0.41396,0.41396,0.4101,0.39092,0.42592,0,0,2026-12-31,2,1,1,1.58522,1.70715,1.55302,1.72133,1.55302,2,1,2027-12-31,3,0,0,0.42093,0.42093,0.43618,0.41004,0.43472,0,0,2026-09-30,2,1,1,1.54575,1.56128,1.50987,1.56503,1.51211,2,2,2026-12-31,9,1,0,USD,USD,51100508160,54.005,946218033
ODFL,1.41907,1.41723,1.41968,1.3615,1.42538,0,0,2026-12-31,18,3,2,6.59004,6.58603,6.59804,6.36211,6.63387,1,1,2027-12-31,20,2,1,1.59089,1.59058,1.59417,1.51177,1.59512,1,1,2026-09-30,18,2,1,5.80736,5.80532,5.812,5.50526,5.81759,1,1,2026-12-31,20,2,1,USD,USD,37268439040,179.2025,207968283
OKE,1.54672,1.52239,1.49976,1.51862,1.5005,2,1,2026-12-31,9,2,0,6.22622,6.15538,6.09928,6.15914,6.16796,3,1,2027-12-31,11,3,0,1.48841,1.46388,1.54063,1.46446,1.53966,2,1,2026-09-30,13,5,0,5.796,5.69409,5.76711,5.71663,5.76656,4,2,2026-12-31,11,2,0,USD,USD,56607592448,89.795,630409203
OMC,3.22368,3.18768,3.26973,3.48016,3.26806,1,1,2026-12-31,6,0,0,12.04457,12.03957,11.74499,12.2102,11.65681,3,1,2027-12-31,11,1,1,2.55897,2.53297,2.59914,2.79554,2.67081,0,0,2026-09-30,6,1,1,10.59339,10.56673,10.53407,10.82471,10.57607,1,1,2026-12-31,10,1,1,USD,USD,20488155136,74.68,274345967
ON,0.95462,0.95462,0.95368,0.91449,0.9557,1,2,2026-12-31,28,21,19,4.5291,4.51843,4.5288,4.3136,4.5288,1,1,2027-12-31,31,4,2,0.87385,0.87385,0.87473,0.83272,0.87563,3,4,2026-09-30,28,21,19,3.20248,3.19882,3.20176,3.09965,3.20176,2,2,2026-12-31,31,1,1,USD,USD,33605984256,86.32,389318613
ORCL,2.06181,2.06091,2.02218,2.06091,2.02218,23,24,2027-02-28,34,5,5,10.92613,10.89015,10.99719,10.9216,10.99719,10,11,2028-05-31,39,23,21,1.8917,1.88765,1.89225,1.88765,1.89225,13,4,2026-11-30,35,15,16,8.05748,8.05139,8.1414,8.04521,8.1414,1,2,2027-05-31,37,35,33,USD,USD,443003240448,146.1333,3031501149
ORLY,0.77647,0.77647,0.77622,0.769,0.77541,1,1,2026-12-31,20,0,0,3.64938,3.64938,3.64938,3.61759,3.64766,1,1,2027-12-31,23,0,0,0.92478,0.92478,0.92495,0.90951,0.92521,0,0,2026-09-30,20,1,1,3.27953,3.27953,3.27957,3.25615,3.27959,0,0,2026-12-31,23,1,1,USD,USD,68478529536,84.65,808960792
OTIS,1.14804,1.15105,1.1372,1.17616,1.13737,1,1,2026-12-31,8,1,0,4.56626,4.61269,4.5402,4.72238,4.53432,3,1,2027-12-31,15,1,0,1.00904,1.0189,1.00885,1.09277,1.01033,5,1,2026-09-30,9,0,0,4.05661,4.0669,4.03988,4.19837,4.04137,2,1,2026-12-31,14,1,0,USD,USD,25249798144,66.33,380669339
OXY,1.35235,1.17565,1.45954,1.27839,1.5321,2,0,2026-12-31,19,6,3,3.834,3.9089,4.0187,4.09494,4.08618,2,0,2027-12-31,23,6,4,1.2801,1.20028,1.23444,1.41868,1.34248,4,1,2026-09-30,20,4,2,5.83379,5.41247,6.13782,5.8508,6.23473,1,0,2026-12-31,22,8,3,USD,USD,58833657856,58.855,999637371
P,0.83854,0.74006,0.83801,0.74026,0.83801,1,2,2027-01-31,19,17,1,3.54356,3.0057,4.22137,3.00826,4.22137,0,0,2028-01-31,19,18,15,0.77122,0.64159,0.76958,0.64154,0.76958,0,2,2026-10-31,19,19,1,2.78033,2.4352,2.7777,2.43529,2.7777,0,2,2027-01-31,19,18,1,USD,USD,49227661312,147.73,333227251
PANW,0.45629,0.47198,0.43088,0.47198,0.43088,3,0,2027-01-31,16,2,0,2.23835,2.28608,2.21057,2.28608,2.21057,5,0,2028-07-31,18,6,1,0.97043,0.93781,0.9715,0.93723,0.9715,5,0,2026-10-31,45,32,0,4.19925,4.12645,4.1889,4.12036,4.1889,10,2,2027-07-31,53,37,0,USD,USD,342332997632,418.5,818000000
PAYX,1.83753,1.83698,1.84003,1.83304,1.87127,2,2,2027-02-28,18,13,14,6.38578,6.3878,6.39403,6.39087,6.38856,9,10,2028-05-31,19,4,5,1.3605,1.36348,1.35766,1.36445,1.27693,16,18,2026-11-30,18,0,0,5.97898,5.98324,5.95956,5.96602,5.96074,7,8,2027-05-31,19,5,6,USD,USD,35740442624,100.4,355980473
PCAR,1.74593,1.73793,1.75893,1.63556,1.75893,1,0,2026-12-31,10,2,1,7.17225,7.18495,7.22225,6.74069,7.22225,0,0,2027-12-31,13,2,1,1.60244,1.58844,1.60144,1.52092,1.60144,1,1,2026-09-30,10,2,0,5.96453,5.96825,5.98223,5.68677,5.98223,0,0,2026-12-31,13,3,2,USD,USD,57455366144,109.155,526364953
PCG,0.39717,0.39804,0.39273,0.41265,0.39273,2,1,2026-12-31,10,1,0,1.80162,1.80238,1.80162,1.80253,1.80162,5,6,2027-12-31,17,2,0,0.42049,0.4327,0.42134,0.44902,0.42134,2,0,2026-09-30,10,1,1,1.64741,1.65272,1.64741,1.64683,1.64741,1,1,2026-12-31,17,2,1,USD,USD,37196324864,12.389,2202366906
PEG,0.80334,0.84708,0.79891,0.91718,0.80164,1,0,2026-12-31,11,0,1,4.67242,4.68128,4.67242,4.69881,4.67242,6,2,2027-12-31,21,3,0,1.1805,1.18587,1.18505,1.15244,1.17778,2,1,2026-09-30,11,0,0,4.36942,4.38338,4.36942,4.37947,4.37042,0,0,2026-12-31,20,2,1,USD,USD,35522392064,71.27,498420030
PEP,2.43651,2.43651,2.43265,2.40059,2.43406,2,2,2026-12-31,16,0,0,8.97539,8.97844,8.94916,9.08481,8.91498,3,2,2027-12-31,23,0,0,2.29973,2.29973,2.29785,2.43162,2.29584,2,2,2026-09-30,17,0,0,8.55981,8.55981,8.556,8.63882,8.55316,2,2,2026-12-31,23,0,0,USD,USD,172109168640,125.995,1366000000
PFE,0.70821,0.71411,0.70814,0.69002,0.70759,1,1,2026-12-31,18,0,0,2.8954,2.86926,2.89684,2.82919,2.89684,1,1,2027-12-31,25,1,0,0.75889,0.77463,0.75885,0.83494,0.75329,1,1,2026-09-30,18,0,0,2.97515,2.96814,2.97497,2.95044,2.97497,1,1,2026-12-31,25,0,0,USD,USD,155796013056,27.3342,5699673589
PFG,2.5045,2.52514,2.51716,2.49305,2.51827,1,1,2026-12-31,9,1,0,10.36264,10.35664,10.41442,10.24144,10.40342,1,0,2027-12-31,10,3,1,2.4957,2.51043,2.49943,2.47705,2.50165,1,0,2026-09-30,9,1,1,9.52164,9.56688,9.56053,9.35946,9.56453,1,0,2026-12-31,10,1,1,USD,USD,23658563584,110.5,214104641
PG,1.88086,1.88086,1.8811,1.89206,1.88172,8,5,2026-12-31,18,3,2,7.3998,7.40978,7.39995,7.46568,7.40268,3,0,2028-06-30,22,2,1,1.88694,1.88694,1.88687,1.96238,1.89003,12,8,2026-09-30,19,0,3,6.97974,7.00905,6.97995,7.06293,6.97828,4,0,2027-06-30,24,1,1,USD,USD,345009750016,148.54,2322672312
PGR,4.18621,4.13216,4.11562,4.15902,4.15795,9,10,2026-12-31,19,6,3,16.29414,16.28206,16.2848,16.48296,16.335,4,3,2027-12-31,23,5,3,4.01125,3.6449,4.20137,3.69194,4.26128,2,2,2026-09-30,19,14,11,17.9671,17.60916,18.0867,17.41882,18.17177,2,2,2026-12-31,23,11,7,USD,USD,123073822720,212.05,580400000
PH,8.44685,8.18972,8.51248,8.21567,8.48886,0,0,2026-12-31,13,0,0,39.15954,37.50758,39.37807,37.43667,39.3294,0,0,2028-06-30,14,1,1,8.12852,8.07052,8.13673,8.07762,8.14106,1,1,2026-09-30,13,0,0,35.31744,34.086,35.51403,34.10884,35.51663,0,0,2027-06-30,13,1,1,USD,USD,124805259264,989.635,126112415
PHM,3.28369,3.28369,3.27264,3.09513,3.20869,2,1,2026-12-31,12,0,0,11.24103,11.24103,11.21864,11.11234,11.02479,4,2,2027-12-31,13,0,0,2.65009,2.65009,2.64316,2.78377,2.63926,2,1,2026-09-30,12,0,0,10.17706,10.17706,10.14806,10.02005,10.09498,3,2,2026-12-31,13,0,0,USD,USD,22145943552,116.26,190486353
PKG,2.81605,2.79862,2.8,2.68962,2.78872,1,0,2026-12-31,5,1,0,12.93639,12.6755,13.11973,12.25358,13.1416,0,0,2027-12-31,9,1,0,2.93016,2.93238,2.90667,2.92636,2.90285,1,0,2026-09-30,5,0,0,10.49928,10.48562,10.45333,10.37401,10.43968,1,0,2026-12-31,5,1,0,USD,USD,20577697792,230.955,89098299
PLD,0.77,0.77,0.77,0.78,0.77333,0,0,2026-12-31,3,1,1,3.405,3.4025,3.405,3.3025,3.33333,0,0,2027-12-31,3,1,1,0.79,0.79,0.79,0.78333,0.77667,0,0,2026-09-30,3,1,1,3.33,3.25667,3.33,3.0975,3.3575,0,0,2026-12-31,4,1,1,USD,USD,125326884864,128.925,950333372
PLTR,0.4645,0.4197,0.46381,0.42099,0.46381,0,0,2026-12-31,23,20,2,2.31424,2.09448,2.32666,2.09448,2.34416,0,0,2027-12-31,28,3,1,0.41452,0.372,0.41367,0.37339,0.41367,0,0,2026-09-30,23,22,2,1.60272,1.46894,1.61155,1.47608,1.62012,0,0,2026-12-31,28,3,1,USD,USD,462684848128,192.54,2300713329
PM,1.95632,1.95702,1.96769,1.99288,1.95206,1,1,2026-12-31,4,2,0,9.16878,9.13953,9.1727,9.12466,9.19078,0,0,2027-12-31,15,4,2,2.24951,2.24721,2.32202,2.43136,2.3425,0,0,2026-09-30,4,4,1,8.38096,8.36392,8.39103,8.41514,8.40168,0,0,2026-12-31,14,4,2,USD,USD,296495022080,190.23,1558613439
PNC,5.09928,5.09928,5.09041,5.0551,5.11874,4,3,2026-12-31,16,1,1,21.51594,21.51594,21.5579,21.08203,21.58209,2,0,2027-12-31,19,5,5,4.88794,4.88794,4.88481,4.9168,4.89487,2,2,2026-09-30,16,2,2,18.90073,18.90073,18.89148,18.48061,18.92518,4,3,2026-12-31,18,2,2,USD,USD,87715708928,219.8699,398943667
PNR,1.20798,1.2121,1.21148,1.32299,1.21148,5,0,2026-12-31,13,6,1,5.16865,5.18003,5.16856,5.81878,5.1619,1,1,2027-12-31,15,1,1,1.07378,1.07327,1.07499,1.32779,1.07499,11,1,2026-09-30,13,1,0,4.64367,4.64697,4.6484,5.34595,4.6484,0,0,2026-12-31,15,2,2,USD,USD,8460395520,53.01,159600000
PNW,-0.18,-0.17636,-0.18,-0.12807,-0.222,2,0,2026-12-31,5,4,1,5.64111,5.65146,5.64111,5.63946,5.636,0,0,2027-12-31,10,4,2,3.152,3.15098,3.152,3.16825,3.19,3,0,2026-09-30,6,1,1,4.71,4.72051,4.71,4.69851,4.72,0,0,2026-12-31,10,3,1,USD,USD,11802185728,97.38,121197234
PODD,1.84141,1.96544,1.84141,1.96317,1.84236,1,1,2026-12-31,21,0,0,7.71086,7.78485,7.70651,8.07697,7.70434,1,1,2027-12-31,23,0,0,1.58706,1.60283,1.58706,1.63918,1.58811,17,2,2026-09-30,22,3,1,6.5029,6.51449,6.50159,6.48053,6.50333,1,1,2026-12-31,23,0,0,USD,USD,9371139072,135.12,69354199
PPG,1.69956,1.70014,1.70069,1.68137,1.70179,8,1,2026-12-31,18,8,0,8.67283,8.68087,8.66314,8.66886,8.63886,10,1,2027-12-31,23,9,0,2.13701,2.13645,2.13558,2.13153,2.13477,7,0,2026-09-30,19,9,1,7.89675,7.88349,7.89689,7.8762,7.8962,9,0,2026-12-31,23,8,1,USD,USD,23696068608,106.595,222300000
PPL,0.46499,0.45872,0.46832,0.45557,0.46832,1,0,2026-12-31,9,3,1,2.11703,2.11688,2.11784,2.11625,2.11915,0,0,2027-12-31,17,3,1,0.52454,0.51762,0.52565,0.50265,0.52565,1,0,2026-09-30,9,3,1,1.94774,1.94928,1.95056,1.95055,1.94865,1,0,2026-12-31,16,2,1,USD,USD,25183911936,33.465,752544841
PRU,3.32449,3.24045,3.30306,3.31981,3.30234,2,1,2026-12-31,14,4,0,14.85474,14.64459,14.85974,14.61318,14.85599,0,0,2027-12-31,16,6,1,3.45833,3.31161,3.44767,3.45829,3.46233,1,0,2026-09-30,15,3,1,14.52113,13.90376,14.48412,13.73523,14.48642,0,0,2026-12-31,13,2,1,USD,USD,39314477056,113.955,345000000
PSA,2.4928,2.3,2.5028,2.27042,2.3771,0,0,2026-12-31,4,1,1,10.11656,9.19,10.22742,9.88198,9.85394,1,1,2027-12-31,5,0,0,2.45616,2.13,2.42616,2.20058,2.29462,1,1,2026-09-30,4,0,0,9.88354,9.39,9.99903,9.82782,9.77427,0,1,2026-12-31,4,0,0,USD,USD,53634080768,287.04,186852295
PSKY,-0.0172,-0.01301,-0.04442,0.02472,-0.0497,0,0,2026-12-31,16,0,0,0.8508,0.85979,0.84584,0.87621,0.84529,0,0,2027-12-31,18,0,0,0.19207,0.19984,0.19196,0.21432,0.18986,9,10,2026-09-30,19,4,3,0.56207,0.58107,0.54207,0.63202,0.53567,0,0,2026-12-31,20,0,0,USD,USD,10992190464,9.775,1093020754
PSX,6.60869,6.31426,7.57399,4.79918,8.18728,0,0,2026-12-31,17,7,4,21.29967,19.61075,24.94825,17.57913,26.67825,0,0,2027-12-31,19,10,4,9.51916,9.58992,10.53446,6.44006,10.90755,1,0,2026-09-30,18,6,4,25.66632,25.32656,28.07114,18.16699,29.01169,0,0,2026-12-31,18,8,4,USD,USD,108513058816,270.65,400935020
PTC,1.95136,1.95136,1.93915,1.84833,1.93146,4,4,2026-12-31,13,8,8,8.90923,8.88819,8.92972,8.62959,8.94144,0,0,2027-09-30,18,3,1,1.96404,1.96404,1.96698,1.81329,1.96474,3,3,2026-09-30,14,13,13,8.19996,8.18823,8.2047,8.08082,8.18828,1,0,2026-09-30,18,2,1,USD,USD,20994263040,193.26,108632228
PWR,4.77992,4.70756,4.8404,3.80821,4.8404,0,0,2026-12-31,21,1,1,19.6413,19.1193,19.77394,16.46026,19.77394,0,0,2027-12-31,26,2,1,5.01966,4.96786,4.99112,4.23987,4.99112,1,1,2026-09-30,21,0,0,16.72777,16.70507,16.74256,14.0118,16.74256,1,1,2026-12-31,26,0,0,USD,USD,108543418368,721.97,150343393
PYPL,1.34512,1.34604,1.345,1.36007,1.345,16,1,2026-12-31,34,10,0,5.78777,5.78386,5.78532,5.74485,5.78532,3,2,2027-12-31,43,4,0,1.31491,1.31685,1.3146,1.33257,1.3146,18,2,2026-09-30,36,11,0,5.38812,5.38171,5.39109,5.30679,5.39109,3,1,2026-12-31,42,5,1,USD,USD,46785155072,54.69,855460874
Q,1.10667,0.904,1.082,0.906,1.082,0,0,2026-12-31,5,5,5,5.35939,4.86646,5.37814,4.76366,5.37814,0,0,2027-12-31,8,8,7,1.2,1.068,1.2,1.056,1.2,0,0,2026-09-30,5,5,5,4.58512,4.17289,4.58512,4.1142,4.58512,0,0,2026-12-31,8,7,7,USD,USD,27649001472,132.16,209208543
QCOM,2.3003,2.34844,2.29838,2.68896,2.29722,0,0,2026-12-31,26,0,0,10.21807,10.29695,10.20401,11.00809,10.19665,1,0,2027-09-30,34,1,0,2.15493,2.17734,2.15685,2.36865,2.15685,0,0,2026-09-30,26,0,0,10.52244,10.54072,10.48422,10.80199,10.48422,1,0,2026-09-30,31,0,0,USD,USD,192878510080,180.625,1067839507
RCL,3.65827,3.6535,3.66606,3.43305,3.66362,2,1,2026-12-31,23,1,1,20.29286,20.32989,20.28225,20.01973,20.44746,1,1,2027-12-31,29,2,1,6.3183,6.31163,6.3185,6.32764,6.3586,0,0,2026-09-30,23,2,2,17.79981,17.77143,17.79304,17.32955,17.83711,1,1,2026-12-31,28,0,0,USD,USD,76662464512,286.64,267452084
RDDT,1.81506,1.7404,1.81506,1.73392,1.82027,0,0,2026-12-31,23,1,1,7.02198,6.52975,7.03708,6.47046,7.06846,0,0,2027-12-31,29,3,1,1.31948,1.26009,1.31948,1.25485,1.31469,0,0,2026-09-30,23,1,1,5.39385,4.98224,5.3829,4.96694,5.37841,0,0,2026-12-31,29,2,1,USD,USD,28533362688,148.305,146103200
REG,0.61222,0.61946,0.61222,0.6007,0.61056,1,0,2026-12-31,6,1,1,2.51718,2.52374,2.51718,2.51436,2.51433,2,1,2027-12-31,7,1,0,0.60278,0.60073,0.60278,0.5857,0.60232,0,0,2026-09-30,6,2,1,2.47165,2.46764,2.47165,2.42392,2.47022,0,0,2026-12-31,7,3,1,USD,USD,13328288768,71.29,183120547
REGN,15.60878,15.51782,15.52922,13.06787,15.96979,0,0,2026-12-31,21,1,1,50.38474,50.21303,50.62527,48.10185,50.62527,3,1,2027-12-31,9,5,0,15.99714,16.04549,15.94478,13.06535,15.98889,1,1,2026-09-30,22,0,0,53.54745,53.00495,54.09866,46.17915,55.00718,1,0,2026-12-31,27,2,1,USD,USD,75289952256,731.29,101137842
RF,0.68244,0.68244,0.68561,0.69659,0.68698,0,0,2026-12-31,15,3,1,2.84262,2.84262,2.84423,2.84983,2.848,0,0,2027-12-31,17,1,1,0.65426,0.65426,0.65865,0.66786,0.66122,0,0,2026-09-30,15,1,1,2.62923,2.62923,2.63633,2.61119,2.64098,0,0,2026-12-31,17,3,1,USD,USD,23083030528,27.095,851929506
RJF,3.33724,3.33117,3.35867,3.22171,3.35321,0,0,2026-12-31,13,1,1,14.19862,14.18138,14.19729,13.54244,14.23772,1,1,2027-09-30,16,0,0,3.34541,3.34429,3.34612,3.22898,3.31693,0,0,2026-09-30,15,1,1,12.12747,12.12372,12.12814,11.77594,12.1038,0,0,2026-09-30,16,1,1,USD,USD,30745606144,160.05,192100000
RL,6.87827,6.90889,6.87827,6.90335,6.87827,10,10,2026-12-31,16,3,3,20.96726,20.45812,20.96726,20.40995,20.96726,0,0,2028-03-31,18,17,1,4.22257,4.0417,4.22257,4.03379,4.22257,0,0,2026-09-30,16,13,13,18.91112,18.45159,18.91112,18.41065,18.91112,0,0,2027-03-31,18,17,0,USD,USD,21763604480,365.27,37700963
RMD,3.03696,3.01474,3.03151,3.05213,3.03151,1,2,2026-12-31,13,0,0,13.21748,13.02838,13.23212,13.15626,13.23012,1,1,2028-06-30,20,3,3,2.6883,2.82729,2.67624,2.85126,2.66855,1,2,2026-09-30,13,0,0,12.08573,11.94983,12.08018,12.11499,12.08568,2,3,2027-06-30,20,0,0,USD,USD,31227537408,222.04,140639243
ROK,3.09172,3.07734,3.10548,3.07907,3.13531,0,0,2026-12-31,11,3,1,14.84537,14.62837,14.87209,14.6173,14.91218,0,0,2027-09-30,28,4,1,3.67931,3.58255,3.68612,3.57437,3.68977,0,0,2026-09-30,22,3,1,13.21928,13.02599,13.22949,13.02159,13.23351,0,0,2026-09-30,28,3,1,USD,USD,50917838848,457.5899,111273953
ROL,0.26852,0.26873,0.26841,0.28319,0.26769,1,1,2026-12-31,14,0,0,1.30057,1.30425,1.29417,1.39438,1.28943,2,2,2027-12-31,19,0,0,0.35218,0.35292,0.35215,0.38675,0.34858,1,1,2026-09-30,14,0,0,1.17133,1.1722,1.17133,1.24474,1.1678,1,1,2026-12-31,17,0,0,USD,USD,14475258880,30.085,481145404
ROP,5.9061,5.90686,5.9061,5.8455,5.90518,3,2,2026-12-31,15,12,13,24.29241,24.14484,24.29241,23.87571,24.37902,3,0,2027-12-31,17,13,1,5.78878,5.78267,5.78878,5.65089,5.78936,0,0,2026-09-30,15,15,15,22.21842,22.21358,22.21842,21.93098,22.21774,0,0,2026-12-31,17,14,0,USD,USD,35775414272,361.73,98900874
ROST,2.24941,2.12382,2.25235,2.12382,2.25257,0,0,2027-01-31,10,2,1,8.91088,8.58578,8.91262,8.57529,8.95629,0,0,2028-01-31,12,2,1,1.82871,1.7272,1.83258,1.7272,1.83298,0,0,2026-10-31,10,1,1,8.61629,7.80748,8.67322,7.79597,8.7758,1,1,2027-01-31,11,0,0,USD,USD,71757922304,223.6975,320781076
RSG,1.79128,1.82841,1.79085,1.83371,1.79172,1,1,2026-12-31,23,0,0,8.05704,8.067,8.05896,8.0599,8.05973,0,0,2027-12-31,26,1,1,1.93039,1.93655,1.92865,1.92742,1.92735,1,1,2026-09-30,23,0,0,7.27639,7.28628,7.27601,7.2869,7.27601,1,1,2026-12-31,26,0,0,USD,USD,65918472192,215.27,306212978
RTX,1.82618,1.82507,1.82591,1.78394,1.8273,1,1,2026-12-31,18,0,0,7.85586,7.81259,7.85139,7.57957,7.85736,2,2,2027-12-31,23,1,0,1.76732,1.76565,1.76688,1.72903,1.76753,1,1,2026-09-30,18,1,1,7.24276,7.1863,7.2428,6.9139,7.2444,0,0,2026-12-31,23,1,1,USD,USD,248142479360,184.115,1347758144
RVTY,1.61223,1.61239,1.61714,1.67152,1.6148,12,12,2026-12-31,14,0,0,5.89237,5.89186,5.89115,5.83085,5.89389,3,3,2027-12-31,15,10,10,1.28976,1.28832,1.2926,1.31197,1.2935,12,12,2026-09-30,14,0,0,5.34998,5.34931,5.35029,5.24952,5.34904,0,0,2026-12-31,16,10,11,USD,USD,17317093376,155.19,111586401
SBAC,1.99095,1.9954,1.99095,1.86577,1.98873,1,1,2026-12-31,9,0,0,8.18447,8.20647,8.18447,8.17169,8.18047,1,0,2027-12-31,10,0,0,2.08641,2.09086,2.08641,2.01641,2.08641,1,1,2026-09-30,9,0,0,7.71072,7.71872,7.71072,7.54397,7.70972,1,1,2026-12-31,10,0,0,USD,USD,17652531200,166.395,106088110
SBUX,0.75295,0.75295,0.75106,0.76426,0.75053,7,5,2026-12-31,19,6,8,3.11556,3.1098,3.11314,3.00812,3.12013,0,0,2027-09-30,33,2,1,0.69936,0.69936,0.70043,0.67738,0.69954,0,0,2026-09-30,28,1,1,2.59046,2.58561,2.59137,2.38342,2.60031,0,0,2026-09-30,33,1,1,USD,USD,109394395136,95.96,1140000000
SCHW,1.78335,1.78469,1.78309,1.66684,1.78609,1,0,2026-12-31,19,2,2,7.80434,7.80276,7.83045,7.31041,7.87826,0,0,2027-12-31,23,4,3,1.67023,1.67034,1.67011,1.58175,1.66799,1,0,2026-09-30,19,1,1,6.48818,6.48941,6.48743,6.17858,6.48755,2,1,2026-12-31,22,2,2,USD,USD,167797440512,97.03,1729335714
SHW,2.37157,2.37115,2.37195,2.2812,2.37134,1,1,2026-12-31,22,0,0,13.61408,13.58762,13.59504,13.26619,13.55937,1,1,2027-12-31,27,0,0,3.69411,3.69632,3.6912,3.57561,3.68929,0,0,2026-09-30,22,18,17,12.10094,12.07014,12.09906,11.73893,12.09701,1,1,2026-12-31,27,1,0,USD,USD,78232453120,322.265,242758151
SJM,2.55365,2.55086,2.54012,2.54508,2.54012,7,7,2027-01-31,14,5,5,9.01,9.016,9.04,8.75429,9.04,1,1,2028-04-30,7,2,2,2.54758,2.55641,2.54758,2.55641,2.54758,6,7,2026-10-31,15,5,4,10.68938,10.0276,10.77271,10.00427,10.77271,0,0,2027-04-30,18,16,1,USD,USD,12456651776,116.61,106823183
SLB,0.7926,0.80225,0.78952,0.83724,0.77787,1,1,2026-12-31,22,1,0,3.23187,3.25904,3.217,3.32177,3.21318,1,0,2027-12-31,24,4,2,0.62098,0.62443,0.62102,0.66824,0.6219,1,0,2026-09-30,22,1,1,2.49839,2.50818,2.4944,2.56816,2.48099,4,2,2026-12-31,26,0,0,USD,USD,74400104448,50.13,1484143231
SMCI,1.04263,0.77129,1.04263,0.77772,1.03851,1,1,2026-12-31,17,0,0,5.32592,3.72485,5.32592,3.70913,5.32592,0,0,2028-06-30,17,8,8,1.03705,0.6553,1.03705,0.66131,1.03705,0,1,2026-09-30,17,14,12,4.3382,3.19216,4.3382,3.19179,4.33765,1,1,2027-06-30,18,0,0,USD,USD,28706101248,43.695,656965384
SNA,5.20188,5.20188,5.20278,5.15562,5.18311,0,0,2026-12-31,9,0,0,21.3601,21.3601,21.4051,21.3172,21.3603,0,0,2027-12-31,10,1,1,4.97012,4.97012,4.96233,5.013,4.93122,0,0,2026-09-30,9,0,0,19.83044,19.83044,19.8224,19.85544,19.7768,0,0,2026-12-31,10,0,0,USD,USD,19170072576,370.6,51727124
SNDK,52.77736,53.86,52.78862,50.99164,52.78862,7,0,2026-12-31,18,7,2,264.72162,270.00345,263.48553,232.88255,263.48553,4,1,2028-06-30,20,7,3,46.20664,45.83818,46.18405,42.93108,46.18405,3,3,2026-09-30,18,10,9,214.09818,220.33112,213.90302,204.4716,213.90302,7,2,2027-06-30,21,12,3,USD,USD,244532183040,1670.085,146419001
SNPS,4.33521,4.3148,4.33969,4.31045,4.47709,4,0,2027-01-31,11,11,1,17.51204,17.28051,17.58801,17.2614,18.58301,0,0,2027-10-31,17,19,3,4.1335,3.99687,4.12618,3.99807,4.12573,0,0,2026-10-31,16,15,16,15.1419,14.76945,15.12147,14.76849,15.13856,0,0,2026-10-31,21,21,0,USD,USD,96254296064,502.275,191636646
SO,0.49629,0.60597,0.50424,0.57049,0.54178,0,1,2026-12-31,11,0,0,4.92474,4.91873,4.92405,4.91751,4.92321,1,0,2027-12-31,22,1,1,1.65151,1.64028,1.65484,1.67561,1.64969,0,1,2026-09-30,11,0,0,4.58824,4.5762,4.58911,4.56422,4.5891,1,1,2026-12-31,21,1,0,USD,USD,97389740032,84.66,1150362966
SOLV,1.78997,1.7839,1.78894,1.7739,1.78985,1,0,2026-12-31,11,1,1,7.22102,7.08653,7.22632,7.04653,7.23032,1,1,2027-12-31,15,4,2,1.35044,1.41233,1.35348,1.42618,1.35439,0,0,2026-09-30,11,2,1,7.18324,6.55038,7.14371,6.55305,7.14437,0,0,2026-12-31,15,3,1,USD,USD,14899682304,87.53,170223729
SPG,1.8825,1.86364,1.87667,1.86364,1.83667,1,1,2026-12-31,3,1,1,6.69239,6.74039,6.79667,6.74039,6.77333,2,1,2027-12-31,3,1,0,1.6425,1.63649,1.62667,1.63649,1.62333,1,1,2026-09-30,3,0,0,6.605,6.44023,5.85,6.44225,5.85,2,0,2026-12-31,1,0,0,USD,USD,76440985600,201.36,323551515
SPGI,4.08157,4.08797,4.08157,4.35,4.07972,2,1,2026-12-31,20,0,0,20.23751,20.21965,20.21925,20.42,20.21738,2,1,2027-12-31,23,2,1,4.4256,4.42537,4.4236,4.435,4.42385,1,0,2026-09-30,20,1,1,17.87515,17.89292,17.87293,18.825,17.87121,1,0,2026-12-31,18,0,0,USD,USD,116932419584,396.65,294800000
SRE,1.41878,1.53328,1.41518,1.51141,1.41296,2,1,2026-12-31,9,0,0,5.53953,5.53686,5.5416,5.5388,5.53974,4,2,2027-12-31,17,1,0,1.08769,1.02101,1.07806,1.07608,1.06806,2,1,2026-09-30,9,0,0,5.10335,5.10749,5.10914,5.10772,5.10732,1,1,2026-12-31,16,3,1,USD,USD,51739865088,79.125,653900348
STE,2.81286,2.81286,2.81158,2.80571,2.80533,4,2,2026-12-31,8,0,0,12.24267,12.18,12.24711,12.10625,12.24711,0,0,2028-03-31,9,6,2,2.69714,2.69714,2.6852,2.69143,2.6777,2,1,2026-09-30,8,0,0,11.16723,11.1575,11.17167,11.16125,11.17167,1,0,2027-03-31,9,5,2,USD,USD,20517679104,210.4375,97500110
STLD,5.11933,4.92925,5.7639,4.80585,5.77223,1,0,2026-12-31,6,4,0,18.94531,18.86481,19.48043,18.17295,20.06537,1,0,2027-12-31,14,6,1,5.41269,5.30794,5.33249,5.1491,5.33555,3,0,2026-09-30,9,3,0,16.84739,16.61084,17.61416,16.31897,17.14032,2,0,2026-12-31,10,4,0,USD,USD,34261147648,239.04,143328088
STT,3.57994,3.57994,3.57394,3.37292,3.62439,2,2,2026-12-31,10,1,1,15.30297,15.30297,15.32369,14.3186,15.42235,0,0,2027-12-31,14,2,2,3.63787,3.63787,3.63787,3.38032,3.66775,1,2,2026-09-30,12,1,0,13.69424,13.69424,13.68962,12.86044,13.74662,2,2,2026-12-31,13,0,0,USD,USD,48054951936,174.935,274701765
STX,8.38022,8.38022,8.38022,6.44802,8.38022,0,0,2026-12-31,20,15,14,55.3714,55.3714,55.3714,42.48871,55.3714,0,0,2028-06-30,19,15,15,7.34882,7.34882,7.34882,5.70947,7.34882,0,0,2026-09-30,20,15,15,35.78091,35.78091,35.78091,27.44776,35.78091,0,0,2027-06-30,21,20,20,USD,USD,183774445568,808.1798,227393014
STZ,2.84693,2.84693,2.82367,2.84693,2.83109,7,5,2026-11-30,18,1,1,12.39194,12.39194,12.26895,12.3737,12.24548,9,6,2028-02-29,23,0,0,3.60896,3.60896,3.55014,3.60896,3.54593,7,5,2026-08-31,19,2,1,11.80013,11.80013,11.72794,11.7939,11.71253,9,6,2027-02-28,24,1,0,USD,USD,19665989632,115.155,170752511
SW,0.75044,0.77218,0.75663,0.73613,0.74558,0,0,2026-12-31,8,0,1,3.39887,3.3558,3.43101,3.21028,3.43078,0,0,2027-12-31,14,4,1,0.60808,0.65276,0.60957,0.76099,0.60617,0,0,2026-09-30,8,0,1,1.86851,1.96851,1.81496,2.19222,1.75124,2,1,2026-12-31,8,1,0,USD,USD,22370902016,42.65,524522908
SWK,1.69705,1.69497,1.6921,1.75678,1.6927,2,1,2026-12-31,12,1,1,6.3794,6.35369,6.37961,6.22747,6.37973,1,1,2027-12-31,14,2,1,1.5603,1.57305,1.56171,1.63338,1.56525,1,0,2026-09-30,12,2,2,5.6046,5.53103,5.60156,5.39547,5.60511,1,1,2026-12-31,14,2,1,USD,USD,13694188544,90.68,151016641
SWKS,1.31824,1.31393,1.31824,1.37719,1.32974,14,13,2026-12-31,20,4,4,4.9731,4.97325,4.96265,5.14914,4.98219,1,1,2027-09-30,22,0,0,1.27319,1.27434,1.27319,1.30674,1.27319,12,12,2026-09-30,21,8,8,5.04049,5.04242,5.0409,5.00543,5.0409,0,0,2026-09-30,23,0,0,USD,USD,19184805888,81.58,235165549
SYF,2.16708,2.16708,2.16114,2.30919,2.14465,3,2,2026-12-31,19,1,1,10.47276,10.47233,10.43834,10.53127,10.44171,2,1,2027-12-31,22,3,3,2.34886,2.34824,2.36199,2.59204,2.38205,0,0,2026-09-30,16,2,1,9.36541,9.38015,9.41647,9.2977,9.42242,1,0,2026-12-31,19,1,1,USD,USD,23446222848,72.06,325370840
SYK,5.15239,5.15197,5.1379,5.18264,5.1365,8,3,2026-12-31,23,1,1,16.75493,16.75938,16.72181,16.72377,16.70921,11,6,2027-12-31,27,0,0,3.58994,3.59536,3.57179,3.68468,3.56554,12,5,2026-09-30,24,0,0,15.01589,15.01108,14.99095,14.98346,14.9828,11,4,2026-12-31,27,1,1,USD,USD,107254693888,279.62,383573046
SYY,1.08583,1.06367,1.08465,1.06806,1.07606,1,1,2026-12-31,11,0,0,5.37905,5.25819,5.37147,5.28215,5.36524,1,1,2028-06-30,11,0,0,1.19485,1.1915,1.19275,1.19341,1.19217,1,1,2026-09-30,11,0,0,5.09076,4.93894,5.07338,4.95472,5.07068,1,1,2027-06-30,11,1,0,USD,USD,37877374976,77.0,491913960
T,0.52508,0.52508,0.52366,0.54526,0.52286,2,2,2026-12-31,18,0,0,2.56372,2.56372,2.57002,2.54935,2.56771,1,1,2027-12-31,22,4,4,0.60395,0.60395,0.60417,0.60746,0.60357,2,2,2026-09-30,20,1,1,2.33771,2.33771,2.33822,2.31402,2.33731,2,2,2026-12-31,24,2,2,USD,USD,165724946432,24.185,6852385650
TDG,9.6864,9.80569,9.62835,9.78449,9.5226,2,2,2026-12-31,6,3,3,48.49275,48.22854,48.3203,46.87188,48.40363,1,1,2027-09-30,21,2,1,12.1576,12.09637,12.17823,11.66243,12.18191,0,0,2026-09-30,19,0,0,41.19037,41.08482,41.19857,40.04402,41.20095,0,0,2026-09-30,21,0,0,USD,USD,61169553408,1106.61,55276525
TDY,6.49802,6.49782,6.50347,6.56652,6.503,0,0,2026-12-31,11,1,1,26.72592,26.67319,26.76683,26.00186,26.78005,0,0,2027-12-31,11,1,1,6.14291,6.1442,6.15018,6.00829,6.16237,0,0,2026-09-30,11,1,1,24.7178,24.71858,24.73052,24.13971,24.74225,0,0,2026-12-31,11,1,1,USD,USD,28946335744,624.44,46355673
TECH,0.47457,0.48243,0.47457,0.48252,0.48138,0,0,2026-12-31,6,1,1,2.30633,2.30199,2.30633,2.29996,2.31258,0,0,2028-06-30,9,3,3,0.42837,0.4389,0.42837,0.44084,0.44907,0,0,2026-09-30,7,1,1,2.01834,2.04354,2.01834,2.04528,2.01638,0,0,2027-06-30,11,2,2,USD,USD,11361480704,72.45,156818238
TEL,3.00619,2.98544,3.00119,2.92676,3.00111,1,1,2026-12-31,11,0,0,12.90607,12.85695,12.90295,12.61723,12.91682,1,1,2027-09-30,16,0,0,3.06717,3.04889,3.06717,2.97577,3.06737,1,1,2026-09-30,16,0,0,11.45376,11.45545,11.45376,11.24082,11.45489,1,1,2026-09-30,15,0,0,USD,USD,64357339136,222.295,289513228
TER,1.29328,1.23679,2.01373,1.22635,2.01373,0,0,2026-12-31,15,15,15,11.65247,11.55303,11.65247,9.83702,11.65247,1,0,2027-12-31,18,15,1,1.44346,1.38864,2.05052,1.3763,2.05052,0,0,2026-09-30,15,15,15,9.09129,9.09271,9.09129,7.2883,9.09129,0,0,2026-12-31,16,16,0,USD,USD,66957615104,428.28,156340750
TFC,1.20946,1.21085,1.13517,1.23922,1.0781,1,1,2026-12-31,15,3,1,5.00845,5.02496,5.00378,5.09414,5.00939,3,1,2027-12-31,18,3,3,1.11422,1.1146,1.16331,1.13156,1.06714,1,1,2026-09-30,15,4,2,4.62407,4.62551,4.6064,4.52603,4.48044,1,1,2026-12-31,18,4,2,USD,USD,56566423552,46.3042,1221626188
TGT,2.67243,2.55244,2.67243,2.54276,2.67243,1,1,2027-01-31,31,29,29,9.50192,8.94511,9.54775,8.92317,9.54803,0,0,2028-01-31,36,36,1,2.04765,1.90799,2.04765,1.90089,2.04798,2,2,2026-10-31,31,28,28,10.15288,8.38624,10.23974,8.35346,10.24002,0,0,2027-01-31,36,36,1,USD,USD,69493768192,152.97,454296736
TJX,1.50241,1.50231,1.48958,1.50231,1.49489,8,8,2027-01-31,15,5,5,5.75802,5.75965,5.7663,5.75965,5.77352,2,1,2028-01-31,18,12,2,1.344,1.34393,1.33932,1.34393,1.33651,7,2,2026-10-31,15,7,5,5.22531,5.22609,5.24378,5.22609,5.24989,2,1,2027-01-31,18,16,3,USD,USD,149838462976,136.22,1099974061
TKO,1.01104,0.70936,1.0123,0.75631,1.0123,0,0,2026-12-31,8,1,0,4.91984,3.95258,4.91207,4.39523,4.91207,1,1,2027-12-31,9,1,0,1.33964,1.0327,1.33839,1.1001,1.33839,1,0,2026-09-30,8,0,0,4.65347,3.89837,4.65347,4.17718,4.65347,2,1,2026-12-31,9,4,5,USD,USD,33353109504,176.22,73111098
TMO,7.27647,7.27638,7.26376,7.33837,7.25258,2,1,2026-12-31,19,1,0,27.52812,27.51077,27.54296,27.25511,27.55381,1,0,2027-12-31,27,2,1,6.4048,6.40501,6.40802,6.36615,6.4103,2,0,2026-09-30,21,1,1,25.12669,25.11905,25.13141,24.85481,25.12839,3,0,2026-12-31,26,1,1,USD,USD,245055569920,662.765,369747286
TMUS,2.76657,2.76657,2.76713,2.67968,2.76612,1,1,2026-12-31,18,2,2,13.89549,13.89549,13.89709,13.54396,13.92922,0,0,2027-12-31,22,3,3,2.9015,2.9015,2.90136,2.87591,2.90473,1,1,2026-09-30,18,1,1,10.94575,10.94575,10.94657,10.44163,10.94772,1,1,2026-12-31,22,2,2,USD,USD,175338913792,163.46,1072671613
TPL,2.28571,2.27826,2.33786,2.41746,2.64072,0,0,2026-12-31,2,2,1,9.57988,9.68852,9.76488,10.08286,10.32444,0,0,2027-12-31,2,2,1,2.12474,2.12124,2.16737,2.3998,2.35656,0,0,2026-09-30,2,2,1,8.71095,8.65813,8.80048,9.16854,9.30252,0,0,2026-12-31,2,2,1,USD,USD,24117686272,349.66,68974683
TPR,3.06836,3.05362,3.03607,3.04246,3.0324,8,8,2026-12-31,18,4,3,8.81752,8.78795,8.8709,8.70075,8.89953,3,5,2028-06-30,22,7,8,1.48089,1.48335,1.55516,1.48034,1.55654,1,0,2026-09-30,18,11,12,7.84775,7.79126,7.97863,7.76674,7.97284,2,4,2027-06-30,22,17,14,USD,USD,22964922368,115.73,198435342
TRGP,3.01667,3.02529,2.9629,3.01934,2.95459,3,1,2026-12-31,3,0,0,11.93076,12.18611,12.02201,11.82917,12.07959,1,1,2027-12-31,5,4,2,2.77912,2.81063,2.81092,2.77691,2.8175,1,0,2026-09-30,3,2,1,11.20637,11.23229,11.66941,11.16559,11.49723,0,0,2026-12-31,5,4,1,USD,USD,61268410368,285.7255,214431021
TRMB,1.15877,1.12945,1.15877,1.12695,1.16048,0,1,2026-12-31,11,10,4,4.1234,4.07976,4.1234,4.07668,4.13702,3,4,2027-12-31,12,9,3,0.86004,0.86947,0.86004,0.86947,0.86005,6,5,2026-09-30,11,1,0,3.66919,3.59081,3.66919,3.58773,3.67079,0,0,2026-12-31,12,12,6,USD,USD,14233297920,61.04,233179848
TROW,2.46025,2.45201,2.46227,2.36509,2.45127,1,1,2026-12-31,10,2,0,10.31891,10.26028,10.31737,9.86151,10.29275,2,1,2027-12-31,13,2,0,2.67182,2.65961,2.67099,2.54029,2.66849,2,1,2026-09-30,12,2,0,10.22143,10.19627,10.21682,9.72497,10.20528,2,1,2026-12-31,13,2,0,USD,USD,22069657600,103.46,213315850
TRV,9.62446,9.62446,9.63363,9.15586,9.62141,3,0,2026-12-31,23,18,1,30.20864,30.20864,30.27531,28.65289,30.34716,0,0,2027-12-31,27,3,2,6.83124,6.83124,6.83333,6.32578,7.00492,1,0,2026-09-30,24,21,1,34.05444,34.05444,34.06373,28.27804,34.23191,0,0,2026-12-31,28,1,1,USD,USD,75341471744,361.22,208575022
TSCO,0.40308,0.43967,0.40308,0.45374,0.40308,13,0,2026-12-31,13,0,0,2.04571,2.22245,2.04571,2.29584,2.04286,1,1,2027-12-31,14,0,0,0.40769,0.47851,0.40769,0.50057,0.40769,13,0,2026-09-30,13,0,0,1.8725,2.05506,1.8725,2.11533,1.8725,12,0,2026-12-31,12,0,0,USD,USD,16816571392,32.275,521040137
TSLA,0.48823,0.4913,0.48339,0.6338,0.47697,3,2,2026-12-31,24,2,2,2.15858,2.2042,2.16286,2.56154,2.14381,4,3,2027-12-31,31,1,1,0.45154,0.45385,0.43876,0.54698,0.43685,4,3,2026-09-30,24,1,1,1.76884,1.78244,1.75156,2.10624,1.72056,4,3,2026-12-31,32,1,1,USD,USD,1502072143872,380.315,3949547394
TSN,1.10903,1.11487,1.01517,1.1263,1.01088,5,1,2026-12-31,7,0,0,4.478,4.48085,4.17437,4.5236,4.12794,6,1,2027-09-30,11,1,0,1.12296,1.21802,0.84946,1.23158,0.78871,5,1,2026-09-30,8,0,0,3.95055,4.03306,3.7545,4.07034,3.70612,5,1,2026-09-30,10,1,0,USD,USD,18309509120,52.045,281792507
TT,3.59611,3.61174,3.61089,3.42447,3.60895,0,0,2026-12-31,19,0,1,17.48244,17.40328,17.52744,17.06899,17.61256,1,0,2027-12-31,25,5,1,4.69669,4.71647,4.72039,4.59132,4.7233,0,0,2026-09-30,19,0,1,15.25135,15.2488,15.26953,14.90051,15.26106,0,0,2026-12-31,24,1,1,USD,USD,105588023296,479.895,220023177
TTWO,1.82315,1.88718,1.82315,1.93333,1.82315,2,0,2026-12-31,9,5,1,5.29187,5.43306,5.2872,5.47361,5.2872,2,1,2028-03-31,15,2,0,-0.87646,-0.63083,-0.87646,-0.66071,-0.87646,6,1,2026-09-30,10,3,0,1.91661,2.05205,1.84245,1.75939,1.84245,2,1,2027-03-31,12,2,0,USD,USD,38000033792,203.23,186980443
TXN,2.27793,2.02037,2.27793,1.99959,2.27793,0,0,2026-12-31,24,24,21,10.1005,10.03407,10.1005,8.89054,10.1005,0,0,2027-12-31,28,23,22,2.41539,2.14396,2.41539,2.12382,2.41539,0,0,2026-09-30,24,24,20,8.5058,8.50003,8.5058,7.68001,8.5058,0,0,2026-12-31,26,25,24,USD,USD,271640969216,297.445,913247686
TXT,1.88107,1.86441,1.88107,1.86637,1.89759,8,3,2026-12-31,15,6,6,7.26303,7.2258,7.26303,7.29834,7.2671,9,7,2027-12-31,16,5,4,1.51808,1.55874,1.51808,1.65534,1.50335,15,10,2026-09-30,15,0,0,6.45697,6.4595,6.45697,6.51024,6.45852,10,9,2026-12-31,16,2,2,USD,USD,12971252736,75.42,171986917
TYL,3.42167,3.42167,3.42167,3.33703,3.42167,3,4,2026-12-31,22,16,16,15.35155,15.35155,15.35155,14.82487,15.35155,0,0,2027-12-31,23,21,22,3.46679,3.46679,3.46679,3.3724,3.46679,2,3,2026-09-30,22,17,17,13.09892,13.09892,13.09892,12.8824,13.09892,0,0,2026-12-31,23,20,21,USD,USD,13597792256,332.04,40952274
UAL,3.88068,3.99068,3.22654,3.87053,2.57537,5,2,2026-12-31,17,1,0,15.13651,15.4639,14.09745,14.71108,13.67049,8,3,2027-12-31,23,0,0,3.03678,3.19819,2.82245,3.36827,2.74455,5,1,2026-09-30,19,1,1,10.08819,10.35902,9.13373,10.23619,8.59155,8,3,2026-12-31,23,0,0,USD,USD,36278726656,111.77,324583772
UBER,1.04877,1.01581,1.00906,1.02688,1.00144,1,1,2026-12-31,29,3,1,4.63538,4.59099,4.55688,4.46016,4.53785,2,0,2027-12-31,38,7,2,0.95238,0.91474,0.91568,0.917,0.90921,2,2,2026-09-30,30,2,0,3.2478,3.04864,3.19237,3.03649,3.18081,1,1,2026-12-31,37,4,1,USD,USD,140732596224,68.9001,2042560121
UDR,0.12796,0.11811,0.14321,0.11679,0.14321,0,0,2026-12-31,10,3,1,0.56,0.56,0.56,0.56,0.56,1,1,2027-12-31,1,0,0,0.12722,0.11547,0.14136,0.11529,0.14136,1,0,2026-09-30,10,1,1,1.00481,0.91212,1.04425,0.85761,1.04325,1,0,2026-12-31,10,2,1,USD,USD,12473852928,33.955,321264222
UHS,5.66242,5.82547,5.71908,6.21272,5.71908,11,2,2026-12-31,15,1,0,24.01807,24.4937,23.9994,25.28057,23.99874,12,1,2027-12-31,15,1,1,5.19327,5.30842,5.20727,5.58961,5.18794,12,2,2026-09-30,15,0,0,22.52656,22.72211,22.59218,23.43311,22.57406,11,2,2026-12-31,16,2,0,USD,USD,10309470208,174.925,51687770
ULTA,9.06254,9.12127,9.06754,9.12127,9.06754,7,0,2027-01-31,16,8,1,31.93635,31.8617,31.98746,31.81907,31.98746,4,0,2028-01-31,18,13,1,5.61981,5.84579,5.59356,5.84579,5.59356,14,0,2026-10-31,16,1,1,28.92841,28.79042,28.95294,28.77306,28.9485,1,0,2027-01-31,18,16,1,USD,USD,23380213760,546.81,42757471
UNH,2.13627,2.17997,2.13627,2.59278,2.10279,2,2,2026-12-31,23,1,0,22.43537,22.43544,22.61019,20.93053,22.61019,1,0,2027-12-31,26,2,2,4.11844,4.07163,4.11844,3.73151,4.14931,1,0,2026-09-30,23,2,2,19.81226,19.8121,19.86706,18.38833,19.86706,0,0,2026-12-31,25,2,1,USD,USD,335837331456,374.1525,897594847
UNP,3.28197,3.28257,3.27814,3.23374,3.27746,2,2,2026-12-31,20,2,1,14.15497,14.15039,14.17988,13.75357,14.19446,1,1,2027-12-31,23,3,2,3.44405,3.44567,3.44093,3.31957,3.43805,1,1,2026-09-30,22,2,1,13.05258,13.05443,13.05661,12.6324,13.0517,1,1,2026-12-31,24,3,2,USD,USD,163456909312,275.145,594075498
UPS,2.7459,2.7446,2.74286,2.6673,2.74463,1,1,2026-12-31,23,1,0,8.0749,8.06776,8.06955,8.0065,8.06361,3,1,2027-12-31,28,0,0,1.63227,1.63314,1.62879,1.72619,1.62866,2,1,2026-09-30,23,0,0,7.20992,7.20671,7.20456,7.13154,7.20619,2,1,2026-12-31,28,1,0,USD,USD,78790885376,92.61,749349405
URI,13.07933,13.021,13.15263,12.67349,13.15263,0,0,2026-12-31,18,3,1,57.18555,56.98222,57.31793,53.86543,57.31793,0,0,2027-12-31,21,2,1,13.91757,13.8398,13.9033,13.35612,13.9033,1,1,2026-09-30,18,2,0,49.23641,49.02832,49.28697,47.2362,49.28697,0,0,2026-12-31,21,3,1,USD,USD,67898667008,1090.8733,62242489
USB,1.38674,1.38674,1.38893,1.36308,1.39151,2,1,2026-12-31,18,4,3,5.79982,5.79982,5.80868,5.71402,5.80251,2,1,2027-12-31,21,5,3,1.29991,1.29991,1.30611,1.2933,1.31385,0,0,2026-09-30,18,4,3,5.21409,5.21409,5.22203,5.10729,5.2309,0,0,2026-12-31,21,4,3,USD,USD,89027059712,57.14,1558051446
V,3.6281,3.62553,3.6281,3.60642,3.62739,4,0,2026-12-31,28,22,2,15.0043,14.94522,15.0043,14.87215,15.0043,4,0,2027-09-30,40,28,6,3.42922,3.43499,3.42922,3.44439,3.42922,16,2,2026-09-30,31,8,0,13.22816,13.204,13.22816,13.14598,13.22816,6,0,2026-09-30,39,30,2,USD,USD,693870526464,369.6,1704112694
VEEV,2.31751,2.31589,2.30745,2.31614,2.30745,13,13,2027-01-31,26,6,6,10.02777,10.03382,10.25064,10.03474,10.25064,0,0,2028-01-31,26,24,1,2.28343,2.28505,2.34318,2.28526,2.34318,0,0,2026-10-31,26,25,0,9.06152,9.06203,9.2354,9.06251,9.2354,0,0,2027-01-31,27,26,0,USD,USD,45988184064,284.0375,161908850
VICI,0.715,0.715,0.71,0.715,0.73,0,0,2026-12-31,1,0,0,2.935,2.935,2.93,2.935,2.99,0,0,2027-12-31,1,0,0,0.71,0.71,0.71,0.71,0.72,0,0,2026-09-30,1,0,0,2.895,2.895,2.94,2.895,2.75,0,0,2026-12-31,1,0,0,USD,USD,25021986816,22.725,1101077562
VLO,10.201,9.33756,12.94843,6.75436,13.7597,1,0,2026-12-31,17,8,2,30.66112,27.71585,38.04043,21.92569,40.93043,1,1,2027-12-31,18,9,1,16.38909,14.94975,18.90642,10.15781,19.08134,0,1,2026-09-30,17,9,1,43.07097,41.65926,47.58835,31.1524,48.56098,0,0,2026-12-31,19,10,3,USD,USD,121025986560,420.335,287927461
VLTO,1.12959,1.12752,1.12959,1.11001,1.1324,1,1,2026-12-31,12,9,8,4.77545,4.7707,4.77545,4.666,4.78908,1,1,2027-12-31,15,16,1,1.08787,1.08567,1.08787,1.07235,1.08999,2,2,2026-09-30,12,8,8,4.40177,4.39194,4.40177,4.25245,4.40293,0,0,2026-12-31,15,17,1,USD,USD,23628449792,96.92,243793344
VMC,2.25419,2.2532,2.25758,2.19833,2.22945,1,0,2026-12-31,16,1,0,10.77735,10.79272,10.59474,10.8291,10.51338,4,2,2027-12-31,22,0,0,3.02374,3.02523,3.01835,3.12396,2.9721,1,0,2026-09-30,16,0,0,9.15588,9.15343,9.12246,9.23312,9.06532,3,1,2026-12-31,21,0,0,USD,USD,32278063104,249.1,129578739
VMRK,0.40599,0.0,0.406,0.0,0.43533,0,0,2026-12-31,6,0,0,1.43023,0.0,1.47305,0.0,1.4702,0,0,2027-12-31,7,0,0,0.19319,0.0,0.19319,0.0,0.19319,0,0,2026-09-30,4,0,0,1.44873,0.0,1.48405,0.0,1.48405,0,0,2026-12-31,4,0,0,USD,USD,46716915712,60.375,773779120
VRSK,1.97589,1.97654,1.97589,1.98488,1.97589,8,1,2026-12-31,16,5,0,8.69625,8.68775,8.69836,8.67121,8.69836,6,1,2027-12-31,19,11,0,1.92751,1.94644,1.92751,1.94979,1.92751,12,12,2026-09-30,16,2,1,7.70876,7.6807,7.70718,7.66578,7.70718,3,1,2026-12-31,19,14,0,USD,USD,21458821120,164.87,130156012
VRSN,2.44284,2.44284,2.45784,2.40185,2.45784,0,0,2026-12-31,4,1,1,10.77213,10.75713,10.85963,10.35656,10.85963,0,0,2027-12-31,4,2,2,2.40254,2.40254,2.41504,2.37607,2.41504,0,0,2026-09-30,4,1,1,9.56571,9.56071,9.58071,9.47795,9.58071,0,0,2026-12-31,4,1,1,USD,USD,26360641536,291.6,90400000
VRT,2.21328,2.19806,2.21273,2.04112,2.21465,0,0,2026-12-31,25,2,1,9.12236,9.09736,9.16146,8.80623,9.17851,1,0,2027-12-31,30,2,1,1.82782,1.82043,1.82688,1.78326,1.8293,0,0,2026-09-30,25,2,1,6.73489,6.72315,6.73383,6.4858,6.73823,0,0,2026-12-31,29,2,1,USD,USD,98195079168,255.06,384988173
VRTX,4.93739,5.00637,4.56254,5.0284,4.56311,2,0,2026-12-31,13,0,0,21.99736,21.50969,20.0928,21.47137,20.10614,1,0,2027-12-31,15,1,1,4.91964,4.90738,-1.73713,4.95004,-1.21986,2,0,2026-09-30,12,0,0,19.03728,19.04863,16.16939,19.14589,16.17139,2,0,2026-12-31,15,0,0,USD,USD,126992793600,501.035,253460924
VST,2.96884,2.66604,3.09861,2.78584,3.13861,1,0,2026-12-31,5,0,1,10.34614,10.97963,10.38114,11.30191,10.35614,1,0,2027-12-31,10,0,1,2.59769,2.34343,2.58483,2.38958,2.58769,1,0,2026-09-30,7,1,1,9.58625,9.87612,9.47291,9.82651,9.57847,1,1,2026-12-31,9,0,0,USD,USD,54473592832,162.3,335635195
VTR,0.15,0.17,0.14,0.17,0.13333,0,0,2026-12-31,3,0,0,0.81667,0.84667,0.915,0.84667,0.79,1,1,2027-12-31,2,0,0,0.11,0.15,0.12,0.15,0.11,2,0,2026-09-30,3,0,0,0.61,0.535,0.61,0.535,0.44,1,1,2026-12-31,1,0,0,USD,USD,41943621632,81.77,512946359
VTRS,0.58326,0.61387,0.59061,0.62422,0.59061,2,1,2026-12-31,10,0,0,2.66846,2.62659,2.67329,2.66472,2.67329,3,0,2027-12-31,11,3,1,0.64997,0.64126,0.64497,0.65034,0.64497,2,1,2026-09-30,10,0,0,2.50058,2.45336,2.51684,2.47486,2.51684,0,0,2026-12-31,11,3,1,USD,USD,20163512320,17.555,1148590864
VZ,1.1479,1.14685,1.15718,1.11889,1.15354,1,1,2026-12-31,17,4,4,5.28049,5.27369,5.27826,5.26644,5.28694,3,3,2027-12-31,23,2,2,1.28314,1.28508,1.27719,1.29248,1.27988,3,3,2026-09-30,19,2,2,5.01203,5.02645,5.02552,4.93738,5.02527,5,5,2026-12-31,23,3,3,USD,USD,188211314688,45.3,4154775202
WAB,2.63725,2.63058,2.63725,2.52558,2.64107,0,0,2026-12-31,11,1,1,12.44222,12.37042,12.45551,12.15485,12.45551,0,0,2027-12-31,12,1,1,2.73278,2.73241,2.73278,2.75043,2.73278,7,0,2026-09-30,11,3,1,10.86295,10.83868,10.86647,10.61696,10.86647,0,0,2026-12-31,12,1,1,USD,USD,49767874560,294.6399,168910851
WAT,4.67036,4.67278,4.67444,4.67307,4.67538,11,2,2026-12-31,20,7,0,16.54658,16.56534,16.54669,16.4645,16.53739,10,1,2027-12-31,24,13,0,4.00084,3.99854,3.99736,4.0029,3.99723,5,0,2026-09-30,21,14,1,14.5756,14.56825,14.57463,14.51359,14.57607,2,1,2026-12-31,24,21,0,USD,USD,42969075712,437.63,98185855
WBD,-0.03586,0.01556,-0.03586,0.01484,-0.03586,6,6,2026-12-31,14,4,3,-0.0089,0.03859,-0.0139,0.05089,0.0065,1,1,2027-12-31,15,0,0,-0.0028,0.01178,-0.0028,0.01244,-0.0028,7,7,2026-09-30,14,3,3,-1.12178,-1.25454,-1.12511,-1.24669,-1.12511,1,1,2026-12-31,15,0,0,USD,USD,77595885568,30.95,2507136702
WDAY,2.93645,2.85625,2.94645,2.84636,2.94673,4,0,2027-01-31,35,31,1,13.21274,12.64386,13.23298,12.6402,13.23298,1,0,2028-01-31,41,38,1,2.73428,2.6409,2.74383,2.63255,2.74439,5,0,2026-10-31,36,30,1,11.06221,10.76117,11.07564,10.72392,11.07637,3,0,2027-01-31,41,35,0,USD,USD,44965392384,186.5784,196000000
WDC,4.67158,4.65113,4.67158,4.19694,4.67158,1,2,2026-12-31,19,12,8,31.74953,31.53716,31.74953,25.46498,31.74953,0,1,2028-06-30,20,10,8,4.0424,4.03227,4.0424,3.67758,4.0424,0,2,2026-09-30,19,13,9,20.09143,19.98416,20.09143,17.77023,20.09143,0,1,2027-06-30,22,16,13,USD,USD,149024178176,413.335,360540944
WEC,1.41897,1.505,1.35446,1.505,1.35446,2,1,2026-12-31,6,0,0,6.00687,6.01047,6.00687,6.01375,6.00687,3,2,2027-12-31,9,1,0,0.92254,0.8875,0.93413,0.8875,0.93413,1,1,2026-09-30,6,1,0,5.59747,5.59131,5.59747,5.59444,5.59747,1,0,2026-12-31,10,1,1,USD,USD,33324582912,102.2699,325849383
WELL,0.69,0.69,0.63,0.69,0.655,1,0,2026-12-31,2,1,1,3.135,3.36,3.18,3.36,3.18,2,1,2027-12-31,3,1,1,0.665,0.665,0.61,0.665,0.625,1,0,2026-09-30,2,1,1,0.0,3.01,2.88,3.01,2.88,0,0,2026-12-31,1,0,0,USD,USD,162337669120,225.29,720572011
WFC,1.85938,1.85937,1.86437,1.88246,1.8835,1,0,2026-12-31,19,5,2,7.96463,7.96397,8.00313,7.9137,8.02311,1,0,2027-12-31,21,4,2,1.84119,1.84118,1.84593,1.81593,1.84814,2,1,2026-09-30,19,4,1,7.30558,7.30556,7.31581,7.0192,7.32033,2,1,2026-12-31,21,5,2,USD,USD,245760409600,81.27,3023999336
WM,2.10282,2.10397,2.09949,2.18274,2.10157,1,1,2026-12-31,24,0,0,9.11924,9.14371,9.11638,9.24742,9.10852,2,1,2027-12-31,28,0,0,2.188,2.17951,2.188,2.20146,2.18758,12,1,2026-09-30,24,9,2,8.12753,8.125,8.12605,8.20434,8.14421,2,1,2026-12-31,28,0,0,USD,USD,83142762496,208.005,399715184
WMB,0.66577,0.62434,0.61589,0.6205,0.62744,1,0,2026-12-31,9,3,0,2.62099,2.56376,2.57899,2.56633,2.64558,3,0,2027-12-31,14,5,0,0.52079,0.54813,0.52194,0.54985,0.5339,4,1,2026-09-30,10,1,0,2.4601,2.42036,2.4162,2.40428,2.42858,4,0,2026-12-31,14,3,0,USD,USD,88624603136,72.455,1223167472
WMT,0.7834,0.8141,0.78481,0.81441,0.78526,27,0,2027-01-31,34,3,1,3.22287,3.27981,3.22995,3.28577,3.22545,4,2,2028-01-31,42,1,0,0.63485,0.68336,0.63531,0.68398,0.63515,30,1,2026-10-31,34,0,0,2.88432,2.89926,2.88627,2.90208,2.88541,16,1,2027-01-31,39,12,0,USD,USD,849047453696,106.69,7958079155
WRB,1.20716,1.20631,1.20716,1.18095,1.20831,0,0,2026-12-31,15,3,0,4.84091,4.83035,4.84091,4.78859,4.86146,0,0,2027-12-31,18,3,1,1.12033,1.11568,1.12033,1.08877,1.12408,0,0,2026-09-30,16,2,0,4.87392,4.85944,4.87392,4.6672,4.89169,0,0,2026-12-31,18,16,2,USD,USD,26063884288,70.21,371227529
WSM,3.28912,3.30173,3.29725,3.29971,3.2875,5,5,2027-01-31,12,8,7,10.24448,10.25164,10.50692,10.21039,10.50692,0,0,2028-01-31,13,14,13,2.12827,2.12549,2.13264,2.12016,2.19667,4,3,2026-10-31,12,9,9,9.37921,9.38478,9.85077,9.36104,9.85077,1,1,2027-01-31,13,12,11,USD,USD,28626229248,243.05,117779173
WST,2.27024,2.26787,2.27174,2.26272,2.27174,3,3,2026-12-31,12,4,4,9.96476,9.96476,9.98307,9.57164,9.97954,0,0,2027-12-31,17,1,1,2.18981,2.18981,2.19285,2.12536,2.19551,0,0,2026-09-30,14,9,9,8.95851,8.95851,8.962,8.61175,8.962,0,0,2026-12-31,17,14,15,USD,USD,26317367296,373.955,70375762
WTW,9.23632,9.22982,9.22532,9.13367,9.21882,1,1,2026-12-31,20,1,0,22.89174,22.8027,22.85365,22.16617,22.8527,1,1,2027-12-31,21,1,0,3.60888,3.60555,3.60269,3.57285,3.59079,2,1,2026-09-30,21,0,0,19.87121,19.84171,19.85571,19.50301,19.83771,1,1,2026-12-31,20,1,0,USD,USD,26984869888,290.56,92871937
WY,0.00724,0.01116,0.00724,0.01657,0.0061,1,0,2026-12-31,8,1,0,0.67246,0.67304,0.67246,0.69028,0.63777,2,1,2027-12-31,11,2,0,0.08996,0.09186,0.08996,0.07705,0.07998,0,0,2026-09-30,9,1,0,0.32829,0.33031,0.32829,0.29704,0.31632,0,0,2026-12-31,10,1,0,USD,USD,13315598336,18.475,720736000
WYNN,1.22776,1.28839,1.2281,1.31763,1.2281,2,0,2026-12-31,14,0,1,4.78387,5.01822,4.79148,5.18853,4.79148,5,1,2027-12-31,10,3,0,0.9131,0.95814,0.9151,0.97651,0.9151,1,0,2026-09-30,14,1,1,4.70004,4.63949,4.70195,4.78939,4.70195,2,0,2026-12-31,17,1,1,USD,USD,7960910848,77.31,102973891
XEL,1.0189,1.04436,1.0189,1.02453,1.0049,1,1,2026-12-31,10,1,0,4.54143,4.53802,4.54032,4.53193,4.53767,1,1,2027-12-31,19,2,0,1.30939,1.38465,1.30939,1.39514,1.30839,1,1,2026-09-30,10,1,0,4.11442,4.11512,4.11505,4.11196,4.11534,0,0,2026-12-31,17,2,1,USD,USD,44823760896,71.76,624634306
XOM,2.99819,3.0464,3.06273,2.91612,3.32212,2,1,2026-12-31,16,1,0,10.64294,10.63977,11.076,10.79305,11.34796,2,0,2027-12-31,22,5,2,3.58701,3.56912,3.65013,3.35962,3.76307,0,0,2026-09-30,17,3,1,11.69665,11.77767,12.07541,11.32165,12.3571,0,0,2026-12-31,15,6,2,USD,USD,681384935424,165.71,4111911960
XYL,1.64971,1.65116,1.64971,1.63069,1.64485,4,1,2026-12-31,18,12,0,6.24551,6.18864,6.24551,6.09567,6.22771,3,0,2027-12-31,20,17,1,1.45469,1.45478,1.45469,1.45939,1.45368,11,11,2026-09-30,18,5,3,5.66453,5.65856,5.66453,5.53723,5.65931,0,1,2026-12-31,20,21,1,USD,USD,24435562496,104.655,233486812
XYZ,1.15755,1.16354,1.1586,1.17672,1.15871,2,0,2026-12-31,31,1,1,5.15522,5.11974,5.18548,4.96964,5.19694,1,1,2027-12-31,40,3,1,1.02444,1.03324,1.02398,1.01074,1.02348,1,1,2026-09-30,32,2,0,4.04709,3.98809,4.04742,3.89666,4.04766,2,1,2026-12-31,40,1,0,USD,USD,45978841088,76.53,540816000
YUM,1.94009,1.94821,1.80429,1.99285,1.79973,2,2,2026-12-31,10,1,0,7.45803,7.43175,6.92973,7.4652,6.9803,3,1,2027-12-31,12,0,0,1.5858,1.59394,1.4804,1.69202,1.47994,3,2,2026-09-30,10,0,0,6.62624,6.64773,6.39219,6.75433,6.40469,2,0,2026-12-31,12,0,0,USD,USD,37944164352,139.04,272901085
ZBH,2.4925,2.50922,2.4925,2.50763,2.4925,15,1,2026-12-31,24,4,1,9.06726,9.06001,9.06726,8.98961,9.06689,5,1,2027-12-31,27,19,2,1.88234,1.8836,1.88234,1.87586,1.88234,7,1,2026-09-30,24,12,1,8.53381,8.52095,8.53381,8.48172,8.53381,1,2,2026-12-31,27,22,1,USD,USD,17213523968,90.2471,190737689
ZBRA,5.18471,5.16677,5.18769,4.91361,5.18769,0,0,2026-12-31,15,1,1,22.23966,22.13302,22.2279,20.70443,22.2404,1,0,2027-12-31,16,1,1,4.89072,4.84642,4.8999,4.54722,4.8999,0,0,2026-09-30,15,1,1,21.12142,20.66906,21.03934,18.54174,21.03934,0,0,2026-12-31,16,1,1,USD,USD,18196862976,384.625,47310660
ZTS,1.29916,1.52354,1.29506,1.63933,1.2959,13,2,2026-12-31,12,0,0,6.53144,7.22131,6.53895,7.39629,6.54458,15,1,2027-12-31,16,0,0,1.50792,1.74663,1.5135,1.84566,1.51427,13,1,2026-09-30,13,0,1,6.2064,6.67599,6.20792,6.87905,6.20935,15,1,2026-12-31,14,0,0,USD,USD,29260322816,70.8099,413223602
