ticker,+1q_30daysAgo,+1q_60daysAgo,+1q_7daysAgo,+1q_90daysAgo,+1q_current,+1q_dn30,+1q_dn7,+1q_end,+1q_n,+1q_up30,+1q_up7,+1y_30daysAgo,+1y_60daysAgo,+1y_7daysAgo,+1y_90daysAgo,+1y_current,+1y_dn30,+1y_dn7,+1y_end,+1y_n,+1y_up30,+1y_up7,0q_30daysAgo,0q_60daysAgo,0q_7daysAgo,0q_90daysAgo,0q_current,0q_dn30,0q_dn7,0q_end,0q_n,0q_up30,0q_up7,0y_30daysAgo,0y_60daysAgo,0y_7daysAgo,0y_90daysAgo,0y_current,0y_dn30,0y_dn7,0y_end,0y_n,0y_up30,0y_up7,currency,eps_ccy,mcap,price,shares
A,1.5011,1.51469,1.49996,1.51069,1.49814,6,6,2027-01-31,11,4,4,6.74897,6.61176,6.75735,6.61234,6.75811,1,1,2027-10-31,22,19,19,1.7283,1.71545,1.72694,1.71545,1.72487,3,4,2026-10-31,18,10,9,6.20237,6.05944,6.20196,6.06099,6.20066,0,0,2026-10-31,21,19,19,USD,USD,47302025216,167.78,281928854
AAPL,2.89268,2.90908,2.90313,2.94829,2.90586,1,1,2026-12-31,22,1,0,9.53058,9.58609,9.58154,9.68258,9.57579,7,1,2027-09-30,40,2,1,1.97656,1.97898,1.97754,2.00836,1.97865,14,0,2026-09-30,27,7,1,8.81248,8.81411,8.81945,8.75958,8.82022,2,1,2026-09-30,39,5,0,USD,USD,4869931925504,333.69,14594180000
ABBV,3.8671,3.97211,3.86769,3.9921,3.86186,13,0,2026-12-31,18,1,1,16.28202,16.26418,16.26754,16.26292,16.25892,9,0,2027-12-31,25,10,3,3.84425,3.83522,3.84425,3.8485,3.84375,7,0,2026-09-30,19,6,1,14.0106,14.13609,14.01058,14.24661,14.00737,20,0,2026-12-31,26,1,2,USD,USD,464433774592,262.82,1767117285
ABNB,0.81964,0.79455,0.83745,0.80053,0.8335,7,5,2026-12-31,31,18,19,6.18575,6.04083,6.24489,6.05157,6.25014,9,0,2027-12-31,39,25,2,2.85112,2.76402,2.86749,2.75852,2.85272,4,0,2026-09-30,32,21,1,5.29333,5.09192,5.31342,5.09317,5.29812,4,0,2026-12-31,39,30,2,USD,USD,97260748800,162.43,419529556
ABT,1.63784,1.63754,1.63784,1.6174,1.63784,0,0,2026-12-31,22,15,1,6.06487,6.06253,6.06545,6.05808,6.06578,2,0,2027-12-31,26,3,1,1.41953,1.41931,1.41953,1.42094,1.41998,10,1,2026-09-30,22,7,1,5.51886,5.5172,5.51967,5.48217,5.51927,1,0,2026-12-31,26,5,1,USD,USD,169826779136,97.5,1741813154
ACGL,2.47419,2.47684,2.46118,2.49946,2.48184,11,1,2026-12-31,17,4,0,9.75731,9.774,9.75081,9.88672,9.76831,9,0,2027-12-31,20,7,1,1.84354,1.83188,1.84388,1.84652,1.92441,8,1,2026-09-30,19,6,0,9.37453,9.39287,9.37303,9.28109,9.45603,2,1,2026-12-31,20,15,0,USD,USD,31917598720,93.6,341000000
ACN,3.15806,3.16017,3.14742,3.16224,3.15554,1,1,2027-02-28,19,0,0,15.74742,15.79158,15.72719,15.78434,15.97358,1,0,2027-08-31,25,1,1,3.98593,3.98793,3.98708,3.99033,3.98458,1,1,2026-08-31,20,0,0,,,,,,,,2026-08-31,,,,USD,USD,121715277824,198.9,611942109
ADBE,6.73991,6.74252,6.76066,6.73317,6.76066,2,1,2027-02-28,26,0,0,27.49816,27.48687,27.67328,27.5285,27.67328,1,0,2027-11-30,36,1,1,6.33212,6.31791,6.33138,6.31849,6.33138,0,0,2026-11-30,29,1,1,24.41209,24.4109,24.48076,24.42238,24.48076,0,0,2026-11-30,34,0,0,USD,USD,94481776640,237.69,397500000
ADI,3.46398,3.44833,3.79254,3.41423,3.78784,0,0,2027-01-31,25,21,21,16.33678,15.06237,16.34812,14.7813,16.34812,0,0,2027-10-31,30,23,23,3.54564,3.52064,3.84965,3.49182,3.84925,1,1,2026-10-31,26,21,21,12.84498,12.43447,12.89498,12.34056,12.89498,1,1,2026-10-31,29,23,23,USD,USD,202136485888,417.15,484565465
ADM,1.38439,1.35569,1.3691,1.27166,1.36996,2,1,2026-12-31,7,3,0,5.6325,5.45572,5.73501,5.29795,5.67012,0,0,2027-12-31,11,8,1,1.54058,1.31144,1.55985,1.26471,1.56674,0,0,2026-09-30,7,6,1,5.49912,4.66033,5.49173,4.63658,5.49998,0,0,2026-12-31,8,6,0,USD,USD,38773399552,80.45,481956527
ADP,2.91976,2.92352,2.91766,2.91863,2.91699,3,2,2026-12-31,15,8,0,13.39844,13.35369,13.39844,13.32119,13.39844,5,5,2028-06-30,18,7,6,2.77025,2.75702,2.76862,2.75264,2.76328,3,2,2026-09-30,15,9,0,12.25722,12.20285,12.25773,12.19344,12.25829,4,1,2027-06-30,18,13,1,USD,USD,102106095616,257.68,396251548
ADSK,3.20027,3.31416,3.1999,3.31139,3.1999,21,20,2027-01-31,28,1,2,14.18783,14.25833,14.19939,14.26438,14.19939,18,1,2028-01-31,36,14,1,3.06822,3.15003,3.06793,3.14995,3.06793,20,20,2026-10-31,28,1,1,12.59504,12.61216,12.61244,12.60775,12.61244,15,1,2027-01-31,36,15,1,USD,USD,44308000768,212.0,209000000
AEE,0.66265,0.68252,0.68638,0.69816,0.69169,2,1,2026-12-31,5,2,2,5.83427,5.83641,5.83427,5.8458,5.83427,1,1,2027-12-31,6,0,0,2.35864,2.40199,2.33864,2.40208,2.34296,2,1,2026-09-30,4,1,1,5.39756,5.38117,5.39756,5.3707,5.39756,1,1,2026-12-31,7,1,1,USD,USD,27667716096,99.94,276843251
AEP,1.44141,1.2455,1.44141,1.25837,1.44141,0,0,2026-12-31,12,10,3,6.85316,6.84672,6.85684,6.85781,6.85684,1,0,2027-12-31,19,5,1,1.90757,1.97981,1.90757,1.96663,1.90757,1,1,2026-09-30,13,7,2,6.37571,6.35004,6.38203,6.35671,6.38203,1,0,2026-12-31,19,5,2,USD,USD,65093595136,119.57,544397352
AES,0.588,0.588,0.588,0.638,0.596,1,0,2026-12-31,1,0,0,2.37772,2.37954,2.37772,2.37954,2.3705,1,1,2027-12-31,10,1,1,0.7295,0.7295,0.7295,0.8095,0.929,1,0,2026-09-30,1,0,0,0.0,2.28845,0.0,0.0,2.28745,0,1,2026-12-31,10,0,0,USD,USD,10633181184,14.91,713157713
AFL,1.70963,1.71398,1.70963,1.7379,1.71173,4,1,2026-12-31,13,3,0,7.54144,7.54642,7.54144,7.59298,7.55275,5,2,2027-12-31,15,4,1,1.78845,1.77848,1.78845,1.79291,1.7898,4,1,2026-09-30,13,4,1,7.01529,7.01797,7.01529,7.04354,7.01493,5,2,2026-12-31,16,3,0,USD,USD,55919833088,111.54,501343298
AIG,2.10962,2.13852,2.10962,2.14769,2.11723,9,1,2026-12-31,17,6,0,8.78378,8.83737,8.78651,8.89907,8.80838,12,0,2027-12-31,22,5,1,1.80229,1.82459,1.80229,1.83494,1.82667,9,1,2026-09-30,18,7,0,8.0427,7.98219,8.04543,8.02992,8.06957,3,0,2026-12-31,22,16,1,USD,USD,39180386304,74.93,522893169
AIZ,5.37748,5.49109,5.37748,5.48252,5.34872,4,1,2026-12-31,6,2,0,23.43346,22.56022,23.43346,22.5245,23.43346,0,0,2027-12-31,7,7,1,4.52437,4.46712,4.52437,4.45855,4.60294,3,0,2026-09-30,7,4,1,22.26528,21.09036,22.26528,21.06179,22.35814,0,0,2026-12-31,7,7,0,USD,USD,13185229824,267.32,49323767
AJG,2.81895,2.82708,2.80263,2.79669,2.80187,4,0,2026-12-31,18,12,2,14.89075,14.87105,14.86305,14.8714,14.86495,7,0,2027-12-31,22,9,1,3.06347,3.08061,3.00969,3.07313,2.99934,8,1,2026-09-30,19,8,1,13.18336,13.2071,13.1275,13.19908,13.11613,6,0,2026-12-31,21,10,2,USD,USD,57961263104,226.11,256341000
AKAM,1.80641,1.80309,1.81154,1.80458,1.77078,9,0,2026-12-31,21,10,3,7.16519,7.20416,7.21229,7.14075,6.84915,13,1,2027-12-31,23,10,2,1.68395,1.70151,1.68032,1.69991,1.67134,11,2,2026-09-30,21,9,1,6.69605,6.71341,6.69423,6.71495,6.63954,11,2,2026-12-31,24,12,1,USD,USD,15653612544,108.92,143716609
ALB,2.18715,3.24824,2.22021,3.27705,2.2195,12,0,2026-12-31,14,0,0,11.29725,12.46862,11.29725,12.43333,11.29447,11,1,2027-12-31,18,4,0,2.49904,3.43995,2.5591,3.54789,2.54977,10,0,2026-09-30,15,3,0,11.56498,12.55922,11.56498,12.40853,11.55664,12,0,2026-12-31,18,4,0,USD,USD,12342148096,104.59,118005057
ALGN,3.22846,3.29105,3.22846,3.2896,3.22077,9,12,2026-12-31,13,3,1,12.54855,12.37549,12.54855,12.37282,12.50527,4,4,2027-12-31,16,11,12,2.7922,2.89791,2.7922,2.89761,2.79204,12,13,2026-09-30,13,1,1,11.29194,11.35954,11.29194,11.3616,11.28962,10,12,2026-12-31,16,3,2,USD,USD,10211269632,143.74,71039852
ALL,9.10479,8.666,9.18058,8.5796,9.19005,4,0,2026-12-31,18,12,1,27.60784,26.50911,27.74057,26.28726,27.78148,2,0,2027-12-31,22,17,1,6.41686,5.98565,6.43949,5.83475,6.44581,1,0,2026-09-30,19,15,1,35.2329,31.44608,35.26017,30.23182,35.22452,0,0,2026-12-31,23,20,0,USD,USD,56574439424,223.74,252857950
ALLE,2.25906,2.2583,2.26306,2.2656,2.25743,4,1,2026-12-31,10,2,0,9.77419,9.7161,9.77328,9.56589,9.78221,0,0,2027-12-31,11,10,1,2.49366,2.49432,2.49566,2.48524,2.5038,3,1,2026-09-30,10,3,0,8.95099,8.9507,8.95645,8.78904,8.95781,0,1,2026-12-31,11,10,0,USD,USD,13113523200,154.21,85036786
AMAT,4.20383,3.7941,4.19781,3.74513,4.19948,0,1,2027-01-31,24,21,18,18.45829,16.90444,18.45479,16.40414,18.45951,1,1,2027-10-31,35,28,1,4.06032,3.63515,4.06032,3.60975,4.06032,0,0,2026-10-31,25,25,0,12.79441,12.27359,12.79441,12.23922,12.7891,1,0,2026-10-31,31,29,0,USD,USD,428574343168,540.04,793597443
AMCR,0.93937,0.8985,0.8675,0.0,0.8675,0,0,2026-12-31,4,0,0,4.33994,4.325,4.35667,0.0,4.35667,0,0,2027-12-31,5,0,0,1.055,0.0,0.98832,0.0,0.995,0,0,2026-09-30,4,0,0,4.03379,4.1,4.0375,0.0,4.0375,0,0,2026-12-31,4,0,0,USD,USD,19337048064,41.86,461945690
AMD,2.65132,2.62834,2.65183,2.58298,2.64876,10,1,2026-12-31,39,23,0,15.32884,13.91754,15.57829,13.17704,15.58329,3,0,2027-12-31,50,33,1,1.92527,1.85552,1.92579,1.81001,1.92938,3,4,2026-09-30,39,25,22,7.56794,7.46407,7.57578,7.38468,7.5768,9,1,2026-12-31,49,28,1,USD,USD,1034842210304,633.91,1632475042
AME,2.17239,2.14084,2.17786,2.1358,2.18754,2,0,2026-12-31,18,12,2,9.59674,8.80759,9.62001,8.79244,9.61339,0,0,2027-12-31,11,3,2,2.09507,2.05053,2.10007,2.0455,2.10271,1,0,2026-09-30,18,14,2,8.33567,8.15222,8.3409,8.13666,8.35366,0,0,2026-12-31,19,17,2,USD,USD,57743110144,251.93,229203002
AMGN,5.80226,5.76693,5.80226,5.8458,5.80226,12,3,2026-12-31,27,11,0,24.39759,23.43866,24.40867,23.46449,24.44897,0,1,2027-12-31,33,31,1,5.78099,5.75962,5.78099,5.75654,5.78099,10,3,2026-09-30,27,13,0,23.04147,22.35162,23.04171,22.38933,23.05565,1,1,2026-12-31,33,31,0,USD,USD,217896321024,403.04,540632005
AMP,12.40917,12.36833,12.40917,11.41778,12.38167,0,0,2026-12-31,12,9,1,51.66846,51.54462,51.66846,48.20308,51.57308,1,0,2027-12-31,13,11,1,11.795,11.7825,11.795,11.00556,11.77083,0,0,2026-09-30,12,9,1,46.52667,46.38923,46.52667,44.42692,46.47583,1,0,2026-12-31,12,11,1,USD,USD,43396444160,490.91,88400000
AMT,1.61158,1.61047,1.65935,1.61269,1.65935,0,0,2026-12-31,7,6,6,6.87466,6.87284,7.00103,6.87284,7.01004,4,3,2027-12-31,9,4,5,1.58062,1.57729,1.63658,1.57617,1.63658,0,0,2026-09-30,7,7,7,6.60145,6.59508,6.98352,6.59508,6.98352,0,0,2026-12-31,7,7,7,USD,USD,75578720256,162.2,465960048
AMZN,2.44095,2.44074,2.43515,2.38074,2.43759,2,1,2026-12-31,41,4,1,10.49594,10.41668,10.5028,9.98837,10.51492,1,0,2027-12-31,52,8,2,1.95271,1.95144,1.9419,1.9183,1.94595,1,0,2026-09-30,44,4,1,12.89099,12.4977,12.87919,8.68617,12.88199,1,0,2026-12-31,50,7,2,USD,USD,2712973606912,251.52,10786313572
ANET,1.14825,0.97067,1.148,0.96653,1.14768,0,0,2026-12-31,25,23,23,5.15956,4.46749,5.18742,4.45434,5.20199,0,0,2027-12-31,29,26,26,1.07679,0.9167,1.07656,0.91297,1.07669,0,0,2026-09-30,26,23,23,4.11295,3.63631,4.11217,3.62724,4.1121,0,0,2026-12-31,29,26,26,USD,USD,261514952704,207.35,1261224648
AON,5.22272,5.37527,5.07821,5.39459,5.01358,11,12,2026-12-31,20,2,0,21.2371,21.35361,20.28863,21.40679,20.25252,11,11,2027-12-31,18,1,1,3.37821,3.40473,3.3565,3.40922,3.33161,10,10,2026-09-30,21,2,1,18.90215,19.06957,18.73509,19.11547,18.63286,13,13,2026-12-31,22,1,0,USD,USD,57157201920,269.45,212125434
AOS,0.96535,0.98447,0.96535,0.98673,0.96267,7,7,2026-12-31,11,4,4,4.09609,4.16223,4.09059,4.17175,4.08631,8,1,2027-12-31,12,1,0,0.89913,0.99625,0.89913,0.99631,0.89752,11,11,2026-09-30,11,0,0,3.74322,3.75636,3.74322,3.76959,3.73932,10,8,2026-12-31,12,0,2,USD,USD,7712811520,56.75,110047214
APA,1.17378,1.08197,1.4371,1.28958,1.4596,7,1,2026-12-31,22,13,3,4.20569,4.12438,4.4702,4.2571,4.5326,6,2,2027-12-31,25,14,2,1.23904,1.19425,1.36732,1.51405,1.39932,10,1,2026-09-30,23,11,3,5.83291,5.5488,6.18728,6.29194,6.236,10,1,2026-12-31,25,12,3,USD,USD,15303354368,43.68,350351510
APD,3.46607,3.44005,3.46607,3.4398,3.47429,1,0,2026-12-31,9,6,3,14.43529,14.42053,14.43686,14.22446,14.43686,2,1,2027-09-30,22,17,0,3.61017,3.60643,3.61127,3.52318,3.58962,0,0,2026-09-30,19,17,3,13.44213,13.42459,13.45376,13.17255,13.45376,0,0,2026-09-30,22,19,0,USD,USD,61810827264,277.57,222685530
APH,0.73571,0.73533,0.74077,0.65122,0.7426,0,0,2026-12-31,16,0,0,3.23869,3.22398,3.28029,2.863,3.28764,1,0,2027-12-31,19,2,1,0.71883,0.71837,0.72208,0.6311,0.72133,3,2,2026-09-30,16,1,1,2.65831,2.65845,2.66904,2.41239,2.66965,2,1,2026-12-31,18,2,2,USD,USD,214440476672,86.96,2465966914
APO,2.44689,2.44786,2.44689,2.48195,2.43959,7,1,2026-12-31,16,5,0,10.73575,10.66935,10.73575,10.69422,10.6992,4,0,2027-12-31,22,13,1,2.26105,2.29119,2.26105,2.32447,2.2551,9,3,2026-09-30,17,4,3,8.76688,8.84769,8.76545,8.9335,8.74173,15,1,2026-12-31,22,2,0,USD,USD,67333730304,114.02,590543159
APP,4.5249,4.66529,4.48333,4.69837,4.45462,13,3,2026-12-31,18,4,0,20.15112,21.16438,20.00319,21.08177,20.00319,19,2,2027-12-31,27,5,0,4.02918,4.06946,4.02971,4.08496,4.01247,12,2,2026-09-30,18,5,1,15.69901,16.01845,15.66562,16.06607,15.66192,15,2,2026-12-31,27,7,0,USD,USD,89759965184,268.22,304443000
APTV,1.63473,1.65552,1.62767,1.66442,1.6258,10,9,2026-12-31,15,5,5,6.51182,6.76251,6.54602,6.81196,6.54339,15,4,2027-12-31,18,2,1,1.33226,1.59814,1.32883,1.60848,1.3275,15,14,2026-09-30,15,0,0,5.72425,5.91423,5.72623,6.12158,5.72354,17,3,2026-12-31,18,0,1,USD,USD,9213958144,43.54,211620527
ARE,-0.08,-0.08,-0.08,-0.08,-0.1,1,1,2026-12-31,1,0,0,-0.88,-0.88,-0.88,-0.88,-0.81,0,0,2027-12-31,1,1,1,-0.05,-0.05,-0.05,-0.05,0.0,0,0,2026-09-30,1,1,1,1.46172,2.06212,1.46172,1.84967,1.45672,4,2,2026-12-31,6,0,0,USD,USD,8152153088,47.37,172095277
ARES,1.99968,1.97514,1.99304,1.95665,1.98973,3,3,2026-12-31,13,5,6,7.19193,7.19426,7.19056,7.31637,7.18171,7,0,2027-12-31,17,3,1,1.30334,1.33251,1.29616,1.47691,1.29429,8,9,2026-09-30,14,0,0,5.85105,5.84859,5.83786,5.93373,5.8327,8,0,2026-12-31,17,2,1,USD,USD,39000260608,117.55,223957742
ATO,2.63194,2.64162,2.63194,2.62472,2.62694,1,1,2026-12-31,6,1,0,9.01774,9.01962,9.02064,8.99099,9.0191,1,0,2027-09-30,13,3,2,1.16665,1.24257,1.15776,1.18193,1.14609,3,3,2026-09-30,6,1,0,8.46368,8.44249,8.46088,8.42884,8.45815,0,1,2026-09-30,11,3,0,USD,USD,26559932416,157.17,168988553
AVGO,4.13523,4.12974,4.07566,4.12187,4.07938,19,21,2027-01-31,35,8,7,19.56806,19.55845,19.3807,19.4616,19.39382,25,26,2027-10-31,48,11,11,3.88103,3.87377,3.82526,3.86088,3.82763,22,23,2026-10-31,40,8,8,11.62899,11.62543,11.65601,11.6237,11.65755,13,15,2026-10-31,48,21,20,USD,USD,1695307005952,355.14,4773629865
AVY,2.4893,2.4893,2.4893,2.58002,2.48805,9,9,2026-12-31,10,1,1,11.18624,11.18624,11.18624,11.11573,11.18576,1,1,2027-12-31,11,7,7,2.33004,2.33004,2.33004,2.50328,2.33072,10,10,2026-09-30,10,0,0,10.17247,10.17247,10.1861,10.02696,10.18558,0,0,2026-12-31,11,10,10,USD,USD,12993421312,169.87,76490385
AWK,1.41391,1.42006,1.41462,1.40032,1.41462,3,0,2026-12-31,5,0,1,6.5658,6.5658,6.56585,6.5588,6.56585,0,0,2027-12-31,10,1,0,2.07817,2.08734,2.07853,2.08917,2.08053,1,0,2026-09-30,5,2,1,6.08427,6.08427,6.08475,6.0817,6.08475,0,0,2026-12-31,11,0,0,USD,USD,25884450816,130.25,198728989
AXON,2.27991,2.27737,2.28047,2.27062,2.27491,6,7,2026-12-31,18,10,9,10.55937,10.51633,10.55187,10.57336,10.54387,5,4,2027-12-31,20,12,13,1.96133,2.03257,1.96074,2.01789,1.9478,9,10,2026-09-30,17,5,4,7.71309,7.72394,7.66959,7.68883,7.65309,5,6,2026-12-31,20,11,10,USD,USD,33579487232,413.35,81237415
AXP,4.28788,4.28657,4.28051,4.35337,4.28595,14,0,2026-12-31,22,7,1,20.10854,20.12019,20.16516,20.14033,20.14671,14,1,2027-12-31,27,9,1,4.58671,4.59314,4.60222,4.68512,4.57689,17,0,2026-09-30,23,5,1,17.6721,17.67404,17.69699,17.69715,17.68011,15,1,2026-12-31,27,8,1,USD,USD,204470304768,302.78,675309833
AZO,32.26647,32.42214,31.60915,32.42214,31.6328,2,1,2027-02-28,21,0,0,195.55737,195.787,190.51833,195.92168,190.42522,1,0,2028-08-31,24,1,1,38.08905,38.14492,35.36542,38.14492,35.30755,2,1,2026-11-30,21,0,0,174.98048,175.47443,170.08679,175.55441,169.22855,3,1,2027-08-31,25,0,0,USD,USD,45155500032,2792.03,16173000
BA,0.01311,0.01347,0.01363,0.06291,0.0178,10,7,2026-12-31,19,7,7,4.12084,4.14007,4.18992,4.15894,4.11294,11,3,2027-12-31,21,5,4,-0.144,-0.13389,-0.1465,-0.08793,-0.15865,13,11,2026-09-30,20,6,4,-1.07518,-1.11472,-1.07608,-0.40959,-1.08367,18,0,2026-12-31,22,2,0,USD,USD,152872239104,193.56,789792534
BAC,1.1602,1.1602,1.14833,1.1337,1.14492,1,1,2026-12-31,16,0,0,5.29151,5.29151,5.26973,5.06028,5.23759,1,1,2027-12-31,19,0,0,1.19623,1.19623,1.16523,1.13585,1.12927,1,1,2026-09-30,17,0,0,4.67973,4.67973,4.64046,4.4814,4.59795,1,1,2026-12-31,19,0,0,USD,USD,375860232192,53.75,6992748365
BALL,0.9891,1.01364,0.9891,1.01154,0.98572,11,10,2026-12-31,14,1,3,4.52277,4.52118,4.52277,4.52004,4.52278,3,5,2027-12-31,15,6,5,1.06289,1.0656,1.06289,1.07019,1.06583,6,5,2026-09-30,14,5,5,4.02452,4.00445,4.02452,3.99842,4.02415,2,2,2026-12-31,15,11,8,USD,USD,15008315392,56.37,266246511
BAX,0.61269,0.65551,0.61269,0.65551,0.61269,8,0,2026-12-31,11,1,1,2.0364,2.0054,2.0364,2.01288,2.0364,1,1,2027-12-31,13,11,1,0.5189,0.53191,0.5189,0.53191,0.5189,7,0,2026-09-30,11,2,1,2.04697,1.9176,2.04697,1.91624,2.04697,0,1,2026-12-31,13,12,0,USD,USD,12144235520,23.49,516995999
BBY,2.55371,2.54524,2.59112,2.54524,2.59112,2,5,2027-01-31,20,13,12,7.20278,7.0717,7.21321,7.0717,7.21321,1,1,2028-01-31,23,18,18,1.3909,1.39412,1.48884,1.39412,1.49034,1,1,2026-10-31,20,16,17,6.83307,6.55133,6.83188,6.55133,6.83188,0,1,2027-01-31,22,18,18,USD,USD,18449745920,87.97,209727698
BDX,2.72851,2.81994,2.72851,2.80065,2.74073,7,1,2026-12-31,9,0,1,13.29249,13.45967,13.29249,13.39348,13.30606,9,1,2027-09-30,14,1,1,4.06528,4.08963,4.06528,4.07548,4.06528,7,7,2026-09-30,11,3,4,12.62289,12.55982,12.62289,12.54451,12.62503,0,0,2026-09-30,14,11,12,USD,USD,48157990912,176.8,272386800
BE,0.8349,0.83303,0.8349,0.76624,0.8339,4,0,2026-12-31,17,13,1,4.92013,4.89574,4.92871,4.40093,4.9421,4,1,2027-12-31,28,19,1,0.6657,0.66765,0.66511,0.50987,0.6677,0,1,2026-09-30,17,17,0,2.7062,2.72011,2.70582,2.1584,2.70689,0,2,2026-12-31,26,24,0,USD,USD,85162582016,289.15,294527346
BEN,0.74443,0.74183,0.74871,0.73329,0.74729,2,1,2026-12-31,7,5,1,3.16525,3.12937,3.18932,3.04025,3.18568,1,0,2027-09-30,11,8,1,0.76772,0.7663,0.76934,0.73901,0.77045,1,2,2026-09-30,9,4,2,2.88973,2.85287,2.89433,2.78085,2.89433,0,0,2026-09-30,11,9,1,USD,USD,16670003200,32.81,508076910
BF-B,0.51946,0.51949,0.51312,0.51478,0.51312,6,4,2027-01-31,14,3,3,1.70055,1.71397,1.71385,1.70777,1.71385,5,3,2028-04-30,17,4,4,0.46148,0.4622,0.46389,0.46221,0.46389,4,3,2026-10-31,14,4,4,1.67758,1.69931,1.69319,1.70019,1.69319,5,3,2027-04-30,18,5,5,USD,USD,12003889152,26.16,290383416
BG,3.34381,3.13775,3.34381,3.14748,3.31206,0,0,2026-12-31,7,7,1,11.34127,11.2905,11.34127,10.88599,11.26202,2,0,2027-12-31,7,5,1,2.47201,2.58933,2.47201,2.53153,2.48039,6,1,2026-09-30,7,1,0,9.63786,9.49176,9.63786,9.43066,9.61494,1,0,2026-12-31,7,6,1,USD,USD,20502951936,106.72,192119123
BIIB,3.26729,3.55585,3.27009,3.57094,3.27009,1,0,2026-12-31,26,1,0,16.53674,16.5904,16.53585,16.62542,16.53585,1,0,2027-12-31,33,5,1,2.03504,2.95504,2.02908,3.93451,2.02908,20,1,2026-09-30,26,1,0,12.41218,12.45172,12.53828,13.32475,12.53828,2,0,2026-12-31,33,1,0,USD,USD,32488151040,219.88,147753998
BKNG,2.30958,2.32526,2.31112,2.32663,2.30316,14,12,2026-12-31,25,8,9,12.37711,12.30196,12.36832,12.31191,12.36452,12,11,2027-12-31,32,14,16,4.49214,4.53264,4.48906,4.54976,4.49663,12,11,2026-09-30,25,9,10,10.44865,10.44826,10.44835,10.44288,10.44892,13,13,2026-12-31,32,13,12,USD,USD,123221180416,159.02,774878436
BKR,0.70751,0.71876,0.69532,0.64281,0.70405,3,0,2026-12-31,12,2,0,3.16079,3.19987,3.11092,2.79637,3.01044,1,1,2027-12-31,16,6,0,0.63149,0.63841,0.6164,0.56196,0.6239,1,1,2026-09-30,12,3,0,2.64059,2.65288,2.61425,2.30878,2.59621,0,0,2026-12-31,15,5,1,USD,USD,55589748736,56.0,992674071
BLK,15.43009,15.3587,15.41009,14.55322,15.39425,0,0,2026-12-31,12,1,1,64.3079,64.11224,64.28669,60.9245,64.31132,0,0,2027-12-31,18,4,2,14.31067,14.27767,14.24677,13.58387,14.24414,1,1,2026-09-30,14,0,0,56.28456,56.2339,56.25654,53.55058,56.23562,0,0,2026-12-31,18,3,2,USD,USD,172164644864,1059.63,154869259
BMY,1.59353,1.58539,1.59575,1.52364,1.59575,3,0,2026-12-31,21,15,0,6.55796,6.47252,6.56484,6.18808,6.56484,2,0,2027-12-31,28,24,3,1.73265,1.73247,1.72967,1.60339,1.72967,1,0,2026-09-30,21,16,0,6.94908,6.90027,6.94853,6.30952,6.94853,0,0,2026-12-31,27,25,1,USD,USD,124912001024,61.15,2042714656
BNY,2.28905,2.28624,2.29461,2.24556,2.31551,1,0,2026-12-31,8,6,1,10.24581,10.22682,10.24888,9.81,10.27413,0,0,2027-12-31,13,11,1,2.25094,2.24551,2.25394,2.18222,2.27174,2,0,2026-09-30,10,6,1,9.25034,9.24371,9.25867,8.892,9.27872,0,0,2026-12-31,12,10,1,USD,USD,98654494720,145.4,678504142
BR,1.78056,1.74667,1.78056,1.71714,1.78056,2,2,2026-12-31,8,4,3,11.57582,11.45052,11.57582,11.43794,11.57582,3,1,2028-06-30,9,4,0,1.36894,1.51667,1.36894,1.51714,1.36894,6,5,2026-09-30,8,0,0,10.54859,10.41515,10.54859,10.40638,10.54859,3,1,2027-06-30,9,5,0,USD,USD,17717401600,156.93,112900032
BRK-B,4.83055,4.81555,4.8481,4.81555,5.15144,1,1,2026-12-31,2,1,1,22.19254,21.57153,22.19254,21.47365,21.6444,0,0,2027-12-31,4,3,2,5.31866,5.29866,5.34972,5.29866,5.78187,0,0,2026-09-30,2,2,2,22.25303,20.89024,22.25303,20.75045,21.46727,0,0,2026-12-31,4,3,0,USD,USD,1076027719680,502.65,1408035161
BRO,0.93617,0.9243,0.93617,0.92658,0.93545,6,6,2026-12-31,18,7,7,4.82516,4.8227,4.82516,4.86759,4.81325,5,0,2027-12-31,19,3,1,1.08586,1.08026,1.08586,1.08111,1.08341,4,3,2026-09-30,18,8,9,4.48234,4.47443,4.48234,4.49978,4.48095,10,0,2026-12-31,19,5,1,USD,USD,20046508032,59.91,334610357
BSX,0.83692,0.83692,0.83866,0.89353,0.83701,21,19,2026-12-31,21,0,0,3.4333,3.4426,3.41449,3.72097,3.41041,3,1,2027-12-31,26,0,0,0.80533,0.80533,0.76731,0.8387,0.76107,21,19,2026-09-30,22,0,0,3.30364,3.30366,3.27133,3.36305,3.26488,25,9,2026-12-31,25,0,0,USD,USD,61737177088,42.6,1449229526
BX,1.7633,1.76393,1.7633,1.7621,1.75294,4,1,2026-12-31,18,7,0,7.49055,7.48803,7.4849,7.55223,7.45429,7,0,2027-12-31,24,10,1,1.36116,1.36617,1.36116,1.48309,1.34894,11,1,2026-09-30,19,1,0,6.01888,6.0234,6.0165,5.96403,5.99097,3,1,2026-12-31,22,15,0,USD,USD,133574524928,111.75,750625114
BXP,0.55436,0.54103,0.0,0.5667,0.60312,0,0,2026-12-31,2,2,0,2.09196,2.04946,2.19032,2.12519,2.22282,0,0,2027-12-31,4,3,1,0.51254,0.49921,0.47196,0.51284,0.54158,1,1,2026-09-30,2,1,0,1.939,2.01165,2.09673,2.07715,2.09673,0,0,2026-12-31,2,1,0,USD,USD,10934040576,60.45,159661556
C,2.31113,2.32429,2.29557,2.49095,2.30986,8,1,2026-12-31,7,0,1,12.88329,12.88329,12.90602,12.58261,12.89799,1,0,2027-12-31,11,8,3,2.65193,2.66429,2.63078,2.67728,2.62078,6,0,2026-09-30,7,2,1,11.18105,11.212,11.17271,10.9033,11.16661,0,1,2026-12-31,7,6,2,USD,USD,215550623744,128.5,1677436783
CAH,3.1148,2.98601,3.1148,2.98581,3.1217,0,1,2026-12-31,13,7,2,14.07674,13.59122,14.07674,13.52113,14.05805,1,1,2028-06-30,17,12,4,2.93687,2.89618,2.93687,2.89836,2.93985,3,3,2026-09-30,13,4,0,12.5666,12.07672,12.5666,12.01523,12.56626,0,0,2027-06-30,17,16,1,USD,USD,52864999424,228.3,231559345
CARR,0.7089,0.6959,0.71209,0.56662,0.70978,0,0,2026-12-31,20,18,17,3.30841,3.29908,3.30881,3.19992,3.29751,0,0,2027-12-31,25,22,3,0.77009,0.77959,0.76963,0.85925,0.7669,16,16,2026-09-30,21,1,1,2.88548,2.88046,2.88474,2.79854,2.88135,0,0,2026-12-31,25,23,3,USD,USD,45781590016,55.12,830580423
CASY,4.07702,4.08389,3.97453,4.09682,3.97662,3,1,2027-01-31,17,2,1,23.55278,23.51966,23.41378,23.5263,23.40941,1,0,2028-04-30,16,6,3,6.3245,6.32888,5.84077,6.31147,5.84484,2,1,2026-10-31,17,3,1,21.38464,21.33589,21.31857,21.27095,21.32504,2,1,2027-04-30,17,5,2,USD,USD,22832513024,617.76,36960167
CAT,6.92561,6.71144,6.91633,6.66792,6.91633,3,1,2026-12-31,21,15,0,32.3334,30.45142,32.37734,30.15179,32.37734,0,0,2027-12-31,27,26,2,6.92037,6.47883,6.91717,6.39755,6.91717,2,0,2026-09-30,21,16,1,27.19191,24.72342,27.18657,24.66658,27.18657,0,1,2026-12-31,27,24,0,USD,USD,388618321920,845.42,459674889
CB,7.20494,7.20221,7.20494,7.21372,7.20892,11,0,2026-12-31,21,7,1,29.10944,29.14121,29.10319,29.23456,29.17361,13,0,2027-12-31,24,7,1,6.34247,6.32338,6.34247,6.27568,6.43445,5,0,2026-09-30,22,16,1,27.72066,27.6755,27.72066,27.10156,27.81311,0,0,2026-12-31,25,24,2,USD,USD,127657328640,330.89,385799859
CBOE,3.48451,3.49614,3.4796,3.3937,3.46047,2,2,2026-12-31,12,0,0,15.24336,15.23279,15.223,14.71593,15.14207,2,1,2027-12-31,14,1,1,3.44474,3.47008,3.43876,3.32986,3.41303,2,1,2026-09-30,12,0,0,14.16696,14.21079,14.11087,13.74842,14.07581,2,2,2026-12-31,14,0,0,USD,USD,28327958528,271.26,104431019
CBRE,2.71073,2.7027,2.71073,2.78945,2.71073,9,0,2026-12-31,11,2,0,9.09536,9.04016,9.09536,8.85641,9.07369,2,0,2027-12-31,12,9,1,1.95421,1.89762,1.95421,1.84807,1.95512,3,0,2026-09-30,11,8,0,7.81404,7.76454,7.81404,7.67309,7.81404,1,0,2026-12-31,13,10,1,USD,USD,37523169280,129.58,289575298
CCI,0.69272,0.69715,0.69272,0.7127,0.69301,4,1,2026-12-31,7,0,0,2.88738,2.9065,2.88738,2.95459,2.89994,4,1,2027-12-31,9,3,0,0.67984,0.68484,0.67984,0.69776,0.67955,4,1,2026-09-30,7,2,0,2.30515,2.29287,2.30515,2.39126,2.3053,0,0,2026-12-31,7,3,1,USD,USD,28267259904,66.44,425455439
CCL,0.2,0.2,0.15622,0.18875,0.1113,1,0,2026-11-30,21,4,1,2.63782,2.63782,2.5863,2.63255,2.56112,1,1,2027-11-30,27,0,0,1.34523,1.34523,1.35267,1.34798,1.3508,8,1,2026-11-30,21,0,0,2.24382,2.24382,2.21411,2.24472,2.25778,1,1,2026-11-30,26,0,0,USD,USD,34637160448,25.76,1344610129
CDNS,2.01865,2.01865,2.01925,2.00319,2.02365,6,7,2026-12-31,18,10,10,9.54363,9.53711,9.5454,9.39978,9.56722,0,0,2027-12-31,25,19,2,2.04514,2.04514,2.04539,1.93084,2.04569,1,2,2026-09-30,18,16,16,4.80568,4.79079,4.80568,4.49978,4.80799,0,0,2026-12-31,13,10,11,USD,USD,96907952128,351.35,275816000
CDW,2.82098,2.78069,2.82028,2.74006,2.82158,2,2,2026-12-31,10,6,6,11.93743,11.781,12.04753,11.63957,12.01523,1,1,2027-12-31,10,7,7,2.9323,2.89991,2.95377,2.86568,2.95887,1,1,2026-09-30,10,6,6,10.92964,10.75664,10.95264,10.66005,10.95884,1,1,2026-12-31,10,7,7,USD,USD,16663571456,133.29,125017426
CEG,3.1193,2.87649,3.1233,2.7964,3.1233,2,0,2026-12-31,10,8,2,13.34165,13.37721,13.32016,13.58303,13.32016,9,3,2027-12-31,18,7,1,3.74379,3.6219,3.75279,3.78017,3.75279,3,1,2026-09-30,10,7,1,12.144,11.74911,12.144,11.75707,12.144,2,1,2026-12-31,18,14,3,USD,USD,91230609408,257.49,354307379
CF,3.58556,4.0332,3.58556,3.96752,3.58763,3,3,2026-12-31,7,2,2,10.65518,10.33581,10.86568,11.04297,11.17919,4,0,2027-12-31,11,1,0,3.01236,4.097,3.01236,4.43814,3.01917,4,4,2026-09-30,7,1,1,15.06302,16.80603,15.06302,17.61285,15.30842,6,0,2026-12-31,10,0,0,USD,USD,17405399040,115.01,151338130
CFG,1.48376,1.48433,1.48947,1.46943,1.48447,2,0,2026-12-31,14,9,1,6.52472,6.51428,6.53376,6.43167,6.53774,0,0,2027-12-31,15,0,1,1.40755,1.40192,1.39611,1.38029,1.39031,0,1,2026-09-30,14,1,0,5.30312,5.30312,5.29731,5.21249,5.2911,1,1,2026-12-31,15,2,1,USD,USD,27094304768,64.33,421176788
CHD,1.03372,0.98538,1.03463,0.9698,1.0313,0,0,2026-12-31,15,4,10,4.04022,4.04811,4.0397,4.08968,4.03525,4,0,2027-12-31,18,5,0,0.89919,0.93391,0.89981,0.93509,0.89847,4,10,2026-09-30,15,0,0,3.77855,3.76778,3.77449,3.7511,3.77115,0,1,2026-12-31,18,6,0,USD,USD,22370699264,94.31,237203907
CHRW,1.60028,1.60768,1.59736,1.59917,1.59727,9,8,2026-12-31,24,11,10,7.49922,7.51242,7.50122,7.34349,7.5031,5,0,2027-12-31,25,18,1,1.69592,1.69966,1.69592,1.7038,1.70749,12,10,2026-09-30,24,9,9,6.24327,6.22927,6.24327,6.14623,6.25404,3,0,2026-12-31,25,19,1,USD,USD,18429779968,157.72,116851258
CHTR,11.76241,11.82526,11.145,12.12411,11.2245,10,7,2026-12-31,4,3,5,45.26115,44.99809,42.0625,45.42757,43.488,8,4,2027-12-31,4,8,9,10.01555,10.10126,9.3425,10.35001,8.9358,9,7,2026-09-30,5,4,5,41.91909,41.67716,40.8525,41.87314,39.5798,8,5,2026-12-31,5,8,10,USD,USD,14203066368,109.29,114457596
CI,7.42421,7.40713,7.42356,7.41288,7.42356,6,0,2026-12-31,22,15,0,33.48949,33.51876,33.4449,33.45162,33.48462,3,0,2027-12-31,24,17,1,7.49416,7.53695,7.49488,7.61675,7.49716,16,0,2026-09-30,22,5,0,30.50562,30.49749,30.5089,30.40051,30.51015,2,0,2026-12-31,24,19,0,USD,USD,71484973056,270.53,264240486
CIEN,2.00152,1.99352,2.36479,1.99352,2.35847,0,0,2027-01-31,15,13,13,8.08372,8.00997,9.75956,7.96872,10.23522,0,0,2027-10-31,7,7,7,1.37291,1.37291,1.61699,1.37291,1.61699,0,0,2026-10-31,5,5,5,6.55345,6.53977,7.1665,6.53977,7.16563,0,0,2026-10-31,19,16,16,USD,USD,55495348224,391.34,141808525
CINF,2.92884,2.93364,2.92884,2.95949,2.93019,4,1,2026-12-31,7,3,0,9.03122,9.09997,9.03122,9.18298,9.05963,6,2,2027-12-31,8,1,0,1.89041,1.90381,1.89041,1.88758,1.99704,2,1,2026-09-30,8,3,0,8.44114,8.58489,8.44114,8.76736,8.50382,8,2,2026-12-31,8,0,0,USD,USD,24855769088,161.95,153478045
CL,0.96789,0.96071,0.96789,0.95611,0.96613,5,5,2026-12-31,17,10,10,4.10802,4.05314,4.10252,4.04277,4.10052,2,0,2027-12-31,20,16,1,0.92963,0.92235,0.92963,0.92216,0.92963,6,5,2026-09-30,17,8,9,3.87527,3.81412,3.87527,3.81262,3.87327,1,0,2026-12-31,20,18,1,USD,USD,67169783808,84.26,797172829
CLX,1.36944,1.38068,1.3621,1.42797,1.34077,10,7,2026-12-31,15,1,4,6.28836,6.45006,6.26059,6.78973,6.25415,8,1,2028-06-30,17,1,0,1.11008,1.20883,1.11075,1.27142,1.09408,10,9,2026-09-30,15,1,3,5.80668,5.95427,5.79089,6.23938,5.77928,13,0,2027-06-30,18,3,0,USD,USD,9724062720,80.41,120931005
CMCSA,0.70004,0.70004,0.68362,0.7263,0.67312,12,9,2026-12-31,18,4,6,3.62223,3.62223,3.58238,3.74144,3.58553,15,12,2027-12-31,20,4,7,1.00292,1.00086,0.98982,1.02577,0.98613,13,13,2026-09-30,20,4,3,3.51572,3.5092,3.49715,3.49726,3.48323,7,1,2026-12-31,23,15,1,USD,USD,76544090112,21.57,3539192198
CME,2.96067,2.97296,2.96051,2.96241,2.96262,3,2,2026-12-31,14,0,1,12.91151,12.93033,12.92641,12.92356,12.93101,2,2,2027-12-31,16,2,1,2.9331,2.94004,2.93568,2.97122,2.9317,2,1,2026-09-30,14,1,2,12.25148,12.26536,12.25063,12.27653,12.24997,2,1,2026-12-31,16,2,2,USD,USD,94619688960,263.14,359576125
CMG,0.28441,0.28455,0.28488,0.2782,0.28379,0,0,2026-12-31,32,2,1,1.36912,1.36632,1.37016,1.35654,1.36869,0,0,2027-12-31,34,4,1,0.29079,0.29049,0.29077,0.28928,0.29048,1,1,2026-09-30,32,2,0,1.14919,1.15012,1.14993,1.13404,1.14963,1,0,2026-12-31,34,2,1,USD,USD,40948928512,32.36,1265418000
CMI,8.54179,8.01303,8.57778,7.94648,8.57148,0,0,2026-12-31,9,5,5,33.73172,32.28896,33.80491,32.23889,33.73338,0,1,2027-12-31,14,8,0,8.4004,7.81864,8.41091,7.72568,8.41146,1,1,2026-09-30,9,4,4,28.56962,28.38816,28.60202,28.33998,28.59789,2,3,2026-12-31,13,4,2,USD,USD,72902385664,528.32,137989067
CMS,1.24325,1.2166,1.24225,0.93062,1.25125,3,1,2026-12-31,10,4,0,4.15683,4.15623,4.1555,4.17365,4.1555,10,1,2027-12-31,15,0,0,1.13697,1.10896,1.13697,1.06142,1.12397,3,0,2026-09-30,10,4,1,3.87168,3.87235,3.87096,3.88431,3.87096,6,0,2026-12-31,14,0,1,USD,USD,19690536960,63.74,308919602
CNC,-1.08992,-0.97764,-1.08992,-0.961,-1.09203,13,5,2026-12-31,19,5,4,5.31252,4.47513,5.34776,4.47498,5.34776,0,1,2027-12-31,21,20,0,0.09773,0.05233,0.09773,0.05489,0.09721,4,2,2026-09-30,19,12,6,4.88635,3.52189,4.88462,3.50813,4.88462,0,0,2026-12-31,21,20,0,USD,USD,31116746752,62.99,493995000
CNP,0.46081,0.47257,0.46081,0.48013,0.46263,7,1,2026-12-31,11,1,1,2.0867,2.08599,2.0874,2.08194,2.0874,2,1,2027-12-31,19,6,0,0.49306,0.49911,0.49306,0.49409,0.49124,5,2,2026-09-30,11,2,0,1.91192,1.91014,1.91077,1.90918,1.91077,1,1,2026-12-31,19,3,0,USD,USD,24893038592,37.79,658720288
COF,4.7713,4.76945,4.7913,4.86516,4.78412,9,2,2026-12-31,15,4,0,24.01402,24.05283,23.82682,24.26354,23.83827,3,1,2027-12-31,20,2,0,5.33248,5.33562,5.38515,5.47796,5.41875,7,0,2026-09-30,15,6,2,20.39969,20.26653,20.2237,19.70604,20.24352,2,0,2026-12-31,20,15,2,USD,USD,119460724736,194.72,613500000
COHR,2.18767,1.96142,2.1921,1.95075,2.1965,1,1,2026-12-31,20,15,15,13.94894,13.21437,13.95531,12.51568,14.04555,0,0,2028-06-30,20,10,10,1.95594,1.77156,1.95875,1.76592,1.96331,0,0,2026-09-30,20,17,17,9.41471,8.29253,9.41634,8.17378,9.42042,1,0,2027-06-30,23,19,1,USD,USD,66003300352,337.04,195832246
COIN,0.20226,0.24338,0.10239,0.94865,0.10559,16,0,2026-12-31,18,0,1,2.7379,3.31621,2.83521,4.78788,2.8302,5,2,2027-12-31,27,3,2,-0.14477,-0.11132,-0.22093,0.58246,-0.20699,16,0,2026-09-30,18,0,1,-1.96974,-1.67982,-2.0264,0.62399,-1.95156,2,0,2026-12-31,22,1,0,USD,USD,48282157056,183.0,222803032
COO,1.16578,1.16578,1.096,1.16417,1.096,1,0,2027-01-31,8,1,1,4.99558,4.99625,4.69375,4.99658,4.69375,1,1,2027-10-31,16,0,0,1.19459,1.19482,1.06734,1.19489,1.06734,1,1,2026-10-31,15,0,0,4.6265,4.6275,4.52963,4.62795,4.52963,1,1,2026-10-31,16,0,0,USD,USD,10821737472,56.91,190155294
COP,2.58179,2.3537,2.70885,2.43155,2.71013,2,0,2026-12-31,21,10,4,9.47275,8.96553,9.66093,9.18173,9.66321,4,0,2027-12-31,25,12,6,2.60837,2.42522,2.64464,2.63102,2.6674,4,0,2026-09-30,21,10,4,10.39055,9.56499,10.58611,9.87132,10.60615,2,0,2026-12-31,25,14,5,USD,USD,152269520896,126.75,1201337479
COR,4.56086,4.50289,4.60786,4.50289,4.59501,2,1,2026-12-31,7,3,1,19.77062,19.80403,19.80668,19.77838,19.82611,5,1,2027-09-30,9,3,0,4.55149,4.61286,4.5624,4.61016,4.56859,8,3,2026-09-30,10,1,0,17.87269,17.78351,17.87335,17.77224,17.87761,0,0,2026-09-30,14,10,3,USD,USD,58975133696,309.05,190827165
COST,5.1038,5.10149,5.08653,5.10179,5.11667,1,1,2027-02-28,23,2,1,24.96189,24.93409,24.8772,24.95159,24.95921,2,3,2028-08-31,29,5,2,4.86562,4.86082,4.85696,4.86429,4.90189,1,1,2026-11-30,23,2,1,22.70548,22.69137,22.66559,22.67294,22.78399,3,4,2027-08-31,31,7,4,USD,USD,408092835840,920.65,443266000
CPAY,7.39357,7.36678,7.41147,7.38587,7.41147,7,5,2026-12-31,16,7,9,31.24455,30.59381,31.44802,30.60604,31.44802,2,2,2027-12-31,16,13,13,7.16771,7.03019,7.18785,7.02963,7.18785,3,3,2026-09-30,16,12,12,27.35905,26.77261,27.39286,26.77423,27.39286,0,0,2026-12-31,16,14,14,USD,USD,25909278720,394.6,65659599
CPRT,0.38743,0.39071,0.37454,0.39214,0.37454,1,1,2027-01-31,8,0,0,1.85132,1.85132,1.75833,1.85132,1.75062,0,0,2028-07-31,8,1,1,0.40386,0.40914,0.39723,0.41057,0.39723,2,0,2026-10-31,8,1,1,1.67562,1.68293,1.62127,1.6885,1.62139,2,0,2027-07-31,10,1,1,USD,USD,25214713856,27.22,926330452
CPT,0.21,0.2975,0.21,0.2975,0.21,1,1,2026-12-31,1,0,0,1.09,0.785,1.09,0.785,1.09,1,1,2027-12-31,1,0,0,0.26733,0.43162,0.42777,0.33416,0.42777,0,0,2026-09-30,6,3,0,2.29518,2.29518,2.29518,2.27669,2.29518,1,0,2026-12-31,1,0,0,USD,USD,9647756288,95.96,100539350
CRH,1.66143,1.605,1.65571,1.592,1.64857,2,2,2026-12-31,7,3,3,6.60285,6.68905,6.46552,6.78031,6.48076,6,1,2027-12-31,17,1,1,2.22571,2.30167,2.22571,2.406,2.19571,5,5,2026-09-30,7,0,0,5.84987,5.90223,5.80607,5.95523,5.74938,3,1,2026-12-31,13,1,1,USD,USD,54513410048,81.94,665284511
CRL,3.3141,3.22786,3.30876,3.2356,3.31749,1,0,2026-12-31,12,9,1,12.68598,12.33015,12.71092,12.3169,12.73694,1,1,2027-12-31,17,13,0,2.95183,3.05475,2.95084,3.04459,2.96447,9,0,2026-09-30,12,1,1,11.31818,11.10434,11.33064,11.09282,11.3487,1,1,2026-12-31,17,12,1,USD,USD,13853343744,290.19,47738872
CRM,3.54482,3.63633,3.5562,3.63585,3.5562,30,0,2027-01-31,41,6,1,15.91451,15.51229,16.00674,15.51387,16.0207,8,1,2028-01-31,53,37,7,3.42811,3.36353,3.4463,3.36305,3.4463,4,0,2026-10-31,42,34,1,16.43587,14.13332,16.75532,14.12753,16.75426,0,0,2027-01-31,52,45,4,USD,USD,193149878272,234.69,823000000
CRWD,0.35608,0.35311,0.35664,0.35313,0.35664,11,0,2027-01-31,45,25,0,1.59513,1.62737,1.60591,1.62769,1.60591,5,1,2028-01-31,53,41,11,0.31122,0.31017,0.31101,0.31029,0.31101,11,0,2026-10-31,45,16,0,1.2558,1.28061,1.25609,1.28207,1.25609,1,1,2027-01-31,51,47,0,USD,USD,276503363584,270.04,1023934842
CSCO,1.22951,1.17435,1.23021,1.17435,1.2302,1,1,2027-01-31,23,16,0,5.5977,5.2776,5.62188,5.24655,5.62033,0,0,2028-07-31,27,16,16,1.32536,1.14693,1.32184,1.14693,1.32177,0,0,2026-10-31,24,18,1,5.1456,4.77955,5.1466,4.76427,5.1453,0,0,2027-07-31,28,22,22,USD,USD,442358235136,112.2,3942586873
CSGP,0.47,0.4863,0.47359,0.47279,0.47359,1,0,2026-12-31,3,14,1,1.7775,1.72529,1.77373,1.79559,1.77716,13,0,2027-12-31,4,4,3,0.3425,0.336,0.34125,0.3747,0.34156,16,0,2026-09-30,4,0,2,1.3625,1.35753,1.3615,1.35845,1.35437,8,0,2026-12-31,4,7,3,USD,USD,11094309888,27.38,405197588
CSX,0.49728,0.49661,0.49995,0.4847,0.50066,1,0,2026-12-31,15,7,1,2.27233,2.26921,2.27808,2.20416,2.28058,0,0,2027-12-31,16,12,1,0.53833,0.53833,0.53781,0.51196,0.53607,0,0,2026-09-30,15,11,10,2.00625,2.00375,2.00765,1.92446,2.00607,0,0,2026-12-31,16,13,1,USD,USD,87862886400,47.43,1852474917
CTAS,1.35984,1.3621,1.345,1.37045,1.34413,1,0,2027-02-28,14,1,1,6.11397,6.09765,6.1573,6.04974,6.16096,0,0,2028-05-31,18,3,1,1.35091,1.35316,1.36158,1.36086,1.36287,2,1,2026-11-30,14,0,0,5.49769,5.49119,5.53639,5.43708,5.54025,0,0,2027-05-31,18,3,1,USD,USD,77114769408,193.02,399517000
CTSH,1.5161,1.51564,1.52312,1.46663,1.52494,1,0,2026-12-31,22,20,3,6.32016,6.30802,6.33185,6.18037,6.33542,0,0,2027-12-31,28,6,1,1.46446,1.46128,1.46582,1.46491,1.46446,10,2,2026-09-30,22,9,3,5.73656,5.73156,5.74315,5.6953,5.74351,0,0,2026-12-31,28,5,1,USD,USD,27675230208,58.51,473000000
CTVA,0.32157,0.32165,0.32084,0.27078,0.31244,3,1,2026-12-31,15,10,0,3.405,3.46,3.232,3.264,3.232,2,2,2027-12-31,5,1,1,-0.38713,-0.38775,-0.38356,-0.28046,-0.37798,12,0,2026-09-30,15,2,1,3.76397,3.74351,3.76561,3.74309,3.76498,5,0,2026-12-31,21,11,2,USD,USD,7952976896,11.92,667196000
CVNA,0.37362,0.37162,0.37362,0.40011,0.37147,3,0,2026-12-31,11,2,1,2.2432,2.23391,2.2819,2.02909,2.26962,5,0,2027-12-31,14,6,2,0.43574,0.43274,0.43574,0.47044,0.43613,5,0,2026-09-30,11,2,2,1.54654,1.53987,1.56731,1.544,1.56587,3,0,2026-12-31,12,5,2,USD,USD,70686736384,63.77,719916415
CVS,1.29427,1.32558,1.26919,1.3252,1.26618,13,1,2026-12-31,23,6,1,8.50713,8.42042,8.52869,8.38336,8.53485,4,1,2027-12-31,26,17,1,1.62837,1.71035,1.62481,1.71191,1.62851,18,2,2026-09-30,23,2,0,7.97047,7.45278,8.04331,7.43378,8.04331,0,0,2026-12-31,25,23,2,USD,USD,110579777536,86.46,1278970369
CVX,3.96782,3.93269,4.17053,3.68363,4.36112,2,1,2026-12-31,17,5,3,13.24101,12.88738,14.13668,12.63934,14.48028,3,1,2027-12-31,25,10,3,4.68436,4.59885,4.68787,4.2448,4.74177,3,1,2026-09-30,19,4,1,15.9365,15.8521,16.3984,14.25486,16.79281,4,2,2026-12-31,25,6,2,USD,USD,405443805184,206.69,1961603274
D,0.69444,0.73179,0.69666,0.66055,0.66889,3,0,2026-12-31,9,2,1,3.81455,3.81524,3.81541,3.81524,3.81423,1,0,2027-12-31,17,2,1,1.20591,1.2033,1.20369,1.15179,1.19924,3,1,2026-09-30,9,3,0,3.58692,3.58525,3.58485,3.5897,3.58485,3,3,2026-12-31,16,0,0,USD,USD,53923737600,61.31,879525949
DAL,2.15026,2.2171,1.99766,1.82168,1.74358,3,2,2026-12-31,18,0,0,8.57513,8.79138,8.46638,7.94056,8.29263,1,1,2027-12-31,8,0,0,2.11192,2.22842,2.01646,1.88596,1.87788,3,2,2026-09-30,19,0,0,6.47742,6.6309,6.22651,5.72461,5.86942,3,2,2026-12-31,23,0,0,USD,USD,55299518464,84.09,657623030
DASH,0.83437,0.81777,0.83232,0.82248,0.8353,11,1,2026-12-31,31,14,2,4.46678,4.40438,4.48428,4.41384,4.49555,10,0,2027-12-31,35,20,1,0.82479,0.73234,0.8215,0.73848,0.82316,2,0,2026-09-30,31,26,2,2.60911,2.53877,2.58571,2.54541,2.58722,13,1,2026-12-31,37,19,0,USD,USD,81958305792,189.15,409082893
DD,1.84363,1.81704,1.8606,1.82097,1.8606,4,5,2026-12-31,12,8,6,7.96477,7.87595,7.96476,7.88078,7.96476,3,1,2027-12-31,16,11,0,1.91029,1.93387,1.89798,1.93441,1.89798,9,8,2026-09-30,13,3,3,7.26216,7.15337,7.26015,7.15983,7.26015,2,1,2026-12-31,15,13,0,USD,USD,17549821952,129.98,135019401
DDOG,0.63785,0.62741,0.63839,0.62689,0.63843,4,5,2026-12-31,38,22,22,2.96847,2.88473,2.97347,2.85544,2.97446,5,0,2027-12-31,47,38,2,0.63967,0.60992,0.64044,0.60913,0.64068,1,0,2026-09-30,40,35,1,2.52724,2.42341,2.52736,2.42164,2.52764,0,0,2026-12-31,45,41,0,USD,USD,99542777856,277.22,334904614
DE,3.31733,3.31399,3.30055,3.37288,3.30055,6,0,2027-01-31,13,3,1,22.44705,22.72973,22.69128,22.83248,22.82764,9,1,2027-10-31,22,8,2,4.13593,4.49556,4.0724,4.48945,4.0724,15,3,2026-10-31,17,2,0,18.12535,18.12117,18.12509,18.10259,18.12509,7,2,2026-10-31,21,10,1,USD,USD,185232654336,687.0,269625412
DECK,3.71944,3.66709,3.71944,3.66749,3.71052,3,2,2026-12-31,19,13,14,8.39655,8.3283,8.39655,8.32793,8.35079,1,3,2028-03-31,22,17,15,1.78577,1.88952,1.78577,1.88939,1.78547,15,15,2026-09-30,19,1,1,7.5284,7.49089,7.5284,7.49098,7.51256,1,1,2027-03-31,22,15,15,USD,USD,10774709248,79.12,136181857
DELL,4.0475,3.925,6.87486,3.8475,6.87486,0,0,2027-01-31,5,3,3,20.15625,19.4275,24.66365,18.3525,24.66365,0,0,2028-01-31,8,4,4,4.47198,4.25651,6.55748,4.22541,6.55748,0,0,2026-10-31,24,19,19,18.82044,18.41304,25.89761,18.37321,25.89761,0,0,2027-01-31,25,22,22,USD,USD,357657378816,562.52,315433188
DG,1.99696,1.99186,2.03562,1.99221,2.03562,2,2,2027-01-31,22,14,14,8.29996,8.00686,8.35567,7.99185,8.37284,0,0,2028-01-31,28,21,4,1.39634,1.39175,1.40868,1.39396,1.40868,3,3,2026-10-31,22,13,13,7.80054,7.38309,7.90563,7.36896,7.91039,0,0,2027-01-31,28,21,4,USD,USD,26240161792,118.94,220616790
DGX,2.67883,2.67883,2.67883,2.61495,2.67883,1,1,2026-12-31,13,11,11,12.05771,12.05771,12.06146,11.6707,12.05896,0,0,2027-12-31,16,16,16,2.86335,2.86335,2.86335,2.80119,2.86335,1,1,2026-09-30,13,11,11,11.19176,11.19176,11.19114,10.77265,11.19114,0,0,2026-12-31,16,15,15,USD,USD,25753415680,233.33,110373360
DHI,2.22968,2.24368,2.21768,2.18338,2.20368,4,1,2026-12-31,10,5,0,11.68923,11.68923,11.62352,12.0524,11.45566,8,9,2027-09-30,14,5,5,3.04058,3.04058,3.02289,3.36324,3.00229,13,13,2026-09-30,12,0,0,10.43512,10.43512,10.41798,10.57131,10.42298,11,11,2026-09-30,14,2,2,USD,USD,37759672320,135.0,279701267
DHR,2.58326,2.58376,2.58484,2.54333,2.58359,0,1,2026-12-31,20,5,0,9.29573,9.28878,9.29884,9.2488,9.302,5,0,2027-12-31,25,3,0,1.91731,1.91731,1.91335,2.068,1.91302,3,0,2026-09-30,20,0,1,8.50976,8.51061,8.50789,8.50875,8.50701,3,0,2026-12-31,25,3,0,USD,USD,150481190912,214.06,702986054
DIS,1.89346,1.91972,1.89346,1.9297,1.94646,6,6,2026-12-31,10,2,2,7.47041,7.45755,7.47793,7.48795,7.48553,13,0,2027-09-30,29,10,3,1.68229,1.76513,1.68306,1.78395,1.69388,16,0,2026-09-30,23,4,2,6.89958,6.80726,6.92026,6.82656,6.92895,3,0,2026-09-30,29,21,2,USD,USD,176450125824,102.19,1726686902
DLR,0.75,0.75,0.75,0.0,0.53,1,1,2026-12-31,2,0,0,2.8913,2.9331,2.8913,2.86414,2.76208,1,1,2027-12-31,6,2,0,0.77,0.77,0.595,0.0,0.575,1,1,2026-09-30,2,0,1,3.35176,3.34442,3.35176,2.96922,3.18687,0,0,2026-12-31,6,3,1,USD,USD,67431858176,178.55,370998727
DLTR,2.62838,2.78474,2.6254,2.779,2.6254,23,1,2027-01-31,24,1,0,7.89543,7.68251,7.90782,7.65751,7.91247,3,0,2028-01-31,28,23,2,0.92166,1.37059,0.92625,1.36767,0.92625,23,1,2026-10-31,24,1,0,7.84951,6.97663,7.88824,6.95153,7.92978,0,0,2027-01-31,26,25,2,USD,USD,21044615168,112.16,187630299
DOC,0.0,0.0,0.0,0.0,0.03,0,0,2026-12-31,2,0,0,-0.15,-0.15,0.14,0.15,0.14,1,1,2027-12-31,2,0,0,0.0,0.0,0.0,0.0,0.025,0,0,2026-09-30,2,0,0,0.0,0.0,0.0,0.15,0.09,1,1,2026-12-31,1,0,0,USD,USD,13817381888,19.49,689527260
DOV,2.81566,2.80366,2.81433,2.76777,2.81815,3,0,2026-12-31,16,12,2,11.64377,11.63266,11.62821,11.56861,11.64999,2,0,2027-12-31,19,12,2,2.86154,2.86354,2.86087,2.89218,2.85268,11,1,2026-09-30,16,3,1,10.67208,10.66319,10.67041,10.63141,10.66808,2,0,2026-12-31,19,12,2,USD,USD,25547491328,189.69,134680225
DOW,0.38927,0.40261,0.38774,0.63396,0.43703,9,1,2026-12-31,15,3,0,1.83582,1.84422,1.77929,2.04729,1.71663,2,0,2027-12-31,17,1,1,0.77115,0.78205,0.67402,1.06328,0.66024,9,1,2026-09-30,15,3,0,2.46642,2.54678,2.38547,2.79663,2.41513,2,1,2026-12-31,18,0,0,USD,USD,20203870208,27.97,722340711
DPZ,6.46477,6.47551,6.48955,6.46863,6.49202,2,0,2026-12-31,22,1,1,20.9206,20.94835,20.91474,20.9655,20.90207,1,0,2027-12-31,25,2,1,4.39685,4.4007,4.39791,4.39657,4.39594,1,0,2026-09-30,22,2,1,19.02455,19.03748,19.04853,19.17352,19.0435,2,0,2026-12-31,25,1,1,USD,USD,9845620736,297.615,33081735
DRI,3.2498,3.2518,3.26429,3.249,3.2723,0,0,2027-02-28,27,1,1,12.3891,12.38663,12.38822,12.39047,12.39987,0,0,2028-05-31,28,1,1,2.28576,2.28727,2.26404,2.29087,2.25451,2,2,2026-11-30,27,0,0,11.27349,11.27317,11.26206,11.27317,11.25444,0,0,2027-05-31,26,1,1,USD,USD,22745821184,200.33,113541756
DTE,2.03838,2.05607,2.03838,1.91331,2.03838,4,0,2026-12-31,9,4,0,8.36525,8.35933,8.36462,8.35525,8.36462,5,2,2027-12-31,16,4,0,2.40395,2.46638,2.40395,2.33548,2.40395,3,0,2026-09-30,9,3,0,7.70895,7.71067,7.70895,7.71172,7.70895,5,0,2026-12-31,16,1,1,USD,USD,25896558592,124.45,208088069
DUK,1.54962,1.58885,1.54962,1.58134,1.53878,10,3,2026-12-31,12,1,0,7.17232,7.16842,7.17232,7.1687,7.17137,4,1,2027-12-31,21,5,2,1.83684,1.88259,1.83684,1.9115,1.83184,8,3,2026-09-30,12,3,0,6.7109,6.70367,6.7109,6.70411,6.71042,2,0,2026-12-31,21,3,1,USD,USD,88987410432,114.13,779702193
DVA,4.41318,4.24777,4.41318,4.24144,4.36987,1,1,2026-12-31,7,5,5,17.01533,17.22168,17.25038,17.18168,17.14283,3,3,2027-12-31,8,3,3,3.57771,3.92179,3.57771,3.93412,3.55089,6,6,2026-09-30,7,0,0,14.84534,14.87899,14.84534,14.84599,14.77315,3,3,2026-12-31,7,3,3,USD,USD,11469217792,178.69,64185000
DVN,1.31283,1.23373,1.31005,1.39841,1.34552,5,2,2026-12-31,17,10,0,4.78658,5.05093,4.79088,5.55776,4.84922,5,2,2027-12-31,12,3,0,1.2523,1.21405,1.21493,1.3497,1.25311,5,2,2026-09-30,19,10,0,5.41044,5.05961,5.35707,5.46234,5.43463,4,1,2026-12-31,24,13,0,USD,USD,52415000576,47.65,1100000000
DXCM,0.7336,0.73363,0.7336,0.75006,0.73408,12,1,2026-12-31,21,5,1,3.12406,3.11474,3.12406,3.07238,3.12166,4,2,2027-12-31,25,18,2,0.67105,0.67245,0.67105,0.67384,0.672,9,2,2026-09-30,21,7,0,2.66234,2.65207,2.66234,2.58701,2.66354,0,1,2026-12-31,25,23,3,USD,USD,32211515392,85.36,377360765
EBAY,1.46553,1.49059,1.46689,1.51332,1.4692,9,0,2026-12-31,23,0,0,6.73289,6.72019,6.71522,6.75429,6.71256,4,0,2027-12-31,30,9,2,1.41113,1.44487,1.4103,1.45198,1.41029,12,0,2026-09-30,25,1,0,6.12668,6.09001,6.12806,6.12351,6.13289,5,0,2026-12-31,29,9,1,USD,USD,47347998720,106.4,445000000
ECHO,0.86316,0.67505,0.86316,1.23,0.78969,1,1,2026-12-31,4,0,1,17.42932,8.60641,17.42932,0.96944,15.2411,1,2,2027-12-31,6,0,0,4.78225,0.27706,4.78225,0.775,3.61862,1,1,2026-09-30,4,0,0,35.89942,-0.5133,35.89942,1.71,33.6099,0,0,2026-12-31,5,1,1,USD,USD,27409393664,94.25,159467376
ECL,2.20395,2.20164,2.22006,2.32672,2.21839,3,0,2026-12-31,18,11,2,9.41776,9.44355,9.41633,9.62338,9.41061,4,1,2027-12-31,21,16,0,2.17599,2.17751,2.1771,2.3034,2.17432,6,0,2026-09-30,18,9,2,8.16755,8.16726,8.1685,8.41304,8.16374,5,0,2026-12-31,21,13,0,USD,USD,76725944320,273.7,280328603
ED,1.04918,1.1262,1.04918,1.08596,1.07043,5,0,2026-12-31,8,0,0,6.48989,6.49345,6.49855,6.48741,6.49989,3,0,2027-12-31,15,3,0,2.02542,1.99989,2.02542,2.04769,1.99417,2,0,2026-09-30,8,3,0,6.10695,6.11181,6.10695,6.11326,6.10762,1,0,2026-12-31,15,4,0,USD,USD,38236581888,103.39,369828633
EFX,2.23384,2.23384,2.23016,2.29502,2.22806,1,1,2026-12-31,18,0,0,10.14623,10.15607,10.1611,10.26518,10.1234,2,1,2027-12-31,23,0,0,2.22769,2.22769,2.224,2.26329,2.22253,1,1,2026-09-30,19,0,0,8.56217,8.5677,8.56252,8.60352,8.5544,2,1,2026-12-31,24,0,0,USD,USD,16447885312,140.0,117484896
EG,13.40206,13.3564,13.54406,13.3402,13.57158,6,0,2026-12-31,14,6,1,59.75196,60.0841,59.77249,60.4954,59.92913,8,1,2027-12-31,15,4,1,8.19749,8.14228,8.45849,8.42144,8.96214,5,0,2026-09-30,15,6,1,53.77174,52.4887,54.16563,52.19791,54.68961,2,0,2026-12-31,15,11,2,USD,USD,14120478720,368.27,38342734
EIX,1.36125,1.50039,1.36212,1.69046,1.36212,3,1,2026-12-31,6,0,0,6.50576,6.5016,6.5029,6.51182,6.50218,1,1,2027-12-31,14,2,0,1.93084,1.95794,1.84394,1.97132,1.84394,2,1,2026-09-30,6,0,0,6.12417,6.12025,6.12131,6.12006,6.12131,1,0,2026-12-31,14,3,1,USD,USD,20737626112,53.89,384813979
EL,1.17373,1.17417,1.20569,1.17567,1.20741,4,0,2026-12-31,20,11,1,3.91589,3.82812,3.91589,3.85312,3.91147,4,4,2028-06-30,28,12,12,0.47382,0.47493,0.50234,0.47418,0.50556,4,0,2026-09-30,21,11,1,3.32261,3.18601,3.32261,3.18672,3.32343,4,1,2027-06-30,29,21,3,USD,USD,33322827776,91.97,247815431
ELV,2.46811,2.48509,2.46811,2.99769,2.43011,1,1,2026-12-31,20,0,0,29.60546,29.63423,29.53956,29.2475,29.53956,0,0,2027-12-31,22,2,1,4.66488,4.67141,4.66495,5.09701,4.66126,14,14,2026-09-30,19,3,3,27.16015,27.15838,27.1665,26.90299,27.1665,1,1,2026-12-31,22,0,0,USD,USD,83804798976,386.43,216869290
EME,7.81183,7.82052,8.63411,7.82052,8.63077,0,1,2026-12-31,9,8,0,32.92597,32.66797,36.74499,32.66797,36.74899,0,0,2027-12-31,10,9,1,7.49445,7.50063,8.3303,7.50063,8.32918,0,1,2026-09-30,9,8,0,29.38805,29.32694,32.85395,29.32694,32.85062,0,1,2026-12-31,9,8,0,USD,USD,34697289728,786.61,44109901
EMR,1.61949,1.5996,1.62126,1.59849,1.627,1,0,2026-12-31,14,6,2,7.24487,7.16841,7.24711,7.17757,7.26911,2,0,2027-09-30,29,24,2,1.84816,1.82622,1.83755,1.82672,1.83914,2,0,2026-09-30,22,15,2,6.558,6.4968,6.55868,6.50886,6.56102,0,0,2026-09-30,28,23,2,USD,USD,90517757952,161.61,560100000
EOG,3.90857,3.93417,4.14018,4.08153,4.35571,13,1,2026-12-31,23,6,0,14.40887,14.72774,14.91138,14.92465,15.19494,11,1,2027-12-31,29,13,0,3.99117,4.04774,4.05294,4.35718,4.23077,12,1,2026-09-30,25,8,0,16.57025,16.67818,17.00715,16.99725,17.34196,11,1,2026-12-31,28,12,0,USD,USD,75303026688,141.38,532628530
EQIX,3.912,4.2575,3.74833,4.2575,3.74833,3,3,2026-12-31,6,1,1,18.88167,19.31333,18.69286,19.22333,18.62,4,0,2027-12-31,8,2,1,4.14,4.3375,4.03667,4.3375,4.03667,3,3,2026-09-30,6,1,1,17.88,17.77667,17.88333,17.74667,17.875,1,0,2026-12-31,4,2,1,USD,USD,101209522176,1025.72,98671686
EQT,1.0561,1.02123,0.97542,1.18021,0.95542,8,6,2026-12-31,9,1,0,4.33933,4.38303,4.1453,4.68412,3.99307,8,1,2027-12-31,9,0,0,0.48971,0.50739,0.42976,0.68064,0.40067,4,3,2026-09-30,22,2,0,4.06944,4.15421,3.99772,4.51518,3.96614,7,3,2026-12-31,24,3,0,USD,USD,31382138880,50.17,625516000
ERIE,2.95,2.95,2.95,2.95,2.95,1,1,2026-12-31,1,0,0,,,,,,,,2027-12-31,,,,3.46,3.46,3.46,3.46,3.41,1,1,2026-09-30,1,0,0,12.66,12.66,12.66,12.66,12.7,0,0,2026-12-31,1,1,1,USD,,11560766464,221.09,46189068
ES,1.00252,0.97514,1.01963,0.98759,1.0154,2,0,2026-12-31,7,2,0,4.90978,4.89889,4.91647,4.96061,4.91647,1,0,2027-12-31,12,0,0,1.01757,1.07356,1.03383,1.07711,1.03471,1,0,2026-09-30,7,1,0,4.65312,4.65375,4.65102,4.66643,4.65102,1,0,2026-12-31,11,1,0,USD,USD,24295522304,64.5,376674754
ESS,1.4837,1.45595,1.49148,1.45514,1.49148,0,0,2026-12-31,4,3,2,6.16593,6.11914,6.29964,6.02399,6.29964,0,0,2027-12-31,7,4,1,1.44115,1.41004,1.46173,1.42004,1.46173,0,1,2026-09-30,4,3,1,5.63756,5.90006,5.49674,5.89606,5.49674,2,1,2026-12-31,3,0,0,USD,USD,18517020672,268.65,64261739
ETN,4.05061,4.00807,4.05709,3.94804,4.06859,3,0,2026-12-31,22,14,1,16.06702,15.9515,16.14263,15.7656,16.2189,1,0,2027-12-31,24,18,1,3.52658,3.53181,3.52803,3.50659,3.53162,7,0,2026-09-30,23,11,1,13.5506,13.47639,13.55608,13.34335,13.57111,0,0,2026-12-31,26,20,1,USD,USD,169341501440,436.11,388300000
ETR,0.90253,0.78269,0.91024,0.76681,0.91024,0,0,2026-12-31,12,4,1,5.09678,5.07823,5.1044,5.06849,5.1044,1,0,2027-12-31,21,3,1,1.63376,1.69606,1.62964,1.67631,1.62964,3,0,2026-09-30,12,1,1,4.39632,4.40055,4.3987,4.40075,4.3987,1,0,2026-12-31,21,3,1,USD,USD,48212525056,100.91,477777482
EVRG,0.53616,0.51728,0.55622,0.51728,0.55824,2,2,2026-12-31,7,6,1,4.56503,4.55654,4.56503,4.55188,4.56503,1,0,2027-12-31,11,4,2,2.16582,2.15545,2.19514,2.15545,2.17334,3,1,2026-09-30,7,3,1,4.25934,4.25653,4.25934,4.25255,4.25934,2,0,2026-12-31,12,3,2,USD,USD,18254002176,79.17,230567172
EW,0.70646,0.70643,0.70646,0.73893,0.70646,22,0,2026-12-31,23,0,1,3.3775,3.3755,3.37714,3.36766,3.37714,6,0,2027-12-31,28,17,1,0.73681,0.73689,0.73681,0.74499,0.73681,15,1,2026-09-30,23,2,0,2.99944,2.99841,2.99944,3.00742,2.99944,14,0,2026-12-31,28,6,1,USD,USD,49029369856,85.15,575800000
EXC,0.6325,0.6325,0.78667,0.6175,0.82667,0,0,2026-12-31,3,2,1,3.0383,3.03843,3.0383,3.03793,3.0383,2,1,2027-12-31,19,1,1,0.83498,0.88428,0.82062,0.8828,0.80881,7,1,2026-09-30,11,0,0,2.85674,2.85737,2.85674,2.85569,2.85674,3,1,2026-12-31,18,3,0,USD,USD,41962242048,40.73,1030253967
EXE,2.27722,2.33417,2.11781,2.43429,2.1522,4,1,2026-12-31,18,9,1,8.92525,8.93596,8.555,9.49803,8.56095,1,1,2027-12-31,22,14,1,1.37794,1.39529,1.32542,1.41094,1.32668,5,1,2026-09-30,20,9,1,8.85883,8.94943,8.6989,8.86166,8.72796,2,1,2026-12-31,19,11,0,USD,USD,20458850304,85.52,239228849
EXPD,1.86402,1.67788,1.86402,1.66572,1.91271,0,1,2026-12-31,13,10,10,8.07069,7.12318,8.07069,6.92969,8.11119,0,0,2027-12-31,15,12,14,2.13831,1.84208,2.13831,1.81307,2.17895,0,0,2026-09-30,13,10,12,7.72071,6.89128,7.72071,6.80772,7.80731,0,0,2026-12-31,15,12,14,USD,USD,25019295744,192.47,129990622
EXPE,4.55854,4.39045,4.56368,4.40122,4.56728,4,0,2026-12-31,25,16,0,24.37971,22.96393,24.46596,23.09772,24.51158,6,0,2027-12-31,32,21,1,8.83417,8.44334,8.84395,8.51675,8.85933,5,0,2026-09-30,26,15,0,20.96296,19.75651,20.99129,19.77178,21.01996,3,0,2026-12-31,30,21,0,USD,USD,31805126656,265.0,114495891
EXR,1.177,1.135,1.17506,1.1498,1.17433,1,0,2026-12-31,7,1,1,4.80689,4.75758,4.81188,4.74385,4.85188,1,1,2027-12-31,8,1,1,1.19246,1.145,1.19154,1.16749,1.18989,2,1,2026-09-30,7,0,0,4.62802,4.52,4.6596,4.5309,4.6634,0,0,2026-12-31,8,2,1,USD,USD,29408614400,133.25,211269558
F,0.36939,0.32214,0.36335,0.33539,0.37216,4,1,2026-12-31,14,11,0,1.9133,1.90421,1.95621,1.83068,1.95621,2,0,2027-12-31,19,16,1,0.41595,0.36262,0.41034,0.3585,0.41465,1,1,2026-09-30,14,14,0,1.86718,1.86763,1.86067,1.63861,1.86067,0,0,2026-12-31,18,17,0,USD,USD,48249909248,12.1,3916743591
FANG,4.87778,4.55435,5.06087,4.89354,5.04273,5,1,2026-12-31,22,14,3,18.11703,17.35847,18.76243,17.79829,18.72732,6,0,2027-12-31,27,16,4,4.8979,4.5889,4.92457,5.22592,4.95778,6,2,2026-09-30,24,13,2,20.4608,19.75409,20.91266,20.43568,20.92779,5,0,2026-12-31,26,15,3,USD,USD,51961384960,184.71,281313297
FAST,0.29959,0.29868,0.3005,0.29437,0.30204,0,0,2026-12-31,11,2,1,1.39407,1.39228,1.39551,1.36646,1.39781,0,0,2027-12-31,15,5,2,0.33274,0.33092,0.33456,0.32721,0.33605,0,0,2026-09-30,11,4,2,1.25937,1.25761,1.26079,1.23723,1.26235,0,0,2026-12-31,15,5,2,USD,USD,58235502592,50.75,1147497573
FCX,1.01,0.994,1.04182,0.85618,1.028,1,0,2026-12-31,10,7,6,4.13538,4.08774,4.14244,3.9514,4.17656,6,0,2027-12-31,17,9,1,0.73455,0.73545,0.75455,0.78227,0.763,6,5,2026-09-30,10,3,2,3.02143,2.99819,3.04643,2.79133,3.0558,0,0,2026-12-31,16,15,0,USD,USD,103450705920,72.04,1436017523
FDS,4.9035,4.89883,4.91112,4.89883,4.9125,0,0,2027-02-28,16,1,1,20.04627,20.04627,20.08839,19.90237,19.58273,3,0,2027-08-31,12,5,1,4.93689,4.93622,4.9423,4.93622,4.99862,0,0,2026-08-31,16,1,1,19.70975,19.70086,19.73154,19.65058,19.72488,0,0,2026-08-31,18,1,1,USD,USD,9460434944,266.0,35565543
FDX,6.3475,5.99667,6.38847,5.9,6.38958,0,0,2026-12-31,9,1,1,20.84071,20.64071,20.85951,20.65167,20.93579,0,0,2027-12-31,16,0,0,3.32,3.27,3.57019,3.27,3.50591,0,0,2026-09-30,7,1,1,17.704,17.714,17.7155,17.72667,17.95249,1,0,2026-12-31,11,0,0,USD,USD,68719624192,290.36,236670435
FDXF,0.375,0.375,0.3725,1.15,0.4004,1,1,2026-05-31,5,0,0,5.05375,5.01,5.10478,5.174,5.06343,0,0,2027-05-31,11,2,2,1.485,0.0,1.5375,1.40333,1.55333,0,0,2026-05-31,7,0,1,4.302,4.252,4.33463,4.31,4.3053,0,0,2026-05-31,8,1,1,USD,USD,16879100928,112.89,149518133
FE,0.58271,0.5795,0.59059,0.53061,0.58809,1,1,2026-12-31,8,5,1,2.9494,2.95147,2.9494,2.94686,2.9494,2,2,2027-12-31,15,4,0,0.93798,0.90798,0.92855,0.89451,0.9298,1,1,2026-09-30,8,6,0,2.73338,2.73681,2.73338,2.73368,2.73338,1,0,2026-12-31,14,4,1,USD,USD,25069207552,43.34,578431175
FERG,2.39387,2.45828,2.38992,2.44836,2.38992,5,3,2026-12-31,11,4,1,12.57159,12.52662,12.53415,12.53461,12.53415,3,0,2027-12-31,15,8,1,3.30787,3.29189,3.3047,3.29562,3.3047,2,2,2026-09-30,11,8,3,11.31216,11.25609,11.31344,11.2655,11.31344,2,0,2026-12-31,14,10,1,USD,USD,43203796992,223.33,193452717
FFIV,4.36183,4.35282,4.36183,4.33342,4.36183,5,5,2026-12-31,12,7,6,18.07676,17.68194,18.07676,17.68972,18.07676,2,2,2027-09-30,13,10,10,4.25523,4.14201,4.25523,4.14198,4.25523,0,0,2026-09-30,12,12,12,17.33147,16.4917,17.33147,16.49187,17.33147,0,0,2026-09-30,13,12,12,USD,USD,25711007744,454.04,56627182
FICO,10.52176,10.57507,10.52988,10.72952,10.39341,10,2,2026-12-31,15,5,0,53.05803,53.2808,53.00952,54.43097,51.37746,5,1,2027-09-30,21,2,2,11.0581,11.09022,11.06516,11.43841,11.01116,14,1,2026-09-30,17,3,1,42.97241,43.11087,43.02294,43.06608,42.97523,12,1,2026-09-30,21,7,0,USD,USD,14281437184,661.25,21597635
FIS,1.75602,1.80648,1.75669,1.80676,1.75669,22,1,2026-12-31,24,0,1,6.70097,6.84923,6.70041,6.8493,6.6977,27,1,2027-12-31,29,0,1,1.60178,1.64836,1.60251,1.64916,1.60251,21,1,2026-09-30,25,1,0,6.19216,6.27442,6.19353,6.2749,6.19353,26,1,2026-12-31,29,1,1,USD,USD,16767558656,32.44,516879151
FISV,1.89799,2.27525,1.89654,2.27935,1.90296,24,4,2026-12-31,27,0,0,8.1136,8.92794,8.05071,8.93886,8.02405,31,5,2027-12-31,36,0,0,1.72324,2.15867,1.71842,2.16148,1.71572,24,3,2026-09-30,29,0,1,7.26435,8.11333,7.24291,8.1145,7.24547,31,4,2026-12-31,34,0,0,USD,USD,23589171200,44.36,
FITB,1.20256,1.20123,1.1952,1.16754,1.19741,6,0,2026-12-31,15,8,2,4.89276,4.89278,4.89282,4.87506,4.89311,2,2,2027-12-31,16,12,2,0.83579,0.83646,0.83944,0.92763,0.83735,11,1,2026-09-30,15,2,1,3.06788,3.06759,3.06838,3.08253,3.06945,9,0,2026-12-31,16,7,3,USD,USD,46117367808,50.87,906573000
FIX,13.11746,11.42324,13.13871,11.42324,13.13871,0,0,2026-12-31,10,7,8,60.04276,53.44336,60.17848,53.19561,60.17848,0,0,2027-12-31,10,7,8,12.79114,10.76175,12.80802,10.76175,12.80802,0,0,2026-09-30,10,7,8,48.97116,43.14652,49.00705,43.14652,49.00705,0,0,2026-12-31,10,7,8,USD,USD,60816150528,1728.01,35194329
FLEX,1.23746,1.2319,1.23746,1.18574,1.23079,0,0,2026-12-31,9,7,6,7.11111,7.08384,7.11111,6.95217,7.05748,1,1,2028-03-31,11,8,8,1.05827,1.04252,1.05827,1.0015,1.05827,0,0,2026-09-30,10,6,5,4.72433,4.6553,4.72433,4.5412,4.71161,1,1,2027-03-31,11,8,8,USD,USD,43076079616,116.61,369402978
FOX,,,,,,,,,,,,,,,,,,,,,,,,,,,,,,,,,,,,,,,,,,,,,USD,,23567339520,55.89,220248764
FOXA,1.03883,1.07181,1.03825,1.09119,1.03985,2,3,2026-12-31,15,3,2,5.83476,5.73994,5.83532,5.63967,5.84755,5,0,2028-06-30,18,6,1,2.02618,1.7712,2.02044,1.77108,2.0256,0,0,2026-09-30,15,5,5,5.91574,5.80463,5.91685,5.75123,5.92961,5,0,2027-06-30,18,12,2,USD,USD,26261833728,62.28,201424858
FRT,0.772,0.776,0.77535,0.7735,0.76935,2,0,2026-12-31,5,0,0,3.09061,3.07572,3.1903,3.10486,3.17197,0,0,2027-12-31,6,3,0,0.72,0.73,0.72119,0.72101,0.71919,1,0,2026-09-30,5,0,0,4.22,4.04,4.22278,4.0209,4.26478,0,0,2026-12-31,5,3,0,USD,USD,9273324544,106.69,86389197
FSLR,5.66219,5.73253,5.67573,5.99309,5.653,12,0,2026-12-31,22,6,2,23.06854,23.05025,23.18859,23.23164,23.15827,13,0,2027-12-31,31,11,1,4.62808,4.70162,4.63544,5.16479,4.62681,15,0,2026-09-30,22,3,2,17.47627,17.45151,17.48962,17.3419,17.46736,7,0,2026-12-31,31,17,3,USD,USD,18765299712,174.61,107469788
FTNT,0.87558,0.83017,0.87553,0.8299,0.87553,0,0,2026-12-31,38,36,37,3.75956,3.42948,3.77777,3.42591,3.77777,0,0,2027-12-31,42,2,1,0.85739,0.76505,0.85724,0.76451,0.85724,0,0,2026-09-30,38,36,37,3.43913,3.15499,3.45008,3.15261,3.45008,0,0,2026-12-31,41,0,0,USD,USD,132765483008,180.95,733713653
FTV,0.87634,0.87785,0.87583,0.88624,0.87256,7,1,2026-12-31,14,3,0,3.24893,3.24335,3.24797,3.21846,3.2506,2,1,2027-12-31,16,11,1,0.70664,0.70406,0.70606,0.70574,0.70563,5,3,2026-09-30,14,5,5,3.01762,3.00933,3.01668,2.99669,3.01376,3,1,2026-12-31,16,10,1,USD,USD,17520363520,57.47,304861021
GD,4.51165,4.4961,4.51165,4.56042,4.50999,10,1,2026-12-31,17,6,1,18.59454,18.49934,18.61304,18.24306,18.61959,1,0,2027-12-31,20,16,2,4.13652,4.12894,4.13652,4.07628,4.14294,3,0,2026-09-30,17,13,2,16.99896,16.92706,16.98902,16.67586,16.99326,0,0,2026-12-31,19,17,2,USD,USD,89308217344,330.09,270557195
GDDY,2.09596,2.00349,2.09323,2.00472,2.09046,1,1,2026-12-31,12,9,0,9.23587,8.97498,9.17902,8.96789,9.20895,4,1,2027-12-31,13,8,0,1.90135,1.81794,1.89499,1.8123,1.8929,0,1,2026-09-30,12,10,0,7.40858,7.12293,7.39939,7.11318,7.39939,0,1,2026-12-31,14,11,0,USD,USD,12311422976,97.21,126647704
GE,2.24151,2.24151,2.27468,2.17495,2.32959,1,0,2026-12-31,8,5,1,9.71732,9.71732,9.68876,9.5159,9.82364,0,0,2027-12-31,11,9,1,1.98645,1.98645,1.98724,1.91389,1.98431,4,0,2026-09-30,17,12,1,7.91328,7.91328,7.9145,7.5429,7.90889,0,0,2026-12-31,22,21,2,USD,USD,321187840000,309.56,1037562513
GEHC,1.59563,1.59563,1.59458,1.61531,1.59458,9,9,2026-12-31,15,3,2,5.41022,5.40403,5.41221,5.36028,5.41221,4,2,2027-12-31,20,12,6,1.20441,1.20441,1.20413,1.24375,1.20413,13,13,2026-09-30,16,0,0,4.92746,4.92337,4.92609,4.87066,4.92609,1,1,2026-12-31,20,15,7,USD,USD,29244993536,64.29,454891786
GEN,0.7293,0.73099,0.7293,0.73099,0.72976,3,3,2026-12-31,8,1,1,3.30719,3.28675,3.30719,3.28675,3.3091,1,1,2028-03-31,10,4,4,0.71826,0.70784,0.71826,0.70757,0.71881,0,0,2026-09-30,8,3,3,2.92324,2.89561,2.92324,2.89561,2.92464,0,0,2027-03-31,9,5,5,USD,USD,13162928128,21.99,598587032
GEV,6.43708,6.38194,6.46922,6.10334,6.43296,1,1,2026-12-31,15,1,0,24.68591,24.8507,24.85029,24.383,24.77549,2,1,2027-12-31,26,3,0,4.17027,4.19225,4.17241,4.37976,4.07409,2,1,2026-09-30,15,0,0,30.74053,30.75957,30.78103,30.79868,30.58023,2,1,2026-12-31,20,1,0,USD,USD,263324024832,988.7,266333581
GILD,2.19288,2.25316,2.18923,2.24549,2.18923,16,0,2026-12-31,20,3,0,9.89229,9.63517,9.88911,9.67602,9.88911,6,1,2027-12-31,26,19,0,2.15186,2.20208,2.1476,2.07589,2.1476,14,0,2026-09-30,22,6,0,-0.42424,-0.76732,-0.42627,-0.78919,-0.42627,0,0,2026-12-31,27,2,0,USD,USD,179471122432,144.74,1239955155
GIS,0.65405,0.65538,0.66037,0.65528,0.6927,1,0,2027-02-28,16,3,1,3.20989,3.21155,3.16016,3.23223,3.15332,2,1,2028-05-31,19,0,0,0.98574,0.98507,0.98034,0.98817,0.94745,2,1,2026-11-30,17,1,1,3.07859,3.07912,3.08197,3.10912,3.07881,2,1,2027-05-31,19,0,0,USD,USD,17115334656,32.01,534687144
GL,3.78534,3.8249,3.77868,3.8224,3.77868,6,6,2026-12-31,9,1,1,16.51824,16.64961,16.51824,16.64961,16.51824,6,5,2027-12-31,11,1,2,4.87593,4.69858,4.89704,4.68483,4.89704,0,0,2026-09-30,9,7,7,15.70212,15.64742,15.71031,15.6356,15.71031,0,1,2026-12-31,11,8,7,USD,USD,12732416000,165.68,76849447
GLW,0.91676,0.91676,0.91647,0.87335,0.92163,1,1,2026-12-31,13,8,8,4.32048,4.30798,4.36423,4.24548,4.35432,3,2,2027-12-31,18,8,5,0.873,0.873,0.87601,0.85113,0.87354,2,2,2026-09-30,13,8,8,3.26986,3.27138,3.2812,3.18695,3.28223,0,0,2026-12-31,17,10,5,USD,USD,141143932928,164.19,859637825
GM,2.74852,2.74852,2.85753,2.79879,2.8212,13,0,2026-12-31,15,3,1,14.8481,14.70702,15.03836,14.08383,15.04973,2,0,2027-12-31,22,19,1,3.5433,3.5433,3.5642,3.22429,3.59676,2,0,2026-09-30,15,14,1,13.38804,13.38804,13.51112,12.77154,13.50931,1,0,2026-12-31,22,19,1,USD,USD,70791413760,78.27,904451541
GNRC,2.57796,2.62929,2.56352,2.61545,2.54861,8,1,2026-12-31,17,7,1,11.82023,11.68406,12.47218,11.26116,12.66804,4,0,2027-12-31,19,15,5,2.45118,2.42427,2.4336,2.55288,2.43216,14,1,2026-09-30,17,3,2,9.74759,9.74378,9.71838,9.01942,9.70371,0,0,2026-12-31,19,19,0,USD,USD,12805061632,216.8,59063935
GOOG,3.37898,3.36343,3.39069,3.27705,3.39069,15,1,2026-12-31,17,15,1,14.92037,14.80309,15.07154,14.53326,15.07154,1,0,2027-12-31,27,9,2,3.01962,3.00518,3.03077,3.00798,3.03077,16,1,2026-09-30,17,16,1,11.69571,11.69571,11.81,12.45667,11.81,1,1,2026-12-31,6,4,1,USD,USD,4162458484736,340.35,5527000000
GOOGL,3.33268,3.33216,3.34037,3.28132,3.34971,16,1,2026-12-31,39,17,1,14.85475,14.76976,14.9221,14.52551,14.9494,1,1,2027-12-31,53,8,1,3.00586,2.99845,3.01896,3.00701,3.02466,18,1,2026-09-30,43,18,1,20.60283,20.5849,20.62484,14.23178,20.63321,2,0,2026-12-31,53,4,1,USD,USD,4200982642688,343.5,5867155790
GPC,1.81152,1.81284,1.78121,1.8157,1.78121,6,1,2026-12-31,9,3,0,8.30479,8.31035,8.30479,8.3983,8.31394,5,1,2027-12-31,10,3,0,2.03888,2.04998,2.04099,2.04247,2.04099,3,0,2026-09-30,9,5,1,7.73912,7.74312,7.73912,7.70672,7.73859,2,1,2026-12-31,11,5,0,USD,USD,17541275648,127.24,137859758
GPN,3.66742,3.74385,3.66123,3.74913,3.66222,23,1,2026-12-31,29,1,0,16.02072,16.12451,15.98886,16.16735,16.01033,24,1,2027-12-31,35,6,2,3.58628,3.65186,3.58333,3.66635,3.58321,21,1,2026-09-30,30,4,0,13.67866,13.79876,13.64867,13.83536,13.64932,27,2,2026-12-31,35,1,0,USD,USD,20740788224,78.38,264618390
GRMN,2.83529,2.90836,2.85243,2.90834,2.85243,0,0,2026-12-31,7,1,1,10.98629,10.3241,11.00504,10.32395,11.13434,0,0,2027-12-31,7,2,1,2.37912,2.34204,2.3834,2.34203,2.3834,0,0,2026-09-30,7,1,1,10.10472,9.57998,10.12615,9.57996,10.12615,0,0,2026-12-31,7,1,1,USD,USD,54223450112,281.16,192856206
GS,15.65999,15.65999,15.54311,14.35344,15.37533,2,0,2026-12-31,18,15,1,74.16988,74.16988,73.51997,66.36136,73.1734,0,0,2027-12-31,22,21,2,16.42568,16.42568,15.38956,14.08793,14.72011,1,0,2026-09-30,19,16,1,70.76699,70.76699,69.83036,60.09621,68.7515,0,0,2026-12-31,22,21,1,USD,USD,262799654912,902.56,291171408
GWW,11.15958,10.93053,11.15958,10.95053,11.14057,2,2,2026-12-31,16,11,11,51.04409,50.48155,51.04409,50.42497,50.99193,1,1,2027-12-31,19,13,14,11.68148,11.7733,11.68148,11.77018,11.65467,10,0,2026-09-30,16,4,1,46.45551,45.64787,46.45551,45.63774,46.44158,2,0,2026-12-31,18,14,1,USD,USD,60446961664,1280.3,47213119
HAL,0.6449,0.64596,0.64551,0.64848,0.64191,13,2,2026-12-31,21,6,0,2.90207,2.90806,2.90473,2.93309,2.90072,5,1,2027-12-31,25,1,0,0.58606,0.58676,0.58606,0.60709,0.58434,13,1,2026-09-30,21,3,1,2.34955,2.35026,2.35022,2.37594,2.34621,5,1,2026-12-31,25,1,0,USD,USD,26607419392,31.85,835397735
HAS,1.54873,1.54873,1.54782,1.44181,1.53961,1,1,2026-12-31,10,9,3,6.52571,6.52105,6.51371,6.39914,6.50255,2,0,2027-12-31,14,11,1,1.86352,1.87203,1.85852,1.90802,1.85475,1,1,2026-09-30,11,0,0,6.15942,6.17476,6.15514,5.96253,6.14553,1,1,2026-12-31,13,0,0,USD,USD,12629121024,89.54,141044467
HBAN,0.4307,0.43158,0.40108,0.44343,0.40287,10,2,2026-12-31,10,1,1,1.87702,1.86995,1.768,1.90597,1.76956,12,1,2027-12-31,11,1,0,0.3928,0.39323,0.37956,0.4151,0.37946,11,1,2026-09-30,10,0,0,1.59378,1.58816,1.53555,1.6102,1.5383,10,1,2026-12-31,10,1,0,USD,USD,30972958720,15.33,2020414826
HCA,7.96985,7.97633,8.02143,8.35073,8.04836,1,0,2026-12-31,20,1,1,32.10881,32.18055,32.02199,33.09416,32.01582,3,1,2027-12-31,23,1,0,6.73685,6.77736,6.68527,7.27323,6.659,2,1,2026-09-30,20,0,0,29.49127,29.55931,29.49081,30.19201,29.48904,3,1,2026-12-31,23,0,0,USD,USD,94656831488,426.69,221839800
HD,2.83443,2.84841,2.83477,2.84841,2.83477,18,1,2027-01-31,30,11,1,16.04274,16.09218,16.0248,16.09225,16.0248,18,1,2028-01-31,34,13,1,3.8402,3.95576,3.8402,3.95576,3.83653,28,27,2026-10-31,30,1,1,15.02198,14.95531,15.02198,14.95531,15.0264,7,5,2027-01-31,34,21,21,USD,USD,282196508672,282.85,997689626
HIG,3.22961,3.23152,3.22961,3.21175,3.23247,9,1,2026-12-31,21,9,0,13.6889,13.72586,13.67803,13.96753,13.71195,17,2,2027-12-31,23,2,0,3.05962,3.06153,3.05962,3.10025,3.14735,11,1,2026-09-30,22,6,0,12.75849,12.73174,12.75849,12.71828,12.85088,3,0,2026-12-31,19,11,1,USD,USD,34143416320,126.05,270872002
HII,5.05019,5.04446,5.05019,5.06181,5.1311,3,1,2026-12-31,11,6,0,20.83476,20.17434,20.83476,20.08005,20.83476,2,1,2027-12-31,11,7,0,4.49854,4.65254,4.49854,4.66816,4.41854,6,1,2026-09-30,11,3,0,18.51263,17.3473,18.51263,17.39514,18.51263,0,0,2026-12-31,11,9,0,USD,USD,10581711872,268.54,39404598
HLT,2.36541,2.31756,2.38211,2.31756,2.38383,2,0,2026-12-31,22,16,3,10.46226,10.41701,10.45523,10.41701,10.45504,6,2,2027-12-31,28,14,2,2.35018,2.43106,2.353,2.43106,2.35377,18,2,2026-09-30,22,1,1,9.03248,9.03079,9.04176,9.01908,9.04281,7,1,2026-12-31,27,15,3,USD,USD,71876730880,319.36,225064910
HON,2.42651,2.43093,2.43208,2.39588,2.41223,2,0,2026-12-31,16,6,0,9.9777,10.01358,9.93901,9.47344,9.8574,3,2,2027-12-31,24,4,0,2.15121,2.14638,2.16746,2.18963,2.1643,0,0,2026-09-30,17,3,1,8.3022,8.29633,8.30699,8.22,8.29525,1,1,2026-12-31,24,5,1,USD,USD,67821993984,213.99,316940010
HONA,2.19211,2.49356,2.19919,2.49952,2.19748,9,0,2026-12-31,11,0,0,9.0763,9.96927,9.08799,10.16711,9.08666,11,1,2027-12-31,14,0,0,1.86175,2.29072,1.8616,2.31994,1.86438,9,0,2026-09-30,12,0,0,6.78052,8.38182,6.65047,8.28461,6.65047,5,7,2027-01-31,10,0,0,USD,USD,49010401280,154.63,316952725
HOOD,0.58809,0.58517,0.59153,0.55731,0.61092,0,0,2026-12-31,19,3,1,2.74065,2.69202,2.80607,2.57597,2.86204,0,0,2027-12-31,23,6,3,0.50671,0.50094,0.5169,0.46377,0.53601,0,0,2026-09-30,19,3,1,2.07148,2.05581,2.09778,1.86724,2.13834,1,1,2026-12-31,23,3,1,USD,USD,101362540544,112.74,790630234
HPE,0.93561,0.92235,1.02547,0.91974,1.04101,1,1,2027-01-31,14,9,9,4.11973,4.04983,4.59744,4.0384,4.69928,0,1,2027-10-31,20,15,14,1.06924,1.05691,1.27004,1.05613,1.27286,0,0,2026-10-31,19,15,15,3.45097,3.42581,3.82365,3.42307,3.82611,0,0,2026-10-31,20,16,16,USD,USD,92033138688,69.33,1327464779
HPQ,0.6827,0.6827,0.70331,0.6827,0.70386,3,3,2027-01-31,12,5,5,3.00725,3.00999,3.1402,3.00999,3.13797,3,2,2027-10-31,18,11,12,0.66989,0.66979,0.74551,0.66979,0.74586,0,0,2026-10-31,13,11,11,3.01813,3.01698,3.24431,3.01698,3.24467,0,0,2026-10-31,16,13,13,USD,USD,28965525504,32.12,901790969
HRL,0.37533,0.37367,0.37567,0.37367,0.37567,3,3,2027-01-31,6,3,2,1.55353,1.5591,1.55353,1.5607,1.57153,4,5,2027-10-31,10,2,2,0.39837,0.39781,0.37857,0.3975,0.37857,7,8,2026-10-31,8,0,0,1.48715,1.49311,1.48715,1.49366,1.45043,6,6,2026-10-31,10,1,0,USD,USD,11144603648,20.25,550350800
HSIC,1.43697,1.42665,1.43697,1.42154,1.43723,3,4,2026-12-31,15,10,10,5.99835,5.90452,5.99835,5.91552,5.98995,2,1,2027-12-31,16,13,15,1.35093,1.3608,1.35093,1.36357,1.35043,9,9,2026-09-30,15,5,5,5.37635,5.34386,5.37635,5.34785,5.37627,1,1,2026-12-31,16,14,15,USD,USD,9669254144,84.88,113916757
HST,0.22134,0.23,0.22917,0.24333,0.22734,2,2,2026-12-31,5,0,0,1.05071,1.004,1.05071,1.0,1.05559,1,1,2027-12-31,6,3,3,0.07551,0.085,0.07438,0.08667,0.08151,2,2,2026-09-30,5,1,1,1.3695,1.355,1.3695,1.355,1.3736,1,1,2026-12-31,5,3,3,USD,USD,15673028608,22.56,685124399
HSY,2.13743,2.13743,2.13743,2.38838,2.13743,16,16,2026-12-31,17,0,0,9.86822,9.86583,9.86822,9.9014,9.85913,8,2,2027-12-31,22,12,0,2.11904,2.11904,2.11904,2.28646,2.11743,16,16,2026-09-30,18,0,0,8.48975,8.48806,8.48975,8.42904,8.4893,2,1,2026-12-31,22,18,0,USD,USD,32186281984,160.19,146312143
HUBB,5.3013,5.29589,5.28482,5.06824,5.29044,0,0,2026-12-31,13,1,0,22.87801,22.87115,22.91317,22.62096,22.95357,1,0,2027-12-31,13,0,0,5.72914,5.72905,5.74922,5.65956,5.75234,0,0,2026-09-30,13,1,0,20.45775,20.45097,20.46293,20.11522,20.48643,0,0,2026-12-31,13,2,0,USD,USD,25127321600,475.52,52841777
HUM,-7.89313,-8.16728,-7.85921,-8.22424,-7.8583,5,0,2026-12-31,23,16,1,16.56803,16.03056,16.56803,15.73325,16.59234,3,0,2027-12-31,26,16,1,-0.95137,-0.14198,-1.0031,-0.1698,-1.0038,16,1,2026-09-30,23,5,0,9.15272,8.95638,9.15465,8.84446,9.15484,3,0,2026-12-31,26,12,1,USD,USD,46634385408,388.36,120080308
HWM,1.4156,1.3158,1.41517,1.31028,1.41696,0,1,2026-12-31,17,15,0,6.41898,6.05312,6.45787,6.02608,6.46127,0,1,2027-12-31,21,18,0,1.36701,1.26022,1.3672,1.25937,1.36921,0,0,2026-09-30,18,15,1,5.33373,5.05696,5.33459,5.05084,5.33752,0,1,2026-12-31,21,17,0,USD,USD,92230803456,231.27,398801399
IBKR,0.73263,0.74544,0.73063,0.67887,0.73463,1,1,2026-12-31,10,0,0,3.1762,3.19118,3.18927,2.90147,3.2007,2,1,2027-12-31,14,0,0,0.68874,0.70201,0.68774,0.6332,0.68774,1,1,2026-09-30,10,0,0,2.70407,2.72352,2.70197,2.53167,2.70351,2,1,2026-12-31,13,0,0,USD,USD,150446915584,88.3,453077771
IBM,4.60169,4.60643,4.60169,4.56816,4.61512,8,2,2026-12-31,18,7,12,13.16241,13.21074,13.16241,13.45766,13.14773,10,1,2027-12-31,23,11,0,2.88811,2.90361,2.88811,2.92793,2.87065,9,7,2026-09-30,19,6,6,12.32077,12.32993,12.32077,12.45631,12.31036,1,1,2026-12-31,23,11,0,USD,USD,209756798976,222.64,942134390
ICE,1.96235,1.9668,1.96263,1.94527,1.95491,2,0,2026-12-31,12,6,1,8.80327,8.77807,8.80063,8.81493,8.79487,1,0,2027-12-31,14,2,1,1.90277,1.91332,1.89976,1.90847,1.90055,3,1,2026-09-30,13,5,0,8.14719,8.13855,8.12824,8.13658,8.12069,2,3,2026-12-31,13,10,0,USD,USD,84293378048,150.15,561394487
IDXX,3.36501,3.44868,3.36501,3.4493,3.35821,8,8,2026-12-31,10,1,1,16.7397,16.51678,16.7397,16.52308,16.73722,2,1,2027-12-31,12,11,2,3.7074,3.7824,3.7074,3.78333,3.70284,7,1,2026-09-30,11,3,2,14.83498,14.66329,14.83498,14.66965,14.82721,0,0,2026-12-31,12,11,2,USD,USD,40892157952,518.39,78882997
IEX,2.28534,2.19712,2.28327,2.19712,2.28373,0,0,2026-12-31,11,10,0,9.51149,9.23013,9.58149,9.23013,9.62584,0,0,2027-12-31,15,14,4,2.23721,2.19237,2.23377,2.19237,2.23614,1,0,2026-09-30,11,9,0,8.82469,8.49533,8.82243,8.49533,8.82618,0,0,2026-12-31,14,13,0,USD,USD,17175998464,232.99,73719896
IFF,0.67057,0.93315,0.67057,0.94075,0.6736,11,10,2026-12-31,13,1,1,3.95577,4.79733,3.96101,4.81511,3.96166,12,0,2027-12-31,17,1,1,0.79947,1.15516,0.79947,1.14737,0.80644,12,11,2026-09-30,13,0,0,3.24232,4.49329,3.27617,4.47792,3.28661,14,1,2026-12-31,14,0,0,USD,USD,21042112512,82.42,255303473
ILMN,1.5352,1.52522,1.5355,1.49047,1.53605,0,0,2026-12-31,18,12,1,6.09635,6.04879,6.10491,5.93167,6.10586,1,1,2027-12-31,21,3,1,1.3572,1.35349,1.35572,1.36796,1.35572,8,0,2026-09-30,18,6,1,5.35631,5.34686,5.35526,5.22984,5.35573,1,1,2026-12-31,21,1,0,USD,USD,41229041664,273.04,151000000
INCY,1.9483,1.94663,1.9483,2.08197,1.93237,5,6,2026-12-31,17,3,2,8.93998,8.78776,8.88548,9.31283,8.78262,9,6,2027-12-31,21,2,2,-3.47198,-3.43321,-3.47198,1.48201,-3.55006,8,4,2026-09-30,17,0,3,3.47935,3.52122,3.4557,7.72978,3.36822,11,3,2026-12-31,20,0,5,USD,USD,23371051008,115.3,202697746
INTC,0.4261,0.42558,0.43089,0.30446,0.43089,1,0,2026-12-31,35,2,1,2.04058,1.99143,2.06208,1.53217,2.06208,1,0,2027-12-31,46,4,1,0.38887,0.38876,0.39065,0.26354,0.39065,0,2,2026-09-30,35,30,0,1.51264,1.51591,1.52026,1.08966,1.52026,2,0,2026-12-31,40,1,1,USD,USD,630790946816,119.33,5286105262
INTU,4.84675,4.83577,4.05906,4.83366,3.97829,18,18,2027-01-31,26,3,3,30.78979,30.79903,27.34542,30.90408,27.07542,16,2,2028-07-31,31,3,1,4.01395,4.03823,2.71552,4.03814,2.63936,20,20,2026-10-31,26,1,1,27.25422,27.28849,24.18045,27.28135,23.94389,24,1,2027-07-31,32,5,2,USD,USD,75114692608,281.08,267236000
INVH,0.15676,0.15676,0.15,0.14,0.15471,1,1,2026-12-31,3,1,1,0.67816,0.66674,0.68316,0.66424,0.71089,1,0,2027-12-31,3,3,1,0.13927,0.14,0.13927,0.13578,0.13854,0,0,2026-09-30,1,2,2,0.61574,0.61746,0.79574,0.61746,0.79574,1,0,2026-12-31,2,1,1,USD,USD,15379829760,26.04,590623226
IP,0.82501,0.83562,0.80884,0.71657,0.81716,0,0,2026-12-31,9,1,1,2.9898,2.9398,3.01971,2.67168,3.02552,0,0,2027-12-31,12,2,1,0.3243,0.32639,0.31931,0.52914,0.30186,1,1,2026-09-30,9,0,0,1.34428,1.35923,1.33027,1.37971,1.32282,1,0,2026-12-31,11,1,1,USD,USD,16930349056,31.97,529569895
IQV,3.64924,3.64924,3.64924,3.62477,3.65107,8,7,2026-12-31,17,6,7,14.46021,14.43079,14.45948,14.19507,14.47191,2,0,2027-12-31,22,18,1,3.27307,3.27307,3.27307,3.251,3.27201,4,4,2026-09-30,17,10,10,12.96532,12.95895,12.96517,12.81119,12.96544,0,0,2026-12-31,22,21,1,USD,USD,42501365760,258.21,164600000
IR,1.02274,1.02024,1.02274,1.00309,1.0207,2,0,2026-12-31,12,9,2,3.91727,3.87087,3.91727,3.85186,3.91943,1,1,2027-12-31,14,10,1,0.90245,0.91256,0.90245,0.9063,0.90126,7,0,2026-09-30,12,3,2,3.55555,3.53959,3.55555,3.5041,3.55346,0,0,2026-12-31,14,14,2,USD,USD,29515116544,76.07,387999429
IRM,0.66281,0.66114,0.67299,0.66114,0.67299,2,2,2026-12-31,6,4,4,2.7315,2.67538,2.72817,2.67371,2.7297,3,1,2027-12-31,7,3,0,0.6172,0.6172,0.60995,0.6172,0.60995,4,4,2026-09-30,6,2,2,2.47948,2.43489,2.48114,2.43322,2.47532,2,0,2026-12-31,7,4,1,USD,USD,33756522496,113.39,297702812
ISRG,2.84422,2.84404,2.84446,2.83648,2.84404,9,1,2026-12-31,24,12,1,12.07083,12.07083,12.09157,11.7858,12.0912,1,0,2027-12-31,27,24,4,2.64155,2.63773,2.63898,2.58829,2.6394,2,0,2026-09-30,24,21,2,10.79481,10.79366,10.77945,10.41917,10.77945,0,0,2026-12-31,27,1,1,USD,USD,140427083776,391.95,358278038
IT,3.96323,3.90933,3.94947,3.94178,3.94947,6,2,2026-12-31,15,8,0,16.44928,15.3065,16.35869,15.31096,16.35869,0,1,2027-12-31,15,15,0,2.84999,2.7361,2.84955,2.73282,2.84955,1,1,2026-09-30,15,14,1,14.49348,13.68482,14.48108,13.70249,14.48108,0,1,2026-12-31,15,15,0,USD,USD,11669931008,184.8,63148976
ITW,2.98225,2.95861,2.98225,2.92151,2.98228,3,0,2026-12-31,11,8,1,12.39456,12.31423,12.39456,12.17424,12.39813,1,0,2027-12-31,13,11,1,2.97481,2.95391,2.97481,2.92886,2.97427,0,0,2026-09-30,11,11,1,11.44868,11.4156,11.44868,11.33513,11.45595,2,0,2026-12-31,13,10,1,USD,USD,74879623168,262.92,284800000
IVZ,0.78773,0.77742,0.79042,0.73987,0.79209,6,0,2026-12-31,12,3,2,3.26133,3.22638,3.26124,3.01834,3.27124,4,0,2027-12-31,14,9,2,0.73574,0.72997,0.73485,0.69169,0.73793,5,0,2026-09-30,13,4,2,2.80685,2.78561,2.80708,2.62004,2.81065,5,0,2026-12-31,14,8,2,USD,USD,13536382976,30.66,441499780
J,1.83389,1.83246,1.83398,1.83246,1.83398,3,4,2026-12-31,7,3,2,8.25885,8.23007,8.25885,8.23402,8.26698,5,5,2027-09-30,16,7,7,2.12748,2.12919,2.12748,2.13115,2.12665,6,5,2026-09-30,12,4,5,7.25712,7.21854,7.26997,7.2492,7.26731,2,1,2026-09-30,15,10,11,USD,USD,16302245888,138.06,118080879
JBHT,2.29967,2.29967,2.20209,2.16551,2.1859,0,1,2026-12-31,21,20,15,10.11542,10.11542,10.01838,9.21617,9.99882,0,1,2027-12-31,23,22,20,2.14017,2.14017,1.97456,2.03183,1.9598,0,1,2026-09-30,21,19,16,7.82498,7.82498,7.57046,7.3884,7.54091,0,0,2026-12-31,22,22,22,USD,USD,21991378944,234.2,93900000
JBL,3.76892,3.74432,3.77606,3.74432,3.84579,0,0,2027-02-28,8,1,1,16.5575,15.61572,16.5575,15.61572,19.80959,0,0,2027-08-31,3,1,1,3.62279,3.59981,3.64422,3.59981,4.05397,0,0,2026-08-31,9,1,1,16.83614,16.74662,16.87214,16.74662,17.69175,0,0,2026-08-31,10,1,1,USD,USD,31898236928,304.41,104787089
JCI,1.11299,1.10913,1.11407,1.0973,1.12921,2,1,2026-12-31,10,3,3,6.03317,5.97435,6.0726,5.77464,6.10242,1,0,2027-09-30,22,5,1,1.57077,1.57522,1.57525,1.51724,1.58005,0,0,2026-09-30,18,0,1,5.07092,5.06625,5.06446,4.89626,5.07016,0,0,2026-09-30,22,3,1,USD,USD,94641045504,156.24,605741470
JKHY,1.76333,1.77,1.76,1.77,1.76833,4,5,2026-12-31,12,2,2,7.839,7.68429,7.85333,7.68429,7.90385,2,1,2028-06-30,13,5,0,2.02444,1.975,2.00818,1.96833,2.00583,3,4,2026-09-30,12,3,3,7.227,7.10111,7.22667,7.10222,7.24769,0,0,2027-06-30,13,9,1,USD,USD,9993850880,142.54,70112608
JNJ,3.025,3.05,2.968,2.98908,2.95677,0,0,2026-12-31,7,0,0,12.3075,12.385,12.138,12.72126,12.13292,0,0,2027-12-31,8,0,0,2.425,2.395,2.45333,3.02384,2.48162,0,0,2026-09-30,8,0,0,11.0525,11.05,11.07333,11.57372,11.07858,0,0,2026-12-31,9,0,0,USD,USD,617006301184,256.03,2409898597
JPM,5.9475,5.9475,5.94034,5.5277,5.9303,0,0,2026-12-31,10,7,0,24.95399,24.90399,24.99782,23.79912,25.02953,0,0,2027-12-31,13,11,3,5.9064,5.9064,5.91435,5.45961,5.9072,0,0,2026-09-30,11,7,0,24.12453,23.95575,24.09818,22.57127,24.04652,0,0,2026-12-31,11,9,2,USD,USD,883527974912,332.38,2658186195
KDP,0.70001,0.7182,0.70019,0.71432,0.70019,11,0,2026-12-31,15,1,1,2.53468,2.52795,2.53468,2.5266,2.53468,4,0,2027-12-31,19,10,1,0.62184,0.63658,0.62184,0.63301,0.62184,9,9,2026-09-30,15,1,1,2.29307,2.28843,2.29307,2.28719,2.29307,3,0,2026-12-31,19,7,1,USD,USD,41328287744,30.37,1360826038
KEY,0.48894,0.48902,0.49203,0.49578,0.49077,5,2,2026-12-31,13,3,0,2.13669,2.13802,2.13525,2.15161,2.1342,7,3,2027-12-31,15,2,0,0.45659,0.45762,0.45956,0.46954,0.46126,9,2,2026-09-30,13,3,1,1.8286,1.82727,1.8341,1.82403,1.83392,5,1,2026-12-31,15,5,1,USD,USD,21427941376,20.08,1067128554
KEYS,2.77148,2.73742,3.23991,2.73742,3.23991,0,0,2027-01-31,11,9,9,11.91977,11.88329,13.64991,11.85636,13.87157,0,0,2027-10-31,12,11,11,2.68167,2.6855,3.38232,2.683,3.38046,0,0,2026-10-31,12,10,10,10.23911,10.24094,11.49984,10.23844,11.47402,0,0,2026-10-31,12,11,11,USD,USD,65482944512,384.64,170244745
KHC,0.48836,0.48538,0.48765,0.4835,0.4878,5,5,2026-12-31,15,9,8,2.09218,2.09856,2.08692,2.09097,2.08757,8,0,2027-12-31,20,7,1,0.42754,0.46624,0.4242,0.46759,0.42332,14,14,2026-09-30,16,0,0,2.05245,2.06032,2.04969,2.05582,2.0492,9,0,2026-12-31,20,4,0,USD,USD,26313428992,22.19,1185823758
KIM,0.2075,0.2,0.20333,0.2,0.205,0,0,2026-12-31,4,2,0,0.896,0.866,0.88,0.866,0.9,0,0,2027-12-31,4,2,0,0.21,0.204,0.20667,0.204,0.205,0,0,2026-09-30,4,1,0,0.85,0.81,0.855,0.81,0.84333,0,0,2026-12-31,3,2,0,USD,USD,14918355968,22.24,670789373
KKR,1.70988,1.70681,1.70988,1.73251,1.71236,1,0,2026-12-31,12,2,0,7.40643,7.38546,7.40917,7.37672,7.4052,2,0,2027-12-31,17,4,0,1.60907,1.59813,1.60907,1.5586,1.60412,0,0,2026-09-30,18,3,0,6.31997,6.24951,6.3213,6.05262,6.3255,0,0,2026-12-31,13,5,0,USD,USD,83390988288,90.29,897635601
KLAC,1.36058,1.29411,1.36058,1.28635,1.36058,1,2,2026-12-31,22,19,18,6.60384,6.27751,6.70539,6.00037,6.70539,0,0,2028-06-30,22,3,1,1.17852,1.13373,1.17852,1.13061,1.17852,1,3,2026-09-30,22,20,18,5.4493,5.17378,5.4548,5.10357,5.4548,0,0,2027-06-30,24,1,1,USD,USD,269992787968,206.89,1305006492
KMB,1.68299,1.74737,1.66048,1.74664,1.65891,11,0,2026-12-31,13,2,0,7.48769,7.55722,7.48076,7.5655,7.46609,9,0,2027-12-31,15,3,1,1.67431,1.79963,1.60568,1.80238,1.6014,13,0,2026-09-30,13,0,0,7.45116,7.53751,7.3908,7.52889,7.37904,14,0,2026-12-31,17,2,0,USD,USD,31321890816,94.36,331940357
KMI,0.38383,0.39255,0.39021,0.38261,0.38766,2,0,2026-12-31,12,0,0,1.53771,1.53814,1.54625,1.50704,1.54454,3,1,2027-12-31,19,2,0,0.32365,0.32647,0.33016,0.32229,0.32782,2,0,2026-09-30,13,0,0,1.55829,1.56038,1.56741,1.49248,1.56461,1,0,2026-12-31,16,2,0,USD,USD,69125341184,31.07,2224825757
KO,0.59561,0.59561,0.59561,0.59619,0.59561,8,8,2026-12-31,18,7,8,3.52638,3.52642,3.52638,3.48348,3.52639,1,1,2027-12-31,24,20,1,0.87893,0.87893,0.87893,0.87815,0.87894,6,5,2026-09-30,18,7,8,3.30148,3.30143,3.30148,3.26737,3.30149,0,0,2026-12-31,24,21,2,USD,USD,368513318912,85.65,4302549243
KR,1.39533,1.39577,1.35865,1.39577,1.35496,2,2,2027-01-31,19,1,1,5.53196,5.53567,5.5111,5.53905,5.51023,2,2,2028-01-31,23,2,1,1.17499,1.17581,1.16138,1.17581,1.15928,2,2,2026-10-31,19,1,1,5.2087,5.20873,5.19107,5.21282,5.18629,2,2,2027-01-31,23,2,1,USD,USD,34862448640,59.03,590588700
KVUE,0.26733,0.27167,0.26733,0.27167,0.2665,3,2,2026-12-31,9,2,3,1.23585,1.24503,1.24166,1.23667,1.23981,7,0,2027-12-31,15,5,2,0.29452,0.30306,0.29452,0.30306,0.29452,5,5,2026-09-30,9,1,1,1.1788,1.19091,1.18284,1.1885,1.1823,9,0,2026-12-31,14,2,1,USD,USD,33037305856,17.2,1920773467
L,,,,,,,,,,,,,,,,,,,,,,,,,,,,,,,,,,,,,,,,,,,,,USD,,21675470848,106.03,204427720
LDOS,2.99807,3.12918,2.9845,3.15594,2.9845,11,3,2026-12-31,14,0,0,12.78266,13.10356,12.7503,13.12969,12.7503,10,4,2027-12-31,17,2,0,3.049,3.16807,3.049,3.16643,3.049,10,3,2026-09-30,14,1,0,12.39938,12.33843,12.39938,12.32688,12.39938,4,2,2026-12-31,16,8,2,USD,USD,14809979904,117.74,125785466
LEN,0.84798,0.85369,0.65143,0.85369,0.64625,1,1,2027-02-28,8,0,0,6.46686,6.4805,5.27069,6.60231,5.24647,1,1,2027-11-30,12,0,0,2.03737,2.0407,1.43614,2.0407,1.44376,1,1,2026-11-30,11,0,0,5.54465,5.54465,4.95086,5.58799,4.94377,1,1,2026-11-30,10,1,0,USD,USD,19225839616,79.81,210506003
LH,4.44994,4.45576,4.45109,4.38649,4.45109,0,0,2026-12-31,13,10,11,19.82044,19.75447,19.84413,19.4396,19.83635,0,0,2027-12-31,18,6,1,4.65107,4.66282,4.65037,4.59018,4.65037,0,0,2026-09-30,13,10,11,18.346,18.36474,18.34745,17.98326,18.34745,2,0,2026-12-31,18,1,0,USD,USD,25018537984,308.49,81100000
LHX,3.11943,3.20051,3.25326,3.17781,3.19956,2,2,2026-12-31,9,4,4,13.46148,13.61917,13.53933,13.59261,13.55394,6,6,2027-12-31,11,2,2,2.97016,3.13127,3.03139,3.06927,3.05901,4,4,2026-09-30,9,2,2,11.99713,11.87684,12.11142,11.80493,12.0922,0,0,2026-12-31,11,3,2,USD,USD,44058382336,236.6,186214616
LII,5.08682,5.08682,5.06399,5.44636,5.03748,2,2,2026-12-31,17,0,0,26.32863,26.32863,26.13772,26.72658,26.07682,2,2,2027-12-31,18,0,0,7.52284,7.52284,7.47654,7.95802,7.491,2,2,2026-09-30,17,0,0,23.67104,23.67163,23.6095,24.4297,23.59699,2,2,2026-12-31,18,0,0,USD,USD,12313968640,356.3,34560675
LIN,4.20552,4.23578,4.23052,4.23578,4.3,1,1,2026-12-31,1,1,1,18.25571,18.30576,18.14518,18.30688,18.15318,4,1,2027-12-31,10,3,0,0.0,0.0,0.0,4.61,0.0,13,1,2026-09-30,18,3,0,0.0,0.0,0.0,17.95,0.0,8,0,2026-12-31,26,7,1,USD,USD,221030776832,479.48,460980163
LITE,5.02164,4.38118,5.01952,4.34598,5.0305,1,1,2026-12-31,23,19,18,33.10778,28.80626,35.10453,28.27911,34.72684,0,0,2028-06-30,20,12,12,4.20932,3.63134,4.20833,3.60906,4.2071,0,0,2026-09-30,23,20,19,21.64618,18.35473,21.67057,18.13147,21.7798,0,0,2027-06-30,26,21,1,USD,USD,97362173952,1085.42,89700000
LLY,9.97587,9.92493,10.04528,9.91255,10.06249,8,2,2026-12-31,17,7,2,47.25538,45.08017,47.54248,44.46733,47.59245,4,0,2027-12-31,27,19,1,9.87135,9.47962,9.93193,9.41718,9.95585,2,0,2026-09-30,17,13,4,36.71123,34.53624,36.90667,36.21361,36.94997,10,3,2026-12-31,27,13,5,USD,USD,1018687389696,1142.85,891357065
LMT,8.42939,8.43302,8.4292,8.68826,8.4292,10,0,2026-12-31,18,6,2,32.72234,32.64608,32.75615,32.10518,32.75615,0,0,2027-12-31,20,18,2,7.47162,7.47407,7.45008,7.58234,7.45008,7,0,2026-09-30,18,9,2,30.46459,30.41572,30.48053,29.88573,30.48053,1,1,2026-12-31,20,18,1,USD,USD,116643954688,505.41,230790753
LNT,0.69249,0.69249,0.77689,0.71,0.74,1,1,2026-12-31,1,1,0,3.68569,3.68561,3.68569,3.68543,3.68723,1,1,2027-12-31,13,2,2,1.22171,1.18721,1.2286,1.18721,1.2246,1,1,2026-09-30,5,0,0,3.42089,3.41533,3.42422,3.4188,3.42422,0,0,2026-12-31,9,3,1,USD,USD,16679785472,64.33,259284699
LOW,1.97454,2.07717,1.97454,2.07954,1.97275,23,22,2027-01-31,28,4,4,13.06156,13.45927,13.02812,13.47766,13.02281,29,24,2028-01-31,32,1,2,2.88345,3.14066,2.88345,3.14434,2.87524,26,25,2026-10-31,28,0,0,12.32673,12.48699,12.31517,12.49718,12.31173,26,23,2027-01-31,32,3,4,USD,USD,101438570496,180.8,561054019
LRCX,2.30683,1.99501,2.30683,1.9679,2.30683,0,0,2026-12-31,25,22,21,11.55714,10.15695,11.65184,9.84814,11.73954,0,0,2028-06-30,26,2,1,2.17786,1.83591,2.17786,1.81186,2.17786,0,0,2026-09-30,25,22,21,9.45969,8.20721,9.46911,8.056,9.46781,0,0,2027-06-30,30,2,1,USD,USD,434857443328,347.49,1251424362
LULU,5.10917,5.11594,5.07358,5.11594,4.03356,12,12,2027-01-31,19,0,0,11.45689,11.48186,8.74688,11.56413,8.63608,15,15,2028-01-31,25,0,0,2.51843,2.52283,2.47754,2.52283,1.03618,12,12,2026-10-31,19,0,0,11.03308,11.04672,9.62899,11.04556,9.6299,14,14,2027-01-31,23,0,0,USD,USD,10457668608,94.46,105594064
LUV,1.43783,1.49666,1.30057,1.36372,1.16092,4,1,2026-12-31,19,1,1,4.8459,4.93549,4.71015,4.7004,4.60281,5,2,2027-12-31,24,1,0,0.64122,0.70828,0.59194,0.74075,0.58599,4,1,2026-09-30,21,1,1,3.36427,3.40427,3.21518,2.97351,3.07976,3,1,2026-12-31,24,2,0,USD,USD,20776673280,42.47,489208201
LVS,0.86112,0.86715,0.8564,0.86558,0.85355,6,2,2026-12-31,14,7,0,3.53336,3.66087,3.52088,3.67088,3.5108,14,2,2027-12-31,17,1,0,0.75347,0.80324,0.74839,0.80262,0.7469,11,1,2026-09-30,14,2,1,3.08887,3.34958,3.09283,3.36838,3.09066,15,0,2026-12-31,17,0,1,USD,USD,23466213376,36.23,647701184
LYB,1.76337,1.76304,1.70929,2.1731,1.70404,6,1,2026-12-31,16,7,1,6.47212,6.43246,6.36898,6.8792,6.21866,5,0,2027-12-31,16,9,1,2.75869,2.83088,2.65923,3.28017,2.58797,6,1,2026-09-30,16,7,1,9.30486,8.88225,9.07787,9.02963,9.10984,3,0,2026-12-31,18,12,1,USD,USD,18923563008,58.58,323037952
LYV,-1.20729,-1.20729,-1.20729,-1.03561,-1.20498,7,7,2026-12-31,13,1,1,1.8881,1.92696,1.8881,2.19943,1.9511,10,1,2027-12-31,16,6,0,1.54815,1.54815,1.54815,1.82946,1.52892,7,7,2026-09-30,13,1,1,-0.44231,-0.44619,-0.44243,-0.57097,-0.45643,2,0,2026-12-31,15,10,1,USD,USD,39316578304,168.77,232959505
MA,5.17032,5.1794,5.17032,5.2099,5.17032,18,17,2026-12-31,29,9,9,23.02581,22.85346,23.02481,22.78021,23.02481,2,0,2027-12-31,38,31,5,5.15122,5.12684,5.15122,5.11363,5.15122,5,0,2026-09-30,30,22,1,19.92584,19.79463,19.93029,19.65648,19.93029,1,0,2026-12-31,37,33,1,USD,USD,483785244672,552.26,869464115
MAA,0.87792,0.8705,0.87068,0.888,0.87068,0,0,2026-12-31,8,1,1,3.09232,3.12982,3.14011,3.16317,3.14011,5,2,2027-12-31,8,0,0,0.80097,0.81503,0.7796,0.84614,0.7796,1,1,2026-09-30,8,0,0,3.68894,3.38974,3.73584,3.39003,3.73584,1,1,2026-12-31,9,0,0,USD,USD,13754781696,115.27,116384802
MAR,3.0268,2.97773,3.02644,2.97643,3.02644,3,1,2026-12-31,23,6,0,13.16519,13.11196,13.15687,13.08513,13.15768,5,1,2027-12-31,28,11,0,2.8244,2.87264,2.82646,2.87251,2.82825,5,0,2026-09-30,23,2,1,11.71647,11.63691,11.72375,11.60558,11.73445,3,0,2026-12-31,28,11,1,USD,USD,93604667392,358.96,260766288
MAS,0.83799,0.87212,0.83799,0.86948,0.83699,16,15,2026-12-31,20,2,3,4.66013,4.71359,4.66013,4.70467,4.65513,12,7,2027-12-31,22,5,4,1.03274,1.06488,1.03274,1.06026,1.03274,15,15,2026-09-30,20,1,1,4.5319,4.28026,4.5319,4.27122,4.53099,0,0,2026-12-31,22,20,2,USD,USD,13479732224,68.36,197187430
MCD,3.30372,3.33917,3.29212,3.36717,3.28992,20,1,2026-12-31,28,6,0,13.98023,14.1144,13.88164,14.22039,13.82299,25,1,2027-12-31,32,3,0,3.40337,3.42322,3.39371,3.45181,3.38333,15,1,2026-09-30,28,9,0,12.93007,12.91059,12.91083,12.9808,12.89223,12,1,2026-12-31,32,15,0,USD,USD,164095000576,231.89,707641531
MCHP,0.94209,0.81164,0.94018,0.80497,0.94018,0,0,2026-12-31,22,16,16,4.56515,4.18952,4.56515,4.1127,4.58355,1,2,2028-03-31,25,20,19,0.93426,0.79426,0.93406,0.78711,0.93406,0,0,2026-09-30,22,16,16,3.6468,3.18916,3.6468,3.16173,3.64613,0,0,2027-03-31,25,23,23,USD,USD,44157468672,81.32,543008691
MCK,11.00436,11.03195,11.03512,11.21009,11.02112,11,1,2026-12-31,14,1,0,50.55668,50.37593,50.4692,50.3437,50.41448,3,0,2028-03-31,16,13,1,10.756,10.74944,10.7611,10.7438,10.76101,6,1,2026-09-30,14,5,0,44.62685,44.26284,44.64136,44.27362,44.65399,0,0,2027-03-31,16,15,1,USD,USD,105197150208,902.28,116590363
MCO,3.66445,3.6716,3.6635,3.81807,3.65388,19,2,2026-12-31,21,0,0,18.91331,18.87248,18.92415,18.60548,18.9289,0,0,2027-12-31,24,1,1,4.24819,4.25152,4.24295,4.37287,4.24243,19,2,2026-09-30,21,1,0,16.97255,16.94088,16.96796,16.72104,16.95917,0,0,2026-12-31,24,1,1,USD,USD,76435161088,441.36,173180984
MDLZ,0.92723,0.92578,0.93723,0.8904,0.93841,6,0,2026-12-31,17,6,1,3.36185,3.35907,3.36018,3.37878,3.3628,8,0,2027-12-31,23,6,2,0.72385,0.7754,0.71679,0.82257,0.71385,14,1,2026-09-30,17,1,0,3.04862,3.04566,3.04862,3.05293,3.04769,6,0,2026-12-31,23,8,2,USD,USD,74695581696,58.19,1283649766
MDT,1.42631,1.43193,1.42395,1.4315,1.42378,11,11,2027-01-31,23,2,2,6.39674,6.41248,6.40626,6.40515,6.40769,13,11,2028-04-30,28,9,10,1.33058,1.34677,1.33126,1.34716,1.33121,13,13,2026-10-31,23,3,3,5.97024,5.94894,5.97401,5.94759,5.97386,2,2,2027-04-30,27,19,19,USD,USD,110491926528,86.38,1279137890
MET,2.60224,2.57365,2.61692,2.57112,2.61462,2,0,2026-12-31,14,7,0,11.13003,10.98767,11.14708,11.00566,11.11833,1,0,2027-12-31,16,13,1,2.55033,2.52795,2.56428,2.54112,2.6709,2,0,2026-09-30,15,7,0,9.99474,9.85166,10.02004,9.90756,10.10222,0,0,2026-12-31,17,14,2,USD,USD,60008087552,94.43,635476927
META,8.22325,8.2811,8.22256,8.51307,8.26384,27,2,2026-12-31,43,10,0,33.94621,34.10531,33.89897,34.97462,34.06806,39,4,2027-12-31,53,7,1,6.53026,6.82036,6.44964,7.05797,6.33807,33,4,2026-09-30,44,7,0,31.37308,31.93452,31.22882,32.89935,31.16832,45,7,2026-12-31,55,4,0,USD,USD,1854788337664,728.08,2205128509
MGM,0.47566,0.49133,0.47485,0.54225,0.45485,7,1,2026-12-31,12,3,0,2.03528,2.20689,2.03246,2.28782,1.97512,10,2,2027-12-31,15,2,0,0.21089,0.22829,0.21034,0.23893,0.18951,8,1,2026-09-30,12,2,0,1.80643,1.78711,1.80526,1.84958,1.79383,5,1,2026-12-31,14,6,0,USD,USD,7668547072,30.48,251592756
MKC,0.66877,0.66877,0.66877,0.66877,0.64,2,2,2026-11-30,10,0,0,3.29805,3.29888,3.29584,3.30472,3.21443,1,1,2027-11-30,13,0,0,0.75658,0.75749,0.75658,0.83879,0.75586,1,1,2026-11-30,11,0,0,3.08759,3.08836,3.08696,3.08913,3.09045,1,1,2026-11-30,14,0,0,USD,USD,12019109888,44.67,254541615
MLM,0.0,4.82628,4.525,0.0,4.57191,1,0,2026-12-31,3,0,0,23.84,21.98228,21.34734,23.31,22.39169,3,0,2027-12-31,7,0,1,0.0,6.79407,6.18,0.0,6.22658,1,0,2026-09-30,3,0,0,17.415,18.77782,17.04452,19.14,17.36659,3,1,2026-12-31,7,0,0,USD,USD,34250518528,482.27,71019382
MMM,2.01059,2.0061,2.01387,1.98033,2.0138,3,0,2026-12-31,14,9,0,9.77808,9.69641,9.78475,9.48332,9.82963,0,0,2027-12-31,19,15,1,2.39257,2.38917,2.39179,2.36127,2.38991,2,0,2026-09-30,14,7,0,8.94196,8.93408,8.94418,8.71101,8.94287,0,0,2026-12-31,19,16,0,USD,USD,83490308096,161.89,515722417
MNST,0.27444,0.27011,0.27544,0.2651,0.27544,0,0,2026-12-31,10,6,2,1.30904,1.29046,1.30904,1.27968,1.30904,3,1,2027-12-31,13,8,1,0.29618,0.29707,0.29768,0.29548,0.29768,3,0,2026-09-30,10,2,1,1.15096,1.14291,1.15096,1.13445,1.15096,1,0,2026-12-31,11,8,2,USD,USD,84121681920,42.94,1959051764
MO,1.37085,1.37525,1.37085,1.37495,1.37085,5,1,2026-12-31,11,5,0,5.86403,5.87722,5.86403,5.87357,5.86403,6,2,2027-12-31,14,3,0,1.50777,1.50791,1.50777,1.50384,1.50777,3,0,2026-09-30,11,6,1,5.67712,5.68517,5.67712,5.67869,5.67712,6,1,2026-12-31,12,3,1,USD,USD,112457244672,67.35,1669743926
MOS,0.2173,0.33247,0.2173,0.37657,0.20058,6,5,2026-12-31,13,2,3,1.60579,1.81589,1.56447,1.90201,1.58039,9,1,2027-12-31,17,1,0,0.05989,0.30743,0.05989,0.28675,0.0499,9,9,2026-09-30,13,0,0,0.41212,0.75094,0.39317,0.85235,0.4122,11,1,2026-12-31,17,0,0,USD,USD,6698061312,21.07,317895646
MPC,11.35965,8.21645,14.96612,6.25944,15.66862,1,0,2026-12-31,16,12,2,32.41446,27.76904,47.13423,23.99006,48.65213,0,0,2027-12-31,19,12,1,19.81756,15.49781,22.74044,9.70412,22.96691,3,0,2026-09-30,17,10,2,50.68692,39.08244,55.7346,30.44746,56.62107,0,0,2026-12-31,17,12,2,USD,USD,123293597696,422.33,291936635
MPWR,8.07315,6.64179,8.07315,6.63434,8.07721,0,0,2026-12-31,14,12,10,34.79503,30.33306,34.79503,30.15886,34.8707,1,1,2027-12-31,15,11,11,7.70238,6.41669,7.70238,6.41357,7.70078,0,0,2026-09-30,14,12,11,27.38798,24.03648,27.4317,24.02205,27.43092,0,0,2026-12-31,15,12,12,USD,USD,70752649216,1439.73,49143000
MRK,1.95763,1.99075,1.94646,1.93743,1.95888,8,1,2026-12-31,18,3,0,9.54286,9.67846,9.53387,9.59286,9.48845,10,4,2027-12-31,24,7,4,2.21014,2.26848,2.20661,2.28823,2.18569,9,1,2026-09-30,18,1,0,2.7474,2.75719,2.74075,2.7181,2.73435,4,1,2026-12-31,25,11,1,USD,USD,356012851200,144.3,2467171638
MRNA,-1.86156,-1.8917,-1.74156,-1.97498,-1.74695,0,0,2026-12-31,14,5,3,-4.90812,-4.98385,-4.78698,-4.68935,-4.79116,4,1,2027-12-31,20,6,2,-1.34638,-1.48474,-1.28924,-1.12916,-1.27482,0,0,2026-09-30,15,4,2,-8.53512,-8.70415,-8.3833,-8.63068,-8.38721,1,1,2026-12-31,21,7,3,USD,USD,75858812928,190.01,399235889
MRSH,2.22891,2.22835,2.22891,2.21794,2.22851,3,1,2026-12-31,21,2,2,11.41037,11.40773,11.41037,11.31606,11.42371,2,1,2027-12-31,23,4,2,1.97412,1.9766,1.97412,1.98461,1.97116,3,2,2026-09-30,22,2,1,10.45199,10.45193,10.45199,10.39633,10.45017,2,1,2026-12-31,23,4,2,USD,USD,81154547712,170.06,477211268
MRVL,1.35513,1.23933,1.35573,1.23735,1.35573,0,0,2027-01-31,33,28,29,6.71585,6.24094,6.75725,6.17792,6.74936,1,2,2028-01-31,42,33,31,1.10101,1.07276,1.09978,1.073,1.09978,1,2,2026-10-31,34,25,25,4.19737,4.05553,4.2113,4.0558,4.2113,1,0,2027-01-31,40,32,27,USD,USD,244708294656,272.29,876926613
MS,2.94339,2.94339,2.9441,2.82388,2.93608,1,0,2026-12-31,14,12,2,13.64926,13.64926,13.65164,12.81626,13.64036,0,0,2027-12-31,21,19,2,3.15951,3.15951,3.12316,2.91481,3.06837,2,0,2026-09-30,14,12,2,12.97822,12.97822,12.95445,11.95711,12.86143,0,0,2026-12-31,21,19,1,USD,USD,298894458880,190.31,1570566292
MSCI,5.17686,5.17686,5.17763,5.18319,5.16693,6,10,2026-12-31,13,6,1,22.49735,22.47513,22.5018,22.59206,22.49202,1,0,2027-12-31,18,2,1,5.02283,5.02283,5.02129,5.06896,5.01937,7,11,2026-09-30,13,5,0,19.74062,19.66069,19.74006,19.71291,19.73095,8,2,2026-12-31,18,7,1,USD,USD,38963564544,535.95,72700000
MSFT,4.82878,4.81989,4.82158,4.7869,4.82324,8,0,2026-12-31,26,13,1,23.57328,23.46875,23.67588,22.62778,23.64732,3,0,2028-06-30,33,19,3,4.72455,4.70294,4.72455,4.62281,4.72156,5,0,2026-09-30,26,17,1,19.75306,19.67315,19.75972,19.39738,19.74838,8,0,2027-06-30,34,21,3,USD,USD,3842942959616,517.53,7425545491
MSI,5.48069,5.29039,5.49596,5.28804,5.49596,0,1,2026-12-31,4,13,1,19.35942,18.53727,19.43068,18.51922,19.43068,0,0,2027-12-31,5,14,2,4.44073,4.42793,4.43553,4.42496,4.43553,5,1,2026-09-30,4,7,0,17.69282,16.98393,17.7246,16.9762,17.7246,0,1,2026-12-31,5,12,0,USD,USD,74043580416,447.41,165493788
MTB,4.95649,4.96845,4.97252,5.00513,4.9593,7,1,2026-12-31,13,3,1,21.06782,21.06782,21.09156,20.9268,21.07233,2,0,2027-12-31,16,11,2,4.91572,4.90655,4.92526,4.89444,4.91382,1,0,2026-09-30,13,4,2,19.30029,19.29888,19.32724,18.75815,19.3072,1,0,2026-12-31,16,2,1,USD,USD,31760615424,219.14,144933000
MTD,14.89137,14.85589,14.88571,14.88459,14.88286,3,4,2026-12-31,12,7,6,51.69107,51.47692,51.69527,51.27532,51.73207,2,2,2027-12-31,14,10,10,12.11137,12.12622,12.08592,12.0982,12.08642,6,5,2026-09-30,12,4,5,47.34282,47.172,47.33948,46.65132,47.3373,0,0,2026-12-31,14,12,12,USD,USD,29778132992,1486.19,20036559
MU,37.76854,37.71849,38.48743,37.48482,42.13514,1,1,2026-11-30,29,2,0,171.02492,166.8887,179.51343,163.34702,204.7875,1,1,2027-08-31,33,3,1,34.89147,34.87982,35.66414,34.81046,38.22891,2,1,2026-08-31,33,0,0,156.24937,155.79457,160.04182,150.0075,176.46564,1,0,2026-08-31,36,1,1,USD,USD,1213973397504,1074.89,1129393151
NCLH,-0.07859,-0.06963,-0.07817,0.12811,-0.09138,17,0,2026-12-31,12,0,1,1.6976,1.78692,1.66999,2.03538,1.65947,5,1,2027-12-31,26,1,0,0.89633,0.89629,0.89742,0.89005,0.91174,7,1,2026-09-30,12,9,0,1.53661,1.54556,1.53739,1.66,1.53782,21,0,2026-12-31,25,1,1,USD,USD,6952103936,15.14,459187846
NDAQ,1.08327,1.0839,1.08327,1.04432,1.08172,2,1,2026-12-31,15,11,0,4.6774,4.65459,4.67942,4.43786,4.67769,0,0,2027-12-31,17,3,1,1.02689,1.02829,1.02689,0.98488,1.02376,2,1,2026-09-30,15,11,0,4.13591,4.13552,4.13505,3.9427,4.13123,0,1,2026-12-31,17,16,1,USD,USD,50492424192,90.33,558977372
NDSN,2.55,2.54013,2.6075,2.54513,2.60333,0,0,2027-01-31,3,2,2,12.5525,12.54443,12.9425,12.55554,12.98286,0,0,2027-10-31,7,7,7,3.28,3.27852,3.42857,3.28227,3.455,0,0,2026-10-31,6,6,6,11.58875,11.58842,11.905,11.59176,11.94571,0,0,2026-10-31,7,7,7,USD,USD,18584164352,333.54,55717948
NEE,0.62337,0.65257,0.62226,0.68897,0.62226,3,1,2026-12-31,12,2,1,4.38861,4.41948,4.39361,4.40061,4.38998,3,2,2027-12-31,23,4,0,1.1822,1.22245,1.17868,1.20665,1.17868,4,2,2026-09-30,12,0,0,4.04804,4.05111,4.04954,4.03629,4.04813,2,1,2026-12-31,21,2,0,USD,USD,160237060096,76.83,2085605358
NEM,2.17571,2.37911,2.22571,2.8431,2.21286,2,3,2026-12-31,7,4,1,10.08462,10.53951,10.24154,11.37394,10.23154,3,0,2027-12-31,13,5,1,1.91571,2.08383,1.94286,2.60376,1.91286,5,2,2026-09-30,7,1,1,9.15083,9.40361,9.20917,10.2015,9.18417,5,3,2026-12-31,12,5,2,USD,USD,121764675584,115.56,1053692271
NFLX,0.72954,0.72921,0.72954,0.73768,0.72823,1,0,2026-12-31,32,3,1,3.81626,3.81326,3.80891,3.82907,3.80871,4,1,2027-12-31,45,3,1,0.82233,0.82119,0.82233,0.84256,0.82285,2,0,2026-09-30,34,3,1,3.58437,3.58135,3.58362,3.59203,3.58364,1,0,2026-12-31,41,3,1,USD,USD,279233789952,67.06,4163939676
NI,0.61705,0.60069,0.62025,0.5599,0.62025,1,0,2026-12-31,7,5,1,2.25254,2.25347,2.25315,2.24921,2.25108,4,0,2027-12-31,16,1,1,0.21881,0.21855,0.21512,0.21711,0.21512,4,1,2026-09-30,7,2,0,2.05255,2.05678,2.05226,2.05718,2.05067,4,1,2026-12-31,14,1,0,USD,USD,18909054976,39.43,479560100
NKE,0.43587,0.43624,0.41914,0.43519,0.27118,3,1,2027-02-28,24,0,0,2.23717,2.24194,2.12859,2.2635,1.73501,5,1,2028-05-31,38,1,0,0.45371,0.45236,0.44529,0.4486,0.43689,0,0,2026-08-31,24,2,1,1.72321,1.72411,1.67808,1.73233,1.30528,5,1,2027-05-31,30,1,0,USD,USD,50157641728,33.87,1199499281
NOC,8.00723,8.0133,8.01072,7.97188,8.00982,5,0,2026-12-31,18,10,1,30.43997,30.36815,30.44997,30.16312,30.45321,3,0,2027-12-31,23,15,2,7.16282,7.13862,7.16433,7.00072,7.17148,2,0,2026-09-30,18,14,1,28.99309,28.96324,28.99613,27.94965,29.00152,0,0,2026-12-31,22,21,0,USD,USD,67906125824,478.0,142063026
NOW,1.17044,1.17044,1.17044,1.20868,1.17044,26,28,2026-12-31,38,9,8,5.00551,5.00619,5.00551,5.02669,5.00551,19,18,2027-12-31,44,17,18,1.02553,1.02553,1.02553,1.09106,1.02553,35,34,2026-09-30,39,3,3,4.06673,4.06764,4.06674,4.12299,4.06673,29,30,2026-12-31,44,9,9,USD,USD,138930388992,134.38,1033862000
NRG,2.29696,2.27196,2.6712,2.58923,2.6712,2,0,2026-12-31,5,1,0,10.9701,11.70787,11.19645,11.79894,11.18918,7,0,2027-12-31,11,1,0,3.17406,3.15656,2.8678,2.81758,2.8678,1,0,2026-09-30,5,2,0,8.80744,9.17166,8.8307,9.14439,8.8327,7,0,2026-12-31,10,0,0,USD,USD,20018343936,95.23,210210483
NSC,3.22363,3.22796,3.2264,3.06284,3.20819,2,1,2026-12-31,17,13,0,14.32112,14.26433,14.31468,13.6489,14.28758,0,0,2027-12-31,22,5,1,3.58751,3.58237,3.58751,3.32685,3.56481,0,0,2026-09-30,18,15,1,12.96527,12.98082,12.96708,12.25593,12.93199,0,0,2026-12-31,22,0,0,USD,USD,71299678208,317.44,224608373
NTAP,2.26003,2.20356,2.36666,2.20338,2.36666,0,2,2027-01-31,18,14,13,10.08516,9.83832,11.12094,9.84372,11.12094,0,0,2028-04-30,19,14,14,2.15936,2.13899,2.59962,2.13858,2.59962,0,0,2026-10-31,18,14,15,9.03039,8.90347,10.00569,8.90323,10.00569,0,0,2027-04-30,19,15,15,USD,USD,44443729920,226.27,196419005
NTRS,2.93235,2.92404,2.92715,2.86994,2.92461,0,0,2026-12-31,10,2,1,12.56777,12.52763,12.60536,12.07203,12.64629,0,0,2027-12-31,11,2,1,2.80698,2.79129,2.82138,2.72473,2.8282,0,0,2026-09-30,10,2,1,12.73589,12.71159,12.71933,13.062,12.58811,0,0,2026-12-31,10,2,1,USD,USD,31358597120,171.4,182955653
NUE,4.9241,4.26585,5.08122,4.265,5.19497,1,0,2026-12-31,5,4,8,19.04565,18.17409,19.7684,17.06215,19.85624,0,0,2027-12-31,10,10,1,5.88563,5.66188,5.86009,5.24167,5.82176,1,1,2026-09-30,6,5,8,18.72638,18.35819,19.13398,16.875,18.74427,0,0,2026-12-31,7,9,0,USD,USD,54538645504,240.39,226875676
NVDA,2.74567,2.66044,2.74295,2.64729,2.74222,9,13,2027-01-31,41,26,23,15.40425,12.83623,15.68263,12.71023,15.69508,0,0,2028-01-31,53,42,4,2.46983,2.34527,2.47356,2.33883,2.47332,1,3,2026-10-31,43,35,34,9.29436,8.96139,9.30713,8.93743,9.30732,1,0,2027-01-31,51,39,2,USD,USD,5649190617088,233.95,24147000000
NVR,107.36266,107.36266,106.60432,106.62624,106.10799,2,2,2026-12-31,7,3,3,411.62387,411.62387,400.6172,420.05463,394.99615,4,3,2027-12-31,7,1,2,104.4314,104.4314,104.10973,97.11053,103.48691,1,1,2026-09-30,7,4,4,361.1004,361.1004,360.0354,360.9713,359.04605,2,2,2026-12-31,7,3,3,USD,USD,15972771840,5993.85,2664860
NWS,0.47076,0.46736,0.47076,0.46736,0.47076,2,0,2026-12-31,4,0,0,1.47352,1.47352,1.49942,1.45732,1.51172,2,1,2028-06-30,5,2,1,0.25989,0.25768,0.25989,0.25768,0.25989,1,0,2026-09-30,4,1,0,1.31961,1.29118,1.31961,1.29118,1.31961,2,0,2027-06-30,5,2,1,USD,USD,17067616256,31.65,179555922
NWSA,0.47076,0.46736,0.47076,0.46736,0.47076,2,0,2026-12-31,4,0,0,1.47352,1.47352,1.49942,1.45732,1.51172,2,1,2028-06-30,5,2,1,0.25989,0.25768,0.25989,0.25768,0.25989,1,0,2026-09-30,4,1,0,1.31961,1.29118,1.31961,1.29118,1.31961,2,0,2027-06-30,5,2,1,USD,USD,15471404032,28.69,359705290
NXPI,4.31826,4.24936,4.31826,4.20032,4.31826,1,3,2026-12-31,22,19,16,18.09511,18.18676,18.09511,17.70982,18.13491,4,6,2027-12-31,25,17,14,4.10412,4.0296,4.10412,3.98463,4.10412,2,5,2026-09-30,22,17,14,15.0591,15.08279,15.0591,14.80431,15.0591,2,4,2026-12-31,25,19,17,USD,USD,61442322432,243.66,252164174
O,0.41396,0.41396,0.4101,0.39092,0.42592,0,0,2026-12-31,2,1,1,1.58522,1.70715,1.55302,1.72133,1.55302,2,1,2027-12-31,3,0,0,0.42093,0.42093,0.43618,0.41004,0.43472,0,0,2026-09-30,2,1,1,1.54575,1.56128,1.50987,1.56503,1.51211,4,2,2026-12-31,9,1,0,USD,USD,51218784256,54.13,946218033
ODFL,1.41723,1.40546,1.41968,1.34209,1.41866,0,0,2026-12-31,18,3,2,6.58603,6.56498,6.59804,6.34874,6.62092,1,1,2027-12-31,20,2,1,1.59058,1.58294,1.59417,1.49203,1.59007,1,1,2026-09-30,18,2,1,5.80532,5.78728,5.812,5.45946,5.80748,1,1,2026-12-31,20,2,1,USD,USD,37423722496,180.48,207356622
OKE,1.54672,1.52239,1.49976,1.51862,1.5005,6,2,2026-12-31,9,5,2,6.22622,6.15538,6.09928,6.15914,6.16796,7,5,2027-12-31,11,7,0,1.48841,1.46388,1.54063,1.46446,1.53966,4,1,2026-09-30,13,8,3,5.796,5.69409,5.76711,5.71663,5.76656,4,3,2026-12-31,11,8,2,USD,USD,55400361984,87.88,630409203
OMC,3.22368,3.18768,3.26973,3.48016,3.26806,5,5,2026-12-31,6,0,0,12.04457,12.03957,11.74499,12.2102,11.65681,6,7,2027-12-31,11,3,2,2.55897,2.53297,2.59914,2.79554,2.67081,4,4,2026-09-30,6,1,1,10.59339,10.56673,10.53407,10.82471,10.57607,7,8,2026-12-31,10,2,1,USD,USD,21133211648,74.15,285006196
ON,0.95462,0.91735,0.9557,0.91449,0.9557,1,2,2026-12-31,28,21,19,4.52843,4.34291,4.5288,4.3136,4.5288,5,0,2027-12-31,31,21,1,0.87385,0.83628,0.87563,0.83272,0.87563,3,4,2026-09-30,28,21,19,3.20248,3.11865,3.20208,3.09965,3.20176,2,0,2026-12-31,31,25,1,USD,USD,33049257984,84.89,389318613
ORCL,2.06181,2.06091,2.02218,2.06091,2.02218,0,0,2027-02-28,34,2,0,10.92613,10.89015,10.99719,10.9216,10.99719,0,0,2028-05-31,39,4,1,1.8917,1.88765,1.89225,1.88765,1.89225,0,0,2026-11-30,35,2,0,8.05748,8.05139,8.1414,8.04521,8.1414,0,0,2027-05-31,37,4,1,USD,USD,431382593536,142.3,3031501149
ORLY,0.77647,0.77647,0.77622,0.769,0.77541,3,3,2026-12-31,20,9,9,3.64938,3.64938,3.64938,3.61759,3.64766,2,2,2027-12-31,23,9,10,0.92478,0.92478,0.92495,0.90951,0.92521,2,1,2026-09-30,20,14,15,3.27953,3.27953,3.27957,3.25615,3.27959,2,1,2026-12-31,23,11,11,USD,USD,68680769536,84.9,808960792
OTIS,1.14804,1.15105,1.1372,1.17616,1.13737,4,1,2026-12-31,8,1,0,4.56626,4.61269,4.5402,4.72238,4.53432,5,1,2027-12-31,15,0,0,1.00904,1.0189,1.00885,1.09277,1.01033,5,1,2026-09-30,9,0,0,4.05661,4.0669,4.03988,4.19837,4.04137,3,1,2026-12-31,14,0,0,USD,USD,24381872128,64.05,380669339
OXY,1.35235,1.17565,1.45954,1.27839,1.52789,4,0,2026-12-31,19,12,3,3.834,3.9089,4.0187,4.09494,4.07661,8,2,2027-12-31,23,10,2,1.2801,1.20028,1.23444,1.41868,1.31898,10,1,2026-09-30,20,7,2,5.83379,5.41247,6.13782,5.8508,6.20973,4,0,2026-12-31,22,15,4,USD,USD,58058940416,58.08,999637371
P,0.74505,0.74006,0.83854,0.74026,0.83801,1,1,2027-01-31,19,17,17,3.09899,3.0057,3.54987,3.00826,4.22137,1,1,2028-01-31,19,17,17,0.65081,0.64159,0.77122,0.64154,0.76958,0,0,2026-10-31,19,17,17,2.45067,2.4352,2.78033,2.43529,2.7777,0,0,2027-01-31,19,18,18,USD,USD,46698467328,140.14,333227251
PANW,0.45629,0.47198,0.43088,0.47198,0.43088,2,2,2027-01-31,16,2,3,2.23835,2.28608,2.21057,2.28608,2.21057,4,3,2028-07-31,18,4,4,0.97043,0.93781,0.9715,0.93723,0.9715,4,3,2026-10-31,45,31,33,4.19925,4.12645,4.1889,4.12036,4.1889,10,9,2027-07-31,53,36,37,USD,USD,329850322944,403.24,818000000
PAYX,1.83753,1.83698,1.84003,1.83304,1.87127,1,1,2027-02-28,18,1,0,6.38578,6.3878,6.39403,6.39087,6.38856,1,0,2028-05-31,19,1,1,1.3605,1.36348,1.35766,1.36445,1.27693,4,3,2026-11-30,18,0,0,5.97898,5.98324,5.95956,5.96602,5.96074,3,2,2027-05-31,19,0,0,USD,USD,35220709376,98.94,355980473
PCAR,1.73693,1.64445,1.74593,1.63222,1.75893,1,1,2026-12-31,10,7,0,7.18924,7.15687,7.22225,6.72608,7.22225,0,0,2027-12-31,13,9,9,1.59444,1.53092,1.60244,1.51981,1.60144,2,0,2026-09-30,10,6,1,5.96453,5.9599,5.98223,5.67317,5.98223,0,0,2026-12-31,13,8,1,USD,USD,57731710976,109.68,526364953
PCG,0.39717,0.39804,0.39273,0.41265,0.39273,2,1,2026-12-31,10,1,0,1.80532,1.80566,1.80162,1.80253,1.80162,5,6,2027-12-31,17,2,0,0.42049,0.4327,0.42134,0.44902,0.42134,2,0,2026-09-30,10,1,1,1.64683,1.64684,1.64741,1.64683,1.64741,1,1,2026-12-31,17,2,1,USD,USD,36989161472,12.32,2202366906
PEG,0.80334,0.84708,0.79891,0.91718,0.80164,9,2,2026-12-31,11,0,0,4.67242,4.68128,4.67242,4.69881,4.67242,6,2,2027-12-31,21,3,0,1.1805,1.18587,1.18505,1.15244,1.17778,4,1,2026-09-30,11,3,1,4.36942,4.38338,4.36942,4.37947,4.37042,5,1,2026-12-31,20,2,1,USD,USD,33920737280,68.07,498321402
PEP,2.43651,2.43651,2.43418,2.40059,2.43088,3,2,2026-12-31,17,11,12,8.97539,8.97844,8.96089,9.08481,8.92237,19,19,2027-12-31,23,1,1,2.29973,2.29973,2.29791,2.43162,2.29642,15,15,2026-09-30,17,0,0,8.55981,8.55981,8.55717,8.63882,8.5536,18,16,2026-12-31,23,1,1,USD,USD,171965743104,125.89,1366000000
PFE,0.70821,0.70278,0.70821,0.68835,0.70814,4,2,2026-12-31,18,11,2,2.8954,2.82662,2.897,2.82919,2.89684,4,1,2027-12-31,25,15,5,0.75889,0.81117,0.75889,0.84855,0.75885,14,4,2026-09-30,18,1,0,2.97515,2.94775,2.97515,2.9589,2.97497,4,1,2026-12-31,25,15,6,USD,USD,158450925568,27.8,5699673589
PFG,2.50881,2.51551,2.50382,2.47015,2.51716,4,0,2026-12-31,9,3,1,10.36264,10.31836,10.38942,10.19928,10.41442,3,0,2027-12-31,10,5,1,2.49392,2.511,2.4961,2.45395,2.49943,3,0,2026-09-30,9,4,1,9.52164,9.58786,9.54753,9.31987,9.56053,1,0,2026-12-31,10,7,0,USD,USD,23971155968,111.96,214104641
PG,1.88086,1.88103,1.88086,1.89206,1.88057,8,5,2026-12-31,19,3,2,7.3998,7.4101,7.3998,7.47434,7.39908,3,0,2028-06-30,23,2,1,1.88694,1.88694,1.88694,1.96238,1.88687,12,8,2026-09-30,19,0,3,6.97974,7.00942,6.97974,7.06772,6.97828,6,1,2027-06-30,24,0,0,USD,USD,336833609728,144.91,2324433060
PGR,4.18621,4.10411,4.11562,4.1557,4.12909,10,1,2026-12-31,19,10,1,16.29414,16.286,16.2848,16.43898,16.23705,6,0,2027-12-31,23,9,1,4.01125,3.63717,4.20137,3.68883,4.20476,2,0,2026-09-30,19,18,2,17.9671,17.58088,18.0867,17.31093,18.1015,1,0,2026-12-31,23,18,2,USD,USD,122063921152,210.31,580400000
PH,8.44783,8.20606,8.51248,8.21567,8.48886,0,0,2026-12-31,13,3,0,39.19376,37.50758,39.37807,37.43667,39.41705,0,0,2028-06-30,13,4,0,8.12403,8.07965,8.13673,8.07762,8.14106,0,0,2026-09-30,13,3,0,35.33279,34.11247,35.51403,34.10895,35.51663,0,0,2027-06-30,13,6,0,USD,USD,122650632192,972.55,126112415
PHM,3.28369,3.28369,3.27264,3.09513,3.20869,0,0,2026-12-31,12,11,11,11.24103,11.24103,11.21864,11.11234,11.02479,2,2,2027-12-31,13,9,9,2.65009,2.65009,2.64316,2.78377,2.63926,9,9,2026-09-30,12,1,1,10.17706,10.17706,10.14806,10.02005,10.09498,1,1,2026-12-31,13,10,10,USD,USD,22044985344,115.73,190486353
PKG,2.81605,2.79862,2.8,2.67744,2.80082,2,0,2026-12-31,4,6,2,12.93639,12.6755,13.11973,12.25366,13.13609,1,0,2027-12-31,9,7,2,2.93016,2.93238,2.90667,2.93976,2.9092,5,1,2026-09-30,4,3,0,10.49928,10.48562,10.45333,10.3847,10.45752,2,0,2026-12-31,4,6,1,USD,USD,20362524672,228.54,89098299
PLD,0.77,0.77,0.77,0.78,0.77333,0,0,2026-12-31,3,1,1,3.405,3.4025,3.405,3.3025,3.33333,0,0,2027-12-31,3,1,1,0.79,0.79,0.79,0.78333,0.77667,0,0,2026-09-30,3,1,1,3.33,3.25667,3.33,3.0975,3.3575,0,0,2026-12-31,4,1,1,USD,USD,125312303104,128.91,950333372
PLTR,0.4645,0.4197,0.46381,0.42099,0.46381,0,0,2026-12-31,23,20,2,2.31424,2.09448,2.32666,2.09448,2.34416,0,0,2027-12-31,28,26,4,0.41452,0.372,0.41367,0.37339,0.41367,0,0,2026-09-30,23,22,2,1.60272,1.46894,1.61155,1.47608,1.62012,0,0,2026-12-31,28,25,4,USD,USD,453577277440,188.75,2300713329
PM,1.95632,1.95702,1.96769,1.99288,1.95206,5,0,2026-12-31,4,2,0,9.16878,9.13953,9.1727,9.12466,9.19078,7,5,2027-12-31,15,4,4,2.24951,2.24721,2.32202,2.43136,2.3425,8,0,2026-09-30,4,0,0,8.38096,8.36392,8.39103,8.41514,8.40168,9,4,2026-12-31,14,2,3,USD,USD,292177674240,187.46,1558613439
PNC,5.09928,5.09928,5.09041,5.05062,5.11624,5,1,2026-12-31,16,10,1,21.51594,21.51594,21.54111,21.10319,21.57788,2,0,2027-12-31,19,16,4,4.88794,4.88794,4.88481,4.91105,4.89487,10,0,2026-09-30,16,6,1,18.90073,18.90073,18.89143,18.44739,18.9224,1,1,2026-12-31,18,17,3,USD,USD,88178524160,221.03,398943667
PNR,1.20798,1.2121,1.21148,1.32299,1.21148,5,0,2026-12-31,13,6,1,5.16865,5.18003,5.16856,5.81878,5.1619,16,10,2027-12-31,15,0,2,1.07378,1.07327,1.07499,1.32779,1.07499,11,1,2026-09-30,13,1,0,4.64367,4.64697,4.6484,5.34595,4.6484,16,8,2026-12-31,15,0,0,USD,USD,8569941504,53.03,161605541
PNW,-0.18,-0.17636,-0.18,-0.12807,-0.222,2,0,2026-12-31,5,4,1,5.64111,5.64746,5.64111,5.63946,5.64,0,0,2027-12-31,10,4,2,3.152,3.14431,3.152,3.16825,3.212,3,0,2026-09-30,5,1,1,4.71,4.71551,4.71,4.69851,4.721,0,0,2026-12-31,10,3,1,USD,USD,11625238528,95.92,121197234
PODD,1.84141,1.96544,1.84141,1.96317,1.84236,19,3,2026-12-31,21,0,0,7.71086,8.05441,7.71086,8.08393,7.71521,21,4,2027-12-31,23,1,0,1.58706,1.63832,1.58706,1.63918,1.58611,17,2,2026-09-30,21,3,1,6.5029,6.48233,6.5029,6.4814,6.5029,7,2,2026-12-31,23,15,2,USD,USD,9133254656,131.69,69354199
PPG,1.69956,1.69897,1.70069,1.6847,1.70103,8,1,2026-12-31,18,8,0,8.67283,8.67754,8.66314,8.67121,8.65389,10,1,2027-12-31,23,9,0,2.13701,2.13867,2.13558,2.13092,2.13345,7,0,2026-09-30,19,9,1,7.89675,7.87576,7.89689,7.87554,7.89539,9,0,2026-12-31,23,8,1,USD,USD,23374845952,105.15,222300000
PPL,0.46499,0.45872,0.46832,0.45557,0.46832,3,1,2026-12-31,9,4,2,2.11703,2.11688,2.11784,2.11625,2.11915,1,1,2027-12-31,17,2,1,0.52454,0.51762,0.52565,0.50265,0.52565,0,1,2026-09-30,9,4,2,1.94774,1.94928,1.95056,1.95055,1.94865,2,1,2026-12-31,16,1,1,USD,USD,24683470848,32.8,752544841
PRU,3.32449,3.28627,3.3202,3.31255,3.30306,1,0,2026-12-31,14,8,3,14.85474,14.5983,14.85787,14.60824,14.85974,2,1,2027-12-31,16,11,4,3.45833,3.41565,3.46767,3.46256,3.46033,1,0,2026-09-30,15,9,3,14.52113,13.80347,14.51181,13.7167,14.48412,0,0,2026-12-31,13,12,2,USD,USD,38847000576,112.6,345000000
PSA,2.4928,2.3,2.5028,2.27042,2.3771,0,0,2026-12-31,4,1,1,10.11656,9.19,10.22742,9.88198,9.85394,0,1,2027-12-31,5,1,0,2.45616,2.13,2.42616,2.20058,2.29462,0,0,2026-09-30,4,1,1,9.88354,9.39,9.99903,9.82782,9.77427,0,0,2026-12-31,4,1,0,USD,USD,53030547456,283.81,186852295
PSKY,-0.0172,0.02037,-0.02528,0.02472,-0.0497,8,8,2026-12-31,16,3,3,0.8508,0.90209,0.8508,0.87621,0.84584,7,7,2027-12-31,18,7,7,0.19207,0.22046,0.19196,0.21432,0.18933,9,10,2026-09-30,19,4,3,0.56207,0.61969,0.56743,0.63202,0.53517,13,1,2026-12-31,20,3,0,USD,USD,10632144896,9.5,1087672971
PSX,6.55646,5.02479,7.57149,4.69918,7.84787,3,0,2026-12-31,17,12,2,21.00231,18.97818,24.89667,17.40386,25.75825,1,0,2027-12-31,19,15,2,9.4775,8.08545,10.62799,6.3183,10.79088,4,0,2026-09-30,18,11,2,25.57354,21.02397,28.0378,17.92254,28.57447,0,0,2026-12-31,18,17,2,USD,USD,105572950016,264.58,399020916
PTC,1.95136,1.84833,1.95136,1.88231,1.93915,4,4,2026-12-31,13,8,8,8.88819,8.62959,8.90923,8.66135,8.92972,0,0,2027-09-30,19,3,1,1.96404,1.81329,1.96404,1.81329,1.96698,3,3,2026-09-30,15,13,13,8.18823,8.08082,8.19996,8.08082,8.2047,1,0,2026-09-30,19,2,1,USD,USD,15628156928,144.03,108506261
PWR,4.77992,3.78312,4.82278,3.80821,4.8404,0,0,2026-12-31,21,19,1,19.6413,18.4221,19.71509,16.46026,19.77394,0,0,2027-12-31,26,24,4,5.01966,4.95566,4.98779,4.23987,4.99112,0,0,2026-09-30,21,19,1,16.72777,16.7279,16.72563,14.0118,16.74256,0,0,2026-12-31,26,22,0,USD,USD,101716328448,676.56,150343393
PYPL,1.34527,1.36238,1.34483,1.35588,1.345,16,1,2026-12-31,34,10,0,5.78827,5.78404,5.78532,5.74485,5.78532,11,1,2027-12-31,43,26,2,1.31536,1.33113,1.31463,1.32999,1.3146,18,2,2026-09-30,36,11,0,5.38838,5.38248,5.39109,5.30679,5.39109,3,1,2026-12-31,42,36,2,USD,USD,45513601024,52.8,862000000
Q,1.10667,0.904,1.082,0.906,1.082,0,0,2026-12-31,5,5,5,5.35939,4.86646,5.37814,4.76366,5.37814,0,0,2027-12-31,8,8,7,1.2,1.068,1.2,1.056,1.2,0,0,2026-09-30,5,5,5,4.58512,4.17289,4.58512,4.1142,4.58512,0,0,2026-12-31,8,7,7,USD,USD,27523917824,131.48,209339207
QCOM,2.29732,2.70088,2.3003,2.67046,2.29838,23,1,2026-12-31,26,1,0,10.20195,10.29606,10.20401,10.9625,10.20401,27,2,2027-09-30,34,3,0,2.15586,2.3735,2.15493,2.35134,2.15685,24,1,2026-09-30,26,1,0,10.52302,10.5514,10.48422,10.80108,10.48422,27,1,2026-09-30,31,1,0,USD,USD,197452333056,184.87,1068060487
RCL,3.65827,3.6535,3.66606,3.43305,3.66362,2,1,2026-12-31,23,17,0,20.29286,20.32989,20.28225,20.01973,20.44746,4,0,2027-12-31,29,20,1,6.3183,6.31163,6.3185,6.32764,6.3586,10,5,2026-09-30,23,7,13,17.79981,17.77143,17.79304,17.32955,17.83711,0,0,2026-12-31,28,23,4,USD,USD,74282139648,277.74,267452084
RDDT,1.81506,1.7404,1.81506,1.73392,1.82027,4,0,2026-12-31,23,16,1,7.02198,6.52975,7.03708,6.47046,7.06846,2,0,2027-12-31,29,23,2,1.31948,1.26009,1.31948,1.25485,1.31469,4,0,2026-09-30,23,16,1,5.39385,4.98224,5.3829,4.96694,5.37841,4,0,2026-12-31,29,22,1,USD,USD,28447748096,147.86,146103200
REG,0.61222,0.61946,0.61222,0.6007,0.61056,1,0,2026-12-31,6,1,1,2.51718,2.52374,2.51718,2.51436,2.51433,2,1,2027-12-31,7,1,0,0.60278,0.60073,0.60278,0.5857,0.60232,0,0,2026-09-30,6,2,1,2.47165,2.46764,2.47165,2.42392,2.47022,0,0,2026-12-31,7,3,1,USD,USD,13386245120,71.6,183120547
REGN,15.60878,15.51782,15.52922,13.06787,15.96979,1,0,2026-12-31,21,19,0,50.38474,50.21303,50.62527,48.10185,50.62527,3,1,2027-12-31,9,5,0,15.99714,15.92069,15.94499,13.07491,15.99218,0,0,2026-09-30,21,20,0,53.54745,52.59931,54.09863,46.21156,54.76607,0,0,2026-12-31,27,23,1,USD,USD,75692515328,735.2,101137842
RF,0.68244,0.68244,0.68694,0.69802,0.68674,9,1,2026-12-31,15,3,1,2.84262,2.84262,2.84599,2.8578,2.84608,8,2,2027-12-31,17,4,1,0.65426,0.65426,0.65798,0.66825,0.66,11,2,2026-09-30,15,0,0,2.62923,2.62923,2.63692,2.61397,2.6397,3,1,2026-12-31,17,10,2,USD,USD,23087290368,27.1,851929506
RJF,3.33724,3.33117,3.35867,3.21338,3.34878,0,0,2026-12-31,13,1,1,14.19862,14.18138,14.19729,13.51387,14.20342,1,1,2027-09-30,16,0,0,3.34541,3.34429,3.34612,3.23231,3.32277,0,0,2026-09-30,15,1,1,12.12747,12.12372,12.12814,11.85639,12.10916,0,0,2026-09-30,16,1,1,USD,USD,30433548288,158.21,192361711
RL,6.87827,6.90889,6.87827,6.90335,6.87827,10,10,2026-12-31,16,3,3,20.96726,20.45812,20.96726,20.40995,20.96726,0,0,2028-03-31,18,17,1,4.22257,4.0417,4.22257,4.03379,4.22257,0,0,2026-09-30,16,13,13,18.91112,18.45159,18.91112,18.41065,18.91112,0,0,2027-03-31,18,17,0,USD,USD,21650399232,363.37,37700963
RMD,3.03696,3.01474,3.03151,3.05213,3.03151,3,1,2026-12-31,13,6,0,13.21748,13.02838,13.23212,13.15626,13.23012,2,2,2028-06-30,20,10,0,2.6883,2.82729,2.67624,2.85126,2.66855,8,1,2026-09-30,13,1,0,12.08573,11.94983,12.08018,12.11499,12.08568,3,2,2027-06-30,20,11,0,USD,USD,30784524288,218.89,140639243
ROK,3.09172,3.07734,3.10548,3.07907,3.13531,2,0,2026-12-31,11,7,1,14.83388,14.62837,14.85624,14.62026,14.91218,3,0,2027-09-30,28,20,2,3.67931,3.58255,3.68612,3.57437,3.68977,2,0,2026-09-30,22,18,2,13.21447,13.02599,13.22688,13.01715,13.23351,2,0,2026-09-30,28,24,2,USD,USD,50454966272,454.35,111048676
ROL,0.26852,0.26873,0.26852,0.28319,0.26769,12,1,2026-12-31,14,1,0,1.30057,1.31215,1.29417,1.39438,1.28995,17,1,2027-12-31,19,0,1,0.35218,0.35292,0.35218,0.38675,0.34929,13,1,2026-09-30,14,0,0,1.17133,1.17035,1.17133,1.24474,1.16839,2,2,2026-12-31,17,0,0,USD,USD,14511345664,30.16,481145404
ROP,5.9061,5.90686,5.9061,5.8455,5.90518,3,2,2026-12-31,15,12,13,24.29241,24.14484,24.29241,23.87571,24.37902,3,0,2027-12-31,17,13,1,5.78878,5.78267,5.78878,5.65089,5.78936,0,0,2026-09-30,15,15,15,22.21842,22.21358,22.21842,21.93098,22.21774,0,0,2026-12-31,17,14,0,USD,USD,35042557952,354.32,98900874
ROST,2.24941,2.12382,2.25235,2.12382,2.25257,0,0,2027-01-31,10,8,1,8.91088,8.58578,8.91262,8.57529,8.95629,0,0,2028-01-31,12,13,14,1.82871,1.7272,1.83258,1.7272,1.83298,0,0,2026-10-31,10,11,11,8.61629,7.80748,8.67322,7.79597,8.7758,0,0,2027-01-31,11,12,12,USD,USD,73007816704,228.54,319453110
RSG,1.79128,1.82841,1.79085,1.83371,1.79172,14,15,2026-12-31,23,4,3,8.05704,8.067,8.05896,8.0599,8.05973,9,8,2027-12-31,26,12,11,1.93039,1.93655,1.92865,1.92742,1.92735,9,8,2026-09-30,23,9,8,7.27639,7.28628,7.27601,7.2869,7.27601,7,9,2026-12-31,26,11,10,USD,USD,64169992192,209.56,306212978
RTX,1.82618,1.82507,1.82591,1.78394,1.8273,2,0,2026-12-31,18,15,1,7.85586,7.81259,7.85139,7.57957,7.85736,0,0,2027-12-31,23,23,1,1.76732,1.76565,1.76688,1.72903,1.76753,2,0,2026-09-30,18,15,1,7.24276,7.1863,7.2428,6.9139,7.2444,0,0,2026-12-31,23,23,0,USD,USD,248903958528,184.68,1347758144
RVTY,1.61156,1.66985,1.61598,1.67152,1.61514,12,12,2026-12-31,15,0,0,5.89112,5.827,5.89262,5.82854,5.89256,3,3,2027-12-31,15,10,10,1.28909,1.31114,1.2922,1.31197,1.29279,12,12,2026-09-30,14,0,0,5.34873,5.24411,5.34998,5.24952,5.34779,0,0,2026-12-31,16,10,11,USD,USD,16908687360,151.53,111586401
SBAC,1.9954,1.86133,1.99095,1.86577,1.99095,1,1,2026-12-31,9,0,0,8.20647,8.08569,8.18447,8.17169,8.18447,1,1,2027-12-31,10,0,0,2.09086,2.01419,2.08641,2.01641,2.08641,1,1,2026-09-30,9,0,0,7.71872,7.53997,7.71072,7.54397,7.71072,1,1,2026-12-31,10,0,0,USD,USD,16813905920,158.49,106088110
SBUX,0.75295,0.76072,0.75401,0.76213,0.75106,7,5,2026-12-31,19,6,8,3.11556,3.10527,3.12275,3.00812,3.12059,1,0,2027-09-30,33,26,1,0.69936,0.69472,0.70145,0.67738,0.69883,1,3,2026-09-30,28,18,18,2.59046,2.56298,2.5928,2.38342,2.5997,0,0,2026-09-30,33,28,28,USD,USD,107969396736,94.71,1140000000
SCHW,1.78338,1.78469,1.78309,1.66684,1.7803,2,1,2026-12-31,19,0,0,7.80475,7.80276,7.83045,7.30326,7.82739,0,1,2027-12-31,23,1,0,1.67023,1.67034,1.67011,1.57999,1.66799,2,1,2026-09-30,19,2,1,6.48819,6.48941,6.48743,6.1762,6.483,1,1,2026-12-31,22,0,0,USD,USD,167226753024,96.7,1729335714
SHW,2.37157,2.36961,2.37195,2.27394,2.37099,3,1,2026-12-31,22,15,0,13.61408,13.57099,13.6006,13.24752,13.5742,1,0,2027-12-31,27,21,1,3.69411,3.69591,3.6912,3.57675,3.69109,0,0,2026-09-30,22,18,17,12.10094,12.06363,12.09906,11.7341,12.09819,0,0,2026-12-31,27,3,1,USD,USD,77563658240,319.51,242758151
SJM,2.55365,2.55086,2.54012,2.54508,2.54012,7,7,2027-01-31,14,5,5,9.01,8.93667,9.01,8.75429,9.04,1,1,2028-04-30,7,2,2,2.5548,2.55641,2.54758,2.55952,2.54758,6,7,2026-10-31,15,5,4,10.68938,9.99983,10.68938,10.00668,10.77271,0,0,2027-04-30,18,15,14,USD,USD,12518608896,117.19,106823183
SLB,0.7926,0.80172,0.78952,0.83724,0.7806,17,5,2026-12-31,22,2,0,3.23187,3.25904,3.23752,3.32177,3.20943,7,1,2027-12-31,24,0,1,0.62098,0.62443,0.62102,0.66824,0.6219,14,2,2026-09-30,22,5,1,2.49839,2.50818,2.4943,2.56816,2.4833,6,1,2026-12-31,26,2,0,USD,USD,72337145856,48.74,1484143231
SMCI,1.04263,0.77129,1.04263,0.77772,1.03851,0,0,2026-12-31,17,14,13,5.32592,3.72485,5.32592,3.70913,5.32592,0,0,2028-06-30,17,8,8,1.03705,0.6553,1.03705,0.66131,1.03705,0,1,2026-09-30,17,14,12,4.3382,3.19216,4.3382,3.19179,4.33765,0,0,2027-06-30,18,16,16,USD,USD,28261881856,43.69,646873027
SNA,5.20188,5.20188,5.20278,5.15562,5.20278,3,2,2026-12-31,9,3,4,21.3601,21.3601,21.4051,21.3172,21.4051,1,2,2027-12-31,10,5,3,4.97012,4.97012,4.96233,5.013,4.96233,6,1,2026-09-30,9,1,0,19.83044,19.83044,19.8224,19.85544,19.8224,5,3,2026-12-31,10,1,1,USD,USD,19082135552,368.9,51727124
SNDK,52.77736,52.86602,52.77736,49.27102,52.78862,7,0,2026-12-31,18,7,2,264.72162,255.6271,263.48553,199.27893,263.48553,4,1,2028-06-30,20,7,3,46.20664,44.20733,46.20664,41.93733,46.18405,3,3,2026-09-30,18,10,9,214.09818,212.94582,213.90302,193.72011,213.90302,7,2,2027-06-30,21,12,3,USD,USD,251839234048,1719.99,146419001
SNPS,4.33521,4.3148,4.33969,4.31045,4.47709,4,4,2027-01-31,11,11,11,17.51204,17.28051,17.58801,17.2614,18.58301,1,0,2027-10-31,17,17,18,4.1335,3.99687,4.12618,3.99807,4.12573,0,0,2026-10-31,16,15,16,15.1419,14.76945,15.12147,14.76849,15.13856,0,0,2026-10-31,21,20,20,USD,USD,93882785792,489.9,191636646
SO,0.49629,0.60597,0.50424,0.57049,0.54178,6,1,2026-12-31,11,0,0,4.92474,4.91873,4.92405,4.91751,4.92321,2,1,2027-12-31,22,2,0,1.65151,1.64028,1.65484,1.67561,1.64969,5,0,2026-09-30,11,2,1,4.58824,4.5762,4.58911,4.56422,4.5891,1,0,2026-12-31,21,5,1,USD,USD,96308396032,83.72,1150362966
SOLV,1.78997,1.7839,1.78894,1.7739,1.78985,2,1,2026-12-31,11,7,0,7.22102,7.08653,7.22632,7.04653,7.23032,3,1,2027-12-31,15,11,1,1.35044,1.41233,1.35348,1.42618,1.35439,10,0,2026-09-30,11,1,1,7.18324,6.55038,7.14371,6.55305,7.14437,0,1,2026-12-31,15,14,1,USD,USD,14954153984,87.85,170223729
SPG,1.8825,1.86364,1.87667,1.86364,1.83667,1,1,2026-12-31,3,1,1,6.69239,6.74039,6.79667,6.74039,6.77333,2,1,2027-12-31,3,1,0,1.6425,1.63649,1.62667,1.63649,1.62333,1,1,2026-09-30,3,0,0,6.605,6.44023,5.85,6.44225,5.85,2,0,2026-12-31,1,0,0,USD,USD,76285337600,200.95,323551515
SPGI,4.08157,4.08797,4.08157,4.35,4.07972,2,1,2026-12-31,20,0,0,20.23751,20.21965,20.21925,20.42,20.21738,2,1,2027-12-31,23,2,1,4.4256,4.42537,4.4236,4.435,4.42385,1,0,2026-09-30,20,1,1,17.87515,17.89292,17.87293,18.825,17.87121,1,0,2026-12-31,18,0,0,USD,USD,113872396288,386.27,294800000
SRE,1.41878,1.53328,1.41518,1.51141,1.41296,4,1,2026-12-31,9,1,0,5.53953,5.53686,5.5416,5.5388,5.53974,3,2,2027-12-31,17,1,0,1.08769,1.02101,1.07806,1.07608,1.06806,4,1,2026-09-30,9,0,0,5.10335,5.10749,5.10914,5.10772,5.10732,2,0,2026-12-31,16,3,2,USD,USD,51252707328,78.38,653900348
STE,2.81286,2.81286,2.81158,2.80571,2.80533,4,2,2026-12-31,8,0,0,12.24267,12.18,12.24711,12.10625,12.24711,0,0,2028-03-31,9,6,2,2.69714,2.69714,2.6852,2.69143,2.6777,2,1,2026-09-30,8,0,0,11.16723,11.1575,11.17167,11.16125,11.17167,1,0,2027-03-31,9,5,2,USD,USD,20332673024,208.54,97500110
STLD,5.11933,4.92925,5.51874,4.93471,5.93247,0,0,2026-12-31,5,1,1,18.94531,18.86481,19.56578,18.28186,19.5521,1,1,2027-12-31,12,0,0,5.41269,5.30794,5.33415,5.22959,5.40582,0,0,2026-09-30,6,1,1,16.84739,16.61084,17.27454,16.47302,17.10103,0,0,2026-12-31,7,1,1,USD,USD,33250684928,231.99,143328088
STT,3.57994,3.55492,3.58494,3.31645,3.63376,1,0,2026-12-31,9,9,1,15.30297,15.24932,15.31226,14.1936,15.42521,0,0,2027-12-31,14,14,1,3.63787,3.61665,3.63877,3.36704,3.66664,0,0,2026-09-30,11,10,1,13.69424,13.65704,13.69808,12.75429,13.75585,0,0,2026-12-31,13,13,1,USD,USD,48336523264,175.96,274701765
STX,6.55145,6.33869,8.38022,6.17175,8.38022,0,0,2026-12-31,20,15,14,55.3714,55.3714,55.3714,42.16434,55.3714,0,0,2028-06-30,19,15,15,5.75413,5.6448,7.34882,5.55651,7.34882,0,0,2026-09-30,20,15,15,35.78091,35.78091,35.78091,27.31026,35.78091,0,0,2027-06-30,21,20,20,USD,USD,193054392320,848.99,227393014
STZ,2.84693,2.84693,2.82355,2.84693,2.82261,13,14,2026-11-30,19,2,1,12.39194,12.39194,12.26586,12.3737,12.26635,7,0,2028-02-29,23,11,1,3.60896,3.60896,3.55039,3.60896,3.54909,13,13,2026-08-31,19,2,2,11.80013,11.80013,11.72989,11.7939,11.72503,11,0,2027-02-28,24,10,1,USD,USD,19278688256,112.87,170752511
SW,0.75044,0.77218,0.75663,0.73613,0.74558,5,0,2026-12-31,8,1,0,3.39887,3.34065,3.43101,3.20759,3.43078,4,0,2027-12-31,14,6,2,0.60808,0.65276,0.60957,0.76099,0.60617,7,0,2026-09-30,8,0,0,1.91407,2.15437,1.87566,2.21069,1.87219,7,1,2026-12-31,9,0,0,USD,USD,22313205760,42.54,524522908
SWK,1.69705,1.69497,1.6921,1.75678,1.6927,6,0,2026-12-31,12,4,0,6.3794,6.35369,6.37961,6.22747,6.37973,2,1,2027-12-31,14,10,1,1.5603,1.57305,1.56171,1.63338,1.56525,8,0,2026-09-30,12,1,0,5.6046,5.53103,5.60156,5.39547,5.60511,0,0,2026-12-31,14,13,2,USD,USD,13793859584,91.34,151016641
SWKS,1.31824,1.31393,1.31824,1.37719,1.31824,14,13,2026-12-31,20,4,4,4.9731,4.97325,4.96265,5.13771,4.96265,14,14,2027-09-30,22,4,3,1.27319,1.27434,1.27319,1.30674,1.27319,12,12,2026-09-30,21,8,8,5.04049,5.04242,5.0409,5.0072,5.0409,9,8,2026-09-30,23,10,11,USD,USD,12789019648,85.03,150405963
SYF,2.16708,2.16276,2.16219,2.32933,2.14333,18,1,2026-12-31,19,1,0,10.47276,10.46354,10.42243,10.54283,10.43955,13,0,2027-12-31,22,7,1,2.34886,2.36361,2.36199,2.58522,2.37449,1,0,2026-09-30,16,1,1,9.36541,9.3828,9.41647,9.29724,9.42068,2,1,2026-12-31,19,1,0,USD,USD,23351865344,71.77,325370840
SYK,5.15239,5.15924,5.1379,5.18264,5.13748,11,0,2026-12-31,24,8,1,16.75493,16.76313,16.72181,16.72377,16.71884,6,1,2027-12-31,27,17,0,3.58994,3.56431,3.57179,3.68468,3.56929,21,1,2026-09-30,24,1,0,15.01589,15.00738,14.99095,14.98346,14.98836,3,0,2026-12-31,27,20,1,USD,USD,105647521792,275.43,383573046
SYY,1.08583,1.06367,1.08465,1.06806,1.07606,1,0,2026-12-31,11,10,1,5.37905,5.25819,5.37147,5.28215,5.36524,2,1,2028-06-30,11,9,1,1.19485,1.1915,1.19275,1.19341,1.19217,7,1,2026-09-30,11,4,1,5.09076,4.93894,5.07338,4.95472,5.07068,0,0,2027-06-30,11,12,1,USD,USD,37161746432,77.49,479568281
T,0.52508,0.52508,0.52419,0.54526,0.52286,13,12,2026-12-31,18,2,2,2.56372,2.56372,2.57002,2.54935,2.56771,5,6,2027-12-31,22,13,13,0.60395,0.60395,0.60467,0.60746,0.60357,7,8,2026-09-30,20,7,7,2.33771,2.33771,2.33822,2.31402,2.33731,3,6,2026-12-31,24,15,12,USD,USD,166512967680,24.3,6852385650
TDG,9.6864,9.80569,9.62835,9.78449,9.5226,2,2,2026-12-31,6,3,3,48.48223,46.93313,48.35843,46.8882,48.3203,0,0,2027-09-30,21,19,1,12.15245,11.6419,12.18337,11.67144,12.17823,2,0,2026-09-30,19,15,0,41.18984,40.01499,41.20323,40.05102,41.19857,0,0,2026-09-30,21,19,0,USD,USD,60988862464,1090.38,55933583
TDY,6.49802,6.49782,6.50347,6.56652,6.503,8,0,2026-12-31,11,1,0,26.72592,26.67319,26.76683,26.00186,26.78005,0,0,2027-12-31,11,10,1,6.14291,6.1442,6.15018,6.00829,6.16237,0,0,2026-09-30,11,10,0,24.7178,24.71858,24.73052,24.13971,24.74225,0,0,2026-12-31,11,10,0,USD,USD,28592951296,617.17,46329138
TECH,0.47457,0.48243,0.47457,0.48252,0.46609,0,0,2026-12-31,3,1,1,2.30633,2.30199,2.30633,2.29996,2.31258,0,0,2028-06-30,9,3,3,0.42837,0.4389,0.42837,0.44084,0.42783,0,0,2026-09-30,3,1,1,2.01834,2.04354,2.01834,2.04528,2.01638,0,0,2027-06-30,11,2,2,USD,USD,11353640960,72.4,156818238
TEL,3.00619,2.98544,3.00119,2.92676,3.00111,0,0,2026-12-31,11,6,6,12.90607,12.85695,12.90295,12.61723,12.91682,0,0,2027-09-30,16,15,15,3.06717,3.04889,3.06717,2.97577,3.06737,1,1,2026-09-30,16,12,13,11.45376,11.45545,11.45376,11.24082,11.45489,0,0,2026-09-30,15,11,11,USD,USD,63891324928,220.36,289940672
TER,1.29328,1.23679,2.01373,1.22635,2.01373,0,0,2026-12-31,15,15,15,11.65247,10.30805,11.65247,9.5498,11.65247,1,0,2027-12-31,18,15,1,1.44346,1.38864,2.05052,1.3763,2.05052,0,0,2026-09-30,15,15,15,9.09129,7.30809,9.09129,7.28114,9.09129,0,0,2026-12-31,16,16,0,USD,USD,70203252736,449.04,156340750
TFC,1.20946,1.21085,1.13517,1.24596,1.11744,13,1,2026-12-31,15,2,0,5.00845,5.02496,5.00456,5.10889,5.00816,14,1,2027-12-31,18,2,0,1.11422,1.1146,1.16331,1.13264,1.07603,11,1,2026-09-30,15,3,0,4.62407,4.62551,4.6074,4.53084,4.51971,0,1,2026-12-31,18,16,0,USD,USD,56744538112,46.45,1221626188
TGT,2.67243,2.55244,2.67243,2.54276,2.67243,1,1,2027-01-31,31,29,29,9.50192,8.94511,9.54775,8.92317,9.54803,0,0,2028-01-31,36,35,1,2.04765,1.90799,2.04765,1.90089,2.04798,2,2,2026-10-31,31,28,28,10.15288,8.38624,10.23974,8.35346,10.24002,0,0,2027-01-31,36,35,1,USD,USD,70869467136,156.0,454291461
TJX,1.50241,1.50231,1.48958,1.50231,1.49489,8,8,2027-01-31,15,5,5,5.75802,5.75965,5.7663,5.75965,5.77352,2,1,2028-01-31,18,12,2,1.344,1.34393,1.33932,1.34393,1.33651,7,2,2026-10-31,15,7,5,5.22531,5.22609,5.24378,5.22609,5.24989,2,1,2027-01-31,18,16,3,USD,USD,146572165120,132.68,1104704446
TKO,1.01104,0.70936,1.0123,0.75631,1.0123,1,1,2026-12-31,8,5,5,4.91984,3.95258,4.91207,4.39523,4.91207,2,1,2027-12-31,9,4,5,1.33964,1.0327,1.33839,1.1001,1.33839,1,1,2026-09-30,8,5,5,4.65347,3.89837,4.65347,4.17718,4.65347,2,1,2026-12-31,9,4,5,USD,USD,33231976448,175.58,73111098
TMO,7.27647,7.28578,7.26376,7.33837,7.25695,15,1,2026-12-31,20,5,1,27.51008,27.49976,27.54296,27.25511,27.54825,2,2,2027-12-31,27,22,0,6.4048,6.39989,6.40802,6.36615,6.40935,6,2,2026-09-30,21,13,0,25.11793,25.10953,25.13141,24.85481,25.12647,0,2,2026-12-31,26,24,0,USD,USD,242110529536,654.8,369747286
TMUS,2.76657,2.76657,2.76654,2.67733,2.76942,6,5,2026-12-31,17,11,9,13.89549,13.88358,13.89614,13.54158,13.93442,6,0,2027-12-31,21,15,2,2.9015,2.9015,2.90136,2.87709,2.90442,9,8,2026-09-30,17,7,6,10.94575,10.92813,10.94561,10.43972,10.95095,3,0,2026-12-31,21,18,1,USD,USD,175531982848,163.64,1072671613
TPL,2.28571,2.27826,2.33786,2.41746,2.64072,2,2,2026-12-31,2,0,0,9.57988,9.68852,9.76488,10.08286,10.32444,1,1,2027-12-31,2,0,0,2.12474,2.12124,2.16737,2.3998,2.35656,2,2,2026-09-30,2,0,0,8.71095,8.65813,8.80048,9.16854,9.30252,2,2,2026-12-31,2,0,0,USD,USD,23464497152,340.19,68974683
TPR,3.06836,3.05362,3.03607,3.04246,3.0324,8,8,2026-12-31,18,4,3,8.81752,8.78795,8.8709,8.70075,8.89953,3,5,2028-06-30,22,7,8,1.48089,1.48335,1.55516,1.48034,1.55654,1,0,2026-09-30,18,11,12,7.84775,7.79126,7.97863,7.76674,7.97284,2,4,2027-06-30,22,17,14,USD,USD,23552145408,118.12,199391678
TRGP,3.01667,3.02529,2.9629,3.01934,2.95459,3,1,2026-12-31,3,0,0,11.93076,12.18611,12.02201,11.82917,12.07959,1,1,2027-12-31,5,4,2,2.77912,2.81063,2.81092,2.77691,2.8175,1,0,2026-09-30,3,2,1,11.20637,11.23229,11.66941,11.16559,11.49723,0,0,2026-12-31,5,4,1,USD,USD,60413796352,281.74,214431021
TRMB,1.15877,1.12945,1.15877,1.12695,1.16048,0,1,2026-12-31,11,10,4,4.1234,4.07976,4.1234,4.07668,4.13702,3,4,2027-12-31,12,9,3,0.86004,0.86947,0.86004,0.86947,0.86005,6,5,2026-09-30,11,1,0,3.66919,3.59081,3.66919,3.58773,3.67079,0,0,2026-12-31,12,12,6,USD,USD,13412504576,57.52,233179848
TROW,2.46025,2.45222,2.46227,2.31809,2.46427,4,0,2026-12-31,10,3,1,10.31891,10.28028,10.31737,9.75305,10.32429,4,0,2027-12-31,13,6,1,2.67182,2.65503,2.67099,2.49429,2.66766,3,0,2026-09-30,12,3,1,10.22143,10.16017,10.21682,9.62497,10.21451,2,0,2026-12-31,13,6,1,USD,USD,22317105152,104.62,213315850
TRV,9.62446,9.62655,9.63901,9.20115,9.6088,3,0,2026-12-31,23,18,1,30.20864,30.21642,30.27531,28.55838,30.32642,0,0,2027-12-31,27,24,1,6.83124,6.83291,6.83347,6.36583,6.97408,1,0,2026-09-30,24,21,1,34.05444,34.05766,34.06373,28.23451,34.19548,0,0,2026-12-31,28,26,0,USD,USD,75166269440,360.38,208575022
TSCO,0.40308,0.43967,0.40308,0.45374,0.40308,13,0,2026-12-31,13,0,0,2.04571,2.22245,2.04571,2.29584,2.04286,14,1,2027-12-31,14,0,0,0.40769,0.47851,0.40769,0.50057,0.40769,13,0,2026-09-30,13,0,0,1.8725,2.05506,1.8725,2.11533,1.8725,12,0,2026-12-31,12,0,0,USD,USD,16199137280,31.09,521040137
TSLA,0.48823,0.49866,0.49187,0.6338,0.48339,16,17,2026-12-31,24,3,2,2.15858,2.21923,2.17289,2.56154,2.16221,19,2,2027-12-31,31,4,2,0.45154,0.4563,0.44848,0.54698,0.44001,15,17,2026-09-30,24,4,2,1.77267,1.79031,1.76531,2.10624,1.75277,2,1,2026-12-31,33,0,0,USD,USD,1463662804992,370.59,3949547394
TSN,1.10903,1.11487,1.01517,1.1263,1.01088,3,3,2026-12-31,7,2,0,4.478,4.48085,4.17437,4.5236,4.12794,4,4,2027-09-30,11,4,1,1.12296,1.21802,0.84946,1.23158,0.78871,5,3,2026-09-30,8,1,0,3.95055,4.03306,3.7545,4.07034,3.70612,4,3,2026-09-30,10,3,1,USD,USD,18254979072,51.89,281792507
TT,3.59611,3.61174,3.61089,3.42447,3.60895,0,0,2026-12-31,19,0,1,17.48244,17.40328,17.52744,17.06899,17.61256,1,0,2027-12-31,25,5,1,4.69669,4.71647,4.72039,4.59132,4.7233,0,0,2026-09-30,19,0,1,15.25135,15.2488,15.26953,14.90051,15.26106,0,0,2026-12-31,24,1,1,USD,USD,102070960128,463.91,220023177
TTWO,1.82315,1.88718,1.82315,1.93333,1.82315,2,0,2026-12-31,9,5,1,5.29187,5.43306,5.2872,5.47361,5.2872,6,0,2028-03-31,15,7,1,-0.87646,-0.63083,-0.87646,-0.66071,-0.87646,6,1,2026-09-30,10,3,0,1.91661,2.05205,1.84245,1.75939,1.84245,4,1,2027-03-31,12,6,0,USD,USD,37906546688,202.73,186980443
TXN,2.27793,2.02037,2.27793,1.99959,2.27793,0,0,2026-12-31,24,24,21,10.1005,10.03249,10.1005,8.89054,10.1005,0,0,2027-12-31,28,23,22,2.41539,2.14396,2.41539,2.12382,2.41539,0,0,2026-09-30,24,24,20,8.5058,8.49941,8.5058,7.68001,8.5058,0,0,2026-12-31,26,25,24,USD,USD,268312150016,293.8,913247686
TXT,1.88107,1.86441,1.88107,1.86637,1.89759,8,3,2026-12-31,15,6,6,7.26303,7.2258,7.26303,7.29834,7.2671,9,7,2027-12-31,16,5,4,1.51808,1.55874,1.51808,1.65534,1.50335,15,10,2026-09-30,15,0,0,6.45697,6.4595,6.45697,6.51024,6.45852,10,9,2026-12-31,16,2,2,USD,USD,13434662912,77.26,173888981
TYL,3.42167,3.42167,3.42167,3.33703,3.42167,3,4,2026-12-31,22,16,16,15.35155,15.35155,15.35155,14.82487,15.35155,0,0,2027-12-31,23,21,22,3.46679,3.46679,3.46679,3.3724,3.46679,2,3,2026-09-30,22,17,17,13.09892,13.09892,13.09892,12.8824,13.09892,0,0,2026-12-31,23,20,21,USD,USD,13219803136,322.81,40952274
UAL,3.92012,3.99068,3.46779,3.8079,2.79007,1,1,2026-12-31,17,0,0,15.22782,15.4639,14.47241,14.51653,13.76267,2,1,2027-12-31,23,0,0,3.04178,3.19819,2.87808,3.20143,2.75823,1,1,2026-09-30,19,0,0,10.12384,10.35902,9.46138,9.9544,8.76112,1,1,2026-12-31,23,0,0,USD,USD,36517339136,112.51,324569728
UBER,1.04877,1.032,1.00906,1.02867,1.0011,9,0,2026-12-31,29,11,1,4.63288,4.51697,4.55688,4.46313,4.53338,9,0,2027-12-31,38,20,1,0.95207,0.91636,0.91568,0.91772,0.90987,11,0,2026-09-30,30,14,1,3.24753,3.01374,3.19237,3.03892,3.18081,2,0,2026-12-31,37,27,1,USD,USD,139118772224,68.11,2042560121
UDR,0.12796,0.11811,0.14321,0.11679,0.14321,2,0,2026-12-31,10,3,3,0.56,0.56,0.56,0.56,0.56,1,1,2027-12-31,1,0,0,0.12722,0.11547,0.14136,0.11529,0.14136,3,0,2026-09-30,10,3,3,1.00481,0.91212,1.04425,0.85761,1.04325,0,0,2026-12-31,10,5,3,USD,USD,12327055360,33.27,324915653
UHS,5.66242,5.82547,5.71908,6.21272,5.71908,11,2,2026-12-31,15,1,0,24.01807,24.4937,23.9994,25.28057,23.99874,12,1,2027-12-31,15,1,1,5.19327,5.30842,5.20727,5.58961,5.18794,12,2,2026-09-30,15,0,0,22.52656,22.72211,22.59218,23.43311,22.57406,11,2,2026-12-31,16,2,0,USD,USD,10356324352,175.72,51687770
ULTA,9.06254,9.12127,9.06754,9.12127,9.06754,7,6,2027-01-31,16,7,8,31.93635,31.8617,31.98746,31.81907,31.98746,4,2,2028-01-31,18,12,0,5.61981,5.84579,5.59356,5.84579,5.59356,14,14,2026-10-31,16,0,0,28.92841,28.79042,28.95294,28.77306,28.9485,1,1,2027-01-31,18,15,1,USD,USD,23246809088,543.69,42757471
UNH,2.13627,2.17997,2.13627,2.59278,2.10279,4,0,2026-12-31,23,1,1,22.43537,22.36906,22.43537,20.93053,22.61019,1,1,2027-12-31,26,5,0,4.11844,4.07163,4.11844,3.73151,4.14931,1,1,2026-09-30,23,4,0,19.81226,19.8121,19.86706,18.38872,19.86706,0,0,2026-12-31,25,4,1,USD,USD,333815513088,371.9,897594847
UNP,3.28197,3.28481,3.28057,3.23418,3.27794,4,0,2026-12-31,20,14,0,14.15497,14.11641,14.17502,13.75384,14.18576,0,0,2027-12-31,23,22,3,3.44405,3.44696,3.44543,3.31966,3.43787,1,0,2026-09-30,22,18,0,13.05258,13.05208,13.06286,12.62928,13.05235,0,0,2026-12-31,24,23,0,USD,USD,165319327744,278.28,594075498
UPS,2.7459,2.74344,2.74286,2.66013,2.74184,4,0,2026-12-31,23,18,1,8.0749,8.0736,8.06955,8.00267,8.06956,5,2,2027-12-31,28,19,0,1.63227,1.63328,1.62879,1.72988,1.62699,19,1,2026-09-30,23,3,0,7.20992,7.20885,7.20456,7.1269,7.20285,2,0,2026-12-31,28,3,1,USD,USD,79139700736,93.02,749349405
URI,13.07933,13.021,13.15263,12.67349,13.15263,3,0,2026-12-31,18,13,1,57.18555,56.41793,57.31793,53.86543,57.31793,0,0,2027-12-31,21,18,1,13.91757,13.8398,13.9033,13.35612,13.9033,0,0,2026-09-30,18,16,1,49.23641,48.9307,49.28697,47.2362,49.28697,0,0,2026-12-31,21,18,1,USD,USD,67286622208,1081.04,62242489
USB,1.38674,1.38674,1.38893,1.35039,1.39145,1,1,2026-12-31,18,9,0,5.79982,5.79982,5.80617,5.66347,5.80864,0,0,2027-12-31,21,9,1,1.29991,1.29991,1.30611,1.28605,1.31201,4,0,2026-09-30,18,8,1,5.21409,5.21409,5.22235,5.09382,5.22925,0,0,2026-12-31,21,12,0,USD,USD,89603538944,57.51,1558051446
V,3.6281,3.62553,3.6281,3.60642,3.62739,4,0,2026-12-31,28,22,2,15.0043,14.94522,15.0043,14.87215,15.0043,4,0,2027-09-30,40,28,6,3.42922,3.43499,3.42922,3.44439,3.42922,16,2,2026-09-30,31,8,0,13.22816,13.204,13.22816,13.14598,13.22816,6,0,2026-09-30,39,30,2,USD,USD,677086953472,360.66,1704112694
VEEV,2.31751,2.31589,2.30745,2.31614,2.30745,13,13,2027-01-31,26,6,6,10.02777,10.03382,10.25064,10.03474,10.25064,0,0,2028-01-31,26,23,23,2.28343,2.28505,2.34318,2.28526,2.34318,0,0,2026-10-31,26,23,23,9.06152,9.06203,9.2354,9.06251,9.2354,0,0,2027-01-31,27,24,24,USD,USD,44254543872,273.33,161908850
VICI,0.715,0.715,0.71,0.715,0.73,0,0,2026-12-31,1,0,0,2.935,2.935,2.93,2.935,2.99,0,0,2027-12-31,1,0,0,0.71,0.71,0.71,0.71,0.72,0,0,2026-09-30,1,0,0,2.895,2.895,2.94,2.895,2.75,0,0,2026-12-31,1,0,0,USD,USD,24939405312,22.65,1101077562
VLO,10.09037,9.11225,12.94843,6.51446,13.2853,1,1,2026-12-31,16,5,1,29.88217,27.35229,38.04043,21.44313,39.20321,1,1,2027-12-31,18,7,1,16.27346,14.06846,18.90642,9.76785,18.84142,0,0,2026-09-30,16,6,2,42.87041,40.19359,47.58835,30.57864,47.81729,0,0,2026-12-31,19,7,2,USD,USD,116984922112,406.3,287927461
VLTO,1.12959,1.12619,1.12918,1.11025,1.13191,1,1,2026-12-31,11,9,8,4.77545,4.75959,4.76998,4.65654,4.78141,1,1,2027-12-31,14,16,1,1.08787,1.08367,1.08727,1.07346,1.09,2,2,2026-09-30,11,8,8,4.40177,4.39137,4.40113,4.25236,4.40248,0,0,2026-12-31,14,17,1,USD,USD,23082354688,94.68,243793344
VMC,2.25419,2.2532,2.25758,2.19833,2.2507,2,4,2026-12-31,16,12,10,10.77735,10.79272,10.59474,10.8291,10.5802,9,6,2027-12-31,22,5,9,3.02374,3.02523,3.01835,3.12396,2.9996,10,11,2026-09-30,16,2,2,9.15588,9.15343,9.12246,9.23312,9.10294,9,3,2026-12-31,21,4,9,USD,USD,31495407616,243.06,129578739
VMRK,0.40599,0.0,0.406,0.0,0.43533,0,0,2026-12-31,6,0,0,1.43023,0.0,1.47305,0.0,1.4702,0,0,2027-12-31,7,0,0,0.19319,0.0,0.19319,0.0,0.19319,0,0,2026-09-30,4,0,0,1.44873,0.0,1.48405,0.0,1.48405,0,0,2026-12-31,4,0,0,USD,USD,46264254464,59.79,773779120
VRSK,1.97589,1.97654,1.97589,1.98488,1.97589,8,1,2026-12-31,16,5,0,8.69625,8.68775,8.69836,8.67121,8.69836,6,1,2027-12-31,19,11,0,1.92751,1.94644,1.92751,1.94979,1.92751,12,12,2026-09-30,16,2,1,7.70876,7.6807,7.70718,7.66578,7.70718,3,1,2026-12-31,19,14,0,USD,USD,21471860736,163.88,131021840
VRSN,2.44284,2.44284,2.45784,2.40185,2.45784,0,0,2026-12-31,4,1,1,10.76463,10.75713,10.85963,10.35656,10.85963,0,0,2027-12-31,4,2,2,2.40254,2.40254,2.41504,2.37607,2.41504,0,0,2026-09-30,4,1,1,9.56071,9.56071,9.58071,9.47795,9.58071,0,0,2026-12-31,4,1,1,USD,USD,26064128000,288.32,90400000
VRT,2.20154,2.19025,2.21328,2.04012,2.21526,0,0,2026-12-31,24,2,1,9.09879,9.0637,9.12236,8.80161,9.17432,1,0,2027-12-31,29,2,1,1.82173,1.81727,1.82782,1.78176,1.82844,0,0,2026-09-30,24,2,1,6.70757,6.71296,6.73489,6.48233,6.73781,0,0,2026-12-31,28,2,1,USD,USD,97086308352,252.18,384988173
VRTX,4.93739,5.00637,4.56254,5.0284,4.56311,8,0,2026-12-31,13,3,1,21.99736,21.50969,20.0928,21.47137,20.10614,5,0,2027-12-31,15,8,0,4.91964,4.90738,-1.73713,4.95004,-1.21986,7,0,2026-09-30,12,5,1,19.03728,19.04863,16.16939,19.14589,16.17139,7,1,2026-12-31,15,5,1,USD,USD,127848112128,504.73,253300000
VST,2.96884,2.66604,3.09861,2.78584,3.13861,1,1,2026-12-31,5,3,0,10.34614,11.01296,10.38114,11.30191,10.35614,6,1,2027-12-31,10,0,0,2.59769,2.34343,2.58483,2.38958,2.58769,1,1,2026-09-30,7,5,0,9.58625,9.89168,9.47291,9.82651,9.57847,4,1,2026-12-31,9,2,0,USD,USD,46995640320,140.02,335635195
VTR,0.15,0.17,0.14,0.17,0.13333,0,0,2026-12-31,3,0,0,0.81667,0.84667,0.915,0.84667,0.79,1,1,2027-12-31,2,0,0,0.11,0.15,0.12,0.15,0.11,2,0,2026-09-30,3,0,0,0.61,0.535,0.61,0.535,0.44,1,1,2026-12-31,1,0,0,USD,USD,43092627456,84.01,512946359
VTRS,0.58326,0.61387,0.58512,0.62422,0.59061,5,1,2026-12-31,10,1,0,2.66846,2.62659,2.66062,2.66472,2.67329,3,0,2027-12-31,11,3,1,0.64997,0.64126,0.64775,0.65034,0.64497,3,1,2026-09-30,10,3,0,2.50058,2.45336,2.51552,2.47486,2.51684,0,0,2026-12-31,11,5,1,USD,USD,20215199744,17.6,1148590864
VZ,1.1479,1.14685,1.15474,1.11889,1.15295,0,0,2026-12-31,17,0,0,5.28049,5.27369,5.27826,5.26644,5.28737,0,0,2027-12-31,23,1,0,1.28314,1.28508,1.27664,1.29248,1.27882,0,0,2026-09-30,19,0,0,5.01203,5.02645,5.02509,4.93738,5.02397,1,0,2026-12-31,23,0,0,USD,USD,190787272704,45.92,4154775202
WAB,2.63725,2.63058,2.63725,2.52558,2.64107,0,0,2026-12-31,11,10,1,12.44222,12.35382,12.44222,12.15485,12.45551,1,0,2027-12-31,12,10,1,2.73278,2.73241,2.73278,2.75043,2.73278,7,0,2026-09-30,11,3,1,10.86295,10.81818,10.86295,10.61696,10.86647,0,0,2026-12-31,12,11,1,USD,USD,48568627200,287.54,168910851
WAT,4.67084,4.68518,4.67444,4.67307,4.67607,11,2,2026-12-31,21,7,0,16.54699,16.49014,16.54669,16.4645,16.53947,10,1,2027-12-31,24,13,0,3.99989,3.99175,3.99736,4.0029,3.99723,5,0,2026-09-30,21,14,1,14.5756,14.51303,14.57463,14.51359,14.57566,2,1,2026-12-31,24,21,0,USD,USD,41749606400,425.21,98185855
WBD,-0.03586,0.01556,-0.03586,0.01484,-0.03586,6,6,2026-12-31,14,4,3,-0.0089,0.03859,-0.0139,0.05089,0.0065,5,1,2027-12-31,15,4,1,-0.0028,0.01178,-0.0028,0.01244,-0.0028,7,7,2026-09-30,14,3,3,-1.12178,-1.25454,-1.12511,-1.24669,-1.12511,3,0,2026-12-31,15,10,2,USD,USD,77570809856,30.94,2507136702
WDAY,2.93645,2.85625,2.94645,2.84636,2.94673,4,4,2027-01-31,35,28,28,13.21274,12.64386,13.23298,12.6402,13.23298,1,1,2028-01-31,41,35,35,2.73428,2.6409,2.74383,2.63255,2.74439,5,5,2026-10-31,36,27,27,11.06221,10.76117,11.07564,10.72392,11.07637,3,3,2027-01-31,41,32,32,USD,USD,44859740160,186.14,196000000
WDC,4.23439,4.11047,4.38966,3.99139,4.67158,1,2,2026-12-31,19,12,8,27.14774,25.02706,31.89898,24.58101,31.74953,0,1,2028-06-30,20,10,8,3.70829,3.63707,3.77727,3.59048,4.0424,0,2,2026-09-30,19,13,9,18.45008,17.77023,20.09143,17.25403,20.09143,0,1,2027-06-30,22,16,13,USD,USD,149729050624,415.29,360540944
WEC,1.41897,1.505,1.35446,1.505,1.35446,2,1,2026-12-31,6,0,0,6.00687,6.01047,6.00687,6.01375,6.00687,3,2,2027-12-31,9,1,0,0.92254,0.8875,0.93413,0.8875,0.93413,1,1,2026-09-30,6,1,0,5.59747,5.59131,5.59747,5.59444,5.59747,1,0,2026-12-31,10,1,1,USD,USD,33103036416,101.59,325849383
WELL,0.69,0.69,0.63,0.69,0.655,1,0,2026-12-31,2,1,1,3.135,3.36,3.18,3.36,3.18,2,1,2027-12-31,3,1,1,0.665,0.665,0.61,0.665,0.625,1,0,2026-09-30,2,1,1,0.0,3.01,2.88,3.01,2.88,0,0,2026-12-31,1,0,0,USD,USD,164081467392,227.71,720572011
WFC,1.85938,1.85937,1.86437,1.87883,1.87452,1,0,2026-12-31,19,3,1,7.96463,7.96397,7.99606,7.90397,8.01052,0,0,2027-12-31,21,4,1,1.84119,1.84118,1.84593,1.81381,1.85411,0,0,2026-09-30,19,4,1,7.30558,7.30556,7.31863,7.00474,7.3252,0,0,2026-12-31,20,4,1,USD,USD,243280723968,80.45,3023999336
WM,2.10282,2.10397,2.09949,2.18274,2.10157,20,3,2026-12-31,24,0,0,9.11924,9.14371,9.11638,9.24742,9.10852,17,2,2027-12-31,28,9,0,2.188,2.17951,2.188,2.20146,2.18758,12,1,2026-09-30,24,9,2,8.12753,8.125,8.12605,8.20434,8.14421,14,2,2026-12-31,28,10,0,USD,USD,81721769984,204.45,399715184
WMB,0.66577,0.62434,0.61589,0.6205,0.62744,1,0,2026-12-31,9,3,0,2.62099,2.56376,2.57899,2.56633,2.64558,3,0,2027-12-31,14,5,0,0.52079,0.54813,0.52194,0.54985,0.5339,4,1,2026-09-30,10,1,0,2.4601,2.42036,2.4162,2.40428,2.42858,4,0,2026-12-31,14,3,0,USD,USD,86282231808,70.54,1223167472
WMT,0.7834,0.8141,0.78481,0.81441,0.78526,26,26,2027-01-31,34,3,3,3.22287,3.27981,3.22995,3.28577,3.22545,25,23,2028-01-31,42,4,3,0.63485,0.68336,0.63531,0.68398,0.63515,29,29,2026-10-31,34,0,0,2.88432,2.89926,2.88627,2.90208,2.88541,19,16,2027-01-31,39,9,9,USD,USD,827172388864,104.26,7933746241
WRB,1.20716,1.20564,1.20716,1.18082,1.20898,0,0,2026-12-31,15,3,0,4.84091,4.83035,4.84091,4.80293,4.86202,0,0,2027-12-31,18,3,1,1.12033,1.11568,1.12033,1.08872,1.1247,0,0,2026-09-30,16,2,0,4.87392,4.85944,4.87392,4.66725,4.89281,0,0,2026-12-31,18,16,2,USD,USD,25607276544,68.98,371227529
WSM,3.28912,3.30173,3.29725,3.29971,3.2875,5,5,2027-01-31,12,8,7,10.24448,10.25164,10.50692,10.21039,10.50692,0,0,2028-01-31,13,14,13,2.12827,2.12549,2.13264,2.12016,2.19667,4,3,2026-10-31,12,9,9,9.37921,9.38478,9.85077,9.36104,9.85077,1,1,2027-01-31,13,12,11,USD,USD,27357507584,232.3,117768000
WST,2.27024,2.26787,2.27174,2.26272,2.27174,3,3,2026-12-31,12,4,4,9.96476,9.96476,9.98307,9.55698,9.98307,0,0,2027-12-31,17,14,15,2.18981,2.18981,2.19285,2.12536,2.19285,0,0,2026-09-30,13,9,9,8.95851,8.95851,8.962,8.61042,8.962,0,0,2026-12-31,17,14,15,USD,USD,25685745664,364.98,70375762
WTW,9.23632,9.249,9.22532,9.13418,9.22332,4,0,2026-12-31,20,12,1,22.89174,22.67197,22.85365,22.19736,22.85984,0,0,2027-12-31,21,19,1,3.60888,3.61794,3.60269,3.57316,3.5946,4,0,2026-09-30,21,13,1,19.87121,19.87725,19.85571,19.50166,19.84571,0,0,2026-12-31,20,18,1,USD,USD,26803767296,288.61,92871937
WY,0.00783,0.01319,0.00724,0.01657,0.00783,1,0,2026-12-31,9,1,0,0.68031,0.67062,0.67246,0.69028,0.65406,2,1,2027-12-31,11,2,0,0.09297,0.09378,0.08996,0.07705,0.0852,0,0,2026-09-30,9,1,0,0.33128,0.3318,0.32829,0.29704,0.32328,0,0,2026-12-31,10,1,0,USD,USD,13311993856,18.47,720736000
WYNN,1.22682,1.28839,1.2281,1.27055,1.2281,11,2,2026-12-31,14,2,0,4.78387,5.01822,4.79148,5.18853,4.79148,5,1,2027-12-31,10,3,0,0.90334,0.95814,0.9151,0.93484,0.9151,10,1,2026-09-30,14,3,1,4.69692,4.63949,4.70195,4.72101,4.70195,6,2,2026-12-31,17,10,1,USD,USD,7813658112,75.88,102973891
XEL,1.0189,1.04436,1.0189,1.02453,1.0049,7,2,2026-12-31,10,1,0,4.54143,4.53802,4.54032,4.53193,4.53767,0,0,2027-12-31,19,4,1,1.30939,1.38465,1.30939,1.39514,1.30839,8,2,2026-09-30,10,0,0,4.11442,4.11512,4.11505,4.11196,4.11534,0,0,2026-12-31,17,3,1,USD,USD,44598890496,71.4,624634306
XOM,2.99819,3.13622,3.06273,2.91612,3.29774,1,0,2026-12-31,16,2,1,10.64294,10.57958,10.85346,10.79305,11.30705,3,0,2027-12-31,22,6,1,3.58701,3.69389,3.65013,3.35962,3.73601,0,0,2026-09-30,17,3,1,11.69665,12.39633,11.87602,11.32165,12.30044,0,0,2026-12-31,15,4,1,USD,USD,674394669056,164.01,4111911960
XYL,1.64971,1.65166,1.64971,1.62702,1.64971,4,1,2026-12-31,18,12,0,6.24551,6.19328,6.24551,6.09572,6.24551,3,0,2027-12-31,20,17,1,1.45469,1.45528,1.45469,1.45791,1.45469,11,11,2026-09-30,18,5,3,5.66453,5.65478,5.66453,5.53275,5.66453,0,1,2026-12-31,20,21,1,USD,USD,23766622208,101.79,233486812
XYZ,1.15755,1.17963,1.1586,1.17672,1.15871,19,2,2026-12-31,31,9,0,5.1551,5.0462,5.18617,4.97064,5.19694,6,0,2027-12-31,40,30,0,1.02444,1.01304,1.02398,1.01074,1.02348,10,0,2026-09-30,32,17,2,4.04647,3.90182,4.04742,3.89717,4.04766,1,0,2026-12-31,40,36,0,USD,USD,44657094656,74.33,540816000
YUM,1.94009,1.96696,1.80429,1.99285,1.79973,10,0,2026-12-31,10,1,1,7.45803,7.43175,6.9964,7.4652,6.98007,5,0,2027-12-31,12,6,1,1.5858,1.59747,1.4804,1.69202,1.47994,17,1,2026-09-30,10,0,0,6.62624,6.64773,6.39148,6.75433,6.40468,14,1,2026-12-31,12,0,0,USD,USD,37147295744,136.12,272901085
ZBH,2.4925,2.50922,2.4925,2.50763,2.4925,15,1,2026-12-31,24,4,1,9.06726,9.00322,9.06726,8.98961,9.06689,5,1,2027-12-31,27,19,2,1.88234,1.87796,1.88234,1.87647,1.88234,7,1,2026-09-30,24,12,1,8.53381,8.4752,8.53381,8.4813,8.53381,1,2,2026-12-31,27,22,1,USD,USD,16840230912,88.29,190737689
ZBRA,5.18471,4.91783,5.18769,4.91423,5.18769,0,0,2026-12-31,15,15,1,22.23966,20.71484,22.19966,20.70443,22.2279,0,0,2027-12-31,16,16,2,4.89072,4.55024,4.89677,4.5466,4.8999,0,0,2026-09-30,15,15,1,21.12142,18.55431,21.03642,18.54174,21.03934,0,0,2026-12-31,16,16,1,USD,USD,17903486976,375.86,47633392
ZTS,1.29916,1.64359,1.29916,1.63933,1.2959,13,2,2026-12-31,12,0,0,6.53144,7.39229,6.53144,7.3944,6.54458,15,1,2027-12-31,16,0,0,1.50792,1.84312,1.50792,1.84566,1.51427,13,1,2026-09-30,13,0,1,6.2064,6.87221,6.2064,6.88265,6.20935,15,1,2026-12-31,14,0,0,USD,USD,28797554688,69.69,413223602
