ticker,+1q_30daysAgo,+1q_60daysAgo,+1q_7daysAgo,+1q_90daysAgo,+1q_current,+1q_dn30,+1q_dn7,+1q_end,+1q_n,+1q_up30,+1q_up7,+1y_30daysAgo,+1y_60daysAgo,+1y_7daysAgo,+1y_90daysAgo,+1y_current,+1y_dn30,+1y_dn7,+1y_end,+1y_n,+1y_up30,+1y_up7,0q_30daysAgo,0q_60daysAgo,0q_7daysAgo,0q_90daysAgo,0q_current,0q_dn30,0q_dn7,0q_end,0q_n,0q_up30,0q_up7,0y_30daysAgo,0y_60daysAgo,0y_7daysAgo,0y_90daysAgo,0y_current,0y_dn30,0y_dn7,0y_end,0y_n,0y_up30,0y_up7,currency,eps_ccy,mcap,price,shares
A,1.50443,1.51269,1.49814,1.51699,1.50005,6,1,2027-01-31,11,4,0,6.7638,6.6108,6.75811,6.61223,6.75582,1,1,2027-10-31,22,20,1,1.72719,1.71745,1.72487,1.71678,1.72584,3,4,2026-10-31,18,10,9,6.20219,6.06094,6.20066,6.06194,6.20145,0,0,2026-10-31,21,19,19,USD,USD,47418191872,168.17,281965813
AAPL,2.9109,2.90495,2.90586,2.9496,2.91006,2,1,2026-12-31,22,1,0,9.56691,9.55399,9.57579,9.68261,9.58043,3,1,2027-09-30,40,5,0,1.97754,1.97549,1.97865,2.00825,1.9785,14,0,2026-09-30,27,7,1,8.81228,8.80411,8.82022,8.7595,8.82011,2,2,2026-09-30,39,3,1,USD,USD,4968150990848,340.42,14594180000
ABBV,3.86769,3.86559,3.86186,4.02654,3.87984,0,0,2026-12-31,17,2,1,16.27952,16.30989,16.25892,16.28621,16.27544,1,0,2027-12-31,26,1,1,3.84425,3.84439,3.84375,3.85705,3.81283,0,0,2026-09-30,18,1,1,14.00848,14.0066,14.00506,14.20532,13.99941,1,1,2026-12-31,27,0,0,USD,USD,481398128640,272.42,1767117285
ABNB,0.82207,0.81932,0.83934,0.80053,0.83575,0,0,2026-12-31,31,5,3,6.18575,6.16164,6.24489,6.05875,6.24883,0,0,2027-12-31,38,7,3,2.84374,2.83688,2.85962,2.75852,2.84522,0,0,2026-09-30,32,6,3,5.29333,5.28491,5.31342,5.09471,5.29754,0,0,2026-12-31,38,5,1,USD,USD,97739784192,163.23,419529556
ABT,1.63784,1.63754,1.63784,1.62001,1.63484,0,0,2026-12-31,22,15,1,6.06487,6.06259,6.06545,6.05608,6.06509,2,0,2027-12-31,27,3,1,1.41953,1.41931,1.41953,1.4219,1.41524,10,1,2026-09-30,23,7,1,5.51886,5.51721,5.51967,5.48257,5.51655,1,0,2026-12-31,27,5,1,USD,USD,170425450496,98.49,1730383296
ACGL,2.47419,2.47533,2.48184,2.49132,2.47061,11,1,2026-12-31,18,4,0,9.75731,9.76513,9.76831,9.83889,9.78113,9,0,2027-12-31,20,7,1,1.84354,1.84167,1.92441,1.84462,2.12172,8,1,2026-09-30,18,6,0,9.37453,9.3634,9.45603,9.29539,9.60459,2,1,2026-12-31,20,15,0,USD,USD,32785295360,96.08,341229126
ACN,3.15806,3.16017,3.14142,3.16069,3.15056,4,2,2027-02-28,21,2,0,15.74742,15.79158,15.73469,15.78777,15.90406,5,2,2027-08-31,28,3,0,3.98593,3.98793,3.98708,3.99033,3.98458,1,0,2026-08-31,21,3,1,,,,,,,,2026-08-31,,,,USD,USD,127504252928,208.36,611942109
ADBE,6.73991,6.74252,6.76066,6.73317,6.76066,12,12,2027-02-28,26,11,11,27.49816,27.48687,27.67328,27.5285,27.67328,10,10,2027-11-30,36,21,21,6.33212,6.31791,6.33138,6.31849,6.33138,5,5,2026-11-30,29,17,17,24.41209,24.4109,24.48076,24.42238,24.48076,3,3,2026-11-30,34,27,27,USD,USD,93816659968,241.05,389200000
ADI,3.79254,3.46398,3.78784,3.41423,3.78784,0,0,2027-01-31,25,21,21,16.33678,15.06237,16.34812,14.7813,16.34812,0,0,2027-10-31,30,23,23,3.84965,3.53773,3.84925,3.49182,3.84925,1,1,2026-10-31,26,21,21,12.84498,12.43447,12.89498,12.34056,12.89498,1,1,2026-10-31,29,23,23,USD,USD,196699652096,405.93,484565465
ADM,1.38439,1.35569,1.3691,1.27166,1.36996,2,1,2026-12-31,7,1,1,5.63956,5.68314,5.67012,5.37249,5.70649,1,1,2027-12-31,11,2,0,1.54058,1.31144,1.55985,1.26471,1.56674,1,1,2026-09-30,7,2,1,5.49912,5.49164,5.49998,4.59992,5.48887,0,0,2026-12-31,9,1,1,USD,USD,39737565184,82.45,481959583
ADP,2.91976,2.91976,2.91699,2.91863,2.91566,1,1,2026-12-31,15,0,0,13.39844,13.39844,13.39844,13.33536,13.40233,5,5,2028-06-30,18,7,6,2.77025,2.77025,2.76328,2.7511,2.76662,1,1,2026-09-30,15,0,0,12.25722,12.25722,12.25829,12.19697,12.26329,0,0,2027-06-30,18,1,1,USD,USD,107277189120,270.73,396251548
ADSK,3.20027,3.31416,3.1999,3.31139,3.1999,25,1,2027-01-31,28,1,0,14.18783,14.25833,14.19939,14.26438,14.19939,18,1,2028-01-31,36,16,0,3.06822,3.15003,3.06793,3.14995,3.06793,20,20,2026-10-31,28,1,1,12.59504,12.61216,12.61244,12.60775,12.61244,15,1,2027-01-31,36,17,0,USD,USD,48822403072,233.6,209000000
AEE,0.69169,0.68638,0.69169,0.68252,0.69169,2,1,2026-12-31,5,2,2,5.83427,5.8355,5.83427,5.8458,5.83512,1,1,2027-12-31,5,0,0,2.34296,2.33864,2.34296,2.40199,2.34296,2,1,2026-09-30,4,1,1,5.39756,5.38478,5.39756,5.3707,5.39549,1,1,2026-12-31,6,1,1,USD,USD,28193716224,101.84,276843251
AEP,1.44141,1.2455,1.44141,1.25837,1.44141,0,0,2026-12-31,12,1,0,6.85316,6.85472,6.85684,6.85872,6.85684,0,0,2027-12-31,19,2,0,1.90757,1.97981,1.90757,1.96663,1.90757,1,1,2026-09-30,13,7,2,6.37624,6.368,6.38203,6.35671,6.38203,0,0,2026-12-31,19,4,1,USD,USD,66590687232,122.32,544397352
AES,0.588,0.588,0.588,0.638,0.596,0,0,2026-12-31,1,0,0,2.37772,2.37772,2.3705,2.37954,2.3705,1,1,2027-12-31,10,1,1,0.7295,0.7295,0.7295,0.8095,0.929,0,0,2026-09-30,1,0,0,0.0,0.0,2.2985,2.29345,2.2985,0,1,2026-12-31,2,0,0,USD,USD,10651639808,14.93,713438630
AFL,1.70963,1.74657,1.71173,1.72415,1.72156,4,1,2026-12-31,13,3,0,7.54144,7.55378,7.55275,7.565,7.58341,5,2,2027-12-31,15,4,1,1.78845,1.82196,1.7898,1.78957,1.79372,4,1,2026-09-30,14,4,1,7.01529,7.0472,7.01493,7.04354,7.017,5,2,2026-12-31,16,3,0,USD,USD,57624399872,114.94,501343298
AIG,2.10962,2.12237,2.10962,2.13884,2.09714,9,1,2026-12-31,18,6,0,8.78651,8.82341,8.78651,8.85942,8.78928,12,0,2027-12-31,22,5,1,1.80229,1.8173,1.80229,1.8301,1.85042,9,1,2026-09-30,19,7,0,8.04543,8.00939,8.04543,8.00179,8.0686,3,0,2026-12-31,22,16,1,USD,USD,40288919552,77.05,522893169
AIZ,5.37748,5.2819,5.37748,5.48252,5.34872,4,1,2026-12-31,6,2,0,23.43346,23.0245,23.43346,22.5245,23.43346,0,0,2027-12-31,7,7,1,4.52437,4.54746,4.52437,4.45855,4.60294,3,0,2026-09-30,7,4,1,22.26528,22.18333,22.26528,21.06179,22.35814,0,0,2026-12-31,7,7,0,USD,USD,13458482176,272.86,49323767
AJG,2.81895,2.81682,2.80211,2.79292,2.79703,8,8,2026-12-31,20,4,2,14.89075,14.88514,14.86532,14.86935,14.80417,8,8,2027-12-31,23,4,3,3.06347,3.06762,3.00654,3.07469,2.9855,13,12,2026-09-30,21,1,0,13.18336,13.18573,13.1175,13.19564,13.09933,12,12,2026-12-31,23,2,0,USD,USD,59996610560,234.05,256341000
AKAM,1.81154,1.80777,1.77078,1.80367,1.77078,8,8,2026-12-31,21,5,3,7.18709,7.16883,6.84915,7.14117,6.84798,13,12,2027-12-31,23,4,2,1.68032,1.68623,1.67134,1.69809,1.67134,8,6,2026-09-30,21,1,1,6.69863,6.69482,6.63954,6.71095,6.63954,12,10,2026-12-31,24,2,1,USD,USD,14501006336,100.9,143716609
ALB,2.18715,2.21796,2.22021,3.37976,2.10361,0,0,2026-12-31,14,0,0,11.29725,11.59143,11.29725,13.01043,11.1429,11,1,2027-12-31,18,4,0,2.49904,2.45134,2.5591,3.47593,2.59029,0,0,2026-09-30,15,0,0,11.56498,11.65216,11.56498,12.45406,11.49127,12,0,2026-12-31,19,4,0,USD,USD,12048316416,102.1,118005057
ALGN,3.22846,3.22846,3.22077,3.2896,3.20571,9,12,2026-12-31,14,3,1,12.54855,12.54855,12.50527,12.37282,12.47964,4,4,2027-12-31,16,11,12,2.7922,2.7922,2.79204,2.89761,2.78332,12,13,2026-09-30,14,1,1,11.29194,11.29194,11.28962,11.3616,11.27024,10,12,2026-12-31,16,3,2,USD,USD,10018750464,141.03,71039852
ALL,9.10479,8.84335,9.18058,8.63102,9.37332,1,1,2026-12-31,19,1,1,27.60784,27.08815,27.78148,26.46108,28.0522,0,0,2027-12-31,22,3,2,6.41686,6.2408,6.43949,5.90015,6.51927,2,2,2026-09-30,20,1,1,35.2329,33.56246,35.22452,30.66536,35.37798,1,1,2026-12-31,23,1,1,USD,USD,58316632064,230.63,252857950
ALLE,2.25906,2.25947,2.25743,2.26588,2.26125,0,0,2026-12-31,10,1,1,9.77419,9.74974,9.78585,9.57007,9.78221,1,1,2027-12-31,11,0,0,2.49366,2.49389,2.5038,2.4856,2.49955,0,0,2026-09-30,10,1,1,8.95099,8.95155,8.95872,8.78976,8.95741,0,0,2026-12-31,11,1,1,USD,USD,12754667520,149.99,85036786
AMAT,4.19781,3.8556,4.19948,3.77555,4.21072,0,1,2027-01-31,24,21,18,18.45479,17.08771,18.45951,16.52792,18.47523,1,0,2027-10-31,35,3,1,4.06032,3.66942,4.06032,3.62913,4.05592,0,0,2026-10-31,25,25,0,12.79441,12.31011,12.7891,12.26283,12.78556,0,0,2026-10-31,31,1,1,USD,USD,404393459712,509.57,793597443
AMCR,0.8675,0.9,0.8675,0.0,0.855,0,0,2026-12-31,4,0,0,4.35667,4.325,4.35667,0.0,4.32667,0,0,2027-12-31,5,0,0,1.055,0.0,0.98832,0.0,0.995,0,0,2026-09-30,4,0,0,4.0375,4.1,4.0375,0.0,4.0225,0,0,2026-12-31,4,0,0,USD,USD,19346286592,41.88,461945690
AMD,2.65132,2.65274,2.65183,2.58785,2.65104,10,1,2026-12-31,40,23,0,15.32884,15.32965,15.57829,13.19926,15.72189,1,0,2027-12-31,50,3,1,1.92527,1.92529,1.92579,1.81335,1.92939,3,4,2026-09-30,40,25,22,7.56794,7.56141,7.57578,7.39229,7.5868,1,0,2026-12-31,49,4,1,USD,USD,1013244559360,620.68,1632475042
AME,2.17239,2.1635,2.18476,2.13967,2.19254,0,0,2026-12-31,18,5,1,9.52006,8.98427,9.58702,8.79134,9.53671,0,0,2027-12-31,13,5,0,2.09507,2.08896,2.10216,2.04701,2.10438,0,0,2026-09-30,18,4,1,8.33567,8.33013,8.3505,8.14333,8.3605,0,0,2026-12-31,19,4,1,USD,USD,56746745856,247.52,229261244
AMGN,5.80226,5.82134,5.80226,5.80523,5.8156,12,3,2026-12-31,27,11,0,24.39911,24.13093,24.44897,23.44589,24.47776,2,0,2027-12-31,33,5,3,5.78099,5.80412,5.78099,5.7532,5.77692,10,3,2026-09-30,27,13,0,23.04147,22.95447,23.05565,22.34765,23.05292,0,0,2026-12-31,33,2,1,USD,USD,220275097600,407.44,540632005
AMP,12.40917,12.36833,12.40917,11.466,12.43455,0,0,2026-12-31,11,9,1,51.66846,51.54462,51.66846,48.33,51.74231,1,0,2027-12-31,13,11,1,11.795,11.7825,11.795,11.013,11.78917,0,0,2026-09-30,12,9,1,46.52667,46.38923,46.52667,44.51077,46.55667,1,0,2026-12-31,12,11,1,USD,USD,44085342208,499.08,88333219
AMT,1.61158,1.61047,1.65935,1.61269,1.65935,0,0,2026-12-31,7,6,6,6.87466,6.87284,7.00103,6.87284,7.01004,4,3,2027-12-31,9,4,5,1.58062,1.57729,1.63658,1.57617,1.63658,0,0,2026-09-30,7,7,7,6.60145,6.59508,6.98352,6.59508,6.98352,0,0,2026-12-31,7,7,7,USD,USD,77689520128,166.73,465960048
AMZN,2.44328,2.44336,2.43515,2.38074,2.44288,2,1,2026-12-31,42,4,1,10.50224,10.48322,10.5028,9.98644,10.5269,0,0,2027-12-31,53,4,2,1.95471,1.954,1.94527,1.91416,1.95204,1,0,2026-09-30,45,4,1,12.89499,12.65407,12.87919,8.68583,12.89234,0,0,2026-12-31,51,3,1,USD,USD,2740370800640,254.06,10786313572
ANET,1.148,1.14817,1.14768,0.96653,1.15047,0,0,2026-12-31,25,23,23,5.16028,5.14253,5.20199,4.45434,5.21686,0,0,2027-12-31,29,1,1,1.07656,1.07752,1.07669,0.91297,1.07842,0,0,2026-09-30,26,23,23,4.11262,4.11346,4.1121,3.62724,4.11606,0,0,2026-12-31,29,0,0,USD,USD,266080583680,210.97,1261224648
AON,5.12184,5.37945,5.00298,5.38085,5.01954,11,1,2026-12-31,19,2,1,20.34069,21.34432,20.25252,21.35305,20.23459,12,2,2027-12-31,20,1,0,3.3705,3.39145,3.3328,3.41787,3.30949,9,2,2026-09-30,21,2,0,18.76761,19.06599,18.63286,19.10543,18.60328,15,2,2026-12-31,22,1,0,USD,USD,58784202752,277.12,212125434
AOS,0.96535,0.98447,0.96535,0.98673,0.96267,1,1,2026-12-31,11,0,0,4.09609,4.16223,4.09059,4.17175,4.08631,2,1,2027-12-31,12,0,0,0.89913,0.99625,0.89913,0.99631,0.89752,1,1,2026-09-30,11,0,0,3.74322,3.75636,3.74322,3.76959,3.73932,1,1,2026-12-31,12,0,0,USD,USD,7686989312,56.56,110047214
APA,1.22236,1.05006,1.44528,1.19408,1.50865,1,1,2026-12-31,22,7,1,4.26129,4.07575,4.5046,4.19934,4.65538,3,2,2027-12-31,25,7,1,1.27318,1.18139,1.37993,1.38721,1.4319,2,2,2026-09-30,23,8,1,5.91529,5.38488,6.20608,6.01361,6.30802,4,2,2026-12-31,25,8,1,USD,USD,15930483712,45.47,350351510
APD,3.47482,3.46607,3.47429,3.44005,3.47343,1,0,2026-12-31,9,6,3,14.43529,14.43814,14.43686,14.26437,14.44026,1,0,2027-09-30,22,2,2,3.61017,3.61017,3.6112,3.52008,3.61115,0,0,2026-09-30,18,17,3,13.44213,13.44119,13.45376,13.21504,13.45366,0,0,2026-09-30,22,1,1,USD,USD,61991198720,278.38,222685530
APH,0.73578,0.73533,0.7426,0.65269,0.75201,1,0,2026-12-31,16,3,1,3.23998,3.22396,3.28764,2.86785,3.33044,0,0,2027-12-31,19,5,2,0.71886,0.71837,0.72133,0.63213,0.72818,2,0,2026-09-30,16,5,1,2.65911,2.65839,2.66965,2.41578,2.6844,2,0,2026-12-31,18,7,2,USD,USD,210396282880,85.32,2465966914
APO,2.44689,2.45211,2.44689,2.47435,2.42284,7,1,2026-12-31,16,5,0,10.73575,10.71644,10.72916,10.64765,10.69593,4,0,2027-12-31,22,13,1,2.26105,2.26063,2.26105,2.31823,2.23434,9,3,2026-09-30,17,4,3,8.76688,8.79408,8.75181,8.92313,8.70272,5,1,2026-12-31,21,0,0,USD,USD,68089630720,115.3,590543159
APP,4.5249,4.5919,4.45462,4.69719,4.4374,5,2,2026-12-31,18,0,0,20.1326,20.72845,20.00319,21.08638,19.95801,6,0,2027-12-31,27,1,1,4.02918,4.04317,4.01247,4.09143,4.01247,2,0,2026-09-30,18,2,1,15.69827,15.77853,15.66192,16.0739,15.65006,5,0,2026-12-31,27,1,1,USD,USD,94103379968,280.12,305732000
APTV,1.63473,1.66608,1.62767,1.65705,1.61449,0,0,2026-12-31,15,1,1,6.51182,6.55824,6.54602,6.78629,6.51048,1,1,2027-12-31,18,0,0,1.33226,1.34303,1.32883,1.60302,1.32346,1,1,2026-09-30,16,0,0,5.72425,5.77954,5.72623,6.01353,5.71831,1,1,2026-12-31,18,0,0,USD,USD,9179468800,44.21,207633331
ARE,-0.08,-0.08,-0.08,-0.08,-0.1,1,1,2026-12-31,1,0,0,-0.88,-0.88,-0.88,-0.88,-0.81,0,0,2027-12-31,1,1,1,-0.05,-0.05,-0.05,-0.05,0.0,0,0,2026-09-30,1,1,1,1.46172,2.06212,1.46172,1.84967,1.45672,1,1,2026-12-31,6,0,0,USD,USD,7847544320,45.6,172095277
ARES,1.99968,1.99968,1.99304,1.96201,1.97696,1,1,2026-12-31,14,0,0,7.19193,7.18626,7.19056,7.30897,7.14065,1,1,2027-12-31,17,2,1,1.30334,1.30334,1.29616,1.43664,1.27987,1,1,2026-09-30,15,0,0,5.85105,5.84992,5.83786,5.91318,5.80081,2,2,2026-12-31,17,1,0,USD,USD,38572269568,116.26,223957742
ATO,2.63194,2.64162,2.63194,2.62472,2.62694,1,1,2026-12-31,6,0,0,9.01774,9.01962,9.02064,8.99099,9.03064,0,0,2027-09-30,13,2,1,1.16665,1.24257,1.15776,1.18193,1.14609,1,1,2026-09-30,6,0,0,8.46368,8.474,8.46088,8.42884,8.4583,2,1,2026-09-30,12,0,0,USD,USD,27149703168,160.66,168988553
AVGO,4.13523,4.12974,4.07566,4.12187,4.07938,19,21,2027-01-31,35,8,7,19.56806,19.55845,19.3807,19.4616,19.39382,27,1,2027-10-31,48,12,0,3.88103,3.87377,3.82526,3.86088,3.82763,24,1,2026-10-31,40,9,0,11.62899,11.62543,11.65601,11.6237,11.65755,14,0,2026-10-31,48,23,1,USD,USD,1719175217152,360.14,4773629865
AVY,2.4893,2.4893,2.4893,2.58137,2.4917,9,9,2026-12-31,10,1,1,11.18624,11.18624,11.18624,11.11117,11.18564,1,1,2027-12-31,11,7,7,2.33004,2.33004,2.33004,2.50594,2.32528,10,10,2026-09-30,10,0,0,10.17247,10.17247,10.1861,10.0332,10.18308,0,0,2026-12-31,11,1,1,USD,USD,12703608832,167.62,75788142
AWK,1.41391,1.41606,1.41462,1.40032,1.4135,1,0,2026-12-31,5,0,1,6.5658,6.5658,6.56585,6.5588,6.56585,0,0,2027-12-31,10,1,1,2.07817,2.07134,2.07853,2.08917,2.07005,0,0,2026-09-30,5,1,1,6.08427,6.08427,6.08475,6.0817,6.08475,0,0,2026-12-31,11,1,1,USD,USD,25473081344,128.18,198728989
AXON,2.27991,2.27737,2.28047,2.27062,2.27491,0,0,2026-12-31,18,1,1,10.55937,10.51633,10.55187,10.57336,10.54387,1,1,2027-12-31,20,1,0,1.96133,2.03257,1.96074,2.01789,1.9478,1,1,2026-09-30,17,0,0,7.71309,7.72394,7.66959,7.68883,7.65309,5,6,2026-12-31,20,11,10,USD,USD,33901185024,417.31,81237415
AXP,4.28788,4.28744,4.28595,4.35618,4.30308,2,2,2026-12-31,23,0,0,20.10854,20.1089,20.14671,20.15313,20.14585,1,0,2027-12-31,28,1,1,4.58671,4.58265,4.57689,4.68985,4.59858,0,0,2026-09-30,24,2,2,17.6721,17.67638,17.68011,17.71353,17.71354,1,1,2026-12-31,28,1,1,USD,USD,208062955520,308.1,675309833
AZO,32.26647,32.31447,31.63232,32.42214,31.72434,10,8,2027-02-28,20,4,5,195.55737,195.787,190.42522,195.92168,190.88808,10,10,2028-08-31,23,4,4,38.08905,38.09772,35.28422,38.14492,35.37613,12,11,2026-11-30,20,2,2,174.98048,175.27728,169.22855,175.55441,169.6802,20,20,2027-08-31,24,2,2,USD,USD,47072165888,2910.54,16173000
BA,0.01311,0.01311,0.0178,0.08023,0.01472,1,0,2026-12-31,19,1,1,4.12084,4.13402,4.11294,4.16109,3.98809,1,0,2027-12-31,20,0,0,-0.144,-0.1425,-0.15865,-0.09108,-0.18024,1,1,2026-09-30,20,0,0,-1.07518,-1.07685,-1.08367,-0.38562,-1.10552,1,0,2026-12-31,21,1,1,USD,USD,148391968768,187.75,790370020
BAC,1.15958,1.1602,1.14708,1.13648,1.14338,4,2,2026-12-31,17,0,0,5.28888,5.29151,5.26047,5.09416,5.21697,6,3,2027-12-31,20,0,0,1.19373,1.19623,1.1571,1.14239,1.10943,5,2,2026-09-30,18,0,0,4.67709,4.67973,4.62639,4.51235,4.57818,6,3,2026-12-31,20,0,0,USD,USD,374881255424,53.61,6992748365
BALL,0.9891,0.9891,0.9891,1.01347,0.98505,11,10,2026-12-31,14,1,3,4.52277,4.52277,4.52277,4.52035,4.52255,3,5,2027-12-31,15,6,5,1.06289,1.06289,1.06289,1.07033,1.06657,6,5,2026-09-30,14,5,5,4.02452,4.02452,4.02452,3.99868,4.02356,2,2,2026-12-31,15,11,8,USD,USD,15450734592,58.37,264703357
BAX,0.61269,0.61204,0.61269,0.65551,0.61089,8,0,2026-12-31,12,1,1,2.0364,2.06166,2.0364,2.01002,2.03958,1,1,2027-12-31,14,11,1,0.5189,0.5179,0.5189,0.53191,0.51808,7,0,2026-09-30,12,2,1,2.04697,2.04524,2.04697,1.91624,2.04533,0,1,2026-12-31,14,12,0,USD,USD,12356204544,23.9,516995999
BBY,2.55371,2.54524,2.59112,2.54524,2.59112,2,5,2027-01-31,20,13,12,7.21104,7.0504,7.21321,7.0717,7.21321,0,0,2028-01-31,23,20,2,1.3909,1.39412,1.48884,1.39412,1.49034,1,0,2026-10-31,20,17,1,6.83197,6.55678,6.83188,6.55133,6.83188,0,0,2027-01-31,22,20,1,USD,USD,18539929600,88.4,209727698
BDX,2.72851,2.72628,2.72851,2.80065,2.73766,7,1,2026-12-31,10,0,1,13.29249,13.30726,13.29249,13.39348,13.30239,9,1,2027-09-30,15,1,1,4.06528,4.06363,4.06528,4.07548,4.06754,7,7,2026-09-30,13,3,4,12.62289,12.61662,12.62289,12.54451,12.62803,0,0,2026-09-30,15,11,12,USD,USD,49778692096,182.75,272386800
BE,0.8349,0.83303,0.8349,0.76448,0.8339,4,0,2026-12-31,17,13,1,4.92013,4.89574,4.92871,4.40301,4.9421,1,0,2027-12-31,28,2,1,0.6657,0.66765,0.66511,0.51693,0.6677,2,1,2026-09-30,17,0,0,2.7062,2.72011,2.70582,2.1568,2.70689,3,1,2026-12-31,26,0,0,USD,USD,80352960512,272.82,294527346
BEN,0.74443,0.74443,0.74871,0.7366,0.74336,0,0,2026-12-31,8,1,1,3.16525,3.14837,3.18932,3.06479,3.17513,0,0,2027-09-30,12,3,1,0.76772,0.76772,0.76934,0.74473,0.77156,0,0,2026-09-30,9,0,0,2.88973,2.87764,2.89433,2.79185,2.89615,0,0,2026-09-30,11,1,0,USD,USD,16461691904,32.4,508076910
BF-B,0.51946,0.51949,0.51312,0.51478,0.51312,6,4,2027-01-31,14,3,3,1.71385,1.70209,1.71385,1.71223,1.71385,5,4,2028-04-30,17,6,6,0.46148,0.4622,0.46389,0.46221,0.46389,6,5,2026-10-31,14,4,4,1.69319,1.68148,1.69319,1.70108,1.69319,5,3,2027-04-30,18,6,7,USD,USD,12178257920,26.54,290383416
BG,3.34381,3.29677,3.31206,3.10553,3.31763,1,1,2026-12-31,7,0,0,11.34127,11.26159,11.26202,11.13799,11.23912,1,1,2027-12-31,7,0,0,2.47201,2.47705,2.48039,2.57501,2.41393,0,0,2026-09-30,7,1,1,9.63786,9.59182,9.61494,9.43613,9.55417,1,1,2026-12-31,7,0,0,USD,USD,20714283008,107.82,192119123
BIIB,3.27009,3.26028,3.27009,3.57139,3.2724,1,0,2026-12-31,26,1,0,16.54371,16.59044,16.53585,16.6125,16.5207,0,0,2027-12-31,33,2,0,2.02908,2.09911,2.02908,3.62815,2.021,20,1,2026-09-30,26,1,0,12.61041,12.45155,12.53828,13.05825,12.53404,0,1,2026-12-31,33,0,0,USD,USD,32273905664,218.43,147753998
BKNG,2.30958,2.30876,2.30881,2.32554,2.30458,0,0,2026-12-31,26,1,1,12.37711,12.37639,12.36832,12.30788,12.37827,2,1,2027-12-31,32,0,0,4.49214,4.49143,4.48791,4.54798,4.48906,1,0,2026-09-30,26,1,1,10.44865,10.44798,10.44835,10.44033,10.45361,1,0,2026-12-31,32,1,1,USD,USD,120198332416,159.97,751380500
BKR,0.70751,0.70751,0.70989,0.66395,0.70062,2,2,2026-12-31,14,0,0,3.16079,3.16352,3.02606,2.85972,2.95512,3,2,2027-12-31,17,2,2,0.63149,0.63578,0.61899,0.56553,0.61906,3,2,2026-09-30,14,2,2,2.64059,2.63459,2.59394,2.32066,2.58254,2,2,2026-12-31,17,3,2,USD,USD,55887548416,56.3,992674071
BLK,15.43009,15.3587,15.41009,14.89649,15.34758,1,1,2026-12-31,12,0,0,64.28437,64.11224,64.28669,61.6667,64.11883,3,1,2027-12-31,18,1,0,14.30317,14.27767,14.24677,13.93396,14.29206,2,1,2026-09-30,15,0,0,56.28456,56.2339,56.25654,53.91857,56.08345,1,1,2026-12-31,18,2,0,USD,USD,173094010880,1065.35,154869259
BMY,1.59353,1.58904,1.59575,1.53132,1.59308,0,0,2026-12-31,21,0,0,6.55796,6.55007,6.56484,6.19485,6.61302,1,1,2027-12-31,27,1,1,1.73265,1.73379,1.72967,1.60556,1.61232,0,0,2026-09-30,21,0,0,6.94908,6.94672,6.94853,6.31724,6.85554,0,0,2026-12-31,27,1,1,USD,USD,121704939520,59.58,2042714656
BNY,2.28905,2.28905,2.28905,2.28513,2.32801,2,2,2026-12-31,8,1,1,10.24581,10.24581,10.25042,9.87451,10.29874,1,1,2027-12-31,13,1,1,2.25094,2.25094,2.25994,2.21279,2.26976,1,1,2026-09-30,11,2,2,9.25034,9.25034,9.25867,8.9817,9.29039,1,1,2026-12-31,12,2,2,USD,USD,97439981568,143.61,678504142
BR,1.78056,1.79305,1.78056,1.74833,1.78056,2,2,2026-12-31,8,4,3,11.57582,11.5783,11.57582,11.44766,11.57471,3,1,2028-06-30,9,4,0,1.36894,1.37153,1.36894,1.52167,1.36894,6,5,2026-09-30,8,0,0,10.54859,10.55121,10.54859,10.41515,10.54859,3,1,2027-06-30,9,5,0,USD,USD,18652215296,165.21,112900032
BRK-B,4.83055,4.81555,4.8481,4.81555,5.15144,1,1,2026-12-31,2,1,1,22.19254,21.57153,22.19254,21.47365,21.6444,0,0,2027-12-31,4,3,2,5.31866,5.29866,5.34972,5.29866,5.78187,0,0,2026-09-30,2,2,2,22.25303,20.89024,22.25303,20.75045,21.46727,0,0,2026-12-31,4,3,0,USD,USD,1094009683968,511.05,1408035161
BRO,0.93617,0.93617,0.93564,0.92244,0.94044,6,6,2026-12-31,19,7,7,4.82516,4.82252,4.82556,4.84748,4.8265,5,0,2027-12-31,20,3,1,1.08586,1.08586,1.085,1.07692,1.0867,4,3,2026-09-30,19,8,9,4.48234,4.48234,4.48118,4.48469,4.48225,10,0,2026-12-31,20,5,1,USD,USD,21331410944,63.75,334610357
BSX,0.83692,0.83692,0.83771,0.89227,0.83539,4,1,2026-12-31,21,1,0,3.43293,3.43849,3.41257,3.71097,3.38218,8,3,2027-12-31,26,0,0,0.80533,0.80533,0.76549,0.83578,0.75377,8,3,2026-09-30,23,0,0,3.30364,3.30364,3.26933,3.35958,3.25661,8,3,2026-12-31,26,0,0,USD,USD,60925612032,42.04,1449229526
BX,1.7633,1.76393,1.7633,1.73223,1.75471,4,1,2026-12-31,18,7,0,7.49055,7.48803,7.46578,7.49662,7.42042,7,0,2027-12-31,24,10,1,1.36116,1.36617,1.36116,1.45766,1.3163,11,1,2026-09-30,19,1,0,6.01888,6.0234,6.01007,5.92413,5.96189,3,1,2026-12-31,23,15,0,USD,USD,134686154752,112.68,750625114
BXP,0.60312,0.0,0.60312,0.54103,0.59272,0,0,2026-12-31,2,2,0,2.22282,2.09196,2.22282,2.04946,2.18075,0,0,2027-12-31,4,3,1,0.54158,0.47196,0.54158,0.49921,0.54248,1,1,2026-09-30,2,1,0,2.09673,1.939,2.09673,2.01165,2.0872,0,0,2026-12-31,2,1,0,USD,USD,10729649152,59.32,159661556
C,2.30738,2.30738,2.30557,2.46135,2.32956,0,0,2026-12-31,8,1,1,12.88329,12.88329,12.89617,12.62167,12.95007,1,1,2027-12-31,12,1,1,2.65568,2.65568,2.63364,2.68858,2.62405,1,1,2026-09-30,8,0,0,11.18105,11.18105,11.17661,10.90775,11.21453,1,1,2026-12-31,8,0,0,USD,USD,214846111744,128.08,1677436783
CAH,3.1148,2.98601,3.1217,2.98581,3.12229,0,1,2026-12-31,14,7,2,14.07674,13.59122,14.05805,13.51498,14.05687,1,1,2028-06-30,17,12,4,2.93687,2.89618,2.93985,2.89836,2.94272,3,3,2026-09-30,14,4,0,12.5666,12.07672,12.56626,12.01711,12.56449,0,0,2027-06-30,17,16,1,USD,USD,55333421056,238.96,231559345
CARR,0.7089,0.7014,0.70978,0.56836,0.71028,0,0,2026-12-31,20,2,1,3.30841,3.30591,3.29751,3.20209,3.29671,1,1,2027-12-31,25,2,1,0.77009,0.77609,0.7669,0.85938,0.76642,2,1,2026-09-30,21,1,1,2.88548,2.88919,2.88135,2.79917,2.88175,2,2,2026-12-31,25,2,1,USD,USD,46022070272,55.83,824325057
CASY,4.05356,4.08327,3.97662,4.07415,3.97662,11,0,2027-01-31,17,5,0,23.57941,23.56966,23.40941,23.46964,23.38827,7,1,2028-04-30,17,7,1,6.32088,6.32763,5.84484,6.30547,5.84484,15,0,2026-10-31,17,1,0,21.41183,21.34777,21.32504,21.31429,21.32504,4,0,2027-04-30,17,12,2,USD,USD,23738777600,642.28,36960167
CAT,6.91633,6.89961,6.91633,6.72318,6.9177,3,1,2026-12-31,21,15,0,32.37734,31.96753,32.37734,30.43809,32.41743,0,0,2027-12-31,27,26,2,6.91717,6.89437,6.91717,6.46861,6.93288,2,0,2026-09-30,21,16,1,27.18657,26.85022,27.18657,24.80618,27.19997,0,1,2026-12-31,27,24,0,USD,USD,365983956992,796.18,459674889
CB,7.20494,7.20494,7.20565,7.22089,7.21943,11,0,2026-12-31,20,7,1,29.10944,29.10528,29.17361,29.22602,29.23396,13,0,2027-12-31,24,7,1,6.34247,6.32656,6.4311,6.26669,6.65265,5,0,2026-09-30,21,16,1,27.72066,27.69626,27.80746,27.12555,28.00075,0,0,2026-12-31,25,24,2,USD,USD,132630282240,343.78,385799859
CBOE,3.4796,3.50321,3.4796,3.39137,3.45009,2,2,2026-12-31,12,0,0,15.23557,15.24862,15.223,14.87322,15.19402,2,0,2027-12-31,14,1,0,3.43876,3.46643,3.43876,3.34712,3.43689,2,1,2026-09-30,12,0,0,14.157,14.22519,14.11087,13.8532,14.14329,2,0,2026-12-31,14,0,0,USD,USD,30711072768,294.08,104431019
CBRE,2.71073,2.7027,2.71073,2.78945,2.71073,9,0,2026-12-31,11,2,0,9.09536,9.05683,9.09536,8.85641,9.09036,2,0,2027-12-31,12,9,1,1.95421,1.89762,1.95421,1.84807,1.95512,3,0,2026-09-30,11,8,0,7.81404,7.77531,7.81404,7.67309,7.82404,1,0,2026-12-31,13,10,1,USD,USD,37957529600,131.08,289575298
CCI,0.69272,0.69715,0.69272,0.7127,0.69301,4,1,2026-12-31,7,0,0,2.88738,2.9065,2.88738,2.95459,2.89994,4,1,2027-12-31,9,3,0,0.67984,0.68484,0.67984,0.69776,0.67955,4,1,2026-09-30,7,2,0,2.48202,2.28502,2.48202,2.39126,2.48236,0,0,2026-12-31,3,3,1,USD,USD,30104930304,68.89,437000000
CCL,0.2,0.2,0.1143,0.193,0.1113,6,2,2026-11-30,21,0,0,2.63263,2.63782,2.56304,2.63246,2.56098,11,4,2027-11-30,27,1,1,1.34523,1.34523,1.35267,1.34798,1.3508,3,3,2026-11-30,21,6,0,2.24189,2.24382,2.25631,2.24391,2.2583,12,4,2026-11-30,26,1,0,USD,USD,35134664704,26.13,1344610129
CDNS,2.01865,2.01865,2.02087,2.00319,2.02606,6,7,2026-12-31,18,10,10,9.54363,9.53712,9.55762,9.39978,9.5677,1,1,2027-12-31,25,0,0,2.04514,2.04514,2.04569,1.93084,2.04597,1,2,2026-09-30,18,16,16,4.80568,4.80115,4.80568,4.49978,4.81101,0,0,2026-12-31,13,10,11,USD,USD,96068091904,348.84,275393000
CDW,2.82028,2.82098,2.82158,2.77206,2.81473,0,0,2026-12-31,10,0,1,12.04753,11.93743,12.01523,11.74457,12.03661,0,1,2027-12-31,10,1,0,2.95377,2.9323,2.95887,2.89368,2.97684,0,0,2026-09-30,10,0,1,10.95264,10.92964,10.95884,10.74005,10.96992,0,0,2026-12-31,10,1,1,USD,USD,17487437824,139.88,125017426
CEG,3.1193,2.92942,3.1233,2.7964,3.1233,0,0,2026-12-31,10,2,1,13.34165,13.32238,13.32016,13.58303,13.32016,0,0,2027-12-31,18,2,2,3.74379,3.6835,3.75279,3.78017,3.75279,1,0,2026-09-30,10,1,1,12.144,11.86583,12.144,11.75707,12.144,0,0,2026-12-31,18,2,1,USD,USD,101002412032,285.07,354307379
CF,3.58556,4.0332,3.58556,3.96752,3.58763,3,3,2026-12-31,7,2,2,10.65518,10.33581,10.86568,11.04297,11.17919,0,0,2027-12-31,11,0,0,3.01236,4.097,3.01236,4.43814,3.01917,4,4,2026-09-30,7,1,1,15.06302,16.80603,15.06302,17.61285,15.30842,0,0,2026-12-31,10,0,0,USD,USD,17188984832,113.58,151338130
CFG,1.48897,1.48433,1.48308,1.4697,1.48391,0,1,2026-12-31,16,1,1,6.52857,6.51428,6.52751,6.44092,6.51682,0,0,2027-12-31,17,4,2,1.40442,1.40192,1.39068,1.38165,1.3859,5,4,2026-09-30,16,0,0,5.30312,5.30312,5.28882,5.21197,5.28751,2,1,2026-12-31,17,1,1,USD,USD,26993219584,64.09,421176788
CHD,1.03463,1.03372,1.0313,0.9778,1.03263,0,0,2026-12-31,15,4,10,4.0397,4.04022,4.03525,4.08968,4.03581,4,0,2027-12-31,18,5,0,0.89981,0.89919,0.89847,0.93509,0.89981,4,10,2026-09-30,15,0,0,3.77449,3.77855,3.77115,3.7571,3.77282,0,1,2026-12-31,18,6,0,USD,USD,23181938688,97.73,237203907
CHRW,1.60028,1.6029,1.59484,1.59844,1.61456,1,1,2026-12-31,23,0,0,7.49922,7.49162,7.50334,7.37687,7.48279,0,0,2027-12-31,24,1,1,1.69592,1.69618,1.70065,1.70549,1.73621,12,10,2026-09-30,24,9,9,6.24327,6.22207,6.24516,6.1393,6.284,3,0,2026-12-31,25,19,1,USD,USD,16487091200,141.34,116648446
CHTR,11.76241,11.76241,11.2245,11.95873,11.2245,2,1,2026-12-31,4,0,0,45.26115,45.26115,43.488,44.66944,43.488,2,1,2027-12-31,4,0,0,10.01555,10.01555,8.9358,10.14147,8.9358,2,1,2026-09-30,5,0,0,41.91909,41.91909,39.5798,41.48743,39.5798,1,1,2026-12-31,5,1,0,USD,USD,14252449792,109.67,114457596
CI,7.42421,7.4177,7.42356,7.39015,7.42356,1,1,2026-12-31,22,0,0,33.48949,33.47379,33.42321,33.48287,33.48462,2,1,2027-12-31,24,2,0,7.49416,7.50204,7.49488,7.61679,7.50641,0,0,2026-09-30,23,1,1,30.50562,30.50732,30.5089,30.40529,30.51015,0,0,2026-12-31,24,0,0,USD,USD,74259505152,281.03,264240486
CIEN,2.00152,1.99352,2.36479,1.99352,2.35847,0,0,2027-01-31,15,13,2,8.08372,8.00997,9.75956,7.96872,10.23522,0,0,2027-10-31,7,7,2,1.37291,1.37291,1.61699,1.37291,1.61699,0,0,2026-10-31,5,5,5,6.55345,6.53977,7.1665,6.53977,7.16563,0,0,2026-10-31,19,18,0,USD,USD,60400504832,425.93,141808525
CINF,2.92884,2.93364,2.92884,2.95949,2.93019,4,1,2026-12-31,7,3,0,9.03122,9.09997,9.03122,9.18298,9.05963,6,2,2027-12-31,8,1,0,1.89041,1.90381,1.89041,1.88758,1.99704,2,1,2026-09-30,8,3,0,8.44114,8.58489,8.44114,8.76736,8.50382,8,2,2026-12-31,8,0,0,USD,USD,25362247680,165.25,153478045
CL,0.96789,0.96789,0.96613,0.95611,0.96377,5,5,2026-12-31,17,10,10,4.10802,4.10002,4.10052,4.04277,4.09802,1,1,2027-12-31,20,0,0,0.92963,0.92963,0.92963,0.92216,0.92904,6,5,2026-09-30,17,8,9,3.87527,3.87377,3.87327,3.81262,3.87027,1,0,2026-12-31,20,18,1,USD,USD,70230925312,88.1,797172829
CLX,1.36944,1.36944,1.3621,1.41251,1.34144,1,1,2026-12-31,15,1,1,6.28836,6.36318,6.26059,6.72173,6.20947,2,1,2028-06-30,18,0,0,1.11008,1.11008,1.11075,1.26415,1.08875,1,1,2026-09-30,15,1,1,5.80668,5.82216,5.79089,6.21055,5.74668,1,1,2027-06-30,19,0,0,USD,USD,10090483712,83.44,120931005
CMCSA,0.70004,0.70004,0.6709,0.72147,0.67272,9,3,2026-12-31,17,1,0,3.62223,3.62223,3.58303,3.70769,3.58526,9,2,2027-12-31,21,3,1,1.00292,1.00292,0.98613,1.02371,0.98563,9,2,2026-09-30,20,1,0,3.51572,3.51572,3.48149,3.48987,3.48149,10,3,2026-12-31,23,1,0,USD,USD,75266580480,21.21,3539192198
CME,2.96051,2.97296,2.96051,2.95488,2.95905,3,2,2026-12-31,14,0,1,12.91347,12.93033,12.92641,12.90066,12.96594,2,0,2027-12-31,16,2,1,2.93568,2.94004,2.93568,2.9626,2.9578,2,1,2026-09-30,14,1,2,12.25357,12.26536,12.25063,12.24495,12.28965,3,1,2026-12-31,16,1,0,USD,USD,99402096640,276.44,359576125
CMG,0.28472,0.28423,0.28379,0.27811,0.28379,0,0,2026-12-31,32,2,1,1.36969,1.36838,1.3713,1.35533,1.36869,0,0,2027-12-31,34,5,3,0.29048,0.29017,0.29048,0.2896,0.29048,1,0,2026-09-30,32,3,1,1.14948,1.14951,1.14963,1.13523,1.14963,1,0,2026-12-31,34,3,2,USD,USD,41353859072,32.68,1265418000
CMI,8.54179,8.55076,8.57148,7.91648,8.55501,0,0,2026-12-31,9,1,1,33.73172,33.78117,33.73338,32.29708,34.22257,0,0,2027-12-31,13,1,1,8.4004,8.43044,8.41146,7.75443,8.40788,0,0,2026-09-30,9,1,1,28.56962,28.96051,28.59789,28.3614,28.58399,0,0,2026-12-31,13,1,1,USD,USD,71640596480,520.4,137664487
CMS,1.24325,1.25509,1.25125,0.91981,1.25125,2,1,2026-12-31,10,2,1,4.15683,4.15561,4.1555,4.17365,4.1555,3,1,2027-12-31,15,0,0,1.13697,1.12489,1.12397,1.06053,1.12397,1,1,2026-09-30,10,1,0,3.87168,3.87235,3.87096,3.88431,3.87096,1,1,2026-12-31,14,1,0,USD,USD,20489129984,65.34,313577136
CNC,-1.08992,-1.08992,-1.09203,-0.97921,-1.09203,1,1,2026-12-31,19,0,0,5.31252,5.24641,5.34776,4.47513,5.34776,1,0,2027-12-31,21,1,1,0.09773,0.09773,0.09721,0.0518,0.09721,1,1,2026-09-30,19,0,0,4.88635,4.88564,4.88462,3.50808,4.88462,0,0,2026-12-31,21,0,0,USD,USD,31882438656,64.54,493995000
CNP,0.46081,0.45604,0.46263,0.48284,0.46456,1,0,2026-12-31,11,1,1,2.0867,2.08896,2.0874,2.08406,2.08747,2,1,2027-12-31,19,6,0,0.49306,0.50347,0.49124,0.49281,0.48884,1,1,2026-09-30,11,1,0,1.91192,1.9119,1.91077,1.90978,1.91049,1,1,2026-12-31,19,3,0,USD,USD,25308030976,38.42,658720288
COF,4.7713,4.76635,4.78345,4.8632,4.79043,1,1,2026-12-31,14,1,0,24.01402,24.05119,23.83677,24.22533,23.84097,2,1,2027-12-31,20,0,0,5.33248,5.33758,5.41942,5.47795,5.46464,1,0,2026-09-30,16,1,1,20.39969,20.3998,20.24352,19.68049,20.34926,1,0,2026-12-31,20,1,1,USD,USD,122328875008,199.4,613484836
COHR,2.18767,1.96142,2.1921,1.95075,2.1965,1,1,2026-12-31,20,15,15,13.94894,13.21437,13.95531,12.51568,14.04555,0,0,2028-06-30,20,10,10,1.95594,1.77156,1.95875,1.76592,1.96331,0,0,2026-09-30,20,17,17,9.41471,8.29253,9.41634,8.17378,9.42042,1,0,2027-06-30,23,19,1,USD,USD,59209879552,302.35,195832246
COIN,0.20226,0.19393,0.10239,0.83517,0.1422,1,1,2026-12-31,18,2,0,2.7379,3.03558,2.83521,4.54017,3.04983,2,0,2027-12-31,27,6,1,-0.14477,-0.15299,-0.22093,0.51502,-0.1601,1,1,2026-09-30,18,2,0,-1.96974,-1.98697,-2.0264,0.62399,-1.81836,1,1,2026-12-31,23,2,0,USD,USD,45379952640,172.0,222803032
COO,1.16578,1.16578,1.096,1.16417,1.1034,5,5,2027-01-31,10,1,1,4.99558,4.99625,4.69375,4.99658,4.69251,16,16,2027-10-31,17,0,0,1.19459,1.19482,1.06734,1.19489,1.06807,14,14,2026-10-31,16,0,0,4.6265,4.6275,4.52963,4.62795,4.53036,16,16,2026-10-31,17,0,0,USD,USD,10325432320,54.3,190155294
COP,2.59551,2.52172,2.70885,2.30447,3.00681,0,0,2026-12-31,24,4,1,9.45889,9.15757,9.66093,8.90033,10.05347,0,0,2027-12-31,26,5,1,2.60369,2.60063,2.64464,2.42543,2.84037,0,0,2026-09-30,24,4,1,10.39636,10.07779,10.58611,9.45371,10.91081,0,0,2026-12-31,26,5,1,USD,USD,161207484416,134.19,1201337479
COR,4.60786,4.53934,4.59501,4.50289,4.60188,2,1,2026-12-31,8,1,0,19.80668,19.83807,19.82611,19.79376,19.80166,5,1,2027-09-30,9,3,0,4.5624,4.58376,4.56859,4.60848,4.57235,8,3,2026-09-30,11,1,0,17.87335,17.84738,17.87761,17.77133,17.87761,0,0,2026-09-30,14,10,3,USD,USD,61322309632,321.35,190827165
COST,5.08338,5.10325,5.11667,5.09923,5.11868,6,6,2027-02-28,22,9,8,24.90843,24.9595,24.95921,24.90189,25.0609,5,3,2028-08-31,28,9,10,4.85385,4.86506,4.90189,4.85969,4.90515,3,3,2026-11-30,22,12,11,22.67209,22.70401,22.78399,22.67551,22.78223,7,4,2027-08-31,32,15,13,USD,USD,420051156992,947.92,443129349
CPAY,7.41147,7.38653,7.41147,7.38587,7.42557,7,5,2026-12-31,15,7,9,31.44802,31.23668,31.44802,30.60604,31.50927,2,2,2027-12-31,16,13,13,7.18785,7.16109,7.18785,7.02963,7.19785,3,3,2026-09-30,16,12,12,27.39286,27.31557,27.39286,26.77423,27.4141,0,0,2026-12-31,16,14,14,USD,USD,26400411648,402.08,65659599
CPRT,0.38743,0.39071,0.37454,0.39214,0.37454,5,5,2027-01-31,8,0,0,1.83143,1.85132,1.75062,1.85132,1.75062,2,3,2028-07-31,8,1,1,0.40386,0.40914,0.39723,0.41057,0.39723,4,5,2026-10-31,8,1,1,1.67945,1.68293,1.62139,1.68293,1.62139,9,10,2027-07-31,10,1,0,USD,USD,25455560704,27.48,926330452
CPT,0.21,0.2975,0.21,0.2975,0.21,1,1,2026-12-31,1,0,0,1.09,0.785,1.09,0.785,1.09,1,1,2027-12-31,1,0,0,0.26733,0.43162,0.42777,0.33416,0.42777,1,0,2026-09-30,6,0,0,2.29518,2.29518,2.29518,2.27669,2.29518,1,0,2026-12-31,1,0,0,USD,USD,11198284800,96.76,115732578
CRH,1.66143,1.592,1.65571,1.604,1.595,2,2,2026-12-31,6,3,3,6.59584,6.65558,6.46452,6.7772,6.41664,6,2,2027-12-31,16,1,1,2.22571,2.258,2.22571,2.402,2.09833,5,5,2026-09-30,6,0,0,5.84987,5.89105,5.74938,5.95571,5.68929,0,0,2026-12-31,14,1,1,USD,USD,54473490432,81.88,665284511
CRL,3.3141,3.30275,3.32319,3.2356,3.32076,1,1,2026-12-31,13,2,2,12.68598,12.66092,12.73694,12.31454,12.77576,2,2,2027-12-31,17,5,4,2.95183,2.95142,2.96447,3.05004,2.96721,0,0,2026-09-30,13,4,4,11.31818,11.28526,11.3487,11.10157,11.364,1,0,2026-12-31,17,4,3,USD,USD,14353982464,298.0,48167730
CRM,3.54482,3.63633,3.5562,3.63585,3.5562,32,1,2027-01-31,41,6,2,15.91451,15.51229,16.00674,15.51387,16.0207,9,2,2028-01-31,53,38,3,3.42811,3.36353,3.4463,3.36305,3.4463,5,0,2026-10-31,42,35,3,16.43587,14.13332,16.75532,14.12753,16.75426,0,0,2027-01-31,52,48,3,USD,USD,187479408640,227.8,823000000
CRWD,0.35636,0.35311,0.35664,0.35323,0.35664,11,0,2027-01-31,45,25,0,1.6045,1.62737,1.60591,1.62768,1.60591,4,0,2028-01-31,53,42,1,0.31112,0.31017,0.31101,0.3104,0.31101,11,0,2026-10-31,45,16,0,1.25621,1.28061,1.25609,1.27792,1.25609,1,1,2027-01-31,51,48,0,USD,USD,269305118720,263.01,1023934842
CSCO,1.23203,1.17546,1.23021,1.17435,1.22973,2,1,2027-01-31,23,0,0,5.60226,5.28038,5.62188,5.24655,5.62092,0,0,2028-07-31,27,2,2,1.32228,1.14745,1.32184,1.14693,1.32432,0,0,2026-10-31,24,18,1,5.14455,4.78315,5.1466,4.76427,5.14597,0,0,2027-07-31,28,22,22,USD,USD,452963794944,114.89,3942586873
CSGP,0.47,0.4863,0.47359,0.47279,0.47359,0,0,2026-12-31,3,2,1,1.7775,1.72529,1.77373,1.7956,1.77716,13,0,2027-12-31,4,4,3,0.3425,0.336,0.34125,0.37471,0.34156,0,0,2026-09-30,4,3,1,1.3625,1.35753,1.3615,1.35845,1.35437,0,0,2026-12-31,4,4,1,USD,USD,12078940160,29.81,405197588
CSX,0.49728,0.49728,0.50184,0.48599,0.50054,0,0,2026-12-31,12,1,1,2.27233,2.27233,2.28029,2.21496,2.27633,0,0,2027-12-31,15,1,1,0.53833,0.53833,0.53607,0.51382,0.53146,1,1,2026-09-30,14,0,0,2.00625,2.00625,2.0078,1.93491,1.9982,1,1,2026-12-31,15,0,0,USD,USD,87696162816,47.34,1852474917
CTAS,1.35984,1.3621,1.345,1.37045,1.34413,8,9,2027-02-28,14,2,2,6.11397,6.09765,6.1573,6.04974,6.16096,1,1,2028-05-31,18,12,12,1.35091,1.35316,1.36158,1.36086,1.36287,2,2,2026-11-30,14,5,6,5.49769,5.49119,5.53639,5.43708,5.54025,0,1,2027-05-31,18,14,13,USD,USD,80350855168,201.12,399517000
CTSH,1.5161,1.5161,1.52312,1.46663,1.52494,1,0,2026-12-31,22,2,2,6.32016,6.31409,6.33185,6.18297,6.33896,1,0,2027-12-31,27,3,1,1.46446,1.46446,1.46582,1.46491,1.46383,1,1,2026-09-30,23,1,1,5.73656,5.73621,5.74315,5.70951,5.75512,1,0,2026-12-31,27,2,1,USD,USD,27031156736,60.01,450444209
CTVA,0.0,0.0,0.0,0.0,0.25898,0,0,2026-12-31,2,0,0,0.0,0.0,0.0,0.0,1.14452,0,0,2027-12-31,5,0,0,0.0,0.0,0.0,0.0,0.09779,0,0,2026-09-30,3,0,0,0.0,0.0,0.0,0.0,1.12155,0,0,2026-12-31,5,0,0,USD,USD,9173945344,13.75,667196000
CVNA,0.37362,0.37162,0.37147,0.40011,0.36857,3,0,2026-12-31,11,2,1,2.2432,2.23677,2.26962,2.02909,2.26395,5,0,2027-12-31,14,6,2,0.43574,0.43274,0.43613,0.47044,0.44056,5,0,2026-09-30,11,2,2,1.54654,1.54154,1.56587,1.544,1.56727,3,0,2026-12-31,12,5,2,USD,USD,70054912000,63.2,719916415
CVS,1.29474,1.29507,1.26919,1.32542,1.25297,5,3,2026-12-31,23,1,0,8.51266,8.47745,8.52869,8.38299,8.53442,1,0,2027-12-31,26,4,2,1.62018,1.65148,1.62481,1.71319,1.64125,4,0,2026-09-30,23,3,3,7.99488,7.84985,8.04331,7.43378,8.04287,1,0,2026-12-31,25,4,2,USD,USD,112293601280,87.8,1278970369
CVX,4.04726,3.89251,4.3243,3.62513,4.5084,1,0,2026-12-31,18,3,1,13.43017,12.96696,14.43484,12.55279,14.64343,1,0,2027-12-31,25,6,1,4.73381,4.56226,4.70514,4.14314,4.82159,2,1,2026-09-30,20,2,1,16.03824,15.83142,16.59055,14.1602,16.95362,2,0,2026-12-31,25,5,1,USD,USD,414977196032,211.55,1961603274
D,0.69444,0.73179,0.69666,0.66055,0.66889,2,2,2026-12-31,9,0,0,3.81455,3.81524,3.81541,3.81524,3.81423,1,1,2027-12-31,17,1,0,1.20591,1.2033,1.20369,1.15179,1.19924,2,2,2026-09-30,9,0,0,3.58692,3.58525,3.58485,3.5897,3.58485,3,3,2026-12-31,16,0,0,USD,USD,54310727680,61.75,879525949
DAL,2.15026,2.2171,1.81636,1.84182,1.42034,5,1,2026-12-31,18,0,1,8.57513,8.79138,8.46638,8.59458,7.86263,1,1,2027-12-31,8,0,0,2.11192,2.22842,1.91419,2.12222,1.76408,5,2,2026-09-30,19,0,0,6.47742,6.6309,5.95638,5.9728,5.46056,7,3,2026-12-31,23,0,0,USD,USD,54017155072,82.14,657623030
DASH,0.83437,0.81777,0.83232,0.82248,0.83594,1,0,2026-12-31,31,1,1,4.46706,4.40438,4.48428,4.41141,4.49706,2,0,2027-12-31,36,3,1,0.82479,0.80316,0.8215,0.73715,0.81275,1,0,2026-09-30,32,1,1,2.60911,2.53877,2.58571,2.54514,2.58019,3,0,2026-12-31,37,1,1,USD,USD,83067551744,191.71,409082893
DD,1.85477,1.83436,1.8606,1.81633,1.86303,4,5,2026-12-31,12,8,6,7.96476,7.95599,7.96476,7.89361,7.9686,3,1,2027-12-31,16,11,0,1.90567,1.91444,1.89798,1.9403,1.89651,9,8,2026-09-30,13,3,3,7.26215,7.25195,7.26015,7.16162,7.25702,2,1,2026-12-31,16,13,0,USD,USD,17890492416,132.48,135042975
DDOG,0.63785,0.62741,0.63839,0.62689,0.63843,0,0,2026-12-31,38,1,1,2.96847,2.88473,2.97347,2.85544,2.97446,0,0,2027-12-31,47,3,2,0.63967,0.60992,0.64044,0.60913,0.64068,0,0,2026-09-30,40,2,1,2.52724,2.42341,2.52736,2.42164,2.52764,0,0,2026-12-31,45,0,0,USD,USD,98314731520,273.8,334904614
DE,3.30055,3.31733,3.30055,3.31399,3.25519,6,0,2027-01-31,11,3,1,22.66943,22.72973,22.82764,22.70153,23.01347,1,0,2027-10-31,21,3,1,4.0724,4.49278,4.0724,4.49945,4.06817,15,3,2026-10-31,16,2,0,18.13235,18.12117,18.12509,18.11926,18.12151,7,2,2026-10-31,20,10,1,USD,USD,175952150528,652.58,269625412
DECK,3.71944,3.71944,3.71052,3.66709,3.71684,3,2,2026-12-31,19,13,14,8.39655,8.3283,8.39655,8.32793,8.35079,1,3,2028-03-31,22,17,15,1.78577,1.78577,1.78547,1.88952,1.78863,15,15,2026-09-30,19,1,1,7.5284,7.5284,7.51256,7.49098,7.51256,1,1,2027-03-31,22,15,15,USD,USD,11243173888,82.56,136181857
DELL,4.0475,3.925,6.87486,3.8475,6.87486,0,0,2027-01-31,5,3,3,24.66365,19.4275,24.66365,18.6675,24.66365,0,0,2028-01-31,8,4,4,6.55726,4.25651,6.55748,4.22541,6.55748,0,0,2026-10-31,24,22,0,25.88306,18.41304,25.89761,18.38601,25.89761,0,0,2027-01-31,25,23,1,USD,USD,365306183680,574.55,315433188
DG,2.03562,1.99696,2.03562,1.99211,2.03057,2,2,2027-01-31,24,14,14,8.34317,8.03314,8.37284,7.99185,8.37722,0,0,2028-01-31,29,23,1,1.40868,1.39634,1.40868,1.39234,1.40671,3,3,2026-10-31,24,13,13,7.886,7.38482,7.91039,7.36896,7.90831,0,0,2027-01-31,29,23,0,USD,USD,27416047616,124.27,220616790
DGX,2.67883,2.67883,2.67883,2.61674,2.68177,1,1,2026-12-31,14,11,11,12.05771,12.05771,12.06146,11.67011,12.03309,0,0,2027-12-31,16,16,16,2.86335,2.86335,2.86335,2.80253,2.87019,1,1,2026-09-30,14,11,11,11.19176,11.19176,11.19114,10.77265,11.19545,0,0,2026-12-31,16,15,15,USD,USD,25475274752,230.81,110373360
DHI,2.22968,2.22968,2.20368,2.18338,2.1692,4,2,2026-12-31,9,0,0,11.68923,11.68923,11.45566,12.05907,11.41959,5,3,2027-09-30,15,0,0,3.04058,3.04058,3.00229,3.37016,3.00594,4,3,2026-09-30,13,0,0,10.43512,10.43512,10.42298,10.57845,10.4258,4,2,2026-09-30,15,1,1,USD,USD,37989031936,135.82,279701267
DHR,2.58326,2.58376,2.58359,2.54333,2.58311,1,0,2026-12-31,20,0,0,9.29573,9.29878,9.302,9.28233,9.29857,1,0,2027-12-31,25,1,2,1.91731,1.91731,1.91302,2.068,1.91629,0,0,2026-09-30,20,0,0,8.50976,8.50914,8.50701,8.525,8.50924,0,0,2026-12-31,25,1,1,USD,USD,152871354368,217.46,702986054
DIS,1.89346,1.89829,1.94646,1.92859,1.95056,6,6,2026-12-31,10,2,2,7.47471,7.46248,7.48553,7.48462,7.47509,2,1,2027-09-30,29,4,1,1.68229,1.67411,1.69388,1.78027,1.68896,16,0,2026-09-30,23,4,2,6.90849,6.87027,6.92895,6.8236,6.92509,0,0,2026-09-30,29,5,1,USD,USD,184790024192,107.02,1726686902
DLR,0.75,0.75,0.75,0.0,0.53,1,1,2026-12-31,2,0,0,2.8913,2.9331,2.8913,2.86414,2.76208,1,1,2027-12-31,6,0,0,0.77,0.77,0.595,0.0,0.575,1,1,2026-09-30,2,0,1,3.35176,3.34442,3.35176,2.96922,3.18687,1,1,2026-12-31,6,0,0,USD,USD,66495254528,176.07,370998727
DLTR,2.6254,2.78474,2.6254,2.78554,2.62457,23,1,2027-01-31,24,1,0,7.90389,7.68251,7.91247,7.67572,7.90997,3,0,2028-01-31,29,23,2,0.92209,1.37059,0.92625,1.37219,0.925,23,0,2026-10-31,24,1,1,7.88478,6.97663,7.92978,6.96663,7.92793,0,0,2027-01-31,27,25,2,USD,USD,22256707584,118.62,187630299
DOC,0.0,0.0,0.0,0.0,0.03,0,0,2026-12-31,2,0,0,-0.15,-0.15,0.14,0.15,0.14,1,1,2027-12-31,2,0,0,0.0,0.0,0.0,0.0,0.025,0,0,2026-09-30,2,0,0,0.0,0.0,0.0,0.15,0.09,1,1,2026-12-31,1,0,0,USD,USD,13129703424,18.52,689527260
DOV,2.81566,2.80366,2.81406,2.76815,2.80815,1,1,2026-12-31,16,0,0,11.64377,11.63266,11.63883,11.56824,11.63368,1,1,2027-12-31,19,0,0,2.86154,2.86354,2.84957,2.89218,2.85393,1,1,2026-09-30,16,0,0,10.67208,10.66319,10.66197,10.6314,10.66071,1,1,2026-12-31,19,0,0,USD,USD,25449175040,188.96,134680225
DOW,0.38927,0.40261,0.3985,0.62228,0.44169,3,0,2026-12-31,15,5,4,1.83582,1.84422,1.75329,1.98972,1.72546,6,2,2027-12-31,17,2,1,0.77115,0.78205,0.66756,1.00712,0.6589,9,4,2026-09-30,15,0,0,2.46642,2.54678,2.38913,2.77736,2.41735,8,1,2026-12-31,18,2,3,USD,USD,20651722752,28.59,722340711
DPZ,6.46287,6.47351,6.48963,6.46735,6.49136,0,0,2026-12-31,22,2,1,20.9206,20.94835,20.90207,20.91305,20.88958,1,1,2027-12-31,25,1,0,4.39543,4.3992,4.39717,4.38412,4.39135,0,0,2026-09-30,22,2,1,19.02455,19.03748,19.0452,19.13506,19.04168,0,0,2026-12-31,25,2,1,USD,USD,10210677760,308.65,33081735
DRI,3.2498,3.2518,3.26429,3.249,3.2723,4,5,2027-02-28,27,15,15,12.3891,12.38663,12.38822,12.39047,12.39987,8,10,2028-05-31,28,9,7,2.28576,2.28727,2.26404,2.29087,2.25451,13,16,2026-11-30,27,5,4,11.27349,11.27317,11.26206,11.27317,11.25444,6,9,2027-05-31,26,9,7,USD,USD,22687479808,200.52,113143224
DTE,2.03838,2.04667,2.03838,1.91331,2.09443,4,0,2026-12-31,8,4,0,8.36525,8.35992,8.36462,8.35525,8.36462,3,1,2027-12-31,16,1,0,2.40395,2.42902,2.40395,2.33548,2.39694,3,0,2026-09-30,8,3,0,7.70895,7.71008,7.70895,7.71172,7.70895,5,0,2026-12-31,16,1,1,USD,USD,26447992832,127.1,208088069
DUK,1.54962,1.58885,1.54962,1.58134,1.53878,1,1,2026-12-31,12,1,0,7.17232,7.16842,7.17232,7.1687,7.17137,1,1,2027-12-31,21,1,0,1.83684,1.88259,1.83684,1.9115,1.83184,1,1,2026-09-30,12,1,0,6.7109,6.70367,6.7109,6.70411,6.71042,1,1,2026-12-31,21,1,0,USD,USD,91100405760,116.84,779702193
DVA,4.41318,4.37782,4.36987,4.24144,4.39973,1,1,2026-12-31,7,5,5,17.25038,17.03252,17.14283,17.18168,17.14358,3,3,2027-12-31,8,3,3,3.57771,3.65125,3.55089,3.93412,3.57461,6,6,2026-09-30,7,0,0,14.84534,14.8304,14.77315,14.84599,14.82472,3,3,2026-12-31,7,3,3,USD,USD,11293876224,177.02,63800000
DVN,1.30838,1.30932,1.32182,1.32658,1.40389,2,1,2026-12-31,19,4,1,4.79326,4.87244,4.84922,5.47593,5.21922,1,1,2027-12-31,12,2,2,1.24335,1.28931,1.23282,1.26844,1.26146,4,1,2026-09-30,20,2,1,5.40955,5.25426,5.39582,5.28472,5.46588,4,1,2026-12-31,24,4,1,USD,USD,53811998720,48.92,1100000000
DXCM,0.7336,0.7336,0.73408,0.75006,0.73562,12,1,2026-12-31,22,5,1,3.12406,3.12446,3.12166,3.07757,3.1269,4,2,2027-12-31,26,18,2,0.67105,0.67105,0.67057,0.67384,0.67313,9,2,2026-09-30,23,7,0,2.66234,2.66234,2.66234,2.58941,2.66421,0,1,2026-12-31,26,23,3,USD,USD,31853023232,84.41,377360765
EBAY,1.46553,1.46619,1.4692,1.51471,1.46798,1,1,2026-12-31,24,1,0,6.73289,6.72019,6.71522,6.75429,6.71256,2,1,2027-12-31,30,0,0,1.41113,1.40004,1.41029,1.45318,1.41027,2,1,2026-09-30,26,0,0,6.12668,6.09001,6.12806,6.12351,6.13289,0,0,2026-12-31,29,1,1,USD,USD,49831100416,111.98,445000000
ECHO,0.86316,0.86316,0.78969,0.67505,0.58625,1,1,2026-12-31,3,0,1,17.42932,17.42932,15.2411,11.47968,15.6961,1,2,2027-12-31,6,0,0,4.78225,4.78225,3.61862,0.27706,3.57112,1,1,2026-09-30,4,0,0,35.89942,35.89942,33.6099,-0.04214,32.36992,0,0,2026-12-31,6,1,1,USD,USD,27150567424,93.36,159467376
ECL,2.22062,2.20374,2.21839,2.20486,2.21714,1,0,2026-12-31,18,2,1,9.41776,9.41786,9.41061,9.4611,9.4063,2,1,2027-12-31,21,0,0,2.17599,2.17489,2.17432,2.19071,2.1746,0,0,2026-09-30,18,1,1,8.16755,8.16993,8.16374,8.1922,8.16291,0,0,2026-12-31,21,1,1,USD,USD,78965768192,281.69,280328603
ED,1.04918,1.1262,1.04918,1.08596,1.07043,1,0,2026-12-31,8,0,0,6.48989,6.48885,6.49855,6.48741,6.49989,0,0,2027-12-31,15,1,1,2.02542,1.99989,2.02542,2.04769,1.99417,0,0,2026-09-30,8,1,0,6.10695,6.10631,6.10695,6.11326,6.10762,0,0,2026-12-31,15,1,0,USD,USD,39198138368,105.99,369828633
EFX,2.23068,2.23384,2.23128,2.29344,2.21627,1,1,2026-12-31,18,0,0,10.17161,10.15607,10.1511,10.25929,10.05518,2,0,2027-12-31,23,0,1,2.22506,2.22769,2.22295,2.26296,2.21442,1,1,2026-09-30,19,0,0,8.56176,8.5677,8.55711,8.60258,8.53563,2,0,2026-12-31,24,1,2,USD,USD,17098750976,145.54,117484896
EG,13.40206,13.3339,13.56977,13.11247,13.42765,6,0,2026-12-31,14,6,1,59.75196,59.94838,59.92916,60.48387,59.93279,8,1,2027-12-31,15,4,1,8.19749,8.13645,8.80182,8.48258,8.65629,5,0,2026-09-30,14,6,1,53.77174,53.31649,54.52896,52.55212,54.45228,2,0,2026-12-31,15,11,2,USD,USD,14305675264,373.1,38342734
EIX,0.97735,1.37469,1.36212,1.69046,1.39962,3,1,2026-12-31,6,0,0,6.50576,6.50749,6.5029,6.51182,6.50197,2,1,2027-12-31,14,2,0,1.82555,1.91706,1.84394,1.97132,1.80744,2,1,2026-09-30,6,0,0,6.12417,6.12453,6.12131,6.12006,6.12174,2,1,2026-12-31,14,2,0,USD,USD,20895399936,54.3,384813979
EL,1.20741,1.17452,1.20741,1.17567,1.20931,4,0,2026-12-31,20,11,1,3.91589,3.82812,3.91147,3.85312,3.92737,4,4,2028-06-30,28,12,12,0.50556,0.47633,0.50556,0.4748,0.50737,4,0,2026-09-30,21,11,1,3.33365,3.18601,3.32343,3.18672,3.32415,4,0,2027-06-30,30,21,0,USD,USD,34174285824,94.32,247815431
ELV,2.46811,2.46834,2.43011,3.01637,2.43186,2,1,2026-12-31,19,0,0,29.60546,29.63423,29.53956,29.32332,29.58869,1,1,2027-12-31,22,1,0,4.66488,4.66488,4.66126,5.06922,4.68795,1,1,2026-09-30,19,1,1,27.16015,27.15838,27.1665,26.9094,27.23282,1,0,2026-12-31,22,0,0,USD,USD,86951575552,400.94,216869290
EME,8.63077,8.63411,8.63077,7.82052,8.62769,0,1,2026-12-31,9,8,0,36.74899,36.74499,36.74899,32.66797,36.75424,0,0,2027-12-31,10,9,1,8.32918,8.3303,8.32918,7.50063,8.33867,0,1,2026-09-30,9,8,0,32.85062,32.85395,32.85062,29.32694,32.85695,0,1,2026-12-31,9,8,0,USD,USD,34328088576,778.24,44109901
EMR,1.61949,1.61282,1.62524,1.59849,1.6252,1,0,2026-12-31,15,6,2,7.24487,7.23273,7.26504,7.17913,7.26876,1,1,2027-09-30,29,4,1,1.84816,1.84917,1.83851,1.82672,1.85005,2,1,2026-09-30,22,2,0,6.558,6.55446,6.56029,6.50891,6.56174,1,1,2026-09-30,28,4,1,USD,USD,88723668992,159.06,557800000
EOG,3.92382,3.95713,4.14018,4.05122,4.4763,2,0,2026-12-31,24,6,4,14.35556,14.67591,14.92138,14.85503,15.33914,2,0,2027-12-31,29,8,2,3.98082,4.1154,4.07044,4.30836,4.30377,2,1,2026-09-30,26,5,1,16.57013,16.66467,17.04537,16.90341,17.46883,3,1,2026-12-31,28,7,1,USD,USD,77897826304,148.51,524529176
EQIX,3.74833,3.912,3.74833,4.2575,3.71667,3,3,2026-12-31,6,1,1,18.69286,18.88167,18.62,19.22333,18.5275,4,0,2027-12-31,8,2,1,4.03667,4.14,4.03667,4.3375,3.95833,3,3,2026-09-30,6,1,1,17.88333,17.88,17.875,17.74667,17.7075,1,0,2026-12-31,4,2,1,USD,USD,99772858368,1011.16,98671686
EQT,1.0561,1.02123,0.97542,1.18021,0.95542,3,1,2026-12-31,9,2,3,4.33933,4.38303,4.1453,4.68412,3.99307,3,1,2027-12-31,9,2,3,0.48971,0.50789,0.42976,0.67949,0.40499,6,2,2026-09-30,23,3,2,4.06944,4.13648,3.99772,4.51135,3.96489,7,2,2026-12-31,24,2,1,USD,USD,33114818560,52.94,625516000
ERIE,2.95,2.95,2.95,2.95,2.95,1,1,2026-12-31,1,0,0,,,,,,,,2027-12-31,,,,3.46,3.46,3.46,3.46,3.41,1,1,2026-09-30,1,0,0,12.66,12.66,12.66,12.66,12.7,0,0,2026-12-31,1,1,1,USD,,11845746688,226.54,46189068
ES,1.00252,0.97514,1.01963,0.98759,1.0154,2,0,2026-12-31,7,2,0,4.93289,4.92813,4.93289,4.91818,4.93135,1,0,2027-12-31,13,0,0,1.01757,1.07356,1.03383,1.07711,1.03471,1,0,2026-09-30,7,1,0,4.65102,4.65312,4.65102,4.64778,4.64843,1,0,2026-12-31,12,1,0,USD,USD,24743766016,65.69,376674754
ESS,1.4837,1.45595,1.49148,1.45514,1.49148,0,0,2026-12-31,4,3,2,6.16593,6.11914,6.29964,6.02399,6.29964,0,0,2027-12-31,7,4,1,1.44115,1.41004,1.46173,1.42004,1.46173,0,1,2026-09-30,4,3,1,5.63756,5.90006,5.49674,5.89606,5.49674,2,1,2026-12-31,3,0,0,USD,USD,18513993728,268.58,64268439
ETN,4.05061,4.04384,4.06255,3.94987,4.07614,0,0,2026-12-31,21,4,1,16.06702,16.02188,16.17807,15.77748,16.2461,1,1,2027-12-31,24,3,0,3.52658,3.52723,3.5289,3.50481,3.5351,0,0,2026-09-30,23,2,1,13.5506,13.50587,13.57111,13.35212,13.58051,0,0,2026-12-31,26,3,1,USD,USD,164879695872,424.51,388400000
ETR,0.90253,0.78269,0.91024,0.76681,0.91024,0,0,2026-12-31,12,4,1,5.09678,5.07823,5.1044,5.06849,5.1044,1,0,2027-12-31,21,4,1,1.63376,1.69606,1.62964,1.67631,1.62964,3,0,2026-09-30,12,1,1,4.39632,4.40055,4.3987,4.40075,4.3987,1,0,2026-12-31,21,3,1,USD,USD,48967413760,102.49,477777482
EVRG,0.53616,0.51728,0.55622,0.51728,0.55824,2,2,2026-12-31,7,6,1,4.56503,4.56375,4.56503,4.55296,4.56503,1,0,2027-12-31,11,4,2,2.16582,2.15545,2.19514,2.15545,2.17334,3,1,2026-09-30,7,3,1,4.25934,4.25987,4.25934,4.25401,4.25934,2,0,2026-12-31,12,3,2,USD,USD,18565267456,80.52,230567172
EW,0.70646,0.70643,0.70646,0.73893,0.7064,22,0,2026-12-31,24,0,1,3.3775,3.3755,3.37714,3.36782,3.38339,1,1,2027-12-31,28,2,0,0.73681,0.73689,0.73681,0.74499,0.73695,15,1,2026-09-30,24,2,0,2.99944,2.99841,2.99944,3.00742,2.99923,14,0,2026-12-31,28,6,1,USD,USD,48555933696,84.24,576400000
EXC,0.6325,0.6325,0.78667,0.6175,0.82667,0,0,2026-12-31,3,2,1,3.0383,3.03843,3.0383,3.03793,3.0383,2,1,2027-12-31,19,1,1,0.83498,0.88428,0.82062,0.8828,0.80881,2,1,2026-09-30,11,0,0,2.85674,2.85737,2.85674,2.85569,2.85674,3,1,2026-12-31,18,3,0,USD,USD,42992496640,41.73,1030253967
EXE,2.19848,2.35652,2.11781,2.30585,2.05502,6,1,2026-12-31,19,4,1,8.71024,9.03196,8.555,9.14303,8.3041,4,1,2027-12-31,21,3,0,1.34594,1.40585,1.32542,1.37043,1.26215,5,1,2026-09-30,21,3,0,8.78001,9.00818,8.6989,8.68551,8.64302,3,1,2026-12-31,20,3,0,USD,USD,20571426816,88.86,231503789
EXPD,1.86402,1.86402,1.86402,1.68111,1.94506,0,1,2026-12-31,13,10,10,8.07069,8.07069,8.08464,7.0391,8.1978,0,0,2027-12-31,15,12,14,2.13831,2.13831,2.13831,1.82961,2.2149,0,0,2026-09-30,13,10,12,7.72071,7.72071,7.73066,6.85574,7.86612,0,0,2026-12-31,15,12,14,USD,USD,25180485632,193.71,129990622
EXPE,4.55854,4.40512,4.56728,4.40083,4.56842,0,0,2026-12-31,24,2,1,24.37971,23.8968,24.51158,23.11324,24.54034,0,0,2027-12-31,31,3,2,8.83417,8.59952,8.85933,8.51588,8.8665,0,0,2026-09-30,25,2,1,20.96296,20.36509,21.01996,19.76782,21.0203,0,0,2026-12-31,29,2,2,USD,USD,32421564416,270.13,114498625
EXR,1.177,1.135,1.17506,1.1498,1.17433,1,0,2026-12-31,7,1,1,4.80689,4.75758,4.81188,4.74385,4.85188,3,1,2027-12-31,8,1,1,1.19246,1.145,1.19154,1.16749,1.18989,2,1,2026-09-30,7,0,0,4.62802,4.52,4.6596,4.5309,4.6634,0,1,2026-12-31,8,2,1,USD,USD,29379921920,133.12,211269558
F,0.36335,0.37314,0.37216,0.33072,0.37018,4,1,2026-12-31,14,11,0,1.91536,1.90421,1.95621,1.83064,1.94826,0,0,2027-12-31,19,1,0,0.41034,0.4197,0.41465,0.35866,0.41733,1,1,2026-09-30,15,14,0,1.86718,1.86763,1.86067,1.63806,1.8594,0,0,2026-12-31,18,17,0,USD,USD,48848048128,12.25,3916743591
FANG,4.88663,4.76083,5.06087,4.82277,5.13348,1,0,2026-12-31,23,5,2,18.08368,17.84583,18.76243,17.63929,18.74288,1,1,2027-12-31,27,6,2,4.87599,4.81703,4.92457,5.12669,5.01667,1,0,2026-09-30,25,3,2,20.44877,20.19943,20.91266,20.22124,20.96086,1,1,2026-12-31,26,5,2,USD,USD,53674188800,191.68,280019792
FAST,0.3005,0.29868,0.30204,0.29481,0.30204,0,0,2026-12-31,11,2,1,1.39551,1.39207,1.39781,1.37157,1.39448,0,0,2027-12-31,15,4,1,0.33456,0.33183,0.33605,0.32693,0.33696,0,0,2026-09-30,11,3,1,1.26079,1.2587,1.26235,1.2424,1.26235,0,0,2026-12-31,15,4,1,USD,USD,57937154048,50.49,1147497573
FCX,1.01,0.994,1.029,0.8508,1.14474,1,0,2026-12-31,10,7,6,4.13538,4.08774,4.15715,4.01736,4.29198,6,0,2027-12-31,17,9,1,0.73455,0.73545,0.749,0.7705,0.81151,6,5,2026-09-30,12,3,2,3.02143,2.99819,3.04768,2.78191,3.15395,0,0,2026-12-31,16,15,0,USD,USD,102158286848,71.14,1436017523
FDS,4.9035,4.89883,4.89187,4.89883,4.9125,2,2,2027-02-28,16,3,0,20.04627,20.04627,19.548,19.96237,19.58273,1,1,2027-08-31,12,1,0,4.93689,4.93622,4.97862,4.93622,4.99862,3,2,2026-08-31,16,2,0,19.70975,19.70086,19.73154,19.67169,19.72488,3,2,2026-08-31,18,2,0,USD,USD,10190239744,286.52,35565543
FDX,6.28889,6.10625,6.38958,5.99667,6.51995,0,0,2026-12-31,9,2,1,20.74533,20.77467,20.93579,20.67846,20.70566,1,0,2027-12-31,19,1,1,3.4175,3.28857,3.50591,3.27,3.30381,0,0,2026-09-30,8,2,1,17.68545,17.69,17.95249,17.72667,17.99395,2,1,2026-12-31,16,0,0,USD,USD,69043871744,291.73,236670435
FDXF,0.3725,0.375,0.4004,0.375,0.41314,1,1,2026-05-31,5,0,0,5.05375,5.01,5.06343,5.08,5.04123,0,0,2027-05-31,13,2,2,1.55333,1.55333,1.55333,1.5375,1.6,0,0,2026-05-31,8,0,1,4.302,4.252,4.3053,4.302,4.36933,0,0,2026-05-31,9,1,1,USD,USD,17291771904,115.65,149518133
FE,0.59059,0.59463,0.58809,0.53061,0.58153,1,1,2026-12-31,8,1,0,2.9494,2.95757,2.9494,2.94686,2.94785,2,2,2027-12-31,15,4,0,0.92855,0.93526,0.9298,0.89451,0.94138,1,0,2026-09-30,8,1,1,2.73338,2.73769,2.73338,2.73368,2.73625,1,0,2026-12-31,14,4,1,USD,USD,25952000000,44.85,578639932
FERG,2.5002,2.45828,2.5002,2.44169,2.50018,5,3,2026-12-31,10,4,1,12.73542,12.52662,12.73542,12.52211,12.7058,3,0,2027-12-31,12,8,1,3.2941,3.29189,3.2941,3.28395,3.29369,2,2,2026-09-30,10,8,3,11.46958,11.25609,11.46958,11.25467,11.46871,2,0,2026-12-31,11,10,1,USD,USD,41927008256,216.73,193452717
FFIV,4.36183,4.35282,4.36183,4.33342,4.36183,5,5,2026-12-31,12,7,6,18.07676,17.68194,18.07676,17.68972,18.07676,2,2,2027-09-30,13,10,10,4.25523,4.14201,4.25523,4.14198,4.25523,0,0,2026-09-30,12,12,12,17.33147,16.4917,17.33147,16.49187,17.33147,0,0,2026-09-30,13,12,12,USD,USD,26142504960,461.66,56627182
FICO,10.52176,10.53882,10.41254,10.75586,10.29897,0,0,2026-12-31,15,1,1,53.05809,53.13032,52.04461,54.54718,50.19888,2,1,2027-09-30,21,3,0,11.0581,11.04492,11.02751,11.4505,10.9589,0,0,2026-09-30,17,1,1,42.97247,43.09823,42.9878,43.07966,42.85263,1,0,2026-09-30,21,2,1,USD,USD,15278815232,707.43,21597635
FIS,1.75602,1.75766,1.75669,1.80567,1.75669,22,1,2026-12-31,24,0,1,6.70097,6.70605,6.6977,6.84976,6.68473,3,2,2027-12-31,29,0,0,1.60178,1.60373,1.60251,1.65142,1.60251,21,1,2026-09-30,25,1,0,6.19216,6.19364,6.19353,6.27619,6.19353,26,1,2026-12-31,29,1,1,USD,USD,17709340672,34.34,515705917
FISV,1.89693,1.90547,1.90296,2.2724,1.89942,5,2,2026-12-31,26,0,0,8.08152,8.28268,8.02405,8.9285,8.01113,10,3,2027-12-31,36,1,0,1.72284,1.70855,1.71572,2.1576,1.71323,4,1,2026-09-30,29,1,1,7.2493,7.25683,7.24547,8.11,7.2405,7,2,2026-12-31,34,0,1,USD,USD,24429363200,45.94,
FITB,1.20417,1.20417,1.197,1.19897,1.18503,3,2,2026-12-31,15,2,2,4.88561,4.88561,4.88634,4.89053,4.8878,2,2,2027-12-31,16,3,3,0.83692,0.83692,0.83654,0.89101,0.82042,3,3,2026-09-30,15,4,2,3.07307,3.07307,3.07093,3.07055,3.0462,3,3,2026-12-31,16,4,3,USD,USD,45979451392,50.7,906892564
FIX,13.11746,11.42324,13.13871,11.42324,13.13871,0,0,2026-12-31,10,7,8,60.04276,53.44336,60.17848,53.19561,60.17848,0,0,2027-12-31,10,7,8,12.79114,10.76175,12.80802,10.76175,12.80802,0,0,2026-09-30,10,7,8,48.97116,43.14652,49.00705,43.14652,49.00705,0,0,2026-12-31,10,7,8,USD,USD,60055248896,1706.39,35194329
FLEX,1.23746,1.2319,1.23746,1.18574,1.23079,0,0,2026-12-31,9,7,6,7.11111,7.08384,7.11111,6.95217,7.05748,1,1,2028-03-31,11,8,8,1.05827,1.04252,1.05827,1.0015,1.05827,0,0,2026-09-30,10,6,5,4.72433,4.6553,4.72433,4.5412,4.71161,1,1,2027-03-31,11,8,8,USD,USD,42391891968,114.74,369460443
FOX,,,,,,,,,,,,,,,,,,,,,,,,,,,,,,,,,,,,,,,,,,,,,USD,,24022747136,56.97,220248764
FOXA,1.03883,1.02618,1.03985,1.06104,1.03778,1,1,2026-12-31,15,2,2,5.8174,5.77532,5.84755,5.64813,5.84394,1,1,2028-06-30,18,4,4,2.02618,2.02806,2.0256,1.7822,2.02073,0,0,2026-09-30,15,4,4,5.90784,5.79446,5.92961,5.76274,5.92572,1,1,2027-06-30,18,4,4,USD,USD,26805792768,63.57,201424858
FRT,0.77535,0.772,0.77535,0.7735,0.73966,2,0,2026-12-31,2,0,0,3.1903,3.08572,3.1903,3.10486,3.2865,0,0,2027-12-31,2,3,0,0.72119,0.724,0.72119,0.72101,0.71536,1,0,2026-09-30,5,0,0,4.22278,4.13,4.22278,4.0209,4.2185,0,0,2026-12-31,2,3,0,USD,USD,9219137536,105.46,86889133
FSLR,5.66219,5.68991,5.653,6.01619,5.64576,12,0,2026-12-31,22,6,2,23.06854,23.01464,23.15827,23.25468,23.15513,0,0,2027-12-31,31,4,1,4.62808,4.66813,4.62681,5.1808,4.63295,15,0,2026-09-30,22,3,2,17.47627,17.38985,17.46736,17.37295,17.46658,7,0,2026-12-31,31,17,3,USD,USD,19220973568,178.85,107469788
FTNT,0.87558,0.83017,0.87553,0.8299,0.87553,0,0,2026-12-31,38,36,37,3.7711,3.75956,3.77777,3.42591,3.77777,0,0,2027-12-31,42,2,1,0.85739,0.76505,0.85724,0.76451,0.85724,0,0,2026-09-30,38,36,37,3.45033,3.43913,3.45008,3.15261,3.45008,0,0,2026-12-31,41,0,0,USD,USD,138745266176,189.1,733713653
FTV,0.87634,0.87864,0.87256,0.88791,0.87184,2,1,2026-12-31,14,0,0,3.24893,3.24454,3.2506,3.21893,3.2531,2,1,2027-12-31,16,1,0,0.70664,0.70664,0.70563,0.70574,0.70563,1,1,2026-09-30,14,0,0,3.01762,3.01311,3.01376,2.99919,3.01376,2,1,2026-12-31,16,1,0,USD,USD,17039801344,56.42,302017052
GD,4.51165,4.51283,4.50999,4.5583,4.51624,10,1,2026-12-31,16,6,1,18.61304,18.57154,18.61959,18.24492,18.62168,0,0,2027-12-31,19,2,1,4.13652,4.13535,4.14294,4.06828,4.1475,3,0,2026-09-30,16,13,2,16.98902,16.98841,16.99326,16.67816,17.00344,0,0,2026-12-31,18,1,0,USD,USD,89256812544,329.9,270557195
GDDY,2.09596,2.00349,2.09323,2.00472,2.09046,1,1,2026-12-31,12,9,0,9.23587,8.97498,9.17902,8.96789,9.20895,4,1,2027-12-31,13,8,0,1.90135,1.81794,1.89499,1.8123,1.8929,0,1,2026-09-30,12,10,0,7.40858,7.12293,7.39939,7.11318,7.39939,0,1,2026-12-31,14,11,0,USD,USD,13068776448,103.19,126647704
GE,2.24151,2.24151,2.32959,2.23222,2.3281,1,0,2026-12-31,7,5,1,9.71732,9.71732,9.82364,9.63048,9.82637,0,0,2027-12-31,11,1,1,1.98645,1.98645,1.98431,1.90874,1.99374,0,0,2026-09-30,17,0,0,7.91328,7.91328,7.90889,7.564,7.92362,0,0,2026-12-31,22,0,0,USD,USD,317099835392,305.62,1037562513
GEHC,1.59563,1.59563,1.59458,1.61388,1.58665,9,9,2026-12-31,15,3,2,5.41022,5.41022,5.41221,5.36349,5.40991,4,2,2027-12-31,21,12,6,1.20441,1.20441,1.20413,1.2409,1.20671,13,13,2026-09-30,17,0,0,4.92746,4.92746,4.92609,4.87296,4.92642,1,1,2026-12-31,21,15,7,USD,USD,29007290368,64.22,451686252
GEN,0.7293,0.73099,0.7293,0.73099,0.72976,3,3,2026-12-31,8,1,1,3.30719,3.28675,3.30719,3.28675,3.3091,1,1,2028-03-31,10,4,4,0.71826,0.70784,0.71826,0.70757,0.71881,0,0,2026-09-30,8,3,3,2.92324,2.89561,2.92324,2.89561,2.92464,0,0,2027-03-31,9,5,5,USD,USD,13617854464,22.75,598587032
GEV,6.43708,6.4878,6.46922,6.10334,6.43296,2,1,2026-12-31,15,2,1,24.80106,24.89605,24.77549,24.43035,24.84491,1,0,2027-12-31,25,3,1,4.17027,4.25455,4.17241,4.37976,4.08653,2,1,2026-09-30,14,2,1,30.74053,30.84764,30.58023,30.56798,30.59445,2,1,2026-12-31,19,3,1,USD,USD,266160455680,999.35,266333581
GILD,2.18923,2.1952,2.18923,2.243,2.1848,16,0,2026-12-31,20,3,0,9.88806,9.8729,9.88911,9.6617,9.92001,6,1,2027-12-31,26,19,0,2.14415,2.15754,2.1476,2.07995,2.16374,14,0,2026-09-30,22,6,0,-0.43062,-0.45938,-0.42627,-0.77603,-0.4164,0,0,2026-12-31,27,2,1,USD,USD,182397419520,147.1,1239955155
GIS,0.65405,0.65538,0.66037,0.65528,0.6927,1,0,2027-02-28,16,10,11,3.20989,3.21155,3.16016,3.23044,3.15332,10,10,2028-05-31,19,2,3,0.98574,0.98507,0.94745,0.98507,0.94745,12,12,2026-11-30,17,0,0,3.07859,3.07912,3.08197,3.09596,3.07881,6,4,2027-05-31,19,8,7,USD,USD,17425453056,32.59,534687144
GL,3.77868,3.78534,3.77868,3.82769,3.77756,6,6,2026-12-31,9,1,1,16.51824,16.51824,16.51824,16.64561,16.49824,6,5,2027-12-31,11,1,2,4.89704,4.87593,4.89704,4.69318,4.89334,0,0,2026-09-30,10,7,7,15.71031,15.70212,15.71031,15.65015,15.69849,0,1,2026-12-31,11,8,7,USD,USD,12763156480,166.08,76849447
GLW,0.91676,0.91676,0.91676,0.87335,0.92347,0,0,2026-12-31,13,1,1,4.34575,4.32048,4.35222,4.27076,4.37158,0,0,2027-12-31,18,2,1,0.873,0.873,0.87134,0.85113,0.87717,0,0,2026-09-30,13,1,1,3.27586,3.26986,3.27737,3.19431,3.28643,0,0,2026-12-31,17,2,0,USD,USD,131645980672,152.83,861388331
GM,2.764,2.74852,2.8212,2.7892,2.78678,1,1,2026-12-31,15,0,0,14.83885,14.70702,15.04973,14.16181,15.12223,0,0,2027-12-31,22,1,1,3.55404,3.5433,3.59676,3.24136,3.58801,1,1,2026-09-30,16,0,0,13.40004,13.38804,13.50931,12.76925,13.53174,1,1,2026-12-31,22,0,0,USD,USD,72170389504,82.25,877451541
GNRC,2.57796,2.57796,2.54861,2.61545,2.53373,2,2,2026-12-31,17,2,2,11.82023,11.82023,12.57962,11.26116,12.96999,0,0,2027-12-31,19,7,2,2.45118,2.45118,2.43216,2.55288,2.42963,2,2,2026-09-30,17,0,0,9.74759,9.74759,9.70371,9.01942,9.68813,3,3,2026-12-31,19,1,1,USD,USD,13253946368,224.4,59063935
GOOG,3.37898,3.36343,3.39069,3.27978,3.42261,1,0,2026-12-31,16,3,1,14.97419,14.80309,15.07154,14.54775,15.21313,1,1,2027-12-31,26,5,2,3.01962,3.00518,3.03077,3.00489,3.05457,1,0,2026-09-30,16,2,1,11.72833,11.69571,11.81,12.45667,12.10833,2,0,2026-12-31,6,4,2,USD,USD,4217615155200,344.86,5527000000
GOOGL,3.33268,3.33216,3.3496,3.28521,3.3456,2,0,2026-12-31,39,3,1,14.87984,14.76976,14.95318,14.55797,14.97242,1,1,2027-12-31,53,7,2,3.00586,2.99845,3.02456,3.00393,3.0235,2,0,2026-09-30,43,2,1,20.60295,20.5849,20.63755,14.22781,20.62887,3,0,2026-12-31,53,5,2,USD,USD,4259564224512,348.29,5867155790
GPC,1.81152,1.81284,1.78121,1.8157,1.78121,6,1,2026-12-31,9,3,0,8.30479,8.30479,8.31394,8.3983,8.31394,5,1,2027-12-31,10,3,0,2.03888,2.04998,2.04099,2.04247,2.04099,3,0,2026-09-30,9,5,1,7.73912,7.73912,7.73859,7.70672,7.73859,2,1,2026-12-31,11,5,0,USD,USD,17669484544,128.17,137859758
GPN,3.66408,3.69484,3.66222,3.74861,3.66338,11,2,2026-12-31,28,0,0,15.99171,15.94377,16.01033,16.14281,16.03747,7,2,2027-12-31,35,3,0,3.58378,3.60447,3.58321,3.6633,3.58255,6,1,2026-09-30,30,4,1,13.65631,13.70969,13.64932,13.81828,13.65046,11,2,2026-12-31,35,0,0,USD,USD,21902462976,82.77,264618390
GRMN,2.83529,2.90836,2.85243,2.90834,2.85243,0,0,2026-12-31,7,1,1,10.98629,10.3241,11.00504,10.32395,11.13434,0,0,2027-12-31,7,2,1,2.37912,2.34204,2.3834,2.34203,2.3834,0,0,2026-09-30,7,1,1,10.10472,9.57998,10.12615,9.57996,10.12615,0,0,2026-12-31,7,1,1,USD,USD,51769335808,268.44,192852536
GS,15.65999,15.65999,15.407,14.44381,15.21771,2,2,2026-12-31,19,1,1,73.76336,73.76336,73.02542,66.9366,72.49236,2,2,2027-12-31,24,1,1,16.42568,16.42568,15.11456,14.20575,13.50695,3,3,2026-09-30,20,0,0,70.64017,70.64017,69.16752,60.6206,67.74383,3,3,2026-12-31,24,0,0,USD,USD,256984973312,882.59,291171408
GWW,11.15958,11.15022,11.14057,10.94553,11.14927,1,1,2026-12-31,15,0,0,51.04409,50.99877,50.9414,50.42497,51.00123,1,1,2027-12-31,19,0,0,11.68148,11.69845,11.65467,11.77143,11.65655,1,1,2026-09-30,16,0,0,46.45551,46.44007,46.41482,45.63774,46.44759,1,1,2026-12-31,18,0,0,USD,USD,59755556864,1268.67,47100942
HAL,0.64252,0.64365,0.63951,0.65036,0.63949,1,1,2026-12-31,20,2,2,2.90506,2.91086,2.90353,2.93759,2.90016,3,2,2027-12-31,25,1,1,0.58691,0.58764,0.58506,0.60585,0.58509,1,1,2026-09-30,20,0,0,2.34597,2.34652,2.34231,2.37533,2.34232,2,1,2026-12-31,24,2,2,USD,USD,27135055872,32.57,833130367
HAS,1.54873,1.54873,1.54782,1.44181,1.53961,1,1,2026-12-31,10,0,0,6.52571,6.52105,6.51371,6.39914,6.50255,1,1,2027-12-31,14,0,0,1.86352,1.87203,1.85852,1.90802,1.85475,2,1,2026-09-30,11,0,0,6.15942,6.17476,6.15514,5.96253,6.14553,2,1,2026-12-31,13,0,0,USD,USD,13046612992,92.5,141044467
HBAN,0.4307,0.43158,0.40108,0.44408,0.4026,9,2,2026-12-31,15,0,0,1.87702,1.88195,1.768,1.90414,1.76348,9,1,2027-12-31,15,0,1,0.3928,0.39323,0.37956,0.41551,0.38047,6,0,2026-09-30,15,1,0,1.59378,1.59828,1.53555,1.61024,1.53783,8,2,2026-12-31,15,0,0,USD,USD,31053776896,15.37,2020414826
HCA,8.01038,7.97739,8.04836,8.32743,8.04301,1,0,2026-12-31,20,1,1,32.06518,32.15873,32.01582,33.07424,32.0063,3,1,2027-12-31,23,0,0,6.69632,6.77684,6.659,7.24873,6.65196,2,1,2026-09-30,20,0,0,29.49081,29.55886,29.48904,30.1884,29.47847,3,1,2026-12-31,23,0,0,USD,USD,96345333760,445.01,216501500
HD,2.83477,2.85107,2.83477,2.84841,2.8301,18,1,2027-01-31,30,11,1,16.03774,16.11542,16.0248,16.09225,15.98951,19,1,2028-01-31,34,12,0,3.8402,3.95843,3.8402,3.95576,3.83787,28,27,2026-10-31,30,1,1,15.02198,14.96413,15.02198,14.95531,15.02345,7,5,2027-01-31,34,21,21,USD,USD,294787350528,295.47,997689626
HIG,3.22961,3.23152,3.23247,3.24178,3.23089,9,1,2026-12-31,20,9,0,13.6889,13.6976,13.71195,13.96468,13.72088,17,2,2027-12-31,23,2,0,3.05962,3.06153,3.07873,3.08978,3.19376,11,1,2026-09-30,21,6,0,12.75849,12.74902,12.76954,12.75399,12.82803,3,0,2026-12-31,20,11,1,USD,USD,35072503808,129.48,270872002
HII,5.05019,5.02921,5.1311,5.04401,5.14026,0,0,2026-12-31,11,1,1,20.83476,20.74112,20.83476,20.08304,20.87714,2,1,2027-12-31,11,7,0,4.49854,4.5164,4.41854,4.66228,4.41915,1,1,2026-09-30,11,0,0,18.51263,18.56988,18.51263,17.36275,18.52149,0,0,2026-12-31,11,9,0,USD,USD,10443006976,265.02,39404598
HLT,2.36541,2.31756,2.38211,2.31756,2.38383,1,0,2026-12-31,22,3,0,10.45523,10.44703,10.45504,10.41701,10.45504,2,0,2027-12-31,28,3,0,2.35018,2.43106,2.353,2.43106,2.35377,3,0,2026-09-30,22,1,0,9.04176,9.04052,9.04281,9.03079,9.04281,2,0,2026-12-31,27,3,0,USD,USD,72761237504,323.29,225064910
HON,2.43608,2.43093,2.41674,2.39426,2.4141,2,1,2026-12-31,16,0,0,9.95118,9.98128,9.89069,9.6017,9.84157,5,2,2027-12-31,24,0,0,2.16871,2.14638,2.16621,2.22407,2.17018,1,0,2026-09-30,17,2,1,8.31046,8.29651,8.30167,8.23699,8.30025,3,1,2026-12-31,24,1,0,USD,USD,65479806976,206.6,316940010
HONA,2.19211,2.22346,2.20112,2.49784,2.18633,9,0,2026-12-31,13,0,0,9.0763,9.24656,9.08666,10.03615,8.95309,11,1,2027-12-31,14,0,0,1.86175,1.89881,1.86104,2.30784,1.8759,9,0,2026-09-30,14,0,0,6.78052,6.72684,6.65047,8.28542,6.64309,5,7,2027-01-31,8,0,0,USD,USD,48813887488,154.01,316952725
HOOD,0.58927,0.5865,0.59986,0.5579,0.61653,0,0,2026-12-31,20,3,1,2.75208,2.69643,2.84849,2.58415,2.90812,0,0,2027-12-31,24,9,1,0.50907,0.50161,0.5269,0.46435,0.54271,0,0,2026-09-30,20,4,2,2.07624,2.06831,2.1219,1.87087,2.14966,1,0,2026-12-31,24,6,1,USD,USD,96210796544,107.01,790630234
HPE,1.01547,0.92235,1.02547,0.91974,1.04172,1,1,2027-01-31,14,10,10,4.58941,4.04983,4.59744,4.0384,4.70878,0,0,2027-10-31,20,18,0,1.26946,1.05691,1.27004,1.05613,1.27286,0,0,2026-10-31,19,17,0,3.82295,3.42581,3.82365,3.42307,3.82611,0,0,2026-10-31,20,19,0,USD,USD,94250000384,71.0,1327464779
HPQ,0.6827,0.6827,0.70331,0.6827,0.70386,3,3,2027-01-31,12,5,5,3.00725,3.00999,3.1402,3.00999,3.13797,3,2,2027-10-31,18,11,12,0.66989,0.66979,0.74551,0.66979,0.74586,0,0,2026-10-31,13,11,11,3.01813,3.01698,3.24431,3.01698,3.24467,0,0,2026-10-31,16,13,13,USD,USD,29254098944,32.44,901790969
HRL,0.37567,0.37367,0.37567,0.37367,0.374,3,3,2027-01-31,6,3,2,1.55353,1.5591,1.55353,1.5607,1.56753,4,5,2027-10-31,10,2,2,0.37857,0.39781,0.37857,0.3975,0.37482,7,8,2026-10-31,8,0,0,1.48715,1.49311,1.48715,1.49366,1.48493,6,6,2026-10-31,9,1,0,USD,USD,10687812608,19.42,550350800
HSIC,1.43697,1.43697,1.43723,1.42665,1.44865,3,4,2026-12-31,16,10,10,5.99835,5.99835,5.98995,5.90754,5.98307,2,1,2027-12-31,16,13,15,1.35093,1.35093,1.35043,1.36139,1.35665,9,9,2026-09-30,16,5,5,5.37635,5.37635,5.37627,5.34503,5.38565,1,1,2026-12-31,16,14,15,USD,USD,9431720960,84.63,111446542
HST,0.22134,0.23,0.22917,0.24333,0.22734,0,0,2026-12-31,5,0,0,1.05071,1.004,1.05071,1.0,1.05559,0,0,2027-12-31,6,0,0,0.07551,0.085,0.07438,0.08667,0.08151,2,2,2026-09-30,5,1,1,1.3695,1.355,1.3695,1.355,1.3736,0,0,2026-12-31,5,0,0,USD,USD,15659134976,22.54,685124399
HSY,2.13743,2.13743,2.13743,2.38838,2.13802,16,16,2026-12-31,17,0,0,9.86822,9.87535,9.86004,9.9014,9.85867,8,2,2027-12-31,22,12,0,2.11904,2.11904,2.11799,2.28646,2.11632,16,16,2026-09-30,18,0,0,8.48975,8.48707,8.48975,8.42904,8.4893,2,1,2026-12-31,22,18,0,USD,USD,32658456576,162.54,146312143
HUBB,5.28482,5.29589,5.29044,5.0955,5.30429,0,0,2026-12-31,13,1,0,22.91317,22.87115,22.95357,22.54415,22.96434,1,0,2027-12-31,13,0,0,5.74922,5.72905,5.75234,5.61637,5.74619,0,0,2026-09-30,13,1,0,20.46293,20.45097,20.48643,20.02173,20.49566,0,0,2026-12-31,13,2,0,USD,USD,25116604416,475.4,52832571
HUM,-7.92052,-7.83599,-7.8583,-8.22424,-7.86308,1,0,2026-12-31,23,3,1,16.56803,16.56809,16.59234,15.73325,16.67311,0,0,2027-12-31,26,1,1,-0.93789,-1.01617,-1.0038,-0.1698,-1.00467,3,1,2026-09-30,23,1,0,9.15272,9.15278,9.15484,8.86215,9.15676,0,0,2026-12-31,26,2,1,USD,USD,46485487616,387.12,120080308
HWM,1.41549,1.40619,1.41696,1.31234,1.41631,1,0,2026-12-31,17,1,1,6.41876,6.27906,6.46127,6.04232,6.45771,1,0,2027-12-31,21,3,1,1.36703,1.35876,1.36921,1.26097,1.36921,0,0,2026-09-30,18,15,1,5.3335,5.31026,5.33752,5.0543,5.3375,1,0,2026-12-31,21,0,0,USD,USD,88757239808,222.56,398801399
IBKR,0.73063,0.7417,0.73063,0.69266,0.73915,1,1,2026-12-31,11,0,0,3.17335,3.18348,3.18927,2.94776,3.25555,1,0,2027-12-31,15,1,1,0.68774,0.69576,0.68774,0.64584,0.67161,1,1,2026-09-30,11,0,0,2.70253,2.71359,2.70197,2.55852,2.69863,2,0,2026-12-31,14,0,1,USD,USD,147328925696,86.47,453077771
IBM,4.60169,4.60169,4.61512,4.56698,4.62401,0,0,2026-12-31,18,2,2,13.16241,13.17491,13.14773,13.47357,13.15121,10,1,2027-12-31,23,11,0,2.88811,2.88811,2.87065,2.94381,2.86433,2,2,2026-09-30,19,0,0,12.32077,12.3266,12.31036,12.47086,12.3121,1,1,2026-12-31,23,0,0,USD,USD,213497069568,226.61,942134390
ICE,1.96263,1.97492,1.96263,1.94739,1.97075,2,0,2026-12-31,11,6,1,8.80088,8.81395,8.80063,8.7673,8.838,3,1,2027-12-31,14,1,0,1.89976,1.93319,1.89976,1.89814,1.95075,3,1,2026-09-30,12,5,0,8.14444,8.15784,8.12824,8.08507,8.17134,4,1,2026-12-31,13,0,0,USD,USD,87212638208,155.35,561394487
IDXX,3.36501,3.36947,3.35821,3.4493,3.35821,8,8,2026-12-31,10,1,1,16.7397,16.66781,16.73722,16.52308,16.73722,2,1,2027-12-31,12,11,2,3.7074,3.70613,3.70284,3.78333,3.70284,7,1,2026-09-30,11,3,2,14.83498,14.76807,14.82721,14.66965,14.82721,0,0,2026-12-31,12,11,2,USD,USD,40425746432,513.14,78781116
IEX,2.28327,2.29181,2.28373,2.19712,2.28373,0,0,2026-12-31,11,1,1,9.58149,9.51149,9.62584,9.23013,9.62584,0,0,2027-12-31,15,4,2,2.23377,2.23681,2.23614,2.19237,2.23614,0,0,2026-09-30,11,1,1,8.82243,8.82469,8.82618,8.49533,8.82618,0,0,2026-12-31,14,1,1,USD,USD,17084585984,231.75,73719896
IFF,0.67057,0.67057,0.6736,0.93315,0.67384,11,10,2026-12-31,13,1,1,3.95577,3.95921,3.96101,4.82011,3.96497,12,0,2027-12-31,19,1,1,0.79947,0.79947,0.80644,1.15516,0.81057,12,11,2026-09-30,14,0,0,3.24232,3.24517,3.27617,4.48274,3.28249,14,1,2026-12-31,16,0,0,USD,USD,21598445568,84.65,255149963
ILMN,1.53402,1.53427,1.5355,1.49211,1.53616,0,0,2026-12-31,18,12,1,6.09835,6.07931,6.10872,5.92748,6.11835,1,1,2027-12-31,21,3,1,1.35661,1.35577,1.35572,1.36546,1.35758,8,0,2026-09-30,19,6,1,5.35499,5.35587,5.35526,5.22912,5.35735,1,1,2026-12-31,21,1,0,USD,USD,39950069760,264.57,151000000
INCY,1.9483,1.94806,1.94976,2.0575,1.92237,5,6,2026-12-31,17,3,2,8.88548,8.88165,8.81442,8.44,8.73405,9,6,2027-12-31,21,2,2,-3.47198,-3.39155,-3.50692,-2.342,-3.67381,8,4,2026-09-30,16,0,3,3.4557,3.55552,3.42405,3.255,3.24234,11,3,2026-12-31,19,0,5,USD,USD,22854170624,112.75,202697746
INTC,0.42761,0.42632,0.43089,0.30307,0.4317,1,0,2026-12-31,36,2,1,2.04263,2.03101,2.06208,1.53842,2.08267,1,0,2027-12-31,47,4,1,0.38827,0.38971,0.39065,0.26326,0.39091,0,2,2026-09-30,36,30,0,1.51422,1.51791,1.52026,1.09325,1.52147,2,0,2026-12-31,41,1,1,USD,USD,566036135936,107.08,5286105262
INTU,4.84675,4.83577,4.05906,4.83366,3.97829,19,2,2027-01-31,26,2,0,30.78979,30.79903,27.34542,30.90408,27.07542,19,2,2028-07-31,31,3,0,4.01395,4.03823,2.71552,4.03814,2.63936,21,2,2026-10-31,26,0,0,27.25422,27.28849,24.18045,27.28135,23.94389,25,1,2027-07-31,32,4,1,USD,USD,81207681024,303.88,267236000
INVH,0.15676,0.15676,0.15,0.14,0.15471,1,1,2026-12-31,3,1,1,0.67816,0.66674,0.68316,0.66424,0.71089,1,0,2027-12-31,3,3,1,0.13927,0.14,0.13927,0.13578,0.13854,0,0,2026-09-30,1,2,2,0.61574,0.61746,0.79574,0.61746,0.79574,1,0,2026-12-31,2,1,1,USD,USD,15639702528,26.48,590623226
IP,0.82501,0.83562,0.80884,0.72835,0.8001,1,1,2026-12-31,9,1,0,2.9898,2.9398,3.01971,2.7849,3.02998,0,0,2027-12-31,12,3,1,0.3243,0.32639,0.31931,0.51855,0.29477,2,1,2026-09-30,9,0,0,1.34428,1.35923,1.33027,1.38046,1.30397,2,1,2026-12-31,11,1,0,USD,USD,16882688000,31.88,529569895
IQV,3.64924,3.64924,3.65107,3.61978,3.64768,8,7,2026-12-31,18,6,7,14.45948,14.44116,14.47191,14.18627,14.43085,2,0,2027-12-31,22,18,1,3.27307,3.27307,3.27201,3.25388,3.27348,4,4,2026-09-30,19,10,10,12.96517,12.96246,12.96544,12.8117,12.95758,0,0,2026-12-31,22,21,1,USD,USD,42611650560,258.88,164600000
IR,1.02274,1.02008,1.02274,1.00309,1.01903,2,0,2026-12-31,12,9,2,3.91727,3.90102,3.91709,3.85186,3.91157,1,1,2027-12-31,14,10,1,0.90245,0.90486,0.90225,0.9063,0.90126,7,0,2026-09-30,12,3,2,3.55555,3.55293,3.55537,3.5041,3.55203,0,0,2026-12-31,14,14,2,USD,USD,30263955456,78.0,387999429
IRM,0.67299,0.67299,0.67299,0.66114,0.67633,2,2,2026-12-31,6,4,4,2.72817,2.7315,2.7297,2.67371,2.72684,3,1,2027-12-31,7,3,0,0.60995,0.60995,0.60995,0.6172,0.60995,4,4,2026-09-30,6,2,2,2.48114,2.47948,2.47532,2.43322,2.47818,2,0,2026-12-31,7,4,1,USD,USD,33631488000,112.97,297702812
ISRG,2.84422,2.84404,2.84446,2.83398,2.84362,9,1,2026-12-31,24,12,1,12.07083,12.07083,12.09124,11.78744,12.11179,0,0,2027-12-31,27,0,0,2.64155,2.63773,2.63898,2.58579,2.64065,2,0,2026-09-30,24,21,2,10.79481,10.79366,10.79481,10.41883,10.80045,0,0,2026-12-31,27,1,0,USD,USD,146755239936,415.41,353278038
IT,3.94947,3.97504,3.94947,3.92142,3.94619,4,2,2026-12-31,15,0,0,16.35869,16.5347,16.35869,15.2825,16.37566,3,2,2027-12-31,15,0,0,2.84955,2.85928,2.84955,2.72296,2.85474,3,2,2026-09-30,15,1,0,14.48108,14.51437,14.48108,13.67082,14.48327,3,2,2026-12-31,15,0,0,USD,USD,12339941376,195.41,63148976
ITW,2.98225,2.96956,2.98225,2.92151,2.98228,3,0,2026-12-31,11,8,1,12.39456,12.35352,12.40225,12.17424,12.39813,0,0,2027-12-31,13,1,1,2.97481,2.96858,2.97391,2.92886,2.97427,0,0,2026-09-30,11,11,1,11.44868,11.43235,11.4556,11.33513,11.45595,0,0,2026-12-31,13,1,1,USD,USD,75389403136,264.71,284800000
IVZ,0.78773,0.78243,0.79042,0.7557,0.78974,1,1,2026-12-31,13,0,0,3.26133,3.21562,3.26124,3.03846,3.2752,1,1,2027-12-31,15,1,0,0.73574,0.7327,0.73485,0.71396,0.73846,1,1,2026-09-30,14,1,0,2.80685,2.7898,2.80708,2.64619,2.80996,1,1,2026-12-31,15,2,0,USD,USD,13284728832,30.09,441499780
J,1.83389,1.83246,1.83398,1.83246,1.83398,3,4,2026-12-31,7,3,2,8.25885,8.2528,8.26698,8.23413,8.26698,0,0,2027-09-30,16,1,1,2.12748,2.13106,2.12665,2.1351,2.12665,1,1,2026-09-30,12,0,0,7.25712,7.25665,7.26731,7.24926,7.26731,1,1,2026-09-30,15,0,0,USD,USD,16220380160,138.59,117038611
JBHT,2.29967,2.29967,2.20209,2.19515,2.08173,9,2,2026-12-31,17,0,1,10.11542,10.11542,10.01838,9.43397,9.89429,6,1,2027-12-31,23,1,1,2.14017,2.14017,1.97456,2.05853,1.80834,9,3,2026-09-30,20,0,0,7.82498,7.82498,7.57046,7.44512,7.29249,9,3,2026-12-31,21,0,0,USD,USD,21452050432,228.42,93914939
JBL,3.76892,3.74432,3.77606,3.74432,3.84579,0,0,2027-02-28,8,2,2,16.5575,15.61572,16.5575,15.61572,19.80959,0,0,2027-08-31,3,1,1,3.62279,3.59981,3.64422,3.59981,4.05397,0,0,2026-08-31,9,1,1,16.83614,16.74662,16.87214,16.74662,17.69175,0,0,2026-08-31,10,1,1,USD,USD,31348105216,299.16,104787089
JCI,1.11299,1.10913,1.12921,1.09197,1.12687,1,1,2026-12-31,9,0,1,6.04984,6.01317,6.10242,5.75424,6.10377,1,0,2027-09-30,22,4,3,1.5743,1.57395,1.58005,1.51974,1.55449,1,1,2026-09-30,18,3,2,5.06414,5.06492,5.07016,4.89826,5.07016,1,0,2026-09-30,22,2,1,USD,USD,93284179968,154.0,605741470
JKHY,1.76333,1.77,1.76,1.77,1.76833,5,0,2026-12-31,12,2,1,7.839,7.68429,7.85333,7.68429,7.90385,2,0,2028-06-30,13,6,1,2.02444,1.975,2.00818,1.96833,2.00583,4,1,2026-09-30,12,3,0,7.232,7.10111,7.24769,7.10111,7.24769,0,0,2027-06-30,13,10,1,USD,USD,10450193408,149.05,70111999
JNJ,3.025,3.025,2.95677,2.98867,2.92511,0,0,2026-12-31,10,0,0,12.3075,12.3075,11.99619,12.73993,12.16658,0,0,2027-12-31,11,0,0,2.425,2.425,2.48162,3.02633,2.5133,0,0,2026-09-30,11,0,0,11.0525,11.0525,11.0809,11.58234,11.07342,0,0,2026-12-31,12,0,1,USD,USD,618090790912,256.48,2409898597
JPM,5.9475,5.9475,5.9323,5.54532,5.99247,1,2,2026-12-31,11,2,0,24.95399,24.95399,24.99799,23.96805,25.12247,1,1,2027-12-31,14,2,2,5.9064,5.9064,5.87892,5.47445,5.94266,1,1,2026-09-30,12,2,1,24.12453,24.12453,24.04652,22.80074,24.13056,0,1,2026-12-31,12,3,1,USD,USD,880976134144,331.42,2658186195
KDP,0.70019,0.70935,0.70019,0.71773,0.69952,11,0,2026-12-31,15,1,1,2.53468,2.52565,2.53468,2.52771,2.53047,4,0,2027-12-31,19,10,1,0.62184,0.63192,0.62184,0.63478,0.62051,9,9,2026-09-30,15,1,1,2.29307,2.29235,2.29307,2.28774,2.29202,3,0,2026-12-31,19,7,1,USD,USD,42539421696,31.26,1360826038
KEY,0.48894,0.48902,0.49203,0.49705,0.49555,0,0,2026-12-31,14,2,2,2.13669,2.13802,2.13525,2.14884,2.15189,1,1,2027-12-31,16,2,2,0.45659,0.45762,0.46039,0.47164,0.46202,0,0,2026-09-30,14,3,2,1.8286,1.82727,1.8341,1.82557,1.8386,0,0,2026-12-31,16,4,3,USD,USD,21449285632,20.1,1067128554
KEYS,3.23991,2.77148,3.23991,2.73742,3.25082,0,0,2027-01-31,11,9,9,13.64991,11.91977,13.87157,11.85636,13.93407,0,0,2027-10-31,12,12,1,3.38232,2.68167,3.38046,2.683,3.38046,0,0,2026-10-31,12,11,0,11.49984,10.23911,11.47402,10.23844,11.47402,0,0,2026-10-31,12,11,0,USD,USD,63785603072,374.67,170244745
KHC,0.48836,0.48836,0.4878,0.48304,0.48908,2,2,2026-12-31,14,0,0,2.09271,2.09218,2.08757,2.0926,2.08157,3,2,2027-12-31,20,1,0,0.42754,0.42754,0.42332,0.46742,0.42354,2,2,2026-09-30,15,0,0,2.05284,2.05245,2.0492,2.05591,2.0462,2,2,2026-12-31,20,0,0,USD,USD,26657316864,22.48,1185823758
KIM,0.2075,0.2,0.20333,0.2,0.205,0,0,2026-12-31,4,2,0,0.896,0.866,0.88,0.866,0.9,0,0,2027-12-31,4,2,0,0.21,0.204,0.20667,0.204,0.205,0,0,2026-09-30,4,1,0,0.85,0.81,0.855,0.81,0.84333,0,0,2026-12-31,3,2,0,USD,USD,14817737728,22.09,670789373
KKR,1.70988,1.70993,1.70988,1.70465,2.07614,1,0,2026-12-31,10,2,0,7.40643,7.38895,7.40917,7.38572,7.4091,1,0,2027-12-31,14,1,1,1.60907,1.60695,1.60907,1.56574,1.59656,0,0,2026-09-30,18,3,0,6.31997,6.3137,6.3213,6.10162,6.73589,0,0,2026-12-31,14,1,0,USD,USD,82716762112,89.56,897635601
KLAC,1.36058,1.36058,1.36058,1.28553,1.36195,1,2,2026-12-31,22,19,18,6.68948,6.54928,6.70539,6.14635,6.74039,0,0,2028-06-30,22,4,1,1.17852,1.17852,1.17852,1.13138,1.17897,1,3,2026-09-30,22,20,18,5.45272,5.4484,5.42833,5.12081,5.43753,0,0,2027-06-30,25,2,1,USD,USD,256720879616,196.72,1305006492
KMB,1.68206,1.68299,1.65891,1.74664,1.65737,6,1,2026-12-31,13,2,2,7.50302,7.49511,7.46609,7.5655,7.46542,5,1,2027-12-31,15,1,0,1.67329,1.67431,1.6014,1.80238,1.6014,9,0,2026-09-30,13,1,0,7.44933,7.45322,7.37904,7.53965,7.37845,8,1,2026-12-31,17,0,0,USD,USD,32506273792,97.74,332579038
KMI,0.38383,0.39255,0.39021,0.38261,0.38766,1,0,2026-12-31,12,2,2,1.53771,1.53814,1.54625,1.50704,1.54454,1,0,2027-12-31,19,5,3,0.32324,0.32647,0.32924,0.32229,0.32726,1,0,2026-09-30,14,2,2,1.54996,1.56038,1.55958,1.49248,1.55787,0,0,2026-12-31,17,5,3,USD,USD,71814373376,32.25,2226802089
KO,0.59561,0.59561,0.59561,0.59619,0.59395,8,8,2026-12-31,18,7,8,3.52638,3.52638,3.52639,3.48389,3.52473,1,1,2027-12-31,24,20,1,0.87893,0.87893,0.87894,0.87815,0.88005,6,5,2026-09-30,18,7,8,3.30148,3.30148,3.30149,3.2682,3.30149,0,0,2026-12-31,24,21,2,USD,USD,377634717696,87.77,4302549243
KR,1.38825,1.39577,1.35496,1.39577,1.35391,12,1,2027-01-31,19,4,0,5.51761,5.53567,5.51023,5.53905,5.50206,12,1,2028-01-31,22,3,0,1.16973,1.17581,1.15928,1.17581,1.15823,12,1,2026-10-31,19,5,0,5.19935,5.20873,5.18629,5.21139,5.18194,10,1,2027-01-31,23,4,0,USD,USD,36268048384,61.41,590588700
KVUE,0.26733,0.27167,0.26733,0.27167,0.2665,1,1,2026-12-31,9,0,0,1.23585,1.24503,1.24166,1.23667,1.23981,1,1,2027-12-31,15,2,0,0.29452,0.30306,0.29452,0.30306,0.29452,5,5,2026-09-30,9,1,1,1.1788,1.19091,1.18284,1.1885,1.1823,1,1,2026-12-31,14,1,0,USD,USD,34055313408,17.73,1920773467
L,,,,,,,,,,,,,,,,,,,,,,,,,,,,,,,,,,,,,,,,,,,,,USD,,21996421120,107.6,204427720
LDOS,2.99807,3.04719,2.9845,3.15169,2.96468,1,1,2026-12-31,13,0,0,12.7503,12.93037,12.7503,13.15087,12.62388,5,1,2027-12-31,16,1,0,3.049,3.10263,3.049,3.16187,3.04053,10,3,2026-09-30,14,1,0,12.39938,12.38274,12.39938,12.32953,12.41089,1,0,2026-12-31,16,2,1,USD,USD,14961181696,119.22,125492209
LEN,0.84798,0.85369,0.65143,0.85369,0.65143,6,6,2027-02-28,7,0,0,6.46686,6.4805,5.27069,6.60231,5.25814,10,10,2027-11-30,12,0,0,2.03737,2.0407,1.43614,2.0407,1.43831,9,9,2026-11-30,11,0,0,5.54465,5.54465,4.95086,5.58799,4.93677,5,5,2026-11-30,10,0,0,USD,USD,18461059072,77.6,207876222
LH,4.44994,4.4566,4.45109,4.3944,4.4648,0,0,2026-12-31,14,2,2,19.82044,19.76157,19.84413,19.44171,19.81302,0,1,2027-12-31,18,5,1,4.65107,4.65107,4.65037,4.60382,4.64742,1,1,2026-09-30,14,1,0,18.346,18.34664,18.34745,18.00463,18.34867,0,0,2026-12-31,18,2,2,USD,USD,25481621504,314.2,81100000
LHX,3.11943,3.11767,3.19956,3.1842,3.19067,0,0,2026-12-31,9,0,1,13.46148,13.42416,13.55394,13.59261,13.52533,0,1,2027-12-31,10,0,0,2.97016,2.95518,3.05901,3.07286,3.05901,0,0,2026-09-30,9,0,1,11.99713,11.99602,12.0922,11.81689,12.09942,0,0,2026-12-31,10,3,2,USD,USD,44117966848,236.92,186214616
LII,5.06432,5.08682,5.04317,5.44438,5.01101,3,1,2026-12-31,17,1,1,26.19922,26.32863,26.11896,26.73959,26.01682,4,2,2027-12-31,18,0,0,7.48097,7.52284,7.48439,7.96583,7.48453,3,1,2026-09-30,17,1,1,23.61398,23.67163,23.59619,24.43635,23.56588,3,1,2026-12-31,18,1,1,USD,USD,12495067136,361.54,34560675
LIN,4.23052,4.23052,4.23052,4.22332,4.22918,1,1,2026-12-31,2,1,1,18.28023,18.32107,18.19731,18.31291,18.20917,1,0,2027-12-31,11,1,1,0.0,0.0,0.0,4.61,0.0,1,0,2026-09-30,19,0,1,0.0,0.0,0.0,17.95,0.0,1,0,2026-12-31,27,3,2,USD,USD,222054154240,481.7,460980163
LITE,5.01952,4.38118,5.0305,4.34598,5.03608,1,1,2026-12-31,22,19,18,33.3012,29.84915,34.98035,28.30093,35.60381,0,0,2028-06-30,18,1,1,4.20833,3.63134,4.2071,3.60906,4.20967,0,0,2026-09-30,22,20,19,21.6426,18.73451,21.7798,18.13702,21.78272,0,0,2027-06-30,25,22,0,USD,USD,94985183232,1048.6,90582856
LLY,9.97587,9.95581,10.06249,9.97783,10.08249,0,0,2026-12-31,17,3,2,47.25535,46.49889,47.59245,44.81703,47.63949,2,0,2027-12-31,27,4,2,9.87135,9.77917,9.95585,9.42552,9.1435,0,0,2026-09-30,17,3,2,36.71121,36.41852,36.94997,35.96393,36.45108,2,0,2026-12-31,27,4,2,USD,USD,1042980667392,1169.6,891741406
LMT,8.43308,8.42939,8.4292,8.66989,8.38933,1,1,2026-12-31,19,1,1,32.72715,32.68794,32.75615,32.14697,32.77123,0,0,2027-12-31,21,2,2,7.46063,7.47162,7.45008,7.59966,7.47255,2,2,2026-09-30,19,0,0,30.45803,30.46459,30.48053,29.90374,30.45011,1,1,2026-12-31,21,1,1,USD,USD,117216321536,507.89,230790753
LNT,0.69249,0.69249,0.77689,0.71,0.74,1,1,2026-12-31,1,1,0,3.68569,3.68561,3.68569,3.68543,3.68723,0,0,2027-12-31,13,1,1,1.22171,1.18721,1.2286,1.18721,1.2246,1,1,2026-09-30,5,0,0,3.42089,3.41533,3.42422,3.4188,3.42422,0,0,2026-12-31,9,3,1,USD,USD,16983148544,65.5,259284699
LOW,1.97454,2.07717,1.97454,2.07954,1.97775,23,22,2027-01-31,28,4,4,13.03906,13.45106,13.02812,13.47766,13.0,29,2,2028-01-31,32,2,0,2.88345,3.14066,2.88345,3.14434,2.86667,26,25,2026-10-31,28,0,0,12.31517,12.48185,12.31517,12.49718,12.30642,26,23,2027-01-31,32,3,4,USD,USD,105955057664,188.85,561054019
LRCX,2.30683,2.30683,2.30683,1.9723,2.31003,0,0,2026-12-31,25,22,21,11.57261,11.52522,11.73954,9.93095,11.76415,0,0,2028-06-30,26,3,1,2.17786,2.17786,2.17786,1.81546,2.17786,0,0,2026-09-30,25,22,21,9.46256,9.45797,9.46781,8.07374,9.47481,0,0,2027-06-30,30,3,0,USD,USD,401194123264,320.59,1251424362
LULU,4.03091,5.10917,4.03356,5.11594,4.03653,14,14,2027-01-31,18,0,0,9.04974,11.46461,8.63608,11.56413,8.66342,20,1,2028-01-31,24,0,0,1.02199,2.51843,1.03618,2.52283,1.04153,14,14,2026-10-31,18,0,0,9.69452,11.03879,9.6299,11.04556,9.67444,19,0,2027-01-31,22,0,0,USD,USD,10260604928,92.68,105594064
LUV,1.40719,1.49666,1.27249,1.39372,0.9596,5,2,2026-12-31,19,1,0,4.82299,4.94799,4.67448,4.85445,4.35908,7,1,2027-12-31,24,1,1,0.62978,0.70828,0.5898,0.79812,0.57146,5,0,2026-09-30,21,2,1,3.34558,3.42166,3.16976,3.09605,2.88331,6,2,2026-12-31,24,0,1,USD,USD,20233650176,41.36,489208201
LVS,0.8564,0.86112,0.85355,0.8695,0.84987,2,1,2026-12-31,14,0,0,3.52088,3.53336,3.5108,3.68212,3.50431,2,1,2027-12-31,17,0,0,0.74839,0.75347,0.7469,0.80537,0.74154,1,1,2026-09-30,14,1,0,3.09283,3.08887,3.09066,3.37338,3.08322,0,1,2026-12-31,17,1,0,USD,USD,23382011904,36.1,647701184
LYB,1.76337,1.77472,1.70207,2.11987,1.70404,4,3,2026-12-31,16,2,1,6.47212,6.44675,6.30648,6.83008,6.21803,4,3,2027-12-31,16,2,0,2.75869,2.77135,2.62266,3.13865,2.59422,6,4,2026-09-30,16,1,1,9.30486,9.26418,9.03892,8.8569,9.1154,6,5,2026-12-31,18,1,0,USD,USD,19492110336,60.34,323037952
LYV,-1.20729,-1.20729,-1.20729,-1.03561,-1.20498,7,7,2026-12-31,13,1,1,1.8881,1.92696,1.8881,2.19943,1.9511,0,0,2027-12-31,16,1,1,1.54815,1.54815,1.54815,1.82946,1.52892,7,7,2026-09-30,13,1,1,-0.44231,-0.44619,-0.44231,-0.57097,-0.45631,1,1,2026-12-31,15,0,0,USD,USD,39915282432,171.34,232959505
MA,5.17032,5.17032,5.17032,5.21276,5.17032,18,17,2026-12-31,29,9,9,23.02197,23.00449,23.02481,22.78918,23.02481,2,0,2027-12-31,38,31,5,5.15122,5.14747,5.15122,5.11506,5.15122,5,0,2026-09-30,30,22,1,19.93002,19.90758,19.93029,19.66083,19.93029,1,0,2026-12-31,37,33,1,USD,USD,503495458816,574.76,869464115
MAA,0.87792,0.8705,0.87068,0.888,0.87068,0,0,2026-12-31,8,1,0,3.09232,3.12982,3.14011,3.16317,3.14011,5,1,2027-12-31,8,0,0,0.80097,0.81503,0.7796,0.84614,0.7796,1,0,2026-09-30,8,0,0,3.68894,3.38974,3.73584,3.39003,3.73584,1,0,2026-12-31,9,0,0,USD,USD,13822403584,116.19,116021957
MAR,3.0268,2.97773,3.02644,2.97643,3.02644,2,0,2026-12-31,23,3,1,13.16519,13.11196,13.15687,13.08513,13.15768,1,0,2027-12-31,28,6,1,2.8244,2.87264,2.82646,2.87251,2.82825,3,1,2026-09-30,23,2,0,11.71647,11.63691,11.72375,11.60558,11.73445,0,0,2026-12-31,28,6,1,USD,USD,94157488128,361.08,260766288
MAS,0.83799,0.83788,0.83399,0.86948,0.8328,1,1,2026-12-31,21,0,0,4.66013,4.66537,4.65513,4.70467,4.6349,2,1,2027-12-31,23,0,0,1.03274,1.03341,1.03074,1.06026,1.02814,15,15,2026-09-30,21,1,1,4.5319,4.53199,4.54008,4.27122,4.53684,1,1,2026-12-31,23,0,0,USD,USD,13704525824,69.5,197187430
MCD,3.30335,3.30117,3.28992,3.3662,3.29402,9,8,2026-12-31,27,2,1,13.97841,13.9943,13.82299,14.21318,13.76586,15,13,2027-12-31,32,2,1,3.40226,3.39735,3.38333,3.4492,3.3839,12,10,2026-09-30,27,1,1,12.92878,12.9284,12.89223,12.97671,12.88746,14,11,2026-12-31,32,2,1,USD,USD,167640268800,236.9,707641531
MCHP,0.94209,0.81164,0.94018,0.80497,0.94018,0,0,2026-12-31,22,16,16,4.56515,4.18952,4.56515,4.1127,4.58355,0,0,2028-03-31,25,1,1,0.93426,0.79426,0.93406,0.78711,0.93406,0,0,2026-09-30,22,16,16,3.6468,3.18916,3.6468,3.16173,3.64613,0,0,2027-03-31,25,0,0,USD,USD,41008017408,75.52,543008691
MCK,11.04112,11.03476,11.02112,11.11367,11.03967,2,1,2026-12-31,13,0,0,50.47155,50.58997,50.41448,50.33488,50.58726,1,1,2028-03-31,14,2,0,10.77044,10.80339,10.76101,10.74442,10.77493,2,1,2026-09-30,13,0,0,44.64548,44.60405,44.65399,44.25424,44.68241,1,1,2027-03-31,14,2,0,USD,USD,108458180608,930.25,116590363
MCO,3.66445,3.66445,3.6635,3.81295,3.65236,1,1,2026-12-31,21,0,0,18.92998,18.91331,18.92415,18.62264,18.92394,1,1,2027-12-31,24,1,0,4.24819,4.24819,4.24295,4.37274,4.23428,1,1,2026-09-30,21,0,0,16.9738,16.97255,16.96796,16.73161,16.95029,1,1,2026-12-31,24,1,0,USD,USD,79436390400,458.69,173180984
MDLZ,0.93723,0.92723,0.93841,0.91355,0.93841,0,0,2026-12-31,17,3,1,3.36185,3.36055,3.3628,3.37786,3.3628,8,0,2027-12-31,23,6,2,0.71679,0.72385,0.71385,0.79211,0.71385,3,1,2026-09-30,17,0,0,3.04862,3.0459,3.04769,3.05218,3.04769,6,0,2026-12-31,23,8,2,USD,USD,77433610240,60.67,1276308057
MDT,1.42441,1.43193,1.4235,1.4315,1.424,12,0,2027-01-31,23,3,0,6.39948,6.41248,6.40519,6.40548,6.41455,13,0,2028-04-30,29,12,1,1.33126,1.34677,1.33126,1.34716,1.33184,13,13,2026-10-31,24,3,3,5.97209,5.94894,5.97363,5.94759,5.97662,2,0,2027-04-30,29,22,1,USD,USD,112244350976,87.75,1279137890
MET,2.60207,2.60457,2.61049,2.5836,2.61248,0,0,2026-12-31,14,1,1,11.13473,11.05155,11.12253,11.01814,11.15318,1,0,2027-12-31,17,13,1,2.5503,2.58131,2.62907,2.53642,2.68368,0,0,2026-09-30,16,2,2,10.00474,9.90402,10.07183,9.90649,10.13625,0,0,2026-12-31,17,7,3,USD,USD,62575415296,98.47,635476927
META,8.22325,8.23063,8.26384,8.49916,8.26407,2,1,2026-12-31,43,3,3,33.94275,33.98561,34.06806,34.99368,34.07467,6,2,2027-12-31,54,7,5,6.53026,6.76256,6.33807,7.04575,6.25261,5,2,2026-09-30,44,0,0,31.42919,31.80798,31.16832,32.87935,31.04359,9,3,2026-12-31,55,3,2,USD,USD,1836471812096,720.89,2205128509
MGM,0.47566,0.50672,0.45485,0.52745,0.48133,3,2,2026-12-31,11,0,0,2.03528,2.04225,1.97512,2.28589,1.99296,2,1,2027-12-31,14,0,0,0.21089,0.22902,0.18951,0.25345,0.18857,3,2,2026-09-30,11,0,0,1.80643,1.84956,1.79383,1.84285,1.81923,2,1,2026-12-31,13,0,0,USD,USD,7678095360,30.01,255851235
MKC,0.66877,0.66877,0.66877,0.66877,0.64,2,2,2026-11-30,10,0,0,3.29805,3.29888,3.29584,3.30472,3.21443,2,1,2027-11-30,13,0,0,0.75658,0.75749,0.75658,0.83879,0.75586,2,1,2026-11-30,11,0,0,3.08776,3.08847,3.08717,3.08919,3.08974,1,0,2026-11-30,14,1,1,USD,USD,12360821760,45.94,254541615
MLM,0.0,4.85127,4.525,5.19,4.53114,1,1,2026-12-31,5,0,0,23.84,21.51835,21.34734,22.815,22.03354,2,0,2027-12-31,9,1,1,0.0,6.8042,6.18,7.42,5.96595,1,1,2026-09-30,5,0,0,17.415,18.46288,16.76785,19.095,17.31957,3,1,2026-12-31,9,0,0,USD,USD,34200805376,481.57,71019382
MMM,2.01059,2.00792,2.01079,1.98033,2.01237,1,1,2026-12-31,14,2,1,9.77808,9.7253,9.79863,9.48339,9.82595,0,0,2027-12-31,19,3,2,2.39257,2.38917,2.38864,2.36127,2.38777,1,1,2026-09-30,14,2,1,8.94196,8.94346,8.93843,8.71108,8.93971,2,2,2026-12-31,19,1,0,USD,USD,84361879552,163.58,515722417
MNST,0.27544,0.273,0.27544,0.2651,0.27644,0,0,2026-12-31,10,6,2,1.30904,1.29707,1.30904,1.27968,1.30711,3,1,2027-12-31,13,8,1,0.29768,0.29336,0.29768,0.29548,0.29868,3,0,2026-09-30,10,2,1,1.15096,1.14945,1.15096,1.13445,1.15142,1,0,2026-12-31,11,8,2,USD,USD,85512609792,43.65,1959051764
MO,1.37085,1.37122,1.37085,1.37581,1.37085,5,1,2026-12-31,11,5,0,5.86403,5.86446,5.86403,5.87639,5.86546,6,2,2027-12-31,14,3,0,1.50777,1.50495,1.50777,1.50521,1.50777,3,0,2026-09-30,11,6,1,5.67712,5.6767,5.67712,5.68318,5.67712,6,1,2026-12-31,12,3,1,USD,USD,119253106688,71.42,1669743926
MOS,0.2173,0.16151,0.20058,0.35692,0.20063,6,5,2026-12-31,12,2,3,1.60579,1.66285,1.58039,1.90375,1.57292,2,0,2027-12-31,16,1,1,0.05989,0.02972,0.0499,0.31443,0.03406,9,9,2026-09-30,12,0,0,0.41212,0.37897,0.4122,0.85411,0.40233,2,1,2026-12-31,16,0,0,USD,USD,6272080896,19.73,317895646
MPC,11.30237,11.10496,15.66862,6.33718,16.74304,0,0,2026-12-31,17,7,2,34.30423,31.07657,48.65213,23.58195,50.7611,0,1,2027-12-31,19,12,3,20.05046,19.43806,22.96691,10.1314,23.7927,0,1,2026-09-30,18,8,2,50.98801,49.80384,56.62107,30.61458,58.84538,0,0,2026-12-31,17,9,3,USD,USD,130117345280,463.34,280824763
MPWR,8.07721,8.07315,8.07721,6.64179,8.09292,0,0,2026-12-31,14,12,10,34.8707,34.79503,34.8707,30.33306,34.97536,1,1,2027-12-31,15,11,11,7.70078,7.70238,7.70078,6.41669,7.71364,0,0,2026-09-30,14,12,11,27.43092,27.38798,27.43092,24.03648,27.45759,0,0,2026-12-31,15,12,12,USD,USD,67316084736,1369.8,49143000
MRK,1.95822,1.95369,1.95888,1.94346,1.95386,2,1,2026-12-31,19,1,0,9.54619,9.54441,9.48845,9.6651,9.37499,2,2,2027-12-31,25,6,0,2.21073,2.21767,2.18569,2.30594,2.14421,1,1,2026-09-30,19,1,0,2.7478,2.74312,2.73435,2.73505,2.70191,2,1,2026-12-31,26,2,0,USD,USD,351275909120,142.38,2467171638
MRNA,-1.74156,-1.8687,-1.74695,-2.0132,-1.74838,0,0,2026-12-31,14,5,3,-4.92553,-4.90677,-4.79116,-4.75889,-4.79066,4,1,2027-12-31,20,6,2,-1.28924,-1.35067,-1.27482,-1.20903,-1.27349,0,0,2026-09-30,15,4,2,-8.4061,-8.58108,-8.38721,-8.66851,-8.38674,1,1,2026-12-31,21,7,3,USD,USD,78649475072,197.0,399235889
MRSH,2.22891,2.22835,2.22996,2.21223,2.22777,3,1,2026-12-31,20,2,2,11.41037,11.40773,11.42371,11.293,11.42204,2,1,2027-12-31,23,4,2,1.97412,1.9766,1.97182,1.98186,1.96917,3,2,2026-09-30,22,2,1,10.45199,10.45193,10.45031,10.38495,10.44721,2,1,2026-12-31,23,4,2,USD,USD,84308910080,176.67,477211268
MRVL,1.35513,1.23933,1.35573,1.23735,1.35991,0,0,2027-01-31,33,28,29,6.72085,6.24094,6.76913,6.17792,7.28277,1,0,2028-01-31,43,35,2,1.10101,1.07276,1.09978,1.073,1.10124,1,2,2026-10-31,34,25,25,4.20105,4.05553,4.2113,4.0558,4.22002,1,0,2027-01-31,41,33,0,USD,USD,246838214656,274.66,876926613
MS,2.94339,2.94339,2.93466,2.88094,2.91259,0,1,2026-12-31,16,1,0,13.64926,13.64926,13.66132,13.05494,13.60636,0,1,2027-12-31,22,1,0,3.15951,3.15951,3.10123,2.94011,2.9359,1,2,2026-09-30,16,1,0,12.97822,12.97822,12.90477,12.12618,12.72503,1,2,2026-12-31,22,1,0,USD,USD,294386958336,187.44,1570566292
MSCI,5.17686,5.17686,5.1684,5.24469,5.16098,0,0,2026-12-31,14,1,1,22.49735,22.4968,22.48791,22.74288,22.46889,0,0,2027-12-31,18,2,1,5.02283,5.02283,5.0136,5.12282,5.03202,1,1,2026-09-30,14,0,0,19.74062,19.66069,19.72784,19.82863,19.70484,1,1,2026-12-31,18,0,0,USD,USD,40833409024,561.67,72700000
MSFT,4.82878,4.82335,4.82158,4.7869,4.82904,2,2,2026-12-31,27,0,0,23.57328,23.4742,23.67588,22.57701,23.67732,1,1,2028-06-30,33,1,1,4.72455,4.72036,4.72455,4.62242,4.72336,5,0,2026-09-30,27,17,1,19.75306,19.69383,19.75972,19.38566,19.76867,0,0,2027-06-30,34,1,1,USD,USD,3880664432640,522.61,7425545491
MSI,5.48069,5.29039,5.49596,5.28804,5.49596,0,1,2026-12-31,4,13,1,19.35942,18.53727,19.43068,18.51922,19.43068,0,0,2027-12-31,5,14,2,4.44073,4.42793,4.43553,4.42496,4.43553,5,1,2026-09-30,4,7,0,17.69282,16.98393,17.7246,16.9762,17.7246,0,1,2026-12-31,5,12,0,USD,USD,73995583488,447.12,165493788
MTB,4.95428,4.96845,4.98021,5.00361,4.92484,2,3,2026-12-31,15,2,1,21.06782,21.06782,21.09719,20.92376,21.03226,1,1,2027-12-31,18,2,2,4.91572,4.90655,4.92526,4.88932,4.918,3,3,2026-09-30,15,2,1,19.30029,19.29888,19.33349,18.74786,19.28263,1,2,2026-12-31,18,4,2,USD,USD,31419199488,217.56,144416262
MTD,14.90209,14.89137,14.88286,14.91304,14.89007,3,4,2026-12-31,11,7,6,51.70193,51.69107,51.73207,51.27917,51.76691,2,2,2027-12-31,14,10,10,12.10792,12.11137,12.08642,12.07502,12.09399,6,5,2026-09-30,12,4,5,47.34261,47.34282,47.3373,46.66979,47.34583,0,0,2026-12-31,14,12,12,USD,USD,30645116928,1529.46,20036559
MU,37.76854,37.81096,39.04443,37.48482,42.12014,1,1,2026-11-30,30,6,3,171.02492,167.57413,181.98302,163.34702,206.33243,1,0,2027-08-31,36,4,3,34.89147,34.91812,36.00891,34.81046,38.21061,1,1,2026-08-31,33,6,4,156.24937,156.32712,162.09982,150.00752,176.15115,1,1,2026-08-31,36,5,3,USD,USD,1169870553088,1035.84,1129393151
NCLH,-0.07859,-0.08141,-0.07817,0.12801,-0.08318,1,1,2026-12-31,14,0,0,1.69221,1.71886,1.66999,2.0366,1.64108,3,2,2027-12-31,25,0,0,0.89633,0.89886,0.89742,0.89643,0.92897,1,1,2026-09-30,14,0,0,1.53661,1.53391,1.53739,1.66584,1.53871,1,1,2026-12-31,24,0,0,USD,USD,7112819712,15.49,459187846
NDAQ,1.08327,1.0839,1.08327,1.06,1.07608,2,1,2026-12-31,15,11,0,4.67847,4.67209,4.67942,4.4987,4.67591,0,0,2027-12-31,17,2,1,1.02689,1.02829,1.02689,1.00186,1.01988,2,1,2026-09-30,15,11,0,4.13591,4.1383,4.13505,3.98651,4.12214,2,1,2026-12-31,17,0,0,USD,USD,51632738304,92.37,558977372
NDSN,2.55,2.54013,2.6075,2.54513,2.60333,0,0,2027-01-31,3,2,2,12.5525,12.54443,12.9425,12.55554,12.98286,0,0,2027-10-31,7,7,7,3.28,3.27852,3.42857,3.28227,3.455,0,0,2026-10-31,6,6,6,11.58875,11.58842,11.905,11.59176,11.94571,0,0,2026-10-31,7,7,7,USD,USD,18206451712,326.87,55699366
NEE,0.62337,0.65507,0.62226,0.65564,0.62142,1,0,2026-12-31,12,1,1,4.38861,4.41818,4.39361,4.40105,4.37634,2,0,2027-12-31,22,0,1,1.1822,1.21745,1.17868,1.22324,1.17618,2,1,2026-09-30,12,0,0,4.04804,4.05111,4.04954,4.03729,4.02267,1,1,2026-12-31,19,0,0,USD,USD,161392148480,77.37,2085978209
NEM,2.17571,2.37143,2.21286,2.5209,2.16714,1,0,2026-12-31,7,1,1,10.08462,10.51421,10.23154,10.99031,10.14154,1,0,2027-12-31,13,3,1,1.91571,2.09563,1.91286,2.32049,1.93714,0,0,2026-09-30,7,1,1,9.15083,9.34264,9.18417,9.78447,9.17167,1,0,2026-12-31,12,2,1,USD,USD,121754148864,115.55,1053692271
NFLX,0.72954,0.72953,0.72792,0.73705,0.72752,1,0,2026-12-31,33,3,1,3.81626,3.81279,3.80826,3.83084,3.80133,2,2,2027-12-31,45,0,0,0.82233,0.8218,0.82285,0.84195,0.82268,2,0,2026-09-30,35,3,1,3.58437,3.58253,3.58364,3.59078,3.5833,1,1,2026-12-31,41,0,0,USD,USD,298013163520,71.57,4163939676
NI,0.61705,0.60069,0.62025,0.5599,0.62025,1,0,2026-12-31,7,5,1,2.25254,2.25347,2.25315,2.24921,2.25108,4,0,2027-12-31,16,1,1,0.21881,0.21855,0.21512,0.21711,0.21512,4,1,2026-09-30,7,2,0,2.05255,2.05678,2.05226,2.05718,2.05067,4,1,2026-12-31,14,1,0,USD,USD,19436570624,40.53,479560100
NKE,0.43158,0.43535,0.41392,0.43443,0.26593,6,5,2027-02-28,25,1,1,2.22078,2.23778,2.10291,2.26662,1.65264,8,6,2028-05-31,38,1,1,0.45371,0.45236,0.44529,0.4486,0.43689,6,5,2026-08-31,24,0,0,1.7122,1.72383,1.66263,1.73093,1.28907,7,5,2027-05-31,34,1,1,USD,USD,51599630336,34.74,1203921077
NOC,8.00723,8.0158,8.01538,7.95802,8.01316,1,1,2026-12-31,18,0,0,30.43997,30.43133,30.45235,30.1665,30.448,3,0,2027-12-31,23,15,2,7.16282,7.15237,7.17036,6.99969,7.1737,0,0,2026-09-30,18,1,1,28.99309,29.01474,29.00516,27.94915,29.00334,0,0,2026-12-31,22,21,0,USD,USD,68826693632,484.48,142063026
NOW,1.17044,1.17044,1.17044,1.2092,1.17044,0,0,2026-12-31,38,0,0,5.00551,5.00619,5.00551,5.02669,5.00551,19,18,2027-12-31,44,17,18,1.02553,1.02553,1.02553,1.09053,1.02553,0,0,2026-09-30,39,0,0,4.06673,4.06764,4.06673,4.12323,4.06673,0,0,2026-12-31,44,0,0,USD,USD,144482222080,139.75,1033862000
NRG,2.29696,2.27196,2.6712,2.58923,2.6712,2,0,2026-12-31,5,1,0,10.9701,11.70787,11.19645,11.79894,11.18918,1,1,2027-12-31,11,0,0,3.17406,3.15656,2.8678,2.81758,2.8678,1,0,2026-09-30,5,2,0,8.80744,9.17166,8.8307,9.14439,8.8327,0,0,2026-12-31,10,1,1,USD,USD,22349578240,106.32,210210483
NSC,3.22363,3.22974,3.2129,3.07502,3.20314,0,0,2026-12-31,16,1,1,14.32112,14.29703,14.3194,13.73584,14.29094,1,1,2027-12-31,22,1,0,3.58751,3.57593,3.56592,3.3444,3.50369,0,0,2026-09-30,18,15,1,12.96527,12.98229,12.93654,12.30975,12.87657,1,1,2026-12-31,22,1,1,USD,USD,71198605312,316.99,224608373
NTAP,2.36436,2.20356,2.36666,2.20338,2.37166,1,0,2027-01-31,18,15,0,10.9062,9.83832,11.12094,9.84372,11.15568,0,0,2028-04-30,19,18,2,2.59957,2.13899,2.59962,2.13858,2.60017,0,0,2026-10-31,18,16,0,10.01114,8.90347,10.00569,8.90323,10.00569,0,0,2027-04-30,19,18,0,USD,USD,45382610944,231.05,196419005
NTRS,2.93235,2.93025,2.92715,2.94363,2.94258,1,1,2026-12-31,10,3,1,12.56777,12.55944,12.60536,12.29256,12.70567,0,0,2027-12-31,11,4,2,2.80698,2.80213,2.82438,2.78617,2.8407,0,0,2026-09-30,10,4,2,12.73589,12.73033,12.72266,13.1018,12.61958,1,1,2026-12-31,10,3,1,USD,USD,30828025856,168.5,182955653
NUE,4.9241,4.93484,5.19497,4.31333,5.16497,1,1,2026-12-31,5,3,2,19.04565,18.81518,19.85624,17.10882,20.13295,1,2,2027-12-31,11,6,4,5.88563,5.87056,5.83579,5.26333,5.81882,3,4,2026-09-30,8,2,1,18.72638,18.76838,19.23284,16.92875,18.90777,1,4,2026-12-31,9,4,1,USD,USD,55843180544,246.14,226875676
NVDA,2.74567,2.66044,2.74295,2.64729,2.74622,10,0,2027-01-31,42,27,0,15.51906,12.83623,15.68263,12.71023,15.9146,0,0,2028-01-31,52,46,2,2.46983,2.34527,2.47356,2.33883,2.47325,2,0,2026-10-31,44,35,0,9.30725,8.96139,9.30713,8.93743,9.31242,1,0,2027-01-31,51,43,0,USD,USD,5565400481792,230.48,24147000000
NVR,107.36266,107.36266,106.60432,106.62624,106.43085,1,1,2026-12-31,7,0,0,411.62387,411.62387,400.6172,420.05463,391.99045,2,2,2027-12-31,7,0,0,104.4314,104.4314,104.10973,97.11053,102.62263,1,1,2026-09-30,7,0,0,361.1004,361.1004,360.0354,360.9713,358.50748,1,1,2026-12-31,7,0,0,USD,USD,16075746304,6002.55,2678153
NWS,0.47076,0.46736,0.47076,0.46736,0.47076,2,0,2026-12-31,4,0,0,1.47352,1.47352,1.49942,1.45732,1.51172,2,1,2028-06-30,5,2,1,0.25989,0.25768,0.25989,0.25768,0.25989,1,0,2026-09-30,4,1,0,1.31961,1.29118,1.31961,1.29118,1.31961,2,0,2027-06-30,5,2,1,USD,USD,17204652032,31.92,179474538
NWSA,0.47076,0.46736,0.47076,0.46736,0.47076,2,0,2026-12-31,4,0,0,1.47352,1.47352,1.49942,1.45732,1.51172,2,1,2028-06-30,5,2,1,0.25989,0.25768,0.25989,0.25768,0.25989,1,0,2026-09-30,4,1,0,1.31961,1.29118,1.31961,1.29118,1.31961,2,0,2027-06-30,5,2,1,USD,USD,15614621696,28.97,359518321
NXPI,4.31826,4.31826,4.31826,4.20653,4.31826,1,3,2026-12-31,22,19,16,18.09511,18.09511,18.13491,17.70982,18.13491,4,6,2027-12-31,25,17,14,4.10412,4.10412,4.10412,3.99152,4.10412,2,5,2026-09-30,22,17,14,15.0591,15.0591,15.0591,14.80431,15.0591,2,4,2026-12-31,25,19,17,USD,USD,58267578368,231.07,252164174
O,0.41396,0.41396,0.4101,0.39092,0.42592,0,0,2026-12-31,2,1,1,1.58522,1.70715,1.55302,1.72133,1.55302,2,1,2027-12-31,3,0,0,0.42093,0.42093,0.43618,0.41004,0.43472,0,0,2026-09-30,2,1,1,1.54575,1.56128,1.50987,1.56503,1.51211,2,2,2026-12-31,9,1,0,USD,USD,51256631296,54.17,946218033
ODFL,1.41907,1.41723,1.41978,1.3715,1.4373,0,0,2026-12-31,16,3,2,6.59004,6.58603,6.61092,6.40158,6.65137,1,1,2027-12-31,20,2,1,1.59089,1.59058,1.59451,1.52177,1.60735,1,1,2026-09-30,18,2,1,5.80736,5.80532,5.81248,5.52842,5.83809,1,1,2026-12-31,20,2,1,USD,USD,37777436672,181.65,207968283
OKE,1.55006,1.53823,1.49976,1.51862,1.49315,2,1,2026-12-31,9,2,0,6.20611,6.22569,6.09928,6.15914,6.13788,3,1,2027-12-31,11,3,0,1.56841,1.49404,1.54063,1.46446,1.54396,2,1,2026-09-30,13,5,0,5.79073,5.78464,5.76711,5.71663,5.76565,4,2,2026-12-31,11,2,0,USD,USD,56919650304,90.29,630409203
OMC,3.22368,3.18768,3.26973,3.48016,3.26806,1,1,2026-12-31,6,0,0,12.04457,12.03957,11.74499,12.2102,11.65681,3,1,2027-12-31,11,1,1,2.55897,2.53297,2.59914,2.79554,2.67081,0,0,2026-09-30,6,1,1,10.59339,10.56673,10.53407,10.82471,10.57607,1,1,2026-12-31,10,1,1,USD,USD,20973746176,76.45,274345967
ON,0.95462,0.95462,0.95368,0.91449,0.9557,1,2,2026-12-31,28,21,19,4.5291,4.51843,4.5288,4.3136,4.5288,1,1,2027-12-31,31,4,2,0.87385,0.87385,0.87473,0.83272,0.87563,3,4,2026-09-30,28,21,19,3.20248,3.19882,3.20176,3.09965,3.20176,2,2,2026-12-31,31,1,1,USD,USD,30915792896,79.41,389318613
ORCL,2.06488,2.06091,2.02218,2.06091,2.02263,23,24,2027-02-28,32,5,5,10.96763,10.89015,10.99719,10.9216,10.99899,10,11,2028-05-31,39,23,21,1.88946,1.88765,1.89225,1.88765,1.8933,13,4,2026-11-30,33,15,16,8.06295,8.05139,8.1414,8.04521,8.14059,1,2,2027-05-31,37,35,33,USD,USD,411344371712,135.69,3031501149
ORLY,0.77647,0.77647,0.77541,0.769,0.77541,1,1,2026-12-31,20,0,0,3.64938,3.64938,3.64766,3.61759,3.64766,1,1,2027-12-31,23,0,0,0.92478,0.92478,0.92521,0.90951,0.92521,0,0,2026-09-30,20,1,1,3.27953,3.27953,3.27959,3.25615,3.27959,0,0,2026-12-31,23,1,1,USD,USD,69578719232,86.01,808960792
OTIS,1.14804,1.15105,1.13444,1.17139,1.13862,1,1,2026-12-31,8,1,0,4.54412,4.61269,4.5341,4.70789,4.52966,3,1,2027-12-31,15,1,0,1.00904,1.0189,1.00949,1.08532,1.01256,5,1,2026-09-30,9,0,0,4.04661,4.0669,4.03916,4.20286,4.0428,2,1,2026-12-31,14,1,0,USD,USD,25166051328,66.11,380669339
OXY,1.36722,1.18343,1.49315,1.26916,1.52578,2,0,2026-12-31,19,6,3,3.83667,3.89551,4.0287,4.07139,4.08531,2,0,2027-12-31,23,6,4,1.27232,1.19361,1.27358,1.41574,1.34998,4,1,2026-09-30,20,4,2,5.8541,5.44771,6.16009,5.84027,6.23609,1,0,2026-12-31,22,8,3,USD,USD,60258140160,60.28,999637371
P,0.83854,0.74006,0.83801,0.74026,0.83801,1,2,2027-01-31,19,17,1,3.54356,3.0057,4.22137,3.00826,4.22137,0,0,2028-01-31,19,18,15,0.77122,0.64159,0.76958,0.64154,0.76958,0,2,2026-10-31,19,19,1,2.78033,2.4352,2.7777,2.43529,2.7777,0,2,2027-01-31,19,18,1,USD,USD,50174029824,150.57,333227251
PANW,0.45629,0.47198,0.43088,0.47198,0.43088,3,0,2027-01-31,16,2,0,2.23835,2.28608,2.21057,2.28608,2.21057,5,0,2028-07-31,18,6,1,0.97043,0.93781,0.9715,0.93723,0.9715,5,0,2026-10-31,45,32,0,4.19925,4.12645,4.1889,4.12036,4.1889,10,2,2027-07-31,53,37,0,USD,USD,325972983808,398.5,818000000
PAYX,1.83709,1.83816,1.87127,1.83834,1.87127,2,2,2027-02-28,18,13,14,6.39073,6.38453,6.38856,6.39146,6.38856,9,10,2028-05-31,19,4,5,1.35988,1.363,1.27693,1.36327,1.27693,16,18,2026-11-30,18,0,0,5.97535,5.98121,5.96074,5.96768,5.96074,7,8,2027-05-31,19,5,6,USD,USD,37185720320,104.46,355980473
PCAR,1.74593,1.73793,1.75893,1.64445,1.75731,1,0,2026-12-31,10,2,1,7.17225,7.18495,7.22225,6.76223,7.14228,0,0,2027-12-31,14,2,1,1.60244,1.58844,1.60144,1.53092,1.60074,1,1,2026-09-30,11,2,0,5.96453,5.96825,5.98223,5.7051,5.95765,0,0,2026-12-31,14,3,2,USD,USD,57721184256,109.66,526364953
PCG,0.39717,0.39804,0.39273,0.41265,0.39273,2,1,2026-12-31,10,1,0,1.80162,1.80238,1.80162,1.80253,1.80162,5,6,2027-12-31,17,2,0,0.42049,0.4327,0.42134,0.44902,0.42134,2,0,2026-09-30,10,1,1,1.64741,1.65272,1.64741,1.64683,1.64741,1,1,2026-12-31,17,2,1,USD,USD,38039990272,12.67,2202366906
PEG,0.80334,0.84708,0.79891,0.91718,0.80164,1,0,2026-12-31,11,0,1,4.67242,4.68128,4.67242,4.69881,4.67242,6,2,2027-12-31,21,3,0,1.1805,1.18587,1.18505,1.15244,1.17778,2,1,2026-09-30,11,0,0,4.36942,4.38338,4.36942,4.37947,4.37042,0,0,2026-12-31,20,2,1,USD,USD,35806494720,71.84,498420030
PEP,1.66206,1.6636,1.65236,1.6636,1.64296,2,1,2027-03-31,11,0,0,8.97539,8.97844,8.92553,9.00431,8.8802,3,2,2027-12-31,22,0,0,2.43651,2.43651,2.4311,2.43593,2.39281,2,2,2026-12-31,16,0,0,8.55878,8.55878,8.55228,8.57242,8.52763,2,2,2026-12-31,21,0,0,USD,USD,175312437248,128.34,1366000000
PFE,0.70821,0.70693,0.70814,0.69719,0.70686,1,1,2026-12-31,17,0,0,2.8954,2.89132,2.89684,2.8274,2.90124,1,1,2027-12-31,25,1,0,0.75889,0.76628,0.75885,0.82498,0.74878,1,1,2026-09-30,17,0,0,2.97515,2.97171,2.97497,2.94688,2.97017,1,1,2026-12-31,25,0,0,USD,USD,158564925440,27.82,5699673589
PFG,2.5045,2.52514,2.51716,2.4945,2.49782,1,1,2026-12-31,9,1,0,10.36264,10.35664,10.41442,10.21339,10.29407,1,0,2027-12-31,10,3,1,2.4957,2.51043,2.49943,2.47006,2.47173,1,0,2026-09-30,10,1,1,9.52164,9.56688,9.56053,9.35123,9.52051,1,0,2026-12-31,10,1,1,USD,USD,23502266368,109.77,214104641
PG,1.88086,1.88086,1.8811,1.88673,1.88215,8,5,2026-12-31,19,3,2,7.3998,7.40283,7.39995,7.4372,7.39652,3,0,2028-06-30,24,2,1,1.88694,1.88694,1.88687,1.94371,1.89212,12,8,2026-09-30,19,0,3,6.97974,6.99864,6.97995,7.05206,6.97842,4,0,2027-06-30,24,1,1,USD,USD,349771235328,150.59,2322672312
PGR,4.18621,4.12916,4.12667,4.16481,4.16784,9,10,2026-12-31,19,6,3,16.29414,16.26888,16.24024,16.49209,16.36587,4,3,2027-12-31,23,5,3,4.01125,3.6479,4.20769,3.71983,4.35419,2,2,2026-09-30,19,14,11,17.9671,17.6096,18.10235,17.47796,18.27698,2,2,2026-12-31,23,11,7,USD,USD,126950891520,218.73,580400000
PH,8.44685,8.28123,8.44774,8.21567,8.45751,0,0,2026-12-31,14,0,0,39.15954,38.11166,39.31106,37.43667,39.43385,0,0,2028-06-30,16,1,1,8.12852,8.12815,8.13398,8.07762,8.15241,1,1,2026-09-30,14,0,0,35.31744,34.7272,35.39692,34.10884,35.47441,0,0,2027-06-30,15,1,1,USD,USD,119423418368,946.96,126112415
PHM,3.28341,3.28369,3.20869,3.09513,3.1911,2,1,2026-12-31,13,0,0,11.24941,11.24103,11.02479,11.11234,10.96945,4,2,2027-12-31,14,0,0,2.65163,2.65009,2.63926,2.78377,2.62009,2,1,2026-09-30,13,0,0,10.16729,10.17706,10.09498,10.02005,10.06248,3,2,2026-12-31,14,0,0,USD,USD,21625915392,113.53,190486353
PKG,2.81605,2.79862,2.8,2.71087,2.80576,1,0,2026-12-31,7,1,0,12.93639,12.6755,13.11973,12.53058,13.25271,0,0,2027-12-31,9,1,0,2.93016,2.93238,2.90667,2.94261,2.90908,1,0,2026-09-30,7,0,0,10.49928,10.48562,10.45333,10.40179,10.46446,1,0,2026-12-31,7,1,0,USD,USD,20487262208,229.94,89098299
PLD,0.77,0.77,0.77,0.78,0.77333,0,0,2026-12-31,3,1,1,3.405,3.4025,3.405,3.3025,3.33333,0,0,2027-12-31,3,1,1,0.79,0.79,0.79,0.78333,0.77667,0,0,2026-09-30,3,1,1,3.33,3.25667,3.33,3.0975,3.3575,0,0,2026-12-31,4,1,1,USD,USD,125681688576,129.29,950333372
PLTR,0.4645,0.46319,0.46381,0.42099,0.46338,0,0,2026-12-31,23,20,2,2.32597,2.30872,2.34416,2.09448,2.34845,0,0,2027-12-31,28,3,1,0.41452,0.41365,0.41367,0.37339,0.41323,0,0,2026-09-30,23,22,2,1.60858,1.59927,1.62012,1.47608,1.61976,0,0,2026-12-31,28,3,1,USD,USD,477679943680,198.78,2300713329
PM,1.95632,1.95632,1.95206,1.98118,1.93715,1,1,2026-12-31,5,2,0,9.16878,9.16878,9.19078,9.12123,9.18575,0,0,2027-12-31,15,4,2,2.24951,2.24951,2.3425,2.43562,2.33243,0,0,2026-09-30,5,4,1,8.38096,8.38096,8.40168,8.40663,8.41384,0,0,2026-12-31,10,4,2,USD,USD,312501993472,200.5,1558613439
PNC,5.09928,5.09928,5.10541,5.0725,5.10319,4,3,2026-12-31,16,1,1,21.51594,21.51594,21.5658,21.14161,21.50065,2,0,2027-12-31,19,5,5,4.88794,4.88794,4.89231,4.92423,4.89238,2,2,2026-09-30,16,2,2,18.90073,18.90073,18.91093,18.51378,18.90969,4,3,2026-12-31,18,2,2,USD,USD,87639941120,219.68,398943667
PNR,1.20798,1.2121,1.21148,1.32237,1.20667,5,0,2026-12-31,3,6,1,5.16865,5.18003,5.1619,5.80996,5.22,1,1,2027-12-31,3,1,1,1.07378,1.07327,1.07499,1.32779,1.07392,11,1,2026-09-30,14,1,0,4.64367,4.64697,4.6484,5.34477,4.64,0,0,2026-12-31,3,2,2,USD,USD,8347079680,52.3,159600000
PNW,-0.18,-0.17636,-0.18,-0.12807,-0.222,2,0,2026-12-31,5,4,1,5.64111,5.65146,5.64,5.64646,5.646,0,0,2027-12-31,10,4,2,3.152,3.15098,3.152,3.16825,3.19,3,0,2026-09-30,6,1,1,4.71,4.72051,4.711,4.70051,4.72,0,0,2026-12-31,10,3,1,USD,USD,11874905088,97.98,121197234
PODD,1.84141,1.84519,1.83998,1.96317,1.84693,1,1,2026-12-31,22,0,0,7.71086,7.72899,7.70651,8.07697,7.73103,1,1,2027-12-31,24,0,0,1.58706,1.59698,1.58706,1.63918,1.58797,17,2,2026-09-30,23,3,1,6.5029,6.50893,6.50159,6.48053,6.50761,1,1,2026-12-31,24,0,0,USD,USD,9326059520,134.47,69354199
PPG,1.69956,1.70014,1.70069,1.68137,1.70235,8,1,2026-12-31,18,8,0,8.67283,8.68087,8.66314,8.66886,8.64408,10,1,2027-12-31,23,9,0,2.13701,2.13645,2.13558,2.13153,2.13477,7,0,2026-09-30,19,9,1,7.89675,7.88349,7.89689,7.8762,7.89664,9,0,2026-12-31,23,8,1,USD,USD,23443757056,105.46,222300000
PPL,0.46499,0.45872,0.46832,0.45557,0.46832,1,0,2026-12-31,9,3,1,2.11703,2.11688,2.11784,2.11625,2.11915,0,0,2027-12-31,17,3,1,0.52454,0.51762,0.52565,0.50265,0.52565,1,0,2026-09-30,9,3,1,1.94774,1.94928,1.95056,1.95055,1.94865,1,0,2026-12-31,16,2,1,USD,USD,25661777920,34.1,752544841
PRU,3.32449,3.27335,3.30306,3.30069,3.29424,2,1,2026-12-31,13,4,0,14.85474,14.66334,14.85974,14.60342,14.86316,0,0,2027-12-31,16,6,1,3.45833,3.4132,3.44767,3.45969,3.45944,1,0,2026-09-30,16,3,1,14.52113,13.98018,14.48412,13.71405,14.46266,0,0,2026-12-31,15,2,1,USD,USD,39167848448,113.53,345000000
PSA,2.4928,2.3,2.5028,2.27042,2.3771,0,0,2026-12-31,4,1,1,10.11656,9.19,10.22742,9.88198,9.85394,1,1,2027-12-31,5,0,0,2.45616,2.13,2.42616,2.20058,2.29462,1,1,2026-09-30,4,0,0,9.88354,9.39,9.99903,9.82782,9.77427,0,1,2026-12-31,4,0,0,USD,USD,53350064128,285.52,186852295
PSKY,-0.0172,-0.01301,-0.04442,0.02472,-0.05146,0,0,2026-12-31,15,0,0,0.8508,0.85979,0.84584,0.87621,0.84149,0,0,2027-12-31,17,0,0,0.19207,0.19984,0.19196,0.21432,0.19317,9,10,2026-09-30,18,4,3,0.56207,0.58107,0.54207,0.63202,0.53633,0,0,2026-12-31,19,0,0,USD,USD,10992190464,9.775,1093020754
PSX,6.58377,6.37884,7.84787,4.73442,8.34417,0,0,2026-12-31,17,7,4,21.29483,19.91346,25.75825,17.79899,26.74945,0,0,2027-12-31,19,10,4,9.54853,9.56345,10.79088,6.72136,11.0588,1,0,2026-09-30,18,6,4,25.77667,25.52483,28.57447,18.53458,29.30512,0,0,2026-12-31,18,8,4,USD,USD,112903299072,281.6,400935020
PTC,1.95136,1.95136,1.93915,1.84833,1.93608,4,4,2026-12-31,13,8,8,8.90923,8.88819,8.92972,8.62959,8.91773,0,0,2027-09-30,19,3,1,1.96404,1.96404,1.96698,1.81329,1.96342,3,3,2026-09-30,15,13,13,8.19996,8.18823,8.2047,8.08082,8.19958,1,0,2026-09-30,19,2,1,USD,USD,21045319680,193.73,108632228
PWR,4.77992,4.76109,4.8404,3.80821,4.8404,0,0,2026-12-31,21,1,1,19.6413,19.3293,19.77394,16.47186,19.77394,0,0,2027-12-31,26,2,1,5.01966,5.00962,4.99112,4.23987,4.99112,1,1,2026-09-30,21,0,0,16.72777,16.70529,16.74256,14.01055,16.74256,1,1,2026-12-31,26,0,0,USD,USD,103034839040,685.33,150343393
PYPL,1.34512,1.34604,1.345,1.36435,1.34465,16,1,2026-12-31,34,10,0,5.78777,5.78386,5.78532,5.74825,5.77944,3,2,2027-12-31,43,4,0,1.31491,1.31685,1.3146,1.3293,1.31404,18,2,2026-09-30,36,11,0,5.38812,5.38171,5.39109,5.30693,5.39011,3,1,2026-12-31,42,5,1,USD,USD,47067455488,55.02,855460874
Q,1.10667,0.904,1.082,0.906,1.082,0,0,2026-12-31,5,5,5,5.37814,5.35939,5.37814,4.86646,5.37814,0,0,2027-12-31,8,8,7,1.2,1.068,1.2,1.056,1.2,0,0,2026-09-30,5,5,5,4.58512,4.59013,4.58512,4.13914,4.58512,0,0,2026-12-31,8,7,7,USD,USD,26502539264,126.68,209208543
QCOM,2.3003,2.34844,2.29838,2.68896,2.29722,0,0,2026-12-31,26,0,0,10.21807,10.29695,10.20401,11.00809,10.19665,1,0,2027-09-30,34,1,0,2.15493,2.17734,2.15685,2.36865,2.15685,0,0,2026-09-30,26,0,0,10.52244,10.54072,10.48422,10.80199,10.48422,1,0,2026-09-30,31,0,0,USD,USD,187950415872,176.01,1067839507
RCL,3.65827,3.65874,3.66527,3.44399,3.65905,2,1,2026-12-31,23,1,1,20.29286,20.28286,20.4383,20.0205,20.43253,1,1,2027-12-31,29,2,1,6.3183,6.3183,6.35608,6.32678,6.3603,0,0,2026-09-30,23,2,2,17.79981,17.79981,17.83639,17.34922,17.83546,1,1,2026-12-31,28,0,0,USD,USD,75263688704,281.41,267452084
RDDT,1.81506,1.7404,1.81506,1.73392,1.82027,0,0,2026-12-31,23,1,1,7.02198,6.52975,7.03708,6.47046,7.06846,0,0,2027-12-31,29,3,1,1.31948,1.26009,1.31948,1.25485,1.31469,0,0,2026-09-30,23,1,1,5.39385,4.98224,5.3829,4.96694,5.37841,0,0,2026-12-31,29,2,1,USD,USD,30104283136,156.47,146103200
REG,0.61222,0.61946,0.61222,0.6007,0.61056,1,0,2026-12-31,6,1,1,2.51718,2.52374,2.51718,2.51436,2.51433,2,1,2027-12-31,7,1,0,0.60278,0.60073,0.60278,0.5857,0.60232,0,0,2026-09-30,6,2,1,2.47165,2.46764,2.47165,2.42392,2.47022,0,0,2026-12-31,7,3,1,USD,USD,13363811328,71.48,183120547
REGN,15.60878,15.66422,15.60455,13.02614,17.88985,0,0,2026-12-31,21,1,1,50.38474,50.21303,50.62527,48.10185,50.6286,3,1,2027-12-31,9,5,0,15.99714,16.04549,15.99218,13.041,16.02892,1,1,2026-09-30,22,0,0,53.54745,53.00495,54.09866,46.02122,56.5207,1,0,2026-12-31,27,2,1,USD,USD,76142428160,739.57,101137842
RF,0.68244,0.68244,0.68561,0.69659,0.68592,0,0,2026-12-31,16,3,1,2.84262,2.84262,2.84423,2.84983,2.84811,0,0,2027-12-31,18,1,1,0.65426,0.65426,0.65865,0.66786,0.66177,0,0,2026-09-30,16,1,1,2.63483,2.63251,2.64555,2.61119,2.65111,0,0,2026-12-31,15,3,1,USD,USD,23061731328,27.07,851929506
RJF,3.33724,3.33117,3.35867,3.26237,3.38179,0,0,2026-12-31,12,1,1,14.19862,14.18138,14.19729,13.7046,14.25748,1,1,2027-09-30,15,0,0,3.34541,3.34429,3.34612,3.29076,3.31867,0,0,2026-09-30,14,1,1,12.12747,12.12372,12.12814,11.85093,12.10577,0,0,2026-09-30,15,1,1,USD,USD,30467061760,158.6,192100000
RL,6.87827,6.81,6.87827,6.90335,6.87827,10,10,2026-12-31,16,3,3,20.96726,20.53388,20.96726,20.40995,20.96744,0,0,2028-03-31,18,17,1,4.22257,4.18,4.22257,4.03379,4.22257,0,0,2026-09-30,16,13,13,18.91112,18.53267,18.91112,18.41065,18.91112,0,0,2027-03-31,18,17,0,USD,USD,21889921024,367.39,37700963
RMD,3.03696,3.01474,3.03151,3.05213,3.03151,1,2,2026-12-31,13,0,0,13.21748,13.02838,13.23212,13.15626,13.23012,1,1,2028-06-30,20,3,3,2.6883,2.82729,2.67624,2.85126,2.66855,1,2,2026-09-30,13,0,0,12.08573,11.94983,12.08018,12.11499,12.08568,2,3,2027-06-30,20,0,0,USD,USD,31887136768,226.73,140639243
ROK,3.10055,3.08616,3.10548,3.07462,3.13441,0,0,2026-12-31,11,3,1,14.84759,14.83166,14.87933,14.62258,14.91147,0,0,2027-09-30,28,4,1,3.6836,3.68378,3.68497,3.58209,3.68886,0,0,2026-09-30,22,3,1,13.2241,13.21579,13.2295,13.02529,13.23279,0,0,2026-09-30,28,3,1,USD,USD,48308473856,434.14,111273953
ROL,0.26852,0.26873,0.26841,0.28319,0.26769,1,1,2026-12-31,14,0,0,1.30057,1.30425,1.29417,1.39438,1.28943,2,2,2027-12-31,19,0,0,0.35218,0.35292,0.35215,0.38675,0.34858,1,1,2026-09-30,14,0,0,1.17133,1.1722,1.17133,1.24474,1.1678,1,1,2026-12-31,17,0,0,USD,USD,15521750016,32.26,481145404
ROP,5.9061,5.90548,5.90518,5.8455,5.90518,3,2,2026-12-31,15,12,13,24.29241,24.27797,24.37902,23.87571,24.37902,3,0,2027-12-31,17,13,1,5.78878,5.79003,5.78936,5.65089,5.78936,0,0,2026-09-30,15,15,15,22.21842,22.21833,22.21774,21.93098,22.21774,0,0,2026-12-31,17,14,0,USD,USD,36022665216,364.23,98900874
ROST,2.24941,2.12382,2.25235,2.12382,2.25257,0,0,2027-01-31,10,2,1,8.91088,8.58578,8.91262,8.57529,8.95629,0,0,2028-01-31,12,2,1,1.82871,1.7272,1.83258,1.7272,1.83298,0,0,2026-10-31,10,1,1,8.61629,7.80748,8.67322,7.79597,8.7758,1,1,2027-01-31,11,0,0,USD,USD,72239898624,225.2,320781076
RSG,1.79128,1.79744,1.79172,1.83074,1.7912,1,1,2026-12-31,23,0,0,8.05704,8.07172,8.05934,8.05698,8.06031,0,0,2027-12-31,26,1,1,1.93039,1.9278,1.92778,1.92897,1.92548,1,1,2026-09-30,23,0,0,7.27639,7.27669,7.27639,7.28016,7.2739,1,1,2026-12-31,26,0,0,USD,USD,66399223808,216.84,306212978
RTX,1.82618,1.82618,1.8273,1.79096,1.8296,1,1,2026-12-31,19,0,0,7.85586,7.85325,7.85736,7.58335,7.86567,2,2,2027-12-31,24,1,0,1.76732,1.76732,1.76753,1.72891,1.76879,1,1,2026-09-30,19,1,1,7.24276,7.24243,7.2444,6.91733,7.24837,0,0,2026-12-31,24,1,1,USD,USD,248418779136,184.32,1347758144
RVTY,1.61223,1.61239,1.61694,1.67152,1.61409,12,12,2026-12-31,15,0,0,5.89237,5.89186,5.89256,5.83085,5.89408,3,3,2027-12-31,16,10,10,1.28976,1.28832,1.29279,1.31197,1.29679,12,12,2026-09-30,15,0,0,5.34998,5.34931,5.34964,5.24952,5.35177,0,0,2026-12-31,17,10,11,USD,USD,16978987008,152.16,111586401
SBAC,1.99095,1.9954,1.99095,1.86577,1.98873,1,1,2026-12-31,9,0,0,8.18447,8.20647,8.18447,8.17169,8.18047,1,0,2027-12-31,10,0,0,2.08641,2.09086,2.08641,2.01641,2.08641,1,1,2026-09-30,9,0,0,7.71072,7.71872,7.71072,7.54397,7.70972,1,1,2026-12-31,10,0,0,USD,USD,18036039680,170.01,106088110
SBUX,0.75501,0.75295,0.75106,0.76472,0.75278,7,5,2026-12-31,18,6,8,3.12132,3.11404,3.12073,3.00733,3.12519,0,0,2027-09-30,33,2,1,0.70043,0.69936,0.69883,0.67686,0.69974,0,0,2026-09-30,28,1,1,2.59137,2.59046,2.59971,2.3831,2.60048,0,0,2026-09-30,33,1,1,USD,USD,106259398656,93.21,1140000000
SCHW,1.78335,1.78469,1.78309,1.67607,1.77878,1,0,2026-12-31,19,2,2,7.80434,7.80276,7.83045,7.34105,7.89583,0,0,2027-12-31,23,4,3,1.67023,1.67034,1.67011,1.58347,1.66383,1,0,2026-09-30,19,1,1,6.48818,6.48941,6.48743,6.20084,6.47539,2,1,2026-12-31,22,2,2,USD,USD,167520747520,96.87,1729335714
SHW,2.37157,2.37015,2.37195,2.2812,2.36868,1,1,2026-12-31,23,0,0,13.61408,13.60386,13.59504,13.26619,13.54511,1,1,2027-12-31,28,0,0,3.69411,3.69632,3.6912,3.57561,3.68932,0,0,2026-09-30,23,18,17,12.10094,12.07694,12.09906,11.73893,12.09533,1,1,2026-12-31,28,1,0,USD,USD,77932650496,321.03,242758151
SJM,2.55365,2.55086,2.54012,2.54508,2.54012,7,7,2027-01-31,14,5,5,9.01,9.016,9.04,8.75429,9.04,1,1,2028-04-30,7,2,2,2.54758,2.55641,2.54758,2.55641,2.54758,6,7,2026-10-31,15,5,4,10.68938,10.0276,10.77271,10.00427,10.77271,0,0,2027-04-30,18,16,1,USD,USD,12755757056,119.41,106823183
SLB,0.7926,0.80237,0.78205,0.84084,0.77571,1,1,2026-12-31,22,1,0,3.23187,3.24918,3.21151,3.3217,3.20743,1,0,2027-12-31,24,4,2,0.62098,0.62489,0.62104,0.66875,0.62188,1,0,2026-09-30,22,1,1,2.49839,2.50591,2.48878,2.56526,2.47917,4,2,2026-12-31,26,0,0,USD,USD,72693334016,48.98,1484143231
SMCI,1.04263,0.8456,1.03851,0.77772,1.03851,1,1,2026-12-31,17,0,0,5.32592,3.85795,5.32592,3.70913,5.32592,0,0,2028-06-30,17,8,8,1.03705,0.76297,1.03705,0.66131,1.03705,0,1,2026-09-30,17,14,12,4.3382,3.34825,4.33765,3.19179,4.33765,1,1,2027-06-30,18,0,0,USD,USD,28098408448,42.77,656965384
SNA,5.20188,5.20188,5.20278,5.15562,5.18311,0,0,2026-12-31,9,0,0,21.3601,21.3601,21.4051,21.3172,21.3603,0,0,2027-12-31,10,1,1,4.97012,4.97012,4.96233,5.013,4.93122,0,0,2026-09-30,9,0,0,19.83044,19.83044,19.8224,19.85544,19.7768,0,0,2026-12-31,10,0,0,USD,USD,18563829760,358.88,51727124
SNDK,52.77736,52.26864,52.78862,50.99164,52.93503,7,0,2026-12-31,18,7,2,264.72162,261.165,263.48553,232.88255,266.2971,4,1,2028-06-30,21,7,3,46.20664,46.11973,46.18405,42.93108,46.27224,3,3,2026-09-30,18,10,9,214.09818,212.1455,213.90302,204.4716,214.82326,7,2,2027-06-30,22,12,3,USD,USD,232611332096,1609.46,144527564
SNPS,4.33521,4.3148,4.33969,4.31045,4.4565,4,0,2027-01-31,12,11,1,17.51204,17.28051,17.69317,17.2614,18.58301,0,0,2027-10-31,17,19,3,4.1335,3.99687,4.12618,3.99807,4.12573,0,0,2026-10-31,16,15,16,15.1419,14.76945,15.13878,14.76849,15.13856,0,0,2026-10-31,21,21,0,USD,USD,95387140096,497.75,191636646
SO,0.49629,0.60597,0.50424,0.57049,0.54178,0,1,2026-12-31,11,0,0,4.92474,4.91873,4.92405,4.91751,4.92321,1,0,2027-12-31,22,1,1,1.65151,1.64028,1.65484,1.67561,1.64969,0,1,2026-09-30,11,0,0,4.58824,4.5762,4.58911,4.56422,4.5891,1,1,2026-12-31,21,1,0,USD,USD,99103776768,86.15,1150362966
SOLV,1.78997,1.7839,1.78894,1.7739,1.78985,1,0,2026-12-31,11,1,1,7.22364,7.18608,7.23032,7.04653,7.23032,1,1,2027-12-31,15,4,2,1.35348,1.35044,1.35439,1.41292,1.35439,0,0,2026-09-30,11,2,1,7.1848,7.18811,7.14437,6.54705,7.1445,0,0,2026-12-31,15,3,1,USD,USD,14709032960,86.41,170223729
SPG,1.8825,1.86364,1.87667,1.86364,1.83667,1,1,2026-12-31,3,1,1,6.57549,6.74039,6.79667,6.74039,6.77333,2,1,2027-12-31,3,1,0,1.6425,1.63649,1.62667,1.63649,1.62333,1,1,2026-09-30,3,0,0,5.85,6.44023,5.85,6.44023,5.85,2,0,2026-12-31,1,0,0,USD,USD,75776647168,199.61,323551515
SPGI,4.08157,4.08907,4.08157,4.26296,4.07539,2,1,2026-12-31,21,0,0,20.21925,20.23968,20.21925,20.31555,20.19208,2,1,2027-12-31,24,2,1,4.4256,4.4276,4.4236,4.58804,4.41456,1,0,2026-09-30,21,1,1,17.87515,17.92348,17.87293,17.68388,17.85423,1,0,2026-12-31,22,0,0,USD,USD,118724804608,402.73,294800000
SRE,1.41878,1.53328,1.41518,1.51141,1.41296,2,1,2026-12-31,9,0,0,5.53953,5.53686,5.5416,5.5388,5.53974,4,2,2027-12-31,17,1,0,1.08769,1.02101,1.07806,1.07608,1.06806,2,1,2026-09-30,9,0,0,5.10335,5.10749,5.10914,5.10772,5.10732,1,1,2026-12-31,16,3,1,USD,USD,52364341248,80.08,653900348
STE,2.81286,2.81286,2.81158,2.80571,2.80533,4,2,2026-12-31,8,0,0,12.24267,12.18,12.24711,12.10625,12.24711,0,0,2028-03-31,9,6,2,2.69714,2.69714,2.6852,2.69143,2.6777,2,1,2026-09-30,8,0,0,11.16723,11.1575,11.17167,11.16125,11.17167,1,0,2027-03-31,9,5,2,USD,USD,20549122048,210.76,97500110
STLD,5.11933,4.92925,5.93247,4.80585,5.94247,1,0,2026-12-31,5,4,0,18.94531,18.86481,19.48043,18.17295,20.06537,1,0,2027-12-31,14,6,1,5.41269,5.30794,5.33927,5.1491,5.39562,3,0,2026-09-30,8,3,0,16.84739,16.61084,17.75145,16.31897,17.03532,2,0,2026-12-31,7,4,0,USD,USD,33563140096,234.17,143328088
STT,3.57994,3.57994,3.59094,3.45991,3.63339,2,2,2026-12-31,10,1,1,15.30297,15.30297,15.3594,14.50003,15.48486,0,0,2027-12-31,15,2,2,3.63787,3.63787,3.64696,3.47591,3.67562,1,2,2026-09-30,13,1,0,13.69424,13.69424,13.71039,13.03506,13.75829,2,2,2026-12-31,14,0,0,USD,USD,48097529856,175.09,274701765
STX,8.38022,8.38022,8.38022,6.55145,8.47951,0,0,2026-12-31,20,15,14,55.3714,55.3714,55.3714,43.44371,56.41985,0,0,2028-06-30,19,15,15,7.34882,7.34882,7.34882,5.75413,7.37795,0,0,2026-09-30,20,15,15,35.78091,35.78091,35.78091,27.73976,36.26605,0,0,2027-06-30,21,20,20,USD,USD,176189784064,774.825,227393014
STZ,1.90511,1.90511,1.89442,1.90511,1.92602,6,5,2027-02-28,19,2,1,12.39194,12.39194,12.26895,12.37455,12.16537,9,6,2028-02-29,23,0,0,2.84693,2.84693,2.82367,2.84693,2.72447,7,5,2026-11-30,19,1,1,11.80013,11.80013,11.72794,11.79388,11.81516,9,6,2027-02-28,24,1,0,USD,USD,21113337856,123.63,170752511
SW,0.75044,0.77218,0.75663,0.76668,0.73433,0,0,2026-12-31,8,0,1,3.39887,3.3558,3.43101,3.27585,3.43435,0,0,2027-12-31,14,4,1,0.60808,0.65276,0.60957,0.76656,0.59742,0,0,2026-09-30,8,0,1,1.86851,1.96851,1.81496,2.1699,1.73249,2,1,2026-12-31,8,1,0,USD,USD,21741475840,41.45,524522908
SWK,1.69705,1.69678,1.69375,1.75678,1.6902,2,1,2026-12-31,12,1,1,6.3794,6.37655,6.3753,6.22747,6.3483,1,1,2027-12-31,14,2,1,1.5603,1.56487,1.56007,1.63338,1.55942,1,0,2026-09-30,12,2,2,5.6046,5.56674,5.60158,5.39547,5.59725,1,1,2026-12-31,14,2,1,USD,USD,13466153984,89.17,151016641
SWKS,1.31824,1.31393,1.31824,1.37719,1.5,14,13,2026-12-31,4,4,4,4.96265,4.97325,4.96265,5.14914,5.51,1,1,2027-09-30,6,0,0,1.27319,1.27434,1.27319,1.30674,1.27334,12,12,2026-09-30,20,8,8,5.0409,5.04242,5.0409,5.00543,5.0296,0,0,2026-09-30,23,0,0,USD,USD,18989619200,80.75,235165549
SYF,2.16708,2.16708,2.14333,2.31123,2.14142,3,2,2026-12-31,20,1,1,10.47276,10.47233,10.43955,10.53203,10.44859,2,1,2027-12-31,23,3,3,2.34886,2.34824,2.37449,2.58545,2.40017,0,0,2026-09-30,17,2,1,9.3696,9.36905,9.42794,9.29893,9.44692,1,0,2026-12-31,18,1,1,USD,USD,23986339840,73.72,325370840
SYK,5.15239,5.15197,5.13748,5.18253,5.12907,8,3,2026-12-31,24,1,1,16.75493,16.75938,16.71884,16.72475,16.69924,11,6,2027-12-31,28,0,0,3.58994,3.59536,3.56929,3.68574,3.56199,12,5,2026-09-30,25,0,0,15.01589,15.01108,14.98836,14.98296,14.97374,11,4,2026-12-31,28,1,1,USD,USD,106238230528,276.97,383573046
SYY,1.08583,1.06367,1.08465,1.06806,1.07606,1,1,2026-12-31,11,0,0,5.37905,5.25819,5.37147,5.28215,5.36524,1,1,2028-06-30,11,0,0,1.19485,1.1915,1.19275,1.19341,1.19217,1,1,2026-09-30,11,0,0,5.09034,4.94294,5.07132,4.95984,5.06495,1,1,2027-06-30,11,1,0,USD,USD,38467670016,78.2,491913960
T,0.52508,0.52508,0.52286,0.54485,0.52597,2,2,2026-12-31,17,0,0,2.56372,2.56372,2.57302,2.55023,2.56771,1,1,2027-12-31,22,4,4,0.60395,0.60395,0.60357,0.60691,0.60257,2,2,2026-09-30,20,1,1,2.33771,2.33771,2.33742,2.31663,2.33731,2,2,2026-12-31,24,2,2,USD,USD,170418847744,24.87,6852385650
TDG,9.6864,9.80569,9.62835,9.78449,9.5226,2,2,2026-12-31,6,3,3,48.49275,48.33065,48.3203,46.87347,48.43381,1,1,2027-09-30,20,2,1,12.1576,12.15851,12.17823,11.63812,12.18402,0,0,2026-09-30,19,0,0,41.19037,41.20982,41.19857,40.04403,41.20381,0,0,2026-09-30,21,0,0,USD,USD,60212719616,1089.3,55276525
TDY,6.49802,6.49782,6.50118,6.57439,6.50024,0,0,2026-12-31,11,1,1,26.72592,26.67319,26.77551,25.96567,26.78646,0,0,2027-12-31,11,1,1,6.14291,6.1442,6.15964,6.00086,6.16281,0,0,2026-09-30,11,1,1,24.7178,24.71858,24.7377,24.13877,24.73999,0,0,2026-12-31,11,1,1,USD,USD,28036837376,604.82,46355673
TECH,0.47457,0.48243,0.47457,0.48252,0.48138,0,0,2026-12-31,6,1,1,2.30633,2.30199,2.30633,2.29996,2.31258,0,0,2028-06-30,9,3,3,0.42837,0.4389,0.42837,0.44084,0.44907,0,0,2026-09-30,7,1,1,2.01834,2.04354,2.01834,2.04528,2.01638,0,0,2027-06-30,11,2,2,USD,USD,11361480704,72.45,156818238
TEL,3.00619,3.00619,3.00111,2.92599,2.99284,1,1,2026-12-31,10,0,0,12.90607,12.90607,12.91682,12.61889,12.96712,1,1,2027-09-30,16,0,0,3.06717,3.06717,3.06737,2.97653,3.0693,1,1,2026-09-30,16,0,0,11.45376,11.45376,11.45489,11.24502,11.4559,1,1,2026-09-30,16,0,0,USD,USD,62045577216,214.31,289513228
TER,1.29328,1.23679,2.01373,1.22635,2.01373,0,0,2026-12-31,15,15,15,11.65247,11.55303,11.65247,9.83702,11.65247,1,0,2027-12-31,18,15,1,1.44346,1.38864,2.05052,1.3763,2.05052,0,0,2026-09-30,15,15,15,9.09129,9.09271,9.09129,7.2883,9.09129,0,0,2026-12-31,16,16,0,USD,USD,62336184320,398.72,156340750
TFC,1.20946,1.21085,1.14978,1.23984,1.07002,1,1,2026-12-31,16,3,1,5.00845,5.02496,5.00919,5.09858,5.00798,3,1,2027-12-31,19,3,3,1.11422,1.1146,1.12659,1.13156,1.05007,1,1,2026-09-30,16,4,2,4.62407,4.62551,4.58798,4.52547,4.46003,1,1,2026-12-31,19,4,2,USD,USD,56414699520,46.18,1221626188
TGT,2.67243,2.5604,2.67243,2.54276,2.67243,1,1,2027-01-31,31,29,29,9.5422,8.98879,9.54775,8.92317,9.54525,0,0,2028-01-31,36,36,1,2.04765,1.91625,2.04765,1.90089,2.04798,2,2,2026-10-31,31,28,28,10.23696,8.42455,10.23974,8.35346,10.24002,0,0,2027-01-31,36,36,1,USD,USD,70306963456,154.76,454296736
TJX,1.50241,1.50231,1.48958,1.50231,1.49489,8,8,2027-01-31,15,5,5,5.75802,5.75965,5.7663,5.75965,5.77352,2,1,2028-01-31,18,12,2,1.344,1.34393,1.33932,1.34393,1.33651,7,2,2026-10-31,15,7,5,5.22531,5.22609,5.24378,5.22609,5.24989,2,1,2027-01-31,18,16,3,USD,USD,152621400064,138.75,1099974061
TKO,1.01104,0.70936,1.0123,0.75631,1.0123,0,0,2026-12-31,8,1,0,4.91984,3.95258,4.91207,4.39523,4.91207,1,1,2027-12-31,9,1,0,1.33964,1.0327,1.33839,1.1001,1.33839,1,0,2026-09-30,8,0,0,4.65347,3.89837,4.65347,4.17718,4.65347,2,1,2026-12-31,9,4,5,USD,USD,34377060352,181.63,73111098
TMO,7.27647,7.27638,7.25695,7.33837,7.26679,2,1,2026-12-31,19,1,0,27.52812,27.51077,27.54825,27.25511,27.57597,1,0,2027-12-31,27,2,1,6.4048,6.40501,6.40935,6.36615,6.40298,2,0,2026-09-30,21,1,1,25.12669,25.11905,25.12647,24.85481,25.13379,3,0,2026-12-31,26,1,1,USD,USD,241067835392,651.98,369747286
TMUS,2.76657,2.76657,2.76942,2.6811,2.76825,1,1,2026-12-31,17,2,2,13.89549,13.89549,13.93442,13.52205,13.93877,0,0,2027-12-31,22,3,3,2.9015,2.9015,2.90442,2.87478,2.90584,1,1,2026-09-30,18,1,1,10.94575,10.94575,10.95095,10.42715,10.95136,1,1,2026-12-31,22,2,2,USD,USD,183759372288,171.31,1072671613
TPL,2.28571,2.27826,2.33786,2.41746,2.64072,0,0,2026-12-31,2,2,1,9.57988,9.68852,9.76488,10.08286,10.32444,0,0,2027-12-31,2,2,1,2.12474,2.12124,2.16737,2.3998,2.35656,0,0,2026-09-30,2,2,1,8.71095,8.65813,8.80048,9.16854,9.30252,0,0,2026-12-31,2,2,1,USD,USD,24677761024,357.78,68974683
TPR,3.06836,3.05362,3.03607,3.04246,3.0324,8,8,2026-12-31,18,4,3,8.81752,8.78795,8.8709,8.70075,8.89953,3,5,2028-06-30,22,7,8,1.48089,1.48335,1.55516,1.48034,1.55654,1,0,2026-09-30,18,11,12,7.84775,7.79126,7.97863,7.76674,7.97284,2,4,2027-06-30,22,17,14,USD,USD,22982780928,115.82,198435342
TRGP,2.95459,2.9629,2.95459,3.01962,2.94083,3,1,2026-12-31,3,0,0,12.07959,12.02201,12.07959,12.17836,12.04283,1,1,2027-12-31,5,4,2,2.8175,2.81092,2.8175,2.79305,2.81625,1,0,2026-09-30,3,2,1,11.49723,11.66941,11.49723,11.20676,11.48823,0,0,2026-12-31,5,4,1,USD,USD,61861203968,288.49,214431021
TRMB,1.15877,1.12945,1.16048,1.12695,1.16048,0,1,2026-12-31,11,10,4,4.1234,4.07976,4.13702,4.07668,4.13702,3,4,2027-12-31,12,9,3,0.86004,0.86947,0.86005,0.86947,0.86005,6,5,2026-09-30,11,1,0,3.66919,3.59081,3.67079,3.58773,3.67079,0,0,2026-12-31,12,12,6,USD,USD,13955813376,59.85,233179848
TROW,2.46025,2.45201,2.46227,2.38988,2.45044,1,1,2026-12-31,11,2,0,10.31891,10.26028,10.31737,9.92843,10.24242,2,1,2027-12-31,14,2,0,2.67182,2.65961,2.67099,2.56589,2.66069,2,1,2026-09-30,13,2,0,10.22143,10.19627,10.21682,9.77189,10.19682,2,1,2026-12-31,14,2,0,USD,USD,22233913344,104.23,213315850
TRV,9.62446,9.62446,9.60901,9.16729,9.63571,3,0,2026-12-31,22,18,1,30.20864,30.20864,30.32642,28.749,30.43495,0,0,2027-12-31,27,3,2,6.83124,6.83124,6.94791,6.371,7.32526,1,0,2026-09-30,23,21,1,34.05444,34.05444,34.17373,28.45619,34.50496,0,0,2026-12-31,28,1,1,USD,USD,77229072384,370.27,208575022
TSCO,0.40308,0.40308,0.40308,0.45041,0.40231,13,0,2026-12-31,13,0,0,2.04571,2.04571,2.04286,2.28266,2.03429,1,1,2027-12-31,14,0,0,0.40769,0.40769,0.40769,0.49724,0.40385,13,0,2026-09-30,13,0,0,1.8725,1.8725,1.8725,2.10442,1.8675,12,0,2026-12-31,12,0,0,USD,USD,17444423680,33.48,521040137
TSLA,0.48823,0.4913,0.48331,0.6299,0.47891,3,2,2026-12-31,24,2,2,2.15858,2.16326,2.163,2.59079,2.14567,4,3,2027-12-31,31,1,1,0.45154,0.45385,0.43895,0.55087,0.4511,4,3,2026-09-30,26,1,1,1.76884,1.7809,1.75153,2.1306,1.74208,4,3,2026-12-31,33,1,1,USD,USD,1481080307712,375.0,3949547394
TSN,1.03517,1.10903,1.01088,1.1263,0.98374,5,1,2026-12-31,7,0,0,4.26528,4.478,4.12794,4.51541,4.06703,6,1,2027-09-30,11,1,0,0.93571,1.12296,0.78871,1.21269,0.76871,5,1,2026-09-30,8,0,0,3.8235,3.95055,3.70612,4.03667,3.69112,5,1,2026-09-30,10,1,0,USD,USD,18413291520,52.34,281792507
TT,3.61089,3.61288,3.61085,3.41861,3.60895,0,0,2026-12-31,19,0,1,17.52744,17.47119,17.57245,17.07107,17.58976,1,0,2027-12-31,25,5,1,4.72039,4.71732,4.72335,4.59528,4.72383,0,0,2026-09-30,19,0,1,15.26953,15.25398,15.26223,14.90259,15.26189,0,0,2026-12-31,24,1,1,USD,USD,103397695488,469.94,220023177
TTWO,1.82315,1.88718,1.82315,1.93333,1.82315,2,0,2026-12-31,9,5,1,5.29187,5.43306,5.2872,5.47361,5.2872,2,1,2028-03-31,15,2,0,-0.87646,-0.63083,-0.87646,-0.66071,-0.87646,6,1,2026-09-30,10,3,0,1.91661,2.05205,1.84245,1.75939,1.84245,2,1,2027-03-31,12,2,0,USD,USD,39148093440,209.37,186980443
TXN,2.27793,2.02037,2.27793,1.99959,2.27793,0,0,2026-12-31,24,24,21,10.1005,10.03407,10.1005,8.89054,10.13289,0,0,2027-12-31,29,23,22,2.41539,2.14396,2.41539,2.12382,2.41539,0,0,2026-09-30,24,24,20,8.5058,8.50003,8.5058,7.68001,8.50151,0,0,2026-12-31,27,25,24,USD,USD,263197999104,288.2,913247686
TXT,1.88107,1.88107,1.89759,1.86507,1.92523,8,3,2026-12-31,14,6,6,7.26303,7.22991,7.2671,7.28703,7.22527,9,7,2027-12-31,16,5,4,1.51808,1.51808,1.50335,1.65321,1.48904,15,10,2026-09-30,14,0,0,6.45697,6.45362,6.45852,6.50748,6.47015,10,9,2026-12-31,15,2,2,USD,USD,12592881664,73.22,171986917
TYL,3.42167,3.42167,3.42167,3.33846,3.4194,3,4,2026-12-31,22,16,16,15.35155,15.35155,15.35155,14.81442,15.32328,0,0,2027-12-31,23,21,22,3.46679,3.46679,3.46679,3.37811,3.46452,2,3,2026-09-30,22,17,17,13.09892,13.09892,13.09892,12.8824,13.09413,0,0,2026-12-31,23,20,21,USD,USD,13561345024,331.15,40952274
UAL,3.88068,3.99068,3.22654,3.90158,2.01997,5,2,2026-12-31,18,1,0,15.13651,15.4639,14.09745,14.84441,12.83041,8,3,2027-12-31,23,0,0,3.03678,3.19819,2.82245,3.46036,2.60707,5,1,2026-09-30,19,1,1,10.08819,10.35902,9.13373,10.35505,7.93056,8,3,2026-12-31,23,0,0,USD,USD,34873282560,107.44,324583772
UBER,1.04877,1.00903,1.00906,1.02688,0.99906,1,1,2026-12-31,30,3,1,4.65586,4.62856,4.55688,4.46016,4.53785,2,0,2027-12-31,38,7,2,0.95238,0.93454,0.91568,0.917,0.90921,2,2,2026-09-30,30,2,0,3.24487,3.17591,3.19237,3.01028,3.18081,1,1,2026-12-31,37,4,1,USD,USD,143469412352,70.24,2042560121
UDR,0.12796,0.11811,0.14321,0.11679,0.14321,0,0,2026-12-31,10,3,1,0.56,0.56,0.56,0.56,0.56,1,1,2027-12-31,1,0,0,0.12722,0.11547,0.14136,0.11529,0.14136,1,0,2026-09-30,10,1,1,1.00481,0.91212,1.04425,0.85761,1.04325,1,0,2026-12-31,10,2,1,USD,USD,12332417024,33.57,321264222
UHS,5.66242,5.69976,5.71908,6.18772,5.74355,11,2,2026-12-31,15,1,0,24.01807,24.15903,23.99874,25.17365,23.9638,12,1,2027-12-31,15,1,1,5.19327,5.18984,5.18794,5.55861,5.18234,12,2,2026-09-30,15,0,0,22.52656,22.55811,22.57406,23.42211,22.59087,11,2,2026-12-31,16,2,0,USD,USD,10356324352,175.72,51687770
ULTA,9.06254,9.12127,9.06754,9.12127,9.06754,7,0,2027-01-31,16,8,1,31.93635,31.8617,31.98746,31.81907,31.98746,4,0,2028-01-31,18,13,1,5.61981,5.84579,5.59356,5.84579,5.59356,14,0,2026-10-31,16,1,1,28.92841,28.79042,28.95294,28.77306,28.9485,1,0,2027-01-31,18,16,1,USD,USD,24124194816,564.21,42757471
UNH,2.13627,2.13601,2.10279,2.5729,2.10253,2,2,2026-12-31,23,1,0,22.43537,22.43544,22.61019,20.97053,22.61019,1,0,2027-12-31,26,2,2,4.11844,4.11852,4.14931,3.75567,4.14953,1,0,2026-09-30,23,2,2,19.81226,19.8121,19.86706,18.42102,19.86738,0,0,2026-12-31,25,2,1,USD,USD,332962824192,370.95,897594847
UNP,3.28197,3.28257,3.28194,3.23639,3.28662,2,2,2026-12-31,20,2,1,14.15497,14.15039,14.18924,13.77958,14.2141,1,1,2027-12-31,23,3,2,3.44405,3.44567,3.43423,3.33413,3.4581,1,1,2026-09-30,22,2,1,13.05258,13.05443,13.05235,12.67161,13.07438,1,1,2026-12-31,24,3,2,USD,USD,165271814144,278.2,594075498
UPS,2.7459,2.7446,2.74286,2.66738,2.74267,1,1,2026-12-31,22,1,0,8.0749,8.08133,8.06955,8.02279,8.05997,3,1,2027-12-31,28,0,0,1.63227,1.63314,1.62879,1.72461,1.62199,2,1,2026-09-30,23,0,0,7.20992,7.21206,7.20456,7.13051,7.20079,2,1,2026-12-31,28,1,0,USD,USD,80084066304,94.13,749349405
URI,13.07933,13.021,13.15263,12.72341,13.17256,0,0,2026-12-31,18,3,1,57.18555,56.98222,57.31793,54.04493,57.39693,0,0,2027-12-31,21,2,1,13.91757,13.8398,13.9033,13.44464,13.91806,1,1,2026-09-30,18,2,0,49.23641,49.02832,49.28697,47.43811,49.31626,0,0,2026-12-31,21,3,1,USD,USD,65363951616,1050.15,62242489
USB,1.38674,1.38674,1.3917,1.36231,1.39018,2,1,2026-12-31,19,4,3,5.79982,5.79982,5.81201,5.70255,5.81611,2,1,2027-12-31,22,5,3,1.29991,1.29991,1.30944,1.29934,1.31714,0,0,2026-09-30,19,4,3,5.21409,5.21409,5.22727,5.11526,5.23233,0,0,2026-12-31,22,4,3,USD,USD,88855674880,57.03,1558051446
V,3.6281,3.62703,3.62739,3.60294,3.63047,4,0,2026-12-31,27,22,2,15.0043,14.9763,15.0043,14.87105,15.00448,4,0,2027-09-30,40,28,6,3.42922,3.43819,3.42922,3.44386,3.42963,16,2,2026-09-30,31,8,0,13.22816,13.21574,13.22816,13.14421,13.22846,6,0,2026-09-30,39,30,2,USD,USD,704195985408,375.1,1704112694
VEEV,2.31751,2.31589,2.30745,2.31614,2.30745,13,13,2027-01-31,26,6,6,10.25064,10.03399,10.25064,10.03474,10.25064,0,0,2028-01-31,26,24,1,2.28343,2.28505,2.34318,2.28526,2.34318,0,0,2026-10-31,26,25,0,9.2354,9.06196,9.2354,9.06251,9.2354,0,0,2027-01-31,27,26,0,USD,USD,46118117376,284.84,161908850
VICI,0.715,0.715,0.71,0.715,0.73,0,0,2026-12-31,1,0,0,2.935,2.935,2.93,2.935,2.99,0,0,2027-12-31,1,0,0,0.71,0.71,0.71,0.71,0.72,0,0,2026-09-30,1,0,0,2.895,2.895,2.94,2.895,2.75,0,0,2026-12-31,1,0,0,USD,USD,25093558272,22.79,1101077562
VLO,10.201,9.33756,12.94843,6.75436,14.52498,1,0,2026-12-31,18,8,2,30.66112,27.71585,38.04043,21.92569,42.555,1,1,2027-12-31,19,9,1,16.38909,14.94975,18.90642,10.15781,20.29617,0,1,2026-09-30,18,9,1,43.07097,41.65926,47.58835,31.1524,50.38267,0,0,2026-12-31,20,10,3,USD,USD,127782199296,443.8,287927461
VLTO,1.12959,1.12752,1.13209,1.11001,1.1324,1,1,2026-12-31,12,9,8,4.77545,4.7707,4.78612,4.66878,4.78708,1,1,2027-12-31,15,16,1,1.08787,1.08567,1.09037,1.0718,1.08999,2,2,2026-09-30,12,8,8,4.40177,4.39194,4.40298,4.25412,4.40293,0,0,2026-12-31,15,17,1,USD,USD,23521181696,96.48,243793344
VMC,2.25419,2.2532,2.25758,2.20521,2.2004,1,0,2026-12-31,16,1,0,10.77735,10.79272,10.59474,10.80125,10.45696,4,2,2027-12-31,22,0,0,3.02374,3.02523,3.01835,3.12584,2.94047,1,0,2026-09-30,16,0,0,9.15809,9.15343,9.12246,9.22041,9.02007,3,1,2026-12-31,21,0,0,USD,USD,31910057984,246.26,129578739
VMRK,0.40599,0.0,0.406,0.0,0.43533,0,0,2026-12-31,6,0,0,1.43023,0.0,1.47305,0.0,1.4702,0,0,2027-12-31,7,0,0,0.19319,0.0,0.19319,0.0,0.19319,0,0,2026-09-30,4,0,0,1.44873,0.0,1.48405,0.0,1.48405,0,0,2026-12-31,4,0,0,USD,USD,46411272192,59.98,773779120
VRSK,1.97589,1.97652,1.97589,1.9805,1.976,8,1,2026-12-31,16,5,0,8.69625,8.69783,8.69836,8.6711,8.70046,6,1,2027-12-31,19,11,0,1.92751,1.92751,1.92751,1.94792,1.92678,12,12,2026-09-30,16,2,1,7.70876,7.69349,7.70718,7.66569,7.70665,3,1,2026-12-31,19,14,0,USD,USD,22841079808,175.49,130156012
VRSN,2.44534,2.44284,2.45784,2.40185,2.45784,0,0,2026-12-31,4,1,1,10.77213,10.75713,10.85963,10.35656,10.85963,0,0,2027-12-31,4,2,2,2.40504,2.40254,2.41504,2.37607,2.41504,0,0,2026-09-30,4,1,1,9.56571,9.56071,9.58071,9.47795,9.58071,0,0,2026-12-31,4,1,1,USD,USD,26920216576,297.79,90400000
VRT,2.21328,2.19806,2.21273,2.04118,2.21465,0,0,2026-12-31,25,2,1,9.12236,9.09736,9.17432,8.81354,9.18451,1,0,2027-12-31,30,2,1,1.82782,1.82043,1.82688,1.7829,1.8293,0,0,2026-09-30,25,2,1,6.73489,6.72315,6.73781,6.48733,6.73858,0,0,2026-12-31,29,2,1,USD,USD,93833158656,243.73,384988173
VRTX,4.61,4.91628,4.56311,5.00543,4.57311,2,0,2026-12-31,13,0,0,20.22846,21.65639,20.10614,21.4676,20.1168,1,0,2027-12-31,15,1,1,-2.348,4.9099,-1.21986,4.909,-1.19986,2,0,2026-09-30,12,0,0,15.90154,19.04255,16.17139,19.05674,16.19139,2,0,2026-12-31,15,0,0,USD,USD,127554215936,503.25,253460924
VST,2.96884,2.66604,3.09861,2.78584,3.13861,1,0,2026-12-31,5,0,1,10.34614,10.97963,10.38114,11.30191,10.35614,1,0,2027-12-31,10,0,1,2.59769,2.34343,2.58483,2.38958,2.58769,1,0,2026-09-30,7,1,1,9.58625,9.87612,9.47291,9.82651,9.57847,1,1,2026-12-31,9,0,0,USD,USD,52406079488,156.14,335635195
VTR,0.15,0.17,0.14,0.17,0.13333,0,0,2026-12-31,3,0,0,0.79,0.81667,0.79,0.84667,0.79,1,1,2027-12-31,2,0,0,0.11,0.15,0.12,0.15,0.11,2,0,2026-09-30,3,0,0,0.44,0.61,0.44,0.535,0.44,1,1,2026-12-31,1,0,0,USD,USD,41938497536,81.76,512946359
VTRS,0.58326,0.58993,0.59061,0.61422,0.59061,2,1,2026-12-31,10,0,0,2.66846,2.66227,2.67329,2.66249,2.67329,3,0,2027-12-31,11,3,1,0.64997,0.64438,0.64497,0.64463,0.64497,2,1,2026-09-30,10,0,0,2.50614,2.48186,2.51684,2.4586,2.51684,0,0,2026-12-31,11,3,1,USD,USD,20031424512,17.44,1148590864
VZ,1.1479,1.14685,1.15295,1.12106,1.15354,1,1,2026-12-31,17,4,4,5.28049,5.28049,5.29623,5.26585,5.28303,3,3,2027-12-31,23,2,2,1.28314,1.28508,1.27882,1.29271,1.27777,3,3,2026-09-30,19,2,2,5.01203,5.01242,5.02397,4.93957,5.0244,5,5,2026-12-31,23,3,3,USD,USD,192573833216,46.35,4154775202
WAB,2.63725,2.64025,2.64107,2.52962,2.64167,0,0,2026-12-31,11,1,1,12.44222,12.36839,12.45551,12.15861,12.48469,0,0,2027-12-31,12,1,1,2.73278,2.72908,2.73278,2.74493,2.73543,7,0,2026-09-30,11,3,1,10.86295,10.86531,10.86647,10.61305,10.86945,0,0,2026-12-31,12,1,1,USD,USD,47430164480,280.8,168910851
WAT,4.67036,4.67276,4.67607,4.68542,4.67743,11,2,2026-12-31,20,7,0,16.54658,16.5627,16.53947,16.49389,16.53388,10,1,2027-12-31,24,13,0,4.00084,3.99986,3.99723,3.99125,3.99795,5,0,2026-09-30,21,14,1,14.5756,14.57151,14.57566,14.51511,14.58048,2,1,2026-12-31,24,21,0,USD,USD,42134495232,429.13,98185855
WBD,-0.03586,-0.01747,-0.03586,0.01484,-0.07579,6,6,2026-12-31,8,4,3,-0.0089,-0.04031,0.0065,0.05013,-0.09532,1,1,2027-12-31,9,0,0,-0.0028,0.00405,-0.0028,0.01244,-0.04467,7,7,2026-09-30,8,3,3,-1.12178,-1.17976,-1.12511,-1.24597,-1.21094,1,1,2026-12-31,9,0,0,USD,USD,77595885568,30.95,2507136702
WDAY,2.93645,2.85625,2.94673,2.84636,2.94673,4,0,2027-01-31,35,31,1,13.21274,12.64386,13.23298,12.6402,13.23298,1,0,2028-01-31,41,38,1,2.73428,2.6409,2.74439,2.63255,2.74439,5,0,2026-10-31,36,30,1,11.06221,10.76117,11.07637,10.72392,11.07637,3,0,2027-01-31,41,35,0,USD,USD,45262209024,187.81,196000000
WDC,4.67158,4.67158,4.67158,4.23439,4.69368,1,2,2026-12-31,19,12,8,31.74953,31.89898,31.74953,26.08407,32.04353,0,1,2028-06-30,21,10,8,4.0424,4.0424,4.0424,3.70829,4.06031,0,2,2026-09-30,19,13,9,20.09143,20.10436,20.09143,17.97708,20.25526,0,1,2027-06-30,23,16,13,USD,USD,147225083904,393.31,374323269
WEC,1.41897,1.505,1.35446,1.505,1.35446,2,1,2026-12-31,6,0,0,6.00687,6.01047,6.00687,6.01375,6.00687,3,2,2027-12-31,9,1,0,0.92254,0.8875,0.93413,0.8875,0.93413,1,1,2026-09-30,6,1,0,5.59747,5.59131,5.59747,5.59444,5.59747,1,0,2026-12-31,10,1,1,USD,USD,33761253376,103.61,325849383
WELL,0.69,0.69,0.63,0.69,0.655,1,0,2026-12-31,2,1,1,3.135,3.36,3.18,3.36,3.18,2,1,2027-12-31,3,1,1,0.665,0.665,0.61,0.665,0.625,1,0,2026-09-30,2,1,1,0.0,3.01,2.88,3.01,2.88,0,0,2026-12-31,1,0,0,USD,USD,160716374016,223.04,720572011
WFC,1.85938,1.85937,1.87123,1.87917,1.89281,1,0,2026-12-31,19,5,2,7.96463,7.96397,8.00542,7.91638,8.05111,1,0,2027-12-31,21,4,2,1.84066,1.84118,1.85137,1.81773,1.85472,2,1,2026-09-30,19,4,1,7.30558,7.30556,7.3276,7.01352,7.33471,2,1,2026-12-31,21,5,2,USD,USD,248058658816,82.03,3023999336
WM,2.10282,2.10532,2.10199,2.16385,2.09725,1,1,2026-12-31,24,0,0,9.11924,9.13924,9.11817,9.19622,9.0883,2,1,2027-12-31,28,0,0,2.188,2.18841,2.188,2.19308,2.1812,12,1,2026-09-30,24,9,2,8.12753,8.13345,8.14493,8.17552,8.13503,2,1,2026-12-31,28,0,0,USD,USD,83980165120,210.1,399715184
WMB,0.65342,0.60906,0.60837,0.62205,0.62722,1,0,2026-12-31,9,3,0,2.60076,2.63012,2.57647,2.57587,2.64672,3,0,2027-12-31,14,5,0,0.51124,0.54194,0.52267,0.55141,0.5342,4,1,2026-09-30,10,1,0,2.44673,2.46847,2.41193,2.417,2.42872,4,0,2026-12-31,14,3,0,USD,USD,88483930112,72.34,1223167472
WMT,0.78541,0.81325,0.78481,0.81441,0.78596,27,0,2027-01-31,35,3,1,3.22995,3.27984,3.22545,3.28577,3.22354,4,2,2028-01-31,42,1,0,0.63501,0.68276,0.63531,0.68398,0.63529,30,1,2026-10-31,35,0,0,2.88652,2.89772,2.88541,2.90208,2.88556,16,1,2027-01-31,39,12,0,USD,USD,879845179392,110.56,7958079155
WRB,1.20716,1.20631,1.21239,1.18718,1.22,0,0,2026-12-31,14,3,0,4.84091,4.83035,4.87339,4.79082,4.88594,0,0,2027-12-31,18,3,1,1.12033,1.11568,1.1279,1.09154,1.155,0,0,2026-09-30,15,2,0,4.87392,4.85944,4.89652,4.65886,4.92389,0,0,2026-12-31,18,16,2,USD,USD,26746943488,72.05,371227529
WSM,3.28912,3.30173,3.29725,3.29971,3.2875,5,5,2027-01-31,12,8,7,10.50692,10.24448,10.50692,10.25164,10.50692,0,0,2028-01-31,13,14,13,2.12827,2.12549,2.13264,2.12016,2.19667,4,3,2026-10-31,12,9,9,9.85077,9.37921,9.85077,9.38478,9.85077,1,1,2027-01-31,13,12,11,USD,USD,28149223424,239.0,117779173
WST,2.27024,2.27024,2.27174,2.26272,2.27174,3,3,2026-12-31,12,4,4,9.96476,9.96476,9.98307,9.57231,9.99383,0,0,2027-12-31,17,1,1,2.18981,2.18981,2.19285,2.12536,2.19608,0,0,2026-09-30,14,9,9,8.95851,8.95851,8.962,8.61242,8.96241,0,0,2026-12-31,17,14,15,USD,USD,25565401088,363.27,70375762
WTW,9.23632,9.22982,9.22332,9.14649,9.207,1,1,2026-12-31,20,1,0,22.89174,22.8027,22.85984,22.16864,22.94592,1,1,2027-12-31,21,1,0,3.60888,3.60555,3.5946,3.56734,3.58805,2,1,2026-09-30,21,0,0,19.87121,19.84171,19.84571,19.50177,19.82952,1,1,2026-12-31,21,1,0,USD,USD,27662833664,297.86,92871937
WY,0.00724,0.00783,0.00783,0.01657,-0.00612,1,0,2026-12-31,11,1,0,0.67246,0.67304,0.65386,0.69028,0.62295,2,1,2027-12-31,12,2,0,0.08996,0.09297,0.09297,0.07705,0.06603,0,0,2026-09-30,11,1,0,0.32829,0.33364,0.33128,0.29704,0.28982,0,0,2026-12-31,11,1,0,USD,USD,13816509440,19.17,720736000
WYNN,1.22776,1.19784,1.2281,1.31637,1.21411,2,0,2026-12-31,14,0,1,4.78387,5.01822,4.79148,5.18853,4.79148,5,1,2027-12-31,10,3,0,0.9131,0.86193,0.9151,0.97259,0.87694,1,0,2026-09-30,14,1,1,4.70004,4.66485,4.70195,4.73732,4.65906,2,0,2026-12-31,17,1,1,USD,USD,7752904192,75.29,102973891
XEL,1.0189,1.02537,1.0049,1.03923,1.00429,1,1,2026-12-31,10,1,0,4.54254,4.53802,4.53767,4.53124,4.537,1,1,2027-12-31,19,2,0,1.30939,1.33914,1.30839,1.40121,1.31286,1,1,2026-09-30,10,1,0,4.11442,4.11512,4.11534,4.11201,4.11748,0,0,2026-12-31,17,2,1,USD,USD,45823172608,73.36,624634306
XOM,2.99194,3.0464,3.05607,2.91612,3.31587,2,1,2026-12-31,16,1,0,10.74839,10.53151,11.09691,10.53078,11.39159,2,0,2027-12-31,22,5,2,3.58638,3.56912,3.64951,3.35962,3.76248,0,0,2026-09-30,17,3,1,11.72979,11.60221,12.17577,11.13107,12.46244,0,0,2026-12-31,15,6,2,USD,USD,692857143296,168.5,4111911960
XYL,1.64971,1.65116,1.64971,1.63073,1.64263,4,1,2026-12-31,18,12,0,6.24551,6.18864,6.24551,6.09794,6.22571,3,0,2027-12-31,20,17,1,1.45469,1.45478,1.45469,1.4588,1.45423,11,11,2026-09-30,18,5,3,5.66453,5.65856,5.66453,5.5395,5.65881,0,1,2026-12-31,20,21,1,USD,USD,23813320704,101.99,233486812
XYZ,1.15755,1.16282,1.1586,1.17727,1.15871,2,0,2026-12-31,31,1,1,5.15522,5.13795,5.19723,5.03148,5.19724,1,1,2027-12-31,40,3,1,1.02444,1.03491,1.02398,1.01186,1.02348,1,1,2026-09-30,32,2,0,4.04709,4.03228,4.04798,3.89736,4.04766,2,1,2026-12-31,40,1,0,USD,USD,45197811712,75.23,540816000
YUM,1.94009,1.94821,1.79973,2.00427,1.78873,2,2,2026-12-31,10,1,0,7.45803,7.46147,6.98007,7.47954,6.9678,3,1,2027-12-31,12,0,0,1.5858,1.59394,1.47994,1.69177,1.46794,3,2,2026-09-30,10,0,0,6.62624,6.64587,6.40468,6.76681,6.39386,2,0,2026-12-31,12,0,0,USD,USD,39024857088,143.0,272901085
ZBH,2.4925,2.49411,2.4925,2.5085,2.493,15,1,2026-12-31,25,4,1,9.06726,9.0708,9.06726,8.98925,9.06961,5,1,2027-12-31,28,19,2,1.88234,1.88206,1.88234,1.8756,1.88137,7,1,2026-09-30,25,12,1,8.53381,8.53242,8.53381,8.48125,8.53371,1,2,2026-12-31,28,22,1,USD,USD,16952765440,88.88,190737689
ZBRA,5.18471,5.16632,5.18769,4.91361,5.19636,0,0,2026-12-31,15,1,1,22.23966,22.18876,22.2279,20.70721,22.2529,1,0,2027-12-31,16,1,1,4.89072,4.85914,4.8999,4.54722,4.8999,0,0,2026-09-30,15,1,1,21.12142,20.8194,21.03934,18.5473,21.04684,0,0,2026-12-31,16,1,1,USD,USD,18079295488,382.14,47310660
ZTS,1.29916,1.52354,1.29506,1.63933,1.2959,13,2,2026-12-31,12,0,0,6.53144,7.22131,6.53895,7.39629,6.54458,15,1,2027-12-31,16,0,0,1.50792,1.74663,1.5135,1.84566,1.51427,13,1,2026-09-30,13,0,1,6.2064,6.67599,6.20792,6.87905,6.20935,15,1,2026-12-31,14,0,0,USD,USD,30198382592,73.08,413223602
